merchant_id,product_id,user_id,transaction_id,amount,timestamp,location,payment_method,category,age,annual_income,user_city,customer_segment,user_registration_date,product_name,product_category,product_price,product_rating,product_stock,merchant_name,merchant_category,merchant_region,commission_rate,merchant_establishment_date,hour,day_of_week,month_name,is_weekend,day_period,is_working_hours,tx_timestamp,tx_date,tx_month,tx_epoch,tx_day_epoch,transaction_rank,user_total_transactions,age_group,rolling_amount_7d,distinct_days_7d,is_active_user,previous_tx_date,previous_tx_epoch,days_since_previous_purchase,avg_amount_user,amount_deviation_pct,seconds_since_previous_purchase,nb_signaux_suspects,is_suspicious
M00309,P05202,U11694,TX0000001,221.8,20250715190809,Paris,CARD,Home & Garden,33,91198.01,Paris,VIP,20240224,Premium Sofa 5202,Home & Garden,244.98,2.2,941,GardenWorld 309,Home & Garden,Nouvelle-Aquitaine,0.097,20210929,19,Mardi,Juillet,0,Evening,0,2025-07-15T19:08:09.000Z,2025-07-15,2025-07,1752606489,1752537600,18,22,Adulte,2842.24,4,0,2025-07-13,1752441791,2,683.8740909090908,-67.57,164698,0,0
M00499,P01834,U04467,TX0000002,1331.2,20250206181126,Paris,CARD,Electronics,37,24715.05,Paris,Standard,20250508,Classic Smartphone 1834,Electronics,1229.0,1.7,35,,Inconnu,Inconnu,,,18,Jeudi,Fevrier,0,Evening,0,2025-02-06T18:11:26.000Z,2025-02-06,2025-02,1738865486,1738800000,7,14,Adulte,1376.3,1,0,2025-02-06,1738860221,0,253.3242857142857,425.49,5265,1,0
M00357,P05085,U03980,TX0000003,907.6,20250516200523,Strasbourg,CASH,Electronics,50,113914.49,Strasbourg,VIP,20250701,Classic Headphones 5085,Electronics,914.33,2.0,162,GadgetShop 357,Electronics,Hauts-de-France,0.0837,20210905,20,Vendredi,Mai,0,Evening,0,2025-05-16T20:05:23.000Z,2025-05-16,2025-05,1747425923,1747353600,4,52,Age Moyen,3996.01,3,0,2025-05-15,1747309350,1,963.8898076923075,-5.84,116573,0,0
M00561,P05129,U05012,TX0000004,761.61,20250125080219,Paris,CARD,Home & Garden,22,48626.05,Montpellier,Standard,20230101,Essential Rug 5129,Home & Garden,791.93,4.0,245,DecorShop 561,Home & Garden,Hauts-de-France,0.0282,20191023,8,Samedi,Janvier,1,Morning,0,2025-01-25T08:02:19.000Z,2025-01-25,2025-01,1737792139,1737763200,2,5,Jeune,761.61,1,0,2025-01-18,1737198977,7,526.6400000000001,44.62,593162,0,0
M00052,P05608,U07575,TX0000005,33.81,20250105144409,Paris,CARD,Food,37,123594.05,Paris,VIP,20240518,Premium Tea Set 5608,Food,36.3,4.4,249,FoodMart 52,Food,Auvergne-Rhône-Alpes,0.0629,20220907,14,Dimanche,Janvier,1,Afternoon,1,2025-01-05T14:44:09.000Z,2025-01-05,2025-01,1736088249,1736035200,24,58,Adulte,76.83,3,0,2025-01-03,1735926721,2,143.01706896551727,-76.36,161528,0,0
M00319,P05475,U10193,TX0000006,57.14,20250305115321,Saint-Etienne,CARD,Books,55,40151.05,Saint-Etienne,Standard,20240521,Elite Biography 5475,Books,52.74,4.2,179,ReadMore 319,Books,Auvergne-Rhône-Alpes,0.0382,20170214,11,Mercredi,Mars,0,Morning,1,2025-03-05T11:53:21.000Z,2025-03-05,2025-03,1741175601,1741132800,17,19,Age Moyen,57.14,1,0,2024-11-30,1732993485,95,93.30842105263157,-38.76,8182116,0,0
M00581,P05726,U07905,TX0000007,429.3,20250427111517,Grenoble,CARD,Sports,52,71978.55,Toulouse,VIP,20230615,Essential Running Shoes 5726,Sports,388.49,3.2,598,SportZone 581,Sports,Hauts-de-France,0.054,20180223,11,Dimanche,Avril,1,Morning,1,2025-04-27T11:15:17.000Z,2025-04-27,2025-04,1745752517,1745712000,7,38,Age Moyen,1255.17,3,0,2025-04-26,1745692017,1,245.1026315789474,75.15,60500,0,0
M00553,P01031,U10082,TX0000008,442.99,20250222151456,Toulouse,CARD,Clothing,33,30522.13,Toulouse,Budget,20230225,Premium Dress 1031,Clothing,200.91,4.0,140,TrendyWear 553,Clothing,Ile-de-France,0.0598,20210701,15,Samedi,Fevrier,1,Afternoon,1,2025-02-22T15:14:56.000Z,2025-02-22,2025-02,1740237296,1740182400,4,6,Adulte,748.24,1,0,2024-12-27,1735282962,57,613.8050000000002,-27.83,4954334,0,0
M00158,P04130,U05943,TX0000009,6292.49,20251116202440,Nice,CASH,Electronics,43,92204.05,Nice,VIP,20240528,Premium Laptop 4130,Electronics,2119.51,5.0,207,ElectroWorld 158,Electronics,Nouvelle-Aquitaine,0.0131,20190615,20,Dimanche,Novembre,1,Evening,0,2025-11-16T20:24:40.000Z,2025-11-16,2025-11,1763324680,1763251200,17,21,Adulte,6437.67,2,0,2025-11-13,1763059788,3,976.0219047619047,544.71,264892,1,0
M00106,P04610,U03012,TX0000010,166.28,20251121194800,Toulouse,BANK_TRANSFER,Health,40,82940.98,Toulouse,VIP,20240824,Pro Thermometer 4610,Health,159.83,4.5,599,VitalShop 106,Health,Ile-de-France,0.0782,20201019,19,Vendredi,Novembre,0,Evening,0,2025-11-21T19:48:00.000Z,2025-11-21,2025-11,1763754480,1763683200,50,51,Adulte,818.33,4,0,2025-11-21,1763718109,0,347.6017647058824,-52.16,36371,0,0
M00419,P04236,U03346,TX0000011,915.25,20240529213152,Nice,CRYPTO,Automotive,71,82741.01,Nice,Premium,20240607,Pro Car Battery 4236,Automotive,918.41,2.4,466,AutoCenter 419,Automotive,Occitanie,0.0757,20180330,21,Mercredi,Mai,0,Evening,0,2024-05-29T21:31:52.000Z,2024-05-29,2024-05,1717018312,1716940800,15,15,Senior,1163.78,2,0,2024-05-27,1716841588,2,601.106,52.26,176724,1,0
M00509,P05131,U11407,TX0000012,112.26,20251020164954,Marseille,CARD,Beauty,30,82769.52,Marseille,Premium,20250511,Premium Nail Kit 5131,Beauty,102.26,3.9,1075,BeautyCorner 509,Beauty,Occitanie,0.0737,20170329,16,Lundi,Octobre,0,Afternoon,1,2025-10-20T16:49:54.000Z,2025-10-20,2025-10,1760978994,1760918400,4,7,Adulte,217.19,2,0,2025-10-17,1760719685,3,267.02000000000004,-57.96,259309,0,0
M00523,P04784,U07699,TX0000013,99.31,20240808133647,Strasbourg,CARD,Beauty,65,78192.52,Paris,Premium,20240529,Premium Lipstick 4784,Beauty,94.75,3.3,948,GlowShop 523,Beauty,Ile-de-France,0.0828,20230224,13,Jeudi,Aout,0,Afternoon,1,2024-08-08T13:36:47.000Z,2024-08-08,2024-08,1723124207,1723075200,8,26,Senior,99.31,1,0,2024-06-27,1719523460,42,217.19076923076926,-54.28,3600747,0,0
M00524,P02873,U03216,TX0000014,38.42,20240529201627,Strasbourg,PAYPAL,Food,34,126294.84,Strasbourg,VIP,20231201,Essential Chocolate Box 2873,Food,34.5,3.6,1170,GourmetShop 524,Food,Bretagne,0.0973,20201116,20,Mercredi,Mai,0,Evening,0,2024-05-29T20:16:27.000Z,2024-05-29,2024-05,1717013787,1716940800,8,39,Adulte,973.63,3,0,2024-05-27,1716793847,2,241.2158974358974,-84.07,219940,0,0
M00222,P00094,U11928,TX0000015,59.73,20240213092906,Dijon,CARD,Beauty,43,101204.72,Dijon,VIP,20240411,Elite Perfume 94,Beauty,53.92,2.9,1102,BeautyCorner 222,Beauty,Nouvelle-Aquitaine,0.0867,20200403,9,Mardi,Fevrier,0,Morning,1,2024-02-13T09:29:06.000Z,2024-02-13,2024-02,1707816546,1707782400,9,39,Adulte,59.73,1,0,2024-02-06,1707217042,7,234.25769230769225,-74.5,599504,0,0
M00522,P05143,U09353,TX0000016,202.24,20250221215843,Marseille,CASH,Home & Garden,31,35442.25,Marseille,Standard,20250118,Classic Plant Pot 5143,Home & Garden,188.7,4.0,438,GardenWorld 522,Home & Garden,Auvergne-Rhône-Alpes,0.0203,20170704,21,Vendredi,Fevrier,0,Evening,0,2025-02-21T21:58:43.000Z,2025-02-21,2025-02,1740175123,1740096000,4,8,Adulte,202.24,1,0,2025-02-10,1739218046,11,175.93124999999998,14.95,957077,0,0
M00058,P01276,U08121,TX0000017,81.9,20250823202917,Paris,PAYPAL,Health,25,153049.23,Paris,VIP,20240103,Pro Blood Monitor 1276,Health,90.71,2.6,209,VitalShop 58,Health,Grand Est,0.0875,20180505,20,Samedi,Aout,1,Evening,0,2025-08-23T20:29:17.000Z,2025-08-23,2025-08,1755980957,1755907200,25,26,Jeune,765.69,2,0,2025-08-17,1755442731,6,282.10576923076917,-70.97,538226,0,0
M00383,P00632,U01335,TX0000018,257.31,20250214144222,Le Havre,PAYPAL,Sports,34,39079.24,Nantes,Standard,20230217,Elite Yoga Mat 632,Sports,262.95,3.6,807,ActiveWear 383,Sports,Ile-de-France,0.0728,20220408,14,Vendredi,Fevrier,0,Afternoon,1,2025-02-14T14:42:22.000Z,2025-02-14,2025-02,1739544142,1739491200,6,16,Adulte,257.31,1,0,2025-01-30,1738265993,15,349.68000000000006,-26.42,1278149,0,0
M00381,P02766,U03919,TX0000019,36.07,20240131102823,Nice,CRYPTO,Food,60,44818.94,Lyon,Premium,20241231,Standard Tea Set 2766,Food,39.56,3.9,854,FreshMarket 381,Food,Hauts-de-France,0.015,20180905,10,Mercredi,Janvier,0,Morning,1,2024-01-31T10:28:23.000Z,2024-01-31,2024-01,1706696903,1706659200,3,16,Age Moyen,93.18,2,0,2024-01-26,1706269638,5,64.7475,-44.29,427265,1,0
M00576,P04873,U04687,TX0000020,89.06,20240903175109,Strasbourg,CARD,Books,37,81396.96,Strasbourg,VIP,20230728,Premium Textbook 4873,Books,39.9,1.8,851,ReadMore 576,Books,Ile-de-France,0.0266,20180329,17,Mardi,Septembre,0,Afternoon,0,2024-09-03T17:51:09.000Z,2024-09-03,2024-09,1725385869,1725321600,15,42,Adulte,289.38,3,0,2024-08-30,1725030928,4,314.3009523809523,-71.66,354941,0,0
M00140,P02848,U11123,TX0000021,124.7,20250526095210,Le Havre,PAYPAL,Clothing,55,60670.99,Le Havre,Premium,20240128,Standard Jacket 2848,Clothing,128.51,4.8,711,TrendyWear 140,Clothing,Nouvelle-Aquitaine,0.0711,20171119,9,Lundi,Mai,0,Morning,1,2025-05-26T09:52:10.000Z,2025-05-26,2025-05,1748253130,1748217600,10,17,Age Moyen,1759.85,4,0,2025-05-25,1748139976,1,438.735294117647,-71.58,113154,0,0
M00030,P00358,U00844,TX0000022,79.79,20250219210245,Paris,BANK_TRANSFER,Food,41,21202.72,Paris,Budget,20240421,Premium Olive Oil 358,Food,86.53,3.9,160,FreshMarket 30,Food,Nouvelle-Aquitaine,0.0827,20220911,21,Mercredi,Fevrier,0,Evening,0,2025-02-19T21:02:45.000Z,2025-02-19,2025-02,1739998965,1739923200,4,13,Adulte,165.53,2,0,2025-02-18,1739881534,1,542.9538461538461,-85.3,117431,0,0
M00430,P00614,U05450,TX0000023,6.43,20250220155950,Paris,CASH,Toys,23,31219.36,Paris,Budget,20240109,Standard Toy Car 614,Toys,5.89,3.0,474,PlayShop 430,Toys,Hauts-de-France,0.0751,20170830,15,Jeudi,Fevrier,0,Afternoon,1,2025-02-20T15:59:50.000Z,2025-02-20,2025-02,1740067190,1740009600,2,4,Jeune,259.26,2,0,2025-02-19,1739925424,1,186.08249999999998,-96.54,141766,0,0
M00445,P00457,U01382,TX0000024,55.91,20250207214000,Montpellier,CRYPTO,Food,30,67499.39,Montpellier,Premium,20240118,Premium Coffee Pack 457,Food,60.26,3.8,889,FoodHub 445,Food,Ile-de-France,0.078,20180109,21,Vendredi,Fevrier,0,Evening,0,2025-02-07T21:40:00.000Z,2025-02-07,2025-02,1738964400,1738886400,9,18,Adulte,90.44,1,0,2025-02-07,1738952838,0,395.9294444444444,-85.88,11562,1,0
M00522,P02851,U01671,TX0000025,311.42,20250729101532,Paris,CARD,Home & Garden,34,46743.33,Paris,Premium,20250403,Essential Garden Chair 2851,Home & Garden,308.26,3.6,64,GardenWorld 522,Home & Garden,Auvergne-Rhône-Alpes,0.0203,20170704,10,Mardi,Juillet,0,Morning,1,2025-07-29T10:15:32.000Z,2025-07-29,2025-07,1753784132,1753747200,4,19,Adulte,1654.39,3,0,2025-07-28,1753725949,1,240.80210526315787,29.33,58183,0,0
M00559,P00939,U04055,TX0000026,2376.86,20251020174557,Lyon,CASH,Electronics,24,34124.38,Lyon,Standard,20241008,Premium Laptop 939,Electronics,2147.79,4.0,986,ElectroWorld 559,Electronics,Ile-de-France,0.0468,20170715,17,Lundi,Octobre,0,Afternoon,0,2025-10-20T17:45:57.000Z,2025-10-20,2025-10,1760982357,1760918400,5,6,Jeune,2376.86,1,0,2025-09-05,1757055923,45,494.0916666666667,381.06,3926434,1,0
M00407,P03483,U05888,TX0000027,1019.02,20241210222856,Strasbourg,CASH,Automotive,44,102617.15,Strasbourg,Premium,20240717,Elite Car Parts 3483,Automotive,910.28,4.1,316,MotorHub 407,Automotive,Ile-de-France,0.0569,20211117,22,Mardi,Decembre,0,Night,0,2024-12-10T22:28:56.000Z,2024-12-10,2024-12,1733869736,1733788800,19,31,Adulte,1019.02,1,0,2024-11-21,1732185377,19,630.7480645161289,61.56,1684359,1,0
M00142,P00487,U00987,TX0000028,117.01,20250116085025,Strasbourg,CARD,Toys,30,42736.22,Strasbourg,Standard,20230616,Classic Toy Car 487,Toys,121.94,4.9,714,KidsWorld 142,Toys,Bretagne,0.0683,20230219,8,Jeudi,Janvier,0,Morning,0,2025-01-16T08:50:25.000Z,2025-01-16,2025-01,1737017425,1736985600,10,11,Adulte,445.72,2,0,2025-01-15,1736930669,1,127.14636363636365,-7.97,86756,0,0
M00145,P02381,U09621,TX0000029,73.82,20250209171957,Le Havre,CASH,Food,64,50281.78,Le Havre,Premium,20240825,Premium Olive Oil 2381,Food,72.8,4.6,698,FoodHub 145,Food,Occitanie,0.0648,20210110,17,Dimanche,Fevrier,1,Afternoon,0,2025-02-09T17:19:57.000Z,2025-02-09,2025-02,1739121597,1739059200,17,22,Age Moyen,1070.22,3,0,2025-02-04,1738660138,5,422.8772727272728,-82.54,461459,0,0
M00022,P04037,U02518,TX0000030,11.62,20250706223146,Lyon,CASH,Books,41,79848.66,Lyon,Premium,20240529,Standard Textbook 4037,Books,11.44,2.7,608,ReadMore 22,Books,Auvergne-Rhône-Alpes,0.093,20221012,22,Dimanche,Juillet,1,Night,0,2025-07-06T22:31:46.000Z,2025-07-06,2025-07,1751841106,1751760000,17,21,Adulte,11.62,1,0,2025-06-28,1751096157,8,105.02761904761904,-88.94,744949,1,0
M00353,P00392,U06310,TX0000031,143.01,20250624204506,Nantes,PAYPAL,Toys,37,69212.97,Nice,Premium,20241027,Classic Building Blocks 392,Toys,128.02,3.5,665,ToyHub 353,Toys,Auvergne-Rhône-Alpes,0.0558,20190621,20,Mardi,Juin,0,Evening,0,2025-06-24T20:45:06.000Z,2025-06-24,2025-06,1750797906,1750723200,18,21,Adulte,143.01,1,0,2025-06-03,1748953613,21,236.15619047619052,-39.44,1844293,0,0
M00484,P04230,U00623,TX0000032,1415.03,20250203122903,Grenoble,CARD,Home & Garden,27,33459.36,Grenoble,Standard,20240622,Pro Cookware Set 4230,Home & Garden,676.39,3.2,1006,DecorShop 484,Home & Garden,Auvergne-Rhône-Alpes,0.0304,20220715,12,Lundi,Fevrier,0,Afternoon,1,2025-02-03T12:29:03.000Z,2025-02-03,2025-02,1738585743,1738540800,8,19,Adulte,1415.03,1,0,2025-01-10,1736521631,24,818.4694736842106,72.89,2064112,0,0
M00197,P00381,U11615,TX0000033,1139.85,20240201171743,Paris,PAYPAL,Electronics,46,74466.64,Paris,VIP,20231017,Standard Tablet 381,Electronics,1176.28,3.0,75,TechStore 197,Electronics,Ile-de-France,0.0487,20200515,17,Jeudi,Fevrier,0,Afternoon,0,2024-02-01T17:17:43.000Z,2024-02-01,2024-02,1706807863,1706745600,1,28,Age Moyen,1139.85,1,0,,,,486.6846428571428,134.21,,0,0
M00577,P05382,U09869,TX0000034,45.54,20240411042404,Reims,CARD,Books,25,28550.69,,Budget,20250110,Classic Textbook 5382,Books,49.65,4.2,1177,LibraryShop 577,Books,Hauts-de-France,0.0355,20210603,4,Jeudi,Avril,0,Night,0,2024-04-11T04:24:04.000Z,2024-04-11,2024-04,1712809444,1712793600,3,10,Jeune,45.54,1,0,2024-04-04,1712229504,7,320.26300000000003,-85.78,579940,1,0
M00138,P05411,U07565,TX0000035,23.77,20241215112028,Marseille,BANK_TRANSFER,Toys,53,60737.75,Marseille,Premium,20230816,Pro Action Figure 5411,Toys,23.67,3.6,258,PlayShop 138,Toys,Provence-Alpes-Côte d'Azur,0.0972,20210127,11,Dimanche,Decembre,1,Morning,1,2024-12-15T11:20:28.000Z,2024-12-15,2024-12,1734261628,1734220800,3,25,Age Moyen,23.77,1,0,2024-12-07,1733595139,8,354.74719999999985,-93.3,666489,0,0
M00480,P03388,U06829,TX0000036,111.82,20240720165637,Strasbourg,PAYPAL,Clothing,39,69253.17,Strasbourg,Premium,20250711,Premium Sneakers 3388,Clothing,111.4,3.4,765,ClothingHub 480,Clothing,Occitanie,0.0722,20201105,16,Samedi,Juillet,1,Afternoon,1,2024-07-20T16:56:37.000Z,2024-07-20,2024-07,1721494597,1721433600,3,20,Adulte,111.82,1,0,2024-07-02,1719958811,18,316.4085,-64.66,1535786,0,0
M00423,P03292,U00623,TX0000037,35.82,20250210065226,Grenoble,CARD,Home & Garden,27,33459.36,Grenoble,Standard,20240622,Elite Lamp 3292,Home & Garden,35.79,2.0,1041,DecorShop 423,Home & Garden,Pays de la Loire,0.012,20200922,6,Lundi,Fevrier,0,Morning,0,2025-02-10T06:52:26.000Z,2025-02-10,2025-02,1739170346,1739145600,10,19,Adulte,424.91,2,0,2025-02-09,1739094106,1,818.4694736842106,-95.62,76240,0,0
M00022,P01841,U11136,TX0000038,55.26,20240417092649,Dijon,BANK_TRANSFER,Books,25,70440.45,Dijon,Premium,20241113,Essential Biography 1841,Books,58.31,5.0,823,ReadMore 22,Books,Auvergne-Rhône-Alpes,0.093,20221012,9,Mercredi,Avril,0,Morning,1,2024-04-17T09:26:49.000Z,2024-04-17,2024-04,1713346009,1713312000,3,38,Jeune,172.51,3,0,2024-04-16,1713296629,1,316.92605263157884,-82.56,49380,0,0
M00112,P00929,U11820,TX0000039,2332.27,20250222174232,Toulon,BANK_TRANSFER,Electronics,38,56629.14,Toulon,Premium,20231104,Classic Camera 929,Electronics,2143.06,4.0,360,TechStore 112,Electronics,Provence-Alpes-Côte d'Azur,0.099,20230304,17,Samedi,Fevrier,1,Afternoon,0,2025-02-22T17:42:32.000Z,2025-02-22,2025-02,1740246152,1740182400,22,41,Adulte,3934.11,3,0,2025-02-22,1740246009,0,964.819268292683,141.73,143,1,0
M00560,P05678,U04347,TX0000040,23.33,20251004133705,Villeurbanne,BANK_TRANSFER,Health,62,99802.99,Villeurbanne,VIP,20230401,Essential Vitamins 5678,Health,24.7,2.7,774,VitalShop 560,Health,Ile-de-France,0.0903,20170920,13,Samedi,Octobre,1,Afternoon,1,2025-10-04T13:37:05.000Z,2025-10-04,2025-10,1759585025,1759536000,9,30,Age Moyen,23.33,1,0,2025-09-24,1758730707,10,190.70533333333339,-87.77,854318,0,0
M00075,P00772,U11574,TX0000041,212.58,20250227164226,Strasbourg,PAYPAL,Health,61,35328.79,Strasbourg,Standard,20240930,Premium Thermometer 772,Health,219.14,4.2,525,HealthHub 75,Health,Ile-de-France,0.0469,20190209,16,Jeudi,Fevrier,0,Afternoon,1,2025-02-27T16:42:26.000Z,2025-02-27,2025-02,1740674546,1740614400,8,10,Age Moyen,212.58,1,0,2025-02-20,1740062672,7,405.99,-47.64,611874,0,0
M00105,P01474,U09205,TX0000042,67.55,20250920163710,Grenoble,CRYPTO,Food,52,70157.38,Grenoble,Premium,20250506,Elite Chocolate Box 1474,Food,73.65,2.8,596,FreshMarket 105,Food,Grand Est,0.0473,20230630,16,Samedi,Septembre,1,Afternoon,1,2025-09-20T16:37:10.000Z,2025-09-20,2025-09,1758386230,1758326400,8,23,Age Moyen,126.61,2,0,2025-09-14,1757855910,6,429.6495652173912,-84.28,530320,1,0
M00192,P01914,U02844,TX0000044,3910.19,20240907032847,Lyon,CRYPTO,Clothing,16,107590.1,Strasbourg,VIP,20241018,Classic Dress 1914,Clothing,213.97,3.2,11,ClothingHub 192,Clothing,Provence-Alpes-Côte d'Azur,0.0784,20200421,3,Samedi,Septembre,1,Night,0,2024-09-07T03:28:47.000Z,2024-09-07,2024-09,1725679727,1725667200,15,37,Jeune,4443.92,1,0,2024-05-27,1716831329,103,379.14783783783776,931.31,8848398,3,1
M00120,P02140,U03284,TX0000045,56.87,20250218183431,Nîmes,PAYPAL,Food,65,25467.11,Nîmes,Standard,20241128,Premium Chocolate Box 2140,Food,55.1,3.1,1064,FoodMart 120,Food,Pays de la Loire,0.0257,20230422,18,Mardi,Fevrier,0,Evening,0,2025-02-18T18:34:31.000Z,2025-02-18,2025-02,1739903671,1739836800,11,11,Senior,56.87,1,0,2025-01-29,1738171136,20,322.4509090909091,-82.36,1732535,0,0
M00226,P05511,U11790,TX0000046,8.12,20240530080344,Toulouse,BANK_TRANSFER,Books,38,75651.58,Toulouse,VIP,20240118,Elite Comic Book 5511,Books,8.17,2.6,1090,BookHaven 226,Books,Grand Est,0.0651,20210721,8,Jeudi,Mai,0,Morning,0,2024-05-30T08:03:44.000Z,2024-05-30,2024-05,1717056224,1717027200,16,45,Adulte,1153.36,3,0,2024-05-28,1716920863,2,193.2737777777777,-95.8,135361,0,0
M00134,P04544,U00722,TX0000047,151.26,20241003142545,Rennes,BANK_TRANSFER,Books,45,44591.58,Nice,Standard,20230821,Premium Comic Book 4544,Books,51.36,4.2,776,BookHaven 134,Books,Nouvelle-Aquitaine,0.0125,20191120,14,Jeudi,Octobre,0,Afternoon,1,2024-10-03T14:25:45.000Z,2024-10-03,2024-10,1727965545,1727913600,7,9,Age Moyen,151.26,1,0,2024-06-30,1719766057,95,650.3688888888888,-76.74,8199488,0,0
M00366,P00974,U05984,TX0000048,129.86,20251103170812,Lyon,PAYPAL,Beauty,50,47813.79,Lyon,Premium,20240707,Classic Nail Kit 974,Beauty,136.66,4.9,287,,Inconnu,Inconnu,,,17,Lundi,Novembre,0,Afternoon,0,2025-11-03T17:08:12.000Z,2025-11-03,2025-11,1762189692,1762128000,1,8,Age Moyen,129.86,1,0,,,,372.66375,-65.15,,0,0
M00563,P03227,U05084,TX0000049,17.31,20241212090425,Paris,CASH,Toys,25,34866.5,Paris,Standard,20240710,Elite Toy Car 3227,Toys,16.93,3.1,637,ToyLand 563,Toys,Inconnu,0.0811,20170630,9,Jeudi,Decembre,0,Morning,1,2024-12-12T09:04:25.000Z,2024-12-12,2024-12,1733994265,1733961600,3,10,Jeune,463.09,2,0,2024-12-06,1733462433,6,122.35999999999999,-85.85,531832,0,0
M00037,P01551,U06315,TX0000050,114.67,20240712193515,Toulon,CARD,Books,62,106656.4,Toulon,VIP,20240420,Standard Textbook 1551,Books,63.5,4.4,1039,ReadMore 37,Books,Auvergne-Rhône-Alpes,0.0929,20170520,19,Vendredi,Juillet,0,Evening,0,2024-07-12T19:35:15.000Z,2024-07-12,2024-07,1720812915,1720742400,27,35,Age Moyen,1051.45,3,0,2024-07-07,1720370710,5,530.3514285714284,-78.38,442205,0,0
M00160,P01987,U08753,TX0000051,3015.92,20241029154912,Montpellier,CARD,Automotive,55,33224.7,Montpellier,Standard,20230208,Premium Car Battery 1987,Automotive,1583.1,4.6,487,AutoCenter 160,Automotive,Ile-de-France,0.0642,20230706,15,Mardi,Octobre,0,Afternoon,1,2024-10-29T15:49:12.000Z,2024-10-29,2024-10,1730216952,1730160000,16,16,Age Moyen,3015.92,1,0,2024-10-15,1728978807,14,418.531875,620.6,1238145,1,0
M00600,P04164,U03259,TX0000052,62.82,20240618101826,Toulon,BANK_TRANSFER,Beauty,51,25596.49,Lyon,Budget,20240626,Essential Face Cream 4164,Beauty,56.31,2.0,272,BeautyWorld 600,Beauty,Nouvelle-Aquitaine,0.0397,20221111,10,Mardi,Juin,0,Morning,1,2024-06-18T10:18:26.000Z,2024-06-18,2024-06,1718705906,1718668800,4,8,Age Moyen,80.28,2,0,2024-06-15,1718439183,3,68.885,-8.8,266723,0,0
M00247,P03068,U03085,TX0000053,1317.21,20241215172120,Nantes,CARD,Electronics,51,56450.86,Paris,Standard,20230328,Elite Camera 3068,Electronics,1196.74,2.7,689,GadgetShop 247,Electronics,Grand Est,0.0349,20230622,17,Dimanche,Decembre,1,Afternoon,0,2024-12-15T17:21:20.000Z,2024-12-15,2024-12,1734283280,1734220800,4,12,Age Moyen,2147.29,3,0,2024-12-12,1734009304,3,602.0233333333334,118.8,273976,0,0
M00371,P03627,U00234,TX0000054,67.63,20250630084235,Lille,PAYPAL,Health,29,84261.13,Dijon,VIP,20250413,Standard Scale 3627,Health,62.73,1.8,57,HealthHub 371,Health,Normandie,0.0446,20211007,8,Lundi,Juin,0,Morning,0,2025-06-30T08:42:35.000Z,2025-06-30,2025-06,1751272955,1751241600,6,21,Adulte,926.95,2,0,2025-06-25,1750814359,5,507.48904761904754,-86.67,458596,0,0
M00041,P01009,U07221,TX0000055,739.99,20251116071223,Reims,CARD,Automotive,47,122577.97,Reims,VIP,20240625,Pro Roof Rack 1009,Automotive,724.79,4.1,1132,AutoCenter 41,Automotive,Nouvelle-Aquitaine,0.0171,20221224,7,Dimanche,Novembre,1,Morning,0,2025-11-16T07:12:23.000Z,2025-11-16,2025-11,1763277143,1763251200,40,51,Age Moyen,2686.41,3,0,2025-11-11,1762858745,5,1047.5460784313727,-29.36,418398,0,0
M00189,P01859,U09434,TX0000056,58.67,20250519141447,Marseille,CASH,Books,46,56166.29,Marseille,Premium,20230228,Essential Comic Book 1859,Books,54.93,4.1,236,ReadMore 189,Books,Occitanie,0.05,20200127,14,Lundi,Mai,0,Afternoon,1,2025-05-19T14:14:47.000Z,2025-05-19,2025-05,1747664087,1747612800,7,22,Age Moyen,58.67,1,0,2025-05-02,1746145954,17,640.455,-90.84,1518133,0,0
M00270,P04681,U02944,TX0000057,469.01,20250713105858,Bordeaux,BANK_TRANSFER,Clothing,89,16668.61,Bordeaux,Standard,20230629,Essential Scarf 4681,Clothing,260.17,4.6,85,FashionStore 270,Clothing,Ile-de-France,0.0766,20170206,10,Dimanche,Juillet,1,Morning,1,2025-07-13T10:58:58.000Z,2025-07-13,2025-07,1752404338,1752364800,4,13,Senior,666.99,2,0,2025-07-08,1751998762,5,156.54076923076923,199.61,405576,0,0
M00316,P03281,U01752,TX0000058,57.61,20240214071656,Paris,PAYPAL,Food,37,27132.72,Paris,Premium,20230204,Standard Chocolate Box 3281,Food,53.71,3.6,1145,FreshMarket 316,Food,Grand Est,0.0124,20180925,7,Mercredi,Fevrier,0,Morning,0,2024-02-14T07:16:56.000Z,2024-02-14,2024-02,1707895016,1707868800,8,30,Adulte,57.61,1,0,2024-02-04,1707070826,10,248.851,-76.85,824190,0,0
M00574,P02097,U02118,TX0000059,90.15,20240913085400,Toulon,PAYPAL,Toys,55,66354.6,Toulon,Premium,20230909,Pro Toy Car 2097,Toys,98.4,4.4,914,PlayShop 574,Toys,Hauts-de-France,0.0394,20180728,8,Vendredi,Septembre,0,Morning,0,2024-09-13T08:54:00.000Z,2024-09-13,2024-09,1726217640,1726185600,2,17,Age Moyen,90.15,1,0,2024-08-25,1724559508,19,88.25235294117648,2.15,1658132,0,0
M00128,P03864,U00005,TX0000060,29.71,20241113153042,Toulouse,CASH,Food,56,59588.07,Toulouse,Premium,20250613,Standard Tea Set 3864,Food,10.23,4.0,528,FoodHub 128,Food,Bretagne,0.0724,20200101,15,Mercredi,Novembre,0,Afternoon,1,2024-11-13T15:30:42.000Z,2024-11-13,2024-11,1731511842,1731456000,7,26,Age Moyen,272.95,3,0,2024-11-13,1731495602,0,254.79923076923072,-88.34,16240,0,0
M00509,P04417,U00423,TX0000061,76.51,20250810203446,,CASH,Beauty,23,78831.73,Nantes,Premium,20231124,Classic Lipstick 4417,Beauty,83.16,3.4,73,BeautyCorner 509,Beauty,Occitanie,0.0737,20170329,20,Dimanche,Aout,1,Evening,0,2025-08-10T20:34:46.000Z,2025-08-10,2025-08,1754858086,1754784000,19,29,Jeune,184.06,2,0,2025-08-07,1754596272,3,173.20965517241382,-55.83,261814,0,0
M00295,P04476,U11464,TX0000062,530.05,20240516204634,Nantes,CARD,Automotive,35,95630.06,Nantes,VIP,20250420,Essential Car Parts 4476,Automotive,536.99,3.4,56,AutoCenter 295,Automotive,Nouvelle-Aquitaine,0.0172,20190904,20,Jeudi,Mai,0,Evening,0,2024-05-16T20:46:34.000Z,2024-05-16,2024-05,1715892394,1715817600,27,38,Adulte,695.23,3,0,2024-05-15,1715796935,1,389.86105263157896,35.96,95459,0,0
M00485,P02579,U01748,TX0000063,46.31,20251020202923,Nantes,CARD,Beauty,72,66256.09,Nantes,VIP,20230404,Premium Shampoo 2579,Beauty,46.59,3.8,163,BeautyWorld 485,Beauty,Auvergne-Rhône-Alpes,0.0141,20191229,20,Lundi,Octobre,0,Evening,0,2025-10-20T20:29:23.000Z,2025-10-20,2025-10,1760992163,1760918400,4,20,Senior,1282.12,3,0,2025-10-15,1760504785,5,1065.8184999999999,-95.65,487378,0,0
M00553,P00295,U07219,TX0000064,39.46,20250309170915,Le Havre,BANK_TRANSFER,Clothing,60,68866.94,Le Havre,Premium,20240117,Essential Dress 295,Clothing,42.69,4.4,1045,TrendyWear 553,Clothing,Ile-de-France,0.0598,20210701,17,Dimanche,Mars,1,Afternoon,0,2025-03-09T17:09:15.000Z,2025-03-09,2025-03,1741540155,1741478400,24,40,Age Moyen,39.46,1,0,2025-03-02,1740899572,7,261.49974999999995,-84.91,640583,0,0
M00181,P01501,U09357,TX0000065,78.53,20240207185756,Montpellier,CARD,Sports,16,30154.59,Montpellier,Standard,20240804,Premium Running Shoes 1501,Sports,83.26,2.8,778,,Inconnu,Inconnu,,,18,Mercredi,Fevrier,0,Evening,0,2024-02-07T18:57:56.000Z,2024-02-07,2024-02,1707332276,1707264000,2,20,Jeune,1398.67,1,0,2024-02-07,1707328942,0,314.9835,-75.07,3334,0,0
M00388,P02714,U07059,TX0000066,806.22,20250311172327,Rennes,PAYPAL,Home & Garden,31,21826.4,Rennes,Budget,20240603,Classic Rug 2714,Home & Garden,744.85,4.4,712,HomeCenter 388,Home & Garden,Provence-Alpes-Côte d'Azur,0.0926,20200910,17,Mardi,Mars,0,Afternoon,0,2025-03-11T17:23:27.000Z,2025-03-11,2025-03,1741713807,1741651200,1,3,Adulte,806.22,1,0,,,,551.5366666666666,46.18,,0,0
M00042,P05133,U09177,TX0000067,1516.4,20251230105417,Paris,CARD,Automotive,,,,Inconnu,,Elite Oil Filter 5133,Automotive,1557.56,4.3,592,AutoShop 42,Automotive,Ile-de-France,0.0518,20201110,10,Mardi,Decembre,0,Morning,1,2025-12-30T10:54:17.000Z,2025-12-30,2025-12,1767092057,1767052800,4,4,Inconnu,1516.4,1,0,2025-12-17,1765996898,13,429.8525,252.77,1095159,0,0
M00088,P00270,U05191,TX0000068,20.29,20240224183859,Strasbourg,CARD,Food,64,18249.26,Strasbourg,Budget,20240519,Elite Olive Oil 270,Food,20.78,2.9,996,FoodHub 88,Food,Ile-de-France,0.0394,20180603,18,Samedi,Fevrier,1,Evening,0,2024-02-24T18:38:59.000Z,2024-02-24,2024-02,1708799939,1708732800,3,6,Age Moyen,20.29,1,0,2024-01-19,1705695920,36,196.24833333333333,-89.66,3104019,0,0
M00374,P01837,U01557,TX0000069,871.64,20250223165117,Rennes,BANK_TRANSFER,Home & Garden,42,31077.99,Rennes,Standard,20240721,Pro Rug 1837,Home & Garden,840.4,4.8,394,DecorShop 374,Home & Garden,Auvergne-Rhône-Alpes,0.0678,20200402,16,Dimanche,Fevrier,1,Afternoon,1,2025-02-23T16:51:17.000Z,2025-02-23,2025-02,1740329477,1740268800,5,11,Adulte,900.23,2,0,2025-02-19,1739950284,4,771.7081818181817,12.95,379193,0,0
M00190,P01262,U00172,TX0000070,327.14,20240924192239,Nîmes,CRYPTO,Automotive,46,41144.29,,Premium,20230419,Pro Tyre Set 1262,Automotive,356.59,1.8,652,MotorHub 190,Automotive,Provence-Alpes-Côte d'Azur,0.0469,20220101,19,Mardi,Septembre,0,Evening,0,2024-09-24T19:22:39.000Z,2024-09-24,2024-09,1727205759,1727136000,11,23,Age Moyen,327.14,1,0,2024-09-05,1725552226,19,339.3886956521739,-3.61,1653533,1,0
M00026,P00999,U07591,TX0000071,46.92,20240421061147,Marseille,CRYPTO,Beauty,32,26783.5,Marseille,Standard,20240131,Premium Lipstick 999,Beauty,44.71,3.7,215,BeautyWorld 26,Beauty,Auvergne-Rhône-Alpes,0.0659,20190326,6,Dimanche,Avril,1,Morning,0,2024-04-21T06:11:47.000Z,2024-04-21,2024-04,1713679907,1713657600,2,16,Adulte,46.92,1,0,2024-04-14,1713114386,7,134.476875,-65.11,565521,1,0
M00189,P05431,U06534,TX0000072,59.06,20251124201716,Le Havre,CARD,Books,52,119456.68,Paris,VIP,20231022,Essential Novel 5431,Books,56.77,3.2,841,ReadMore 189,Books,Occitanie,0.05,20200127,20,Lundi,Novembre,0,Evening,0,2025-11-24T20:17:16.000Z,2025-11-24,2025-11,1764015436,1763942400,20,20,Age Moyen,90.26,2,0,2025-11-23,1763879688,1,115.77999999999997,-48.99,135748,0,0
M00025,P03739,U06883,TX0000073,40.55,20250918180318,Grenoble,CRYPTO,Food,28,59182.41,Grenoble,Premium,20241230,Premium Cheese Platter 3739,Food,40.73,2.0,1143,GourmetShop 25,Food,Ile-de-France,0.0506,20170227,18,Jeudi,Septembre,0,Evening,0,2025-09-18T18:03:18.000Z,2025-09-18,2025-09,1758218598,1758153600,23,25,Adulte,150.34,2,0,2025-09-13,1757779666,5,436.38560000000007,-90.71,438932,1,0
M00198,P02311,U01618,TX0000074,14.52,20251010190210,Dijon,PAYPAL,Sports,43,76377.76,Grenoble,VIP,20230822,Essential Dumbbells 2311,Sports,15.77,2.9,852,ActiveWear 198,Sports,Bretagne,0.0673,20211228,19,Vendredi,Octobre,0,Evening,0,2025-10-10T19:02:10.000Z,2025-10-10,2025-10,1760122930,1760054400,33,39,Adulte,272.03,1,0,2025-10-10,1760107024,0,460.10974358974363,-96.84,15906,0,0
M00117,P01769,U99347,TX0000075,17.96,20240831172631,Nantes,CASH,Toys,,,,Inconnu,,Classic Action Figure 1769,Toys,19.83,3.7,1064,ToyHub 117,Toys,Hauts-de-France,0.0833,20190614,17,Samedi,Aout,1,Afternoon,0,2024-08-31T17:26:31.000Z,2024-08-31,2024-08,1725125191,1725062400,1,1,Inconnu,17.96,1,0,,,,17.96,0.0,,0,0
M00083,P02771,U06227,TX0000076,955.13,20250729120027,Nîmes,CRYPTO,Automotive,24,38687.26,Nîmes,Standard,20230822,Pro Oil Filter 2771,Automotive,1023.86,4.3,886,MotorHub 83,Automotive,Bretagne,0.027,20180703,12,Mardi,Juillet,0,Afternoon,1,2025-07-29T12:00:27.000Z,2025-07-29,2025-07,1753790427,1753747200,5,13,Jeune,955.13,1,0,2025-07-21,1753090142,8,460.1438461538461,107.57,700285,1,0
M00107,P04041,U09063,TX0000077,7.71,20250121181639,Grenoble,CASH,Books,27,84070.53,Grenoble,VIP,20241021,Essential Novel 4041,Books,7.1,4.1,1046,BookHaven 107,Books,Ile-de-France,0.0288,20200830,18,Mardi,Janvier,0,Evening,0,2025-01-21T18:16:39.000Z,2025-01-21,2025-01,1737483399,1737417600,32,41,Adulte,7.71,1,0,2025-01-08,1736340142,13,661.119756097561,-98.83,1143257,0,0
M00561,P05129,U10501,TX0000078,869.57,20240813165957,Reims,CASH,Home & Garden,38,62280.29,Reims,Premium,20250423,Essential Rug 5129,Home & Garden,791.93,4.0,245,DecorShop 561,Home & Garden,Hauts-de-France,0.0282,20191023,16,Mardi,Aout,0,Afternoon,1,2024-08-13T16:59:57.000Z,2024-08-13,2024-08,1723568397,1723507200,10,36,Adulte,1134.25,2,0,2024-08-12,1723477423,1,374.39250000000004,132.26,90974,0,0
M00419,P04036,U04704,TX0000079,999.8,20241011093356,Montpellier,BANK_TRANSFER,Automotive,47,63313.62,Nice,Premium,20250902,Premium Tyre Set 4036,Automotive,1026.19,3.3,601,AutoCenter 419,Automotive,Occitanie,0.0757,20180330,9,Vendredi,Octobre,0,Morning,1,2024-10-11T09:33:56.000Z,2024-10-11,2024-10,1728639236,1728604800,3,31,Age Moyen,2450.3,2,0,2024-10-05,1728144858,6,526.8199999999999,89.78,494378,0,0
M00049,P03179,U10656,TX0000080,376.72,20250801112806,Marseille,PAYPAL,Sports,22,131212.94,Marseille,VIP,20240702,Premium Tennis Racket 3179,Sports,339.98,4.2,590,ActiveWear 49,Sports,Auvergne-Rhône-Alpes,0.0341,20230524,11,Vendredi,Aout,0,Morning,1,2025-08-01T11:28:06.000Z,2025-08-01,2025-08,1754047686,1754006400,25,40,Jeune,440.29,2,0,2025-07-31,1753989377,1,316.7085000000001,18.95,58309,0,0
M00152,P04996,U10053,TX0000081,32.89,20251222105051,Grenoble,CASH,Beauty,27,62351.59,Grenoble,Standard,20240208,Essential Serum 4996,Beauty,32.02,1.7,727,GlowShop 152,Beauty,Bretagne,0.0774,20170316,10,Lundi,Decembre,0,Morning,1,2025-12-22T10:50:51.000Z,2025-12-22,2025-12,1766400651,1766361600,4,6,Adulte,455.17,2,0,2025-12-17,1765998492,5,135.49333333333334,-75.73,402159,0,0
M00329,P01120,U03082,TX0000082,2136.26,20251029061708,Lille,BANK_TRANSFER,Electronics,35,110885.64,Lille,VIP,20240801,Classic Laptop 1120,Electronics,2006.75,3.5,758,DigitalHub 329,Electronics,Pays de la Loire,0.0772,20190405,6,Mercredi,Octobre,0,Morning,0,2025-10-29T06:17:08.000Z,2025-10-29,2025-10,1761718628,1761696000,16,32,Adulte,3518.56,3,0,2025-10-25,1761425486,4,642.865,232.3,293142,0,0
M00121,P03241,U03302,TX0000083,609.41,20250209212246,Bordeaux,CASH,Automotive,59,69544.06,Bordeaux,VIP,20230329,Standard Roof Rack 3241,Automotive,649.73,2.0,811,,Inconnu,Inconnu,,,21,Dimanche,Fevrier,1,Evening,0,2025-02-09T21:22:46.000Z,2025-02-09,2025-02,1739136166,1739059200,59,72,Age Moyen,905.56,3,0,2025-02-08,1739050825,1,438.21694444444455,39.07,85341,0,0
M00053,P01899,U06990,TX0000084,17.77,20250214102652,Paris,CARD,Books,16,26433.67,Paris,Standard,20240312,Standard Biography 1899,Books,17.49,3.9,645,BookHaven 53,Books,Ile-de-France,0.0331,20200712,10,Vendredi,Fevrier,0,Morning,1,2025-02-14T10:26:52.000Z,2025-02-14,2025-02,1739528812,1739491200,5,6,Jeune,87.11,2,0,2025-02-11,1739315806,3,44.75333333333334,-60.29,213006,0,0
M00241,P05167,U10623,TX0000085,14.05,20250720184327,Toulon,CARD,Beauty,31,79488.28,Toulon,VIP,20250712,Classic Nail Kit 5167,Beauty,15.18,1.9,500,CosmeticHub 241,Beauty,Provence-Alpes-Côte d'Azur,0.0162,20210615,18,Dimanche,Juillet,1,Evening,0,2025-07-20T18:43:27.000Z,2025-07-20,2025-07,1753037007,1752969600,5,14,Adulte,87.02,2,0,2025-07-19,1752936976,1,297.68785714285724,-95.28,100031,0,0
M00138,P00482,U01699,TX0000086,97.94,20241115130908,Toulouse,CARD,Toys,,,,Inconnu,,Elite Board Game 482,Toys,88.41,3.6,1131,PlayShop 138,Toys,Provence-Alpes-Côte d'Azur,0.0972,20210127,13,Vendredi,Novembre,0,Afternoon,1,2024-11-15T13:09:08.000Z,2024-11-15,2024-11,1731676148,1731628800,5,10,Inconnu,3574.34,4,0,2024-11-14,1731610514,1,406.731,-75.92,65634,0,0
M00352,P04778,U11170,TX0000087,706.06,20250925134616,Toulouse,CARD,Home & Garden,16,25510.81,Toulouse,Budget,20240503,Classic Rug 4778,Home & Garden,770.28,3.8,856,HomeStyle 352,Home & Garden,Hauts-de-France,0.0143,20170214,13,Jeudi,Septembre,0,Afternoon,1,2025-09-25T13:46:16.000Z,2025-09-25,2025-09,1758807976,1758758400,1,3,Jeune,706.06,1,0,,,,319.5933333333333,120.92,,0,0
M00445,P05384,U05238,TX0000088,73.43,20251230090728,Toulouse,BANK_TRANSFER,Food,54,22125.33,Toulouse,Standard,20240418,Pro Olive Oil 5384,Food,72.67,2.6,440,FoodHub 445,Food,Ile-de-France,0.078,20180109,9,Mardi,Decembre,0,Morning,1,2025-12-30T09:07:28.000Z,2025-12-30,2025-12,1767085648,1767052800,8,9,Age Moyen,1551.19,2,0,2025-12-27,1766850858,3,349.8122222222222,-79.01,234790,0,0
M00416,P01348,U00038,TX0000089,394.79,20250116155136,Le Havre,BANK_TRANSFER,Clothing,31,62201.78,Le Havre,Standard,20250629,Pro Dress 1348,Clothing,126.38,2.2,1159,StyleShop 416,Clothing,Bretagne,0.0849,20170707,15,Jeudi,Janvier,0,Afternoon,1,2025-01-16T15:51:36.000Z,2025-01-16,2025-01,1737042696,1736985600,5,7,Adulte,394.79,1,0,2024-09-15,1726428120,123,681.01,-42.03,10614576,0,0
M00438,P01314,U09871,TX0000090,981.66,20240902085309,Toulouse,CARD,Automotive,75,44042.13,Toulouse,Premium,20240306,Elite Oil Filter 1314,Automotive,978.18,3.3,1018,MotorHub 438,Automotive,Hauts-de-France,0.0126,20220430,8,Lundi,Septembre,0,Morning,0,2024-09-02T08:53:09.000Z,2024-09-02,2024-09,1725267189,1725235200,5,22,Senior,1835.57,1,0,2024-07-18,1721304784,46,742.480909090909,32.21,3962405,0,0
M00166,P02289,U11159,TX0000091,1519.11,20240620104414,Nantes,CARD,Electronics,53,48331.19,Nantes,Standard,20240103,Pro Smartphone 2289,Electronics,804.69,3.4,193,TechStore 166,Electronics,Ile-de-France,0.0503,20230423,10,Jeudi,Juin,0,Morning,1,2024-06-20T10:44:14.000Z,2024-06-20,2024-06,1718880254,1718841600,11,19,Age Moyen,1519.11,1,0,2024-06-03,1717435071,17,632.2573684210527,140.27,1445183,0,0
M00330,P00562,U02528,TX0000092,60.61,20240325181005,Marseille,PAYPAL,Books,50,27418.22,Marseille,Standard,20240921,Standard Textbook 562,Books,63.88,4.2,1086,LibraryShop 330,Books,Occitanie,0.089,20170805,18,Lundi,Mars,0,Evening,0,2024-03-25T18:10:05.000Z,2024-03-25,2024-03,1711390205,1711324800,3,12,Age Moyen,522.76,2,0,2024-03-22,1711129936,3,361.95166666666665,-83.25,260269,0,0
M00022,P04914,U07599,TX0000093,13.17,20250402014819,Marseille,CARD,Books,55,93913.71,Marseille,Premium,20230218,Essential Novel 4914,Books,14.6,1.8,633,ReadMore 22,Books,Auvergne-Rhône-Alpes,0.093,20221012,1,Mercredi,Avril,0,Night,0,2025-04-02T01:48:19.000Z,2025-04-02,2025-04,1743558499,1743552000,5,8,Age Moyen,13.17,1,0,2024-10-15,1728984857,169,442.58250000000004,-97.02,14573642,1,0
M00530,P01306,U02960,TX0000094,119.97,20241201092324,Dijon,PAYPAL,Health,51,37463.68,Dijon,Standard,20230413,Classic Massage Gun 1306,Health,119.93,3.3,975,VitalShop 530,Health,Provence-Alpes-Côte d'Azur,0.0533,20171220,9,Dimanche,Decembre,1,Morning,1,2024-12-01T09:23:24.000Z,2024-12-01,2024-12,1733045004,1733011200,2,4,Age Moyen,119.97,1,0,2024-06-23,1719159667,161,130.7875,-8.27,13885337,0,0
M00454,P04923,U00641,TX0000095,19.43,20240922212616,Lille,CRYPTO,Beauty,16,23761.4,Lille,Budget,20240914,Premium Serum 4923,Beauty,20.16,2.2,719,BeautyCorner 454,Beauty,Ile-de-France,0.0685,20210605,21,Dimanche,Septembre,1,Evening,0,2024-09-22T21:26:16.000Z,2024-09-22,2024-09,1727040376,1726963200,11,12,Jeune,194.74,2,0,2024-09-21,1726962814,1,290.05333333333334,-93.3,77562,1,0
M00512,P01711,U03606,TX0000096,54.71,20240727064109,Lyon,PAYPAL,Books,63,29911.94,Lyon,Budget,20241123,Elite Comic Book 1711,Books,29.8,2.8,1085,BookCorner 512,Books,Grand Est,0.0437,20220727,6,Samedi,Juillet,1,Morning,0,2024-07-27T06:41:09.000Z,2024-07-27,2024-07,1722062469,1722038400,3,10,Age Moyen,14665.72,1,0,2024-07-27,1722043915,0,1522.0179999999996,-96.41,18554,0,0
M00097,P05651,U07541,TX0000097,86.56,20250526181235,Marseille,CASH,Toys,31,82568.95,Lille,VIP,20240429,Pro Action Figure 5651,Toys,92.62,3.9,1111,ToyLand 97,Toys,Occitanie,0.061,20180925,18,Lundi,Mai,0,Evening,0,2025-05-26T18:12:35.000Z,2025-05-26,2025-05,1748283155,1748217600,26,42,Adulte,594.25,3,0,2025-05-24,1748124777,2,719.0814285714285,-87.96,158378,0,0
M00187,P01387,U09880,TX0000098,12.63,20250117060149,Marseille,PAYPAL,Health,49,43341.87,Marseille,Premium,20230702,Standard Vitamins 1387,Health,12.48,1.2,826,HealthHub 187,Health,Nouvelle-Aquitaine,0.0663,20180909,6,Vendredi,Janvier,0,Morning,0,2025-01-17T06:01:49.000Z,2025-01-17,2025-01,1737093709,1737072000,12,18,Age Moyen,55.36,2,0,2025-01-13,1736779019,4,615.1955555555555,-97.95,314690,0,0
M00403,P04962,U08580,TX0000099,35.82,20240925094905,Paris,CARD,Food,37,91567.54,Paris,Premium,20230308,Pro Pasta Box 4962,Food,39.62,3.6,257,,Inconnu,Inconnu,,,9,Mercredi,Septembre,0,Morning,1,2024-09-25T09:49:05.000Z,2024-09-25,2024-09,1727257745,1727222400,3,7,Adulte,35.82,1,0,2024-09-06,1725642318,19,390.8242857142856,-90.83,1615427,0,0
M00051,P00033,U11625,TX0000100,43.09,20250423143508,Paris,CASH,Toys,72,17532.88,Paris,Budget,20240301,Premium Board Game 33,Toys,41.27,2.9,869,ToyLand 51,Toys,Grand Est,0.0783,20180311,14,Mercredi,Avril,0,Afternoon,1,2025-04-23T14:35:08.000Z,2025-04-23,2025-04,1745418908,1745366400,3,4,Senior,1020.57,2,0,2025-04-18,1744969808,5,839.89,-94.87,449100,0,0
M00094,P02642,U01366,TX0000101,232.89,20251216143600,Toulon,CARD,Home & Garden,46,82267.0,Toulon,Premium,20230413,Essential Plant Pot 2642,Home & Garden,223.02,2.4,708,HomeStyle 94,Home & Garden,Hauts-de-France,0.039,20220905,14,Mardi,Decembre,0,Afternoon,1,2025-12-16T14:36:00.000Z,2025-12-16,2025-12,1765895760,1765843200,11,14,Age Moyen,415.58,1,0,2025-09-18,1758220258,89,175.48928571428567,32.71,7675502,0,0
M00409,P01137,U01233,TX0000102,17.81,20250729083523,Lyon,BANK_TRANSFER,Books,52,140828.53,Lyon,VIP,20241227,Essential Cookbook 1137,Books,18.47,4.0,878,BookCorner 409,Books,Occitanie,0.0426,20210301,8,Mardi,Juillet,0,Morning,0,2025-07-29T08:35:23.000Z,2025-07-29,2025-07,1753778123,1753747200,21,36,Age Moyen,120.63,2,0,2025-07-29,1753775565,0,642.276388888889,-97.23,2558,0,0
M00551,P02184,U01856,TX0000103,31.82,20250924144115,Le Havre,BANK_TRANSFER,Toys,36,66331.69,Le Havre,Premium,20230920,Elite Board Game 2184,Toys,31.64,4.4,1077,ToyLand 551,Toys,Provence-Alpes-Côte d'Azur,0.085,20221226,14,Mercredi,Septembre,0,Afternoon,1,2025-09-24T14:41:15.000Z,2025-09-24,2025-09,1758724875,1758672000,9,11,Adulte,65.31,2,0,2025-09-20,1758361007,4,136.70454545454547,-76.72,363868,0,0
M00379,P00679,U11090,TX0000104,72.01,20250828185823,Nantes,CARD,Books,,,,Inconnu,,Standard Biography 679,Books,64.65,4.0,961,BookCorner 379,Books,Auvergne-Rhône-Alpes,0.0793,20221126,18,Jeudi,Aout,0,Evening,0,2025-08-28T18:58:23.000Z,2025-08-28,2025-08,1756407503,1756339200,18,23,Inconnu,72.01,1,0,2025-08-04,1754306853,24,281.8726086956522,-74.45,2100650,0,0
M00363,P03369,U06298,TX0000105,104.7,20250126062813,Montpellier,CASH,Beauty,42,46360.67,Montpellier,Premium,20240531,Elite Perfume 3369,Beauty,115.11,4.0,160,BeautyCorner 363,Beauty,Hauts-de-France,0.0323,20210806,6,Dimanche,Janvier,1,Morning,0,2025-01-26T06:28:13.000Z,2025-01-26,2025-01,1737872893,1737849600,19,28,Adulte,223.46,3,0,2025-01-24,1737737614,2,187.83107142857142,-44.26,135279,0,0
M00172,P04488,U10535,TX0000106,280.41,20250617173334,Paris,CRYPTO,Clothing,44,52442.75,Paris,Premium,20240526,Pro Scarf 4488,Clothing,294.92,4.3,876,FashionStore 172,Clothing,Hauts-de-France,0.0305,20170807,17,Mardi,Juin,0,Afternoon,0,2025-06-17T17:33:34.000Z,2025-06-17,2025-06,1750181614,1750118400,8,12,Adulte,327.14,2,0,2025-06-12,1749740194,5,214.0533333333333,31.0,441420,1,0
M00187,P02917,U00445,TX0000107,215.86,20250607130408,Paris,CASH,Health,35,72202.25,Paris,VIP,20250131,Elite First Aid Kit 2917,Health,209.09,3.7,566,HealthHub 187,Health,Nouvelle-Aquitaine,0.0663,20180909,13,Samedi,Juin,1,Afternoon,1,2025-06-07T13:04:08.000Z,2025-06-07,2025-06,1749301448,1749254400,25,38,Adulte,221.0,2,0,2025-06-04,1749055391,3,278.19842105263155,-22.41,246057,0,0
M00125,P04120,U01683,TX0000108,512.4,20250108085817,Grenoble,BANK_TRANSFER,Home & Garden,55,76004.51,Grenoble,Premium,20240829,Essential Plant Pot 4120,Home & Garden,490.35,3.4,499,HomeStyle 125,Home & Garden,Hauts-de-France,0.0585,20221222,8,Mercredi,Janvier,0,Morning,0,2025-01-08T08:58:17.000Z,2025-01-08,2025-01,1736326697,1736294400,10,11,Age Moyen,1352.41,2,0,2025-01-04,1736021973,4,254.80545454545455,101.09,304724,0,0
M00085,P01862,U02829,TX0000109,348.37,20240926002048,Nantes,CRYPTO,Beauty,34,38379.47,Paris,Standard,20241213,Classic Serum 1862,Beauty,48.96,1.7,692,CosmeticHub 85,Beauty,Ile-de-France,0.0383,20221016,0,Jeudi,Septembre,0,Night,0,2024-09-26T00:20:48.000Z,2024-09-26,2024-09,1727310048,1727308800,7,16,Adulte,401.04,1,0,2024-09-13,1726230908,13,480.30375,-27.47,1079140,2,1
M00234,P01882,U04349,TX0000110,28.67,20250128041636,Le Havre,CARD,Food,23,54335.78,Le Havre,Premium,20240312,Standard Cheese Platter 1882,Food,28.01,3.9,746,FoodMart 234,Food,Normandie,0.0965,20210212,4,Mardi,Janvier,0,Night,0,2025-01-28T04:16:36.000Z,2025-01-28,2025-01,1738037796,1738022400,15,29,Jeune,28.67,1,0,2025-01-12,1736684545,16,191.42931034482757,-85.02,1353251,1,0
M00012,P03237,U10613,TX0000111,284.73,20250719090649,Le Havre,BANK_TRANSFER,Toys,38,78644.9,Lyon,Premium,20240114,Premium Board Game 3237,Toys,145.78,4.4,126,PlayShop 12,Toys,Occitanie,0.0123,20221003,9,Samedi,Juillet,1,Morning,1,2025-07-19T09:06:49.000Z,2025-07-19,2025-07,1752916009,1752883200,11,11,Adulte,1081.9,3,0,2025-07-17,1752759052,2,260.5809090909091,9.27,156957,0,0
M00082,P03968,U04547,TX0000112,124.08,20241123180652,Montpellier,CRYPTO,Sports,43,45351.32,Montpellier,Standard,20250526,Premium Tennis Racket 3968,Sports,125.85,2.8,499,ActiveWear 82,Sports,Normandie,0.0366,20181027,18,Samedi,Novembre,1,Evening,0,2024-11-23T18:06:52.000Z,2024-11-23,2024-11,1732385212,1732320000,9,10,Adulte,124.08,1,0,2024-11-12,1731401267,11,229.263,-45.88,983945,1,0
M00140,P01995,U09086,TX0000113,111.88,20250623081902,Lyon,CARD,Clothing,58,98871.68,Lyon,VIP,20241217,Premium Scarf 1995,Clothing,118.05,3.0,682,TrendyWear 140,Clothing,Nouvelle-Aquitaine,0.0711,20171119,8,Lundi,Juin,0,Morning,0,2025-06-23T08:19:02.000Z,2025-06-23,2025-06,1750666742,1750636800,13,21,Age Moyen,442.46,3,0,2025-06-22,1750618013,1,242.2042857142857,-53.81,48729,0,0
M00416,P02782,U01701,TX0000114,176.56,20241228211200,Paris,CASH,Clothing,29,74062.71,Paris,Premium,20230408,Elite Dress 2782,Clothing,172.9,2.9,984,StyleShop 416,Clothing,Bretagne,0.0849,20170707,21,Samedi,Decembre,1,Evening,0,2024-12-28T21:12:00.000Z,2024-12-28,2024-12,1735420320,1735344000,12,24,Adulte,4705.37,2,0,2024-12-24,1735046737,4,754.68,-76.6,373583,0,0
M00157,P04768,U11329,TX0000115,275.12,20250129171239,Reims,PAYPAL,Clothing,40,22922.9,Reims,Budget,20241209,Essential Dress 4768,Clothing,253.26,4.7,1148,TrendyWear 157,Clothing,Hauts-de-France,0.0535,20220505,17,Mercredi,Janvier,0,Afternoon,0,2025-01-29T17:12:39.000Z,2025-01-29,2025-01,1738170759,1738108800,2,2,Adulte,328.94,1,0,2025-01-29,1738143322,0,164.47,67.28,27437,0,0
M00079,P01679,U02709,TX0000116,147.32,20241203151759,Nice,CRYPTO,Clothing,33,106868.08,Nice,VIP,20230829,Standard Sneakers 1679,Clothing,160.3,3.2,568,StyleShop 79,Clothing,Ile-de-France,0.0454,20230604,15,Mardi,Decembre,0,Afternoon,1,2024-12-03T15:17:59.000Z,2024-12-03,2024-12,1733239079,1733184000,16,38,Adulte,2781.49,2,0,2024-11-29,1732901828,4,367.3784210526315,-59.9,337251,1,0
M00472,P02857,U08335,TX0000117,347.35,20240505101331,Lyon,CASH,Home & Garden,52,83920.47,Lyon,Premium,20230525,Classic Rug 2857,Home & Garden,321.19,1.3,282,GardenWorld 472,Home & Garden,Auvergne-Rhône-Alpes,0.0942,20230502,10,Dimanche,Mai,1,Morning,1,2024-05-05T10:13:31.000Z,2024-05-05,2024-05,1714904011,1714867200,1,24,Age Moyen,347.35,1,0,,,,275.70375,25.99,,0,0
M00258,P04800,U08697,TX0000118,813.07,20241214152632,Nîmes,CARD,Electronics,21,119064.42,Nîmes,VIP,20240117,Classic Camera 4800,Electronics,849.35,1.9,747,DigitalHub 258,Electronics,Provence-Alpes-Côte d'Azur,0.0181,20200407,15,Samedi,Decembre,1,Afternoon,1,2024-12-14T15:26:32.000Z,2024-12-14,2024-12,1734189992,1734134400,23,39,Jeune,974.02,2,0,2024-12-13,1734100832,1,459.2397435897436,77.05,89160,0,0
M00340,P02736,U03111,TX0000119,512.47,20250921004306,Marseille,PAYPAL,Sports,51,36006.49,Marseille,Standard,20241113,Elite Backpack 2736,Sports,474.68,4.2,864,SportZone 340,Sports,Ile-de-France,0.0293,20221206,0,Dimanche,Septembre,1,Night,0,2025-09-21T00:43:06.000Z,2025-09-21,2025-09,1758415386,1758412800,4,11,Age Moyen,512.47,1,0,2025-09-03,1756918543,18,102.04545454545455,402.2,1496843,2,1
M00244,P05122,U11328,TX0000120,396.83,20251127155733,Lyon,BANK_TRANSFER,Automotive,41,32602.99,Lyon,Standard,20230307,Classic Car Battery 5122,Automotive,371.06,2.7,1131,AutoCenter 244,Automotive,Grand Est,0.0285,20221116,15,Jeudi,Novembre,0,Afternoon,1,2025-11-27T15:57:33.000Z,2025-11-27,2025-11,1764259053,1764201600,11,11,Adulte,396.83,1,0,2025-10-15,1760544915,43,717.5545454545455,-44.7,3714138,0,0
M00592,P03294,U04072,TX0000121,519.69,20240928161004,Toulouse,CASH,Electronics,81,16837.09,Toulouse,Budget,20240214,Standard Laptop 3294,Electronics,548.24,4.8,716,ElectroWorld 592,Electronics,Bretagne,0.0139,20200818,16,Samedi,Septembre,1,Afternoon,1,2024-09-28T16:10:04.000Z,2024-09-28,2024-09,1727539804,1727481600,7,11,Senior,519.69,1,0,2024-09-06,1725618869,22,452.1963636363637,14.93,1920935,0,0
M00374,P00403,U05771,TX0000122,256.02,20240720083656,Nice,CARD,Home & Garden,74,26524.53,Nice,Budget,20240729,Pro Cookware Set 403,Home & Garden,229.57,2.7,805,DecorShop 374,Home & Garden,Auvergne-Rhône-Alpes,0.0678,20200402,8,Samedi,Juillet,1,Morning,0,2024-07-20T08:36:56.000Z,2024-07-20,2024-07,1721464616,1721433600,2,6,Senior,256.02,1,0,2024-07-11,1720731120,9,673.0716666666666,-61.96,733496,0,0
M00376,P04062,U07365,TX0000123,152.1,20250119105305,Toulon,PAYPAL,Food,37,37903.34,Toulon,Premium,20250115,Premium Pasta Box 4062,Food,70.37,2.9,247,FoodMart 376,Food,Normandie,0.0618,20221219,10,Dimanche,Janvier,1,Morning,1,2025-01-19T10:53:05.000Z,2025-01-19,2025-01,1737283985,1737244800,5,17,Adulte,241.91,2,0,2025-01-18,1737193474,1,156.58,-2.86,90511,0,0
M00109,P05681,U01282,TX0000124,65.25,20251229103138,Dijon,CARD,Beauty,33,82753.8,Dijon,VIP,20240129,Essential Lipstick 5681,Beauty,66.31,3.0,453,BeautyWorld 109,Beauty,Ile-de-France,0.0975,20180127,10,Lundi,Decembre,0,Morning,1,2025-12-29T10:31:38.000Z,2025-12-29,2025-12,1767004298,1766966400,28,28,Adulte,2226.59,4,0,2025-12-28,1766952455,1,832.9478571428572,-92.17,51843,0,0
M00276,P04245,U08739,TX0000125,107.31,20251216093634,Toulouse,CRYPTO,Clothing,30,88181.24,Toulouse,Premium,20230813,Pro Dress 4245,Clothing,119.15,2.6,386,StyleShop 276,Clothing,Ile-de-France,0.0275,20230303,9,Mardi,Decembre,0,Morning,1,2025-12-16T09:36:34.000Z,2025-12-16,2025-12,1765877794,1765843200,9,12,Adulte,694.15,2,0,2025-12-13,1765622282,3,437.8775,-75.49,255512,1,0
M00329,P04269,U08608,TX0000126,982.45,20250421193540,Montpellier,PAYPAL,Electronics,34,57377.22,Montpellier,Premium,20230603,Classic Smart TV 4269,Electronics,884.56,4.2,1134,DigitalHub 329,Electronics,Pays de la Loire,0.0772,20190405,19,Lundi,Avril,0,Evening,0,2025-04-21T19:35:40.000Z,2025-04-21,2025-04,1745264140,1745193600,4,12,Adulte,2984.6,2,0,2025-04-17,1744895807,4,2184.3699999999994,-55.02,368333,0,0
M00405,P04967,U05619,TX0000127,55.49,20250106113716,Nice,CARD,Beauty,55,121195.76,Nice,VIP,20250122,Essential Nail Kit 4967,Beauty,56.31,4.2,684,BeautyWorld 405,Beauty,Nouvelle-Aquitaine,0.057,20210331,11,Lundi,Janvier,0,Morning,1,2025-01-06T11:37:16.000Z,2025-01-06,2025-01,1736163436,1736121600,17,33,Age Moyen,591.26,2,0,2025-01-03,1735926704,3,256.9830303030303,-78.41,236732,0,0
M00100,P00089,U11191,TX0000128,178.85,20250819144446,Paris,CARD,Clothing,,,,Inconnu,,Elite Sneakers 89,Clothing,162.43,2.7,357,StyleShop 100,Clothing,Hauts-de-France,0.0211,20180811,14,Mardi,Aout,0,Afternoon,1,2025-08-19T14:44:46.000Z,2025-08-19,2025-08,1755614686,1755561600,4,4,Inconnu,978.24,3,0,2025-08-18,1755537773,1,249.4275,-28.3,76913,0,0
M00514,P02509,U10535,TX0000129,344.99,20250415174906,Paris,CRYPTO,Health,44,52442.75,Paris,Premium,20240526,Pro Vitamins 2509,Health,168.85,4.4,914,WellnessStore 514,Health,Pays de la Loire,0.0147,20210829,17,Mardi,Avril,0,Afternoon,0,2025-04-15T17:49:06.000Z,2025-04-15,2025-04,1744739346,1744675200,3,12,Adulte,364.71,2,0,2025-04-10,1744294318,5,214.0533333333333,61.17,445028,1,0
M00012,P04550,U04452,TX0000130,137.37,20241120200239,Marseille,CARD,Toys,20,16089.67,Marseille,Budget,20230926,Classic Puzzle 4550,Toys,144.1,2.5,799,PlayShop 12,Toys,Occitanie,0.0123,20221003,20,Mercredi,Novembre,0,Evening,0,2024-11-20T20:02:39.000Z,2024-11-20,2024-11,1732132959,1732060800,7,11,Jeune,286.27,3,0,2024-11-15,1731651782,5,81.79272727272726,67.95,481177,0,0
M00381,P02665,U05749,TX0000131,74.01,20250501233224,Saint-Etienne,CRYPTO,Food,43,119334.24,Saint-Etienne,VIP,20231116,Standard Olive Oil 2665,Food,81.31,4.5,109,FreshMarket 381,Food,Hauts-de-France,0.015,20180905,23,Jeudi,Mai,0,Night,0,2025-05-01T23:32:24.000Z,2025-05-01,2025-05,1746142344,1746057600,17,40,Adulte,74.01,1,0,2024-12-31,1735664017,121,219.67900000000003,-66.31,10478327,2,1
M00127,P00584,U06061,TX0000132,167.16,20251231205356,Lyon,CASH,Sports,45,83676.92,Lyon,VIP,20250707,Essential Bicycle Helmet 584,Sports,89.73,3.3,664,SportZone 127,Sports,Auvergne-Rhône-Alpes,0.0369,20170522,20,Mercredi,Decembre,0,Evening,0,2025-12-31T20:53:56.000Z,2025-12-31,2025-12,1767214436,1767139200,51,51,Age Moyen,2069.04,2,0,2025-12-26,1766774170,5,248.0290196078432,-32.6,440266,0,0
M00058,P00138,U08210,TX0000133,196.49,20250627180706,Paris,CRYPTO,Health,46,59647.49,Paris,Premium,20250822,Standard Vitamins 138,Health,212.78,3.9,950,VitalShop 58,Health,Grand Est,0.0875,20180505,18,Vendredi,Juin,0,Evening,0,2025-06-27T18:07:06.000Z,2025-06-27,2025-06,1751047626,1750982400,17,18,Age Moyen,196.49,1,0,2025-06-19,1750328691,8,693.7916666666667,-71.68,718935,1,0
M00333,P00995,U00550,TX0000134,110.77,20251006210711,Marseille,PAYPAL,Toys,54,52577.93,Marseille,Premium,20250802,,Toys,105.34,2.9,605,ToyHub 333,Toys,Nouvelle-Aquitaine,0.0635,20230319,21,Lundi,Octobre,0,Evening,0,2025-10-06T21:07:11.000Z,2025-10-06,2025-10,1759784831,1759708800,3,7,Age Moyen,110.77,1,0,2025-08-09,1754728165,58,147.10714285714286,-24.7,5056666,0,0
M00589,P02632,U04923,TX0000135,82.01,20241022114108,Bordeaux,CRYPTO,Books,37,38416.53,Bordeaux,Standard,20230415,Pro Textbook 2632,Books,41.15,2.8,265,BookHaven 589,Books,Auvergne-Rhône-Alpes,0.0527,20180604,11,Mardi,Octobre,0,Morning,1,2024-10-22T11:41:08.000Z,2024-10-22,2024-10,1729597268,1729555200,4,20,Adulte,82.01,1,0,2024-10-02,1727895027,20,142.08049999999997,-42.28,1702241,1,0
M00470,P03622,U06850,TX0000136,3.04,20240405222445,Paris,BANK_TRANSFER,Food,44,71605.02,Paris,Premium,20240821,Elite Olive Oil 3622,Food,3.27,1.7,956,GourmetShop 470,Food,Nouvelle-Aquitaine,0.0886,20210223,22,Vendredi,Avril,0,Night,0,2024-04-05T22:24:45.000Z,2024-04-05,2024-04,1712355885,1712275200,7,28,Adulte,3.04,1,0,2024-03-15,1710486562,21,409.52535714285716,-99.26,1869323,1,0
M00233,P01018,U01214,TX0000137,172.72,20241120062548,Paris,CRYPTO,Automotive,41,32522.37,Paris,Budget,20241008,Essential Car Battery 1018,Automotive,188.69,3.5,727,CarParts 233,Automotive,Auvergne-Rhône-Alpes,0.017,20190425,6,Mercredi,Novembre,0,Morning,0,2024-11-20T06:25:48.000Z,2024-11-20,2024-11,1732083948,1732060800,12,15,Adulte,1812.99,2,0,2024-11-16,1731766926,4,663.6466666666668,-73.97,317022,1,0
M00536,P01482,U07750,TX0000138,65.73,20251208115536,Marseille,BANK_TRANSFER,Food,20,41606.36,Nîmes,Standard,20250925,Premium Chocolate Box 1482,Food,68.41,4.8,55,FreshMarket 536,Food,Ile-de-France,0.0248,20200813,11,Lundi,Decembre,0,Morning,1,2025-12-08T11:55:36.000Z,2025-12-08,2025-12,1765194936,1765152000,6,7,Jeune,86.4,2,0,2025-12-07,1765099672,1,200.67285714285714,-67.25,95264,0,0
M00490,P02093,U09490,TX0000139,34.07,20240405114359,Paris,CARD,Food,36,42526.96,Paris,Standard,20250701,Standard Chocolate Box 2093,Food,31.69,3.8,1124,GourmetShop 490,Food,Nouvelle-Aquitaine,0.0709,20170328,11,Vendredi,Avril,0,Morning,1,2024-04-05T11:43:59.000Z,2024-04-05,2024-04,1712317439,1712275200,9,14,Adulte,34.07,1,0,2024-02-28,1709147661,37,1118.1421428571427,-96.95,3169778,0,0
M00389,P05106,U06554,TX0000140,1234.92,20241119105624,Lyon,PAYPAL,Electronics,47,54951.67,Lyon,Premium,20231114,Premium Camera 5106,Electronics,1255.56,4.1,772,,Inconnu,Inconnu,,,10,Mardi,Novembre,0,Morning,1,2024-11-19T10:56:24.000Z,2024-11-19,2024-11,1732013784,1731974400,12,19,Age Moyen,1477.32,2,0,2024-11-16,1731747767,3,673.7094736842106,83.3,266017,0,0
M00350,P02556,U10243,TX0000141,99.28,20251111121709,Lyon,PAYPAL,Health,67,46491.56,Lyon,Standard,20231111,Classic First Aid Kit 2556,Health,100.25,3.3,33,HealthShop 350,Health,Hauts-de-France,0.0452,20190707,12,Mardi,Novembre,0,Afternoon,1,2025-11-11T12:17:09.000Z,2025-11-11,2025-11,1762863429,1762819200,2,11,Senior,99.28,1,0,2025-11-01,1761987521,10,125.83181818181819,-21.1,875908,0,0
M00342,P04503,U05381,TX0000142,22.3,20250307085112,Paris,PAYPAL,Food,16,45463.81,Montpellier,Standard,20250926,Elite Chocolate Box 4503,Food,24.28,2.5,700,FoodMart 342,Food,Auvergne-Rhône-Alpes,0.0947,20180620,8,Vendredi,Mars,0,Morning,0,2025-03-07T08:51:12.000Z,2025-03-07,2025-03,1741337472,1741305600,2,7,Jeune,215.2,2,0,2025-03-01,1740849894,6,2162.115714285714,-98.97,487578,0,0
M00177,P01198,U09839,TX0000143,11.44,20250614194437,Nice,CARD,Books,24,108920.81,Nice,VIP,20250626,Premium Biography 1198,Books,12.29,3.0,919,BookCorner 177,Books,Pays de la Loire,0.0801,20230511,19,Samedi,Juin,1,Evening,0,2025-06-14T19:44:37.000Z,2025-06-14,2025-06,1749930277,1749859200,23,27,Jeune,11.44,1,0,2025-06-07,1749314451,7,164.85555555555553,-93.06,615826,0,0
M00325,P02373,U10799,TX0000144,189.07,20250802114339,Strasbourg,PAYPAL,Clothing,20,36538.49,Strasbourg,Standard,20250703,Essential Sneakers 2373,Clothing,194.26,5.0,905,StyleShop 325,Clothing,Ile-de-France,0.0138,20210703,11,Samedi,Aout,1,Morning,1,2025-08-02T11:43:39.000Z,2025-08-02,2025-08,1754135019,1754092800,12,14,Jeune,189.07,1,0,2025-02-26,1740534696,157,279.675,-32.4,13600323,0,0
M00592,P05648,U08856,TX0000145,1877.19,20240505162530,Marseille,CASH,Electronics,30,48128.73,Marseille,Premium,20240121,Standard Smartphone 5648,Electronics,1826.91,4.9,541,ElectroWorld 592,Electronics,Bretagne,0.0139,20200818,16,Dimanche,Mai,1,Afternoon,1,2024-05-05T16:25:30.000Z,2024-05-05,2024-05,1714926330,1714867200,12,18,Adulte,2331.93,2,0,2024-05-03,1714758525,2,628.3466666666668,198.75,167805,0,0
M00433,P02072,U04605,TX0000146,1662.18,20250809094621,Lyon,CARD,Automotive,25,68764.83,Lyon,Premium,20240307,Elite Roof Rack 2072,Automotive,1495.83,4.8,528,AutoShop 433,Automotive,Grand Est,0.0138,20210726,9,Samedi,Aout,1,Morning,1,2025-08-09T09:46:21.000Z,2025-08-09,2025-08,1754732781,1754697600,20,29,Jeune,1920.77,3,0,2025-08-07,1754587080,2,473.0096551724137,251.41,145701,0,0
M00515,P02013,U01550,TX0000147,83.66,20241025064718,Le Havre,CRYPTO,Books,62,50100.64,Le Havre,Premium,20230324,Elite Biography 2013,Books,26.56,5.0,27,BookCorner 515,Books,Grand Est,0.0258,20170831,6,Vendredi,Octobre,0,Morning,0,2024-10-25T06:47:18.000Z,2024-10-25,2024-10,1729838838,1729814400,21,21,Age Moyen,83.66,1,0,2024-10-17,1729196737,8,101.03285714285714,-17.2,642101,1,0
M00583,P05912,U00896,TX0000148,340.96,20250416110930,Paris,CRYPTO,Sports,52,98096.98,Paris,VIP,20250428,Standard Bicycle Helmet 5912,Sports,358.11,4.9,1118,ActiveWear 583,Sports,Bretagne,0.0363,20170520,11,Mercredi,Avril,0,Morning,1,2025-04-16T11:09:30.000Z,2025-04-16,2025-04,1744801770,1744761600,5,15,Age Moyen,448.59,4,0,2025-04-15,1744740558,1,160.77799999999996,112.07,61212,1,0
M00167,P01456,U07945,TX0000149,408.01,20240611100745,Marseille,PAYPAL,Electronics,27,39929.64,Dijon,Premium,20230614,Essential Tablet 1456,Electronics,430.57,3.2,122,GadgetShop 167,Electronics,Pays de la Loire,0.0564,20220328,10,Mardi,Juin,0,Morning,1,2024-06-11T10:07:45.000Z,2024-06-11,2024-06,1718100465,1718064000,5,23,Adulte,639.56,2,0,2024-06-09,1717924834,2,239.85652173913047,70.11,175631,0,0
M00580,P05409,U02777,TX0000150,251.13,20250917182901,Nice,BANK_TRANSFER,Clothing,39,45566.57,Nice,Standard,20241024,Elite Scarf 5409,Clothing,276.28,4.7,305,StyleShop 580,Clothing,Grand Est,0.0631,20190622,18,Mercredi,Septembre,0,Evening,0,2025-09-17T18:29:01.000Z,2025-09-17,2025-09,1758133741,1758067200,2,3,Adulte,251.13,1,0,2025-09-06,1757154910,11,213.11666666666667,17.84,978831,0,0
M00084,P01612,U06514,TX0000151,106.76,20240417183452,Montpellier,BANK_TRANSFER,Electronics,39,39054.65,Montpellier,Standard,20231203,Classic Tablet 1612,Electronics,110.73,1.4,1093,ElectroWorld 84,Electronics,Nouvelle-Aquitaine,0.0795,20210928,18,Mercredi,Avril,0,Evening,0,2024-04-17T18:34:52.000Z,2024-04-17,2024-04,1713378892,1713312000,2,15,Adulte,1656.23,2,0,2024-04-13,1713038023,4,328.1773333333333,-67.47,340869,0,0
M00410,P01509,U11348,TX0000152,149.67,20240922191648,Toulouse,PAYPAL,Toys,35,136635.84,Toulouse,VIP,20230425,Standard Toy Car 1509,Toys,158.8,3.5,976,ToyHub 410,Toys,Nouvelle-Aquitaine,0.0447,20181008,19,Dimanche,Septembre,1,Evening,0,2024-09-22T19:16:48.000Z,2024-09-22,2024-09,1727032608,1726963200,4,22,Adulte,918.6,2,0,2024-09-21,1726939940,1,287.00909090909096,-47.85,92668,0,0
M00070,P02019,U06867,TX0000153,132.48,20240829062142,Paris,PAYPAL,Beauty,48,48897.04,Paris,Premium,20250209,Standard Shampoo 2019,Beauty,137.6,4.0,911,GlowShop 70,Beauty,Grand Est,0.0779,20201027,6,Jeudi,Aout,0,Morning,0,2024-08-29T06:21:42.000Z,2024-08-29,2024-08,1724912502,1724889600,11,25,Age Moyen,223.56,1,0,2024-08-10,1723304268,19,159.358,-16.87,1608234,0,0
M00461,P02551,U06192,TX0000154,209.57,20250202174245,Strasbourg,BANK_TRANSFER,Sports,32,18057.73,Strasbourg,Budget,20230928,Essential Tennis Racket 2551,Sports,217.21,3.0,300,SportHub 461,Sports,Ile-de-France,0.0411,20211026,17,Dimanche,Fevrier,1,Afternoon,0,2025-02-02T17:42:45.000Z,2025-02-02,2025-02,1738518165,1738454400,3,6,Adulte,209.57,1,0,2024-12-14,1734178080,50,169.49499999999998,23.64,4340085,0,0
M00572,P03183,U01119,TX0000155,1332.02,20240128222522,Nîmes,CARD,Home & Garden,58,51302.27,Montpellier,Standard,20230227,Classic Sofa 3183,Home & Garden,689.97,3.9,558,DecorShop 572,Home & Garden,Hauts-de-France,0.0406,20170805,22,Dimanche,Janvier,1,Night,0,2024-01-28T22:25:22.000Z,2024-01-28,2024-01,1706480722,1706400000,3,13,Age Moyen,1332.02,1,0,2024-01-07,1704632078,21,550.5438461538462,141.95,1848644,1,0
M00174,P04703,U02440,TX0000156,209.58,20240523164245,Lille,CARD,Toys,61,39357.82,Lille,Standard,20230226,Pro Doll 4703,Toys,68.6,2.5,173,KidsWorld 174,Toys,Grand Est,0.0261,20211212,16,Jeudi,Mai,0,Afternoon,1,2024-05-23T16:42:45.000Z,2024-05-23,2024-05,1716482565,1716422400,2,7,Age Moyen,209.58,1,0,2024-05-13,1715632382,10,106.99571428571429,95.88,850183,0,0
M00509,P00637,U06830,TX0000157,90.84,20240627173010,Nantes,CARD,Beauty,34,34533.37,Nantes,Standard,20241220,Premium Shampoo 637,Beauty,83.11,4.8,1060,BeautyCorner 509,Beauty,Occitanie,0.0737,20170329,17,Jeudi,Juin,0,Afternoon,0,2024-06-27T17:30:10.000Z,2024-06-27,2024-06,1719509410,1719446400,2,9,Adulte,90.84,1,0,2024-06-10,1718031754,17,199.67555555555555,-54.51,1477656,0,0
M00035,P03882,U05968,TX0000158,371.89,20251010083451,Toulon,CRYPTO,Sports,33,153942.55,Toulon,VIP,20250720,Elite Running Shoes 3882,Sports,384.18,3.4,251,ActiveWear 35,Sports,Hauts-de-France,0.0286,20180923,8,Vendredi,Octobre,0,Morning,0,2025-10-10T08:34:51.000Z,2025-10-10,2025-10,1760085291,1760054400,11,21,Adulte,1379.31,2,0,2025-10-06,1759752888,4,339.77714285714285,9.45,332403,1,0
M00251,P05592,U00794,TX0000159,20.44,20251228201537,Lyon,CRYPTO,Automotive,16,106501.48,Lyon,VIP,20250618,Standard Tyre Set 5592,Automotive,20.26,3.3,462,CarParts 251,Automotive,Auvergne-Rhône-Alpes,0.0682,20210518,20,Dimanche,Decembre,1,Evening,0,2025-12-28T20:15:37.000Z,2025-12-28,2025-12,1766952937,1766880000,37,37,Jeune,604.6,2,0,2025-12-28,1766950101,0,357.7332432432433,-94.29,2836,1,0
M00533,P04385,U07558,TX0000160,91.85,20240815205944,Lyon,CRYPTO,Toys,54,64160.62,Lyon,Premium,20241126,Elite Building Blocks 4385,Toys,86.26,4.1,619,ToyLand 533,Toys,Hauts-de-France,0.0203,20200323,20,Jeudi,Aout,0,Evening,0,2024-08-15T20:59:44.000Z,2024-08-15,2024-08,1723755584,1723680000,4,12,Age Moyen,890.11,2,0,2024-08-14,1723628170,1,518.8241666666667,-82.3,127414,1,0
M00512,P05532,U03312,TX0000161,60.6,20240720182828,Lille,PAYPAL,Books,40,66838.55,Lille,Premium,20250121,Premium Atlas 5532,Books,63.06,3.2,1053,BookCorner 512,Books,Grand Est,0.0437,20220727,18,Samedi,Juillet,1,Evening,0,2024-07-20T18:28:28.000Z,2024-07-20,2024-07,1721500108,1721433600,13,24,Adulte,205.04,2,0,2024-07-20,1721492372,0,377.70833333333326,-83.96,7736,0,0
M00222,P00094,U02141,TX0000162,51.37,20250915182221,Bordeaux,CARD,Beauty,41,142867.35,Bordeaux,VIP,20240410,Elite Perfume 94,Beauty,53.92,2.9,1102,BeautyCorner 222,Beauty,Nouvelle-Aquitaine,0.0867,20200403,18,Lundi,Septembre,0,Evening,0,2025-09-15T18:22:21.000Z,2025-09-15,2025-09,1757960541,1757894400,36,40,Adulte,51.37,1,0,2025-09-07,1757230570,8,161.549,-68.2,729971,0,0
M00588,P03423,U00226,TX0000163,474.98,20250715094552,Lyon,PAYPAL,Clothing,49,20858.32,Lyon,Budget,20250909,Standard Jacket 3423,Clothing,228.5,3.4,244,,Inconnu,Inconnu,,,9,Mardi,Juillet,0,Morning,1,2025-07-15T09:45:52.000Z,2025-07-15,2025-07,1752572752,1752537600,1,4,Age Moyen,474.98,1,0,,,,251.305,89.01,,0,0
M00471,P01656,U02862,TX0000164,341.61,20240207134445,Toulouse,BANK_TRANSFER,Automotive,37,21410.61,Bordeaux,Standard,20230812,Standard Car Battery 1656,Automotive,370.21,2.4,378,AutoShop 471,Automotive,Auvergne-Rhône-Alpes,0.0342,20191216,13,Mercredi,Fevrier,0,Afternoon,1,2024-02-07T13:44:45.000Z,2024-02-07,2024-02,1707313485,1707264000,3,11,Adulte,341.61,1,0,2024-01-29,1706528608,9,510.58363636363634,-33.09,784877,0,0
M00119,P00801,U10538,TX0000165,307.78,20240717141541,Paris,BANK_TRANSFER,Beauty,38,37884.86,Paris,Standard,20250616,Premium Lipstick 801,Beauty,141.87,3.1,491,GlowShop 119,Beauty,Auvergne-Rhône-Alpes,0.0406,20220627,14,Mercredi,Juillet,0,Afternoon,1,2024-07-17T14:15:41.000Z,2024-07-17,2024-07,1721225741,1721174400,10,13,Adulte,428.26,2,0,2024-07-14,1720961035,3,108.19769230769232,184.46,264706,0,0
M00372,P00748,U04132,TX0000166,24.5,20240529180147,Paris,CARD,Clothing,40,24898.05,Paris,Budget,20250606,Elite T-Shirt 748,Clothing,24.05,2.1,1084,ClothingHub 372,Clothing,Ile-de-France,0.0729,20190501,18,Mercredi,Mai,0,Evening,0,2024-05-29T18:01:47.000Z,2024-05-29,2024-05,1717005707,1716940800,4,8,Adulte,24.5,1,0,2024-05-11,1715434363,18,254.10000000000002,-90.36,1571344,0,0
M00074,P02431,U06986,TX0000167,79.8,20241204202449,Rennes,BANK_TRANSFER,Clothing,29,19989.38,Rennes,Standard,20240314,Pro Dress 2431,Clothing,74.34,3.8,506,StyleShop 74,Clothing,Occitanie,0.0512,20210110,20,Mercredi,Decembre,0,Evening,0,2024-12-04T20:24:49.000Z,2024-12-04,2024-12,1733343889,1733270400,7,11,Adulte,129.92,2,0,2024-11-30,1733006561,4,181.40181818181816,-56.01,337328,0,0
M00413,P02998,U03842,TX0000168,575.43,20250126102742,Nîmes,PAYPAL,Automotive,57,11896.37,Nantes,Premium,20240810,Pro Tyre Set 2998,Automotive,582.8,3.6,607,AutoCenter 413,Automotive,Occitanie,0.0275,20220122,10,Dimanche,Janvier,1,Morning,1,2025-01-26T10:27:42.000Z,2025-01-26,2025-01,1737887262,1737849600,27,36,Age Moyen,1520.44,2,0,2025-01-24,1737730427,2,338.8466666666666,69.82,156835,0,0
M00060,P05834,U02147,TX0000169,335.15,20250504104515,Paris,CRYPTO,Toys,34,71105.95,Paris,Premium,20240717,Pro Action Figure 5834,Toys,105.76,3.8,120,KidsWorld 60,Toys,Inconnu,0.0361,20200227,10,Dimanche,Mai,1,Morning,1,2025-05-04T10:45:15.000Z,2025-05-04,2025-05,1746355515,1746316800,9,20,Adulte,335.15,1,0,2025-03-24,1742816945,41,416.49249999999984,-19.53,3538570,1,0
M00218,P03069,U02164,TX0000170,12.55,20250905121729,Le Havre,PAYPAL,Books,16,13163.36,Le Havre,Standard,20231016,Essential Novel 3069,Books,12.73,2.5,718,BookCorner 218,Books,Normandie,0.0168,20210203,12,Vendredi,Septembre,0,Afternoon,1,2025-09-05T12:17:29.000Z,2025-09-05,2025-09,1757074649,1757030400,2,7,Jeune,37.34,2,0,2025-09-02,1756834243,3,123.70142857142855,-89.85,240406,0,0
M00007,P03302,U10237,TX0000171,16.34,20250412222404,Toulouse,PAYPAL,Books,70,43945.31,Toulouse,Standard,20250613,Standard Atlas 3302,Books,17.54,1.4,115,BookHaven 7,Books,Occitanie,0.0889,20200324,22,Samedi,Avril,1,Night,0,2025-04-12T22:24:04.000Z,2025-04-12,2025-04,1744496644,1744416000,5,9,Senior,16.34,1,0,2024-12-19,1734611577,114,270.10111111111115,-93.95,9885067,1,0
M00381,P02437,U06953,TX0000172,26.17,20250302193214,Toulon,CRYPTO,Food,49,73183.15,Montpellier,Premium,20250404,Standard Chocolate Box 2437,Food,24.33,3.9,670,FreshMarket 381,Food,Hauts-de-France,0.015,20180905,19,Dimanche,Mars,1,Evening,0,2025-03-02T19:32:14.000Z,2025-03-02,2025-03,1740943934,1740873600,1,20,Age Moyen,26.17,1,0,,,,257.2405,-89.83,,1,0
M00157,P00563,U11382,TX0000173,255.51,20251202060459,Angers,PAYPAL,Clothing,56,37361.1,Marseille,Standard,20241205,Pro Scarf 563,Clothing,232.95,4.7,604,TrendyWear 157,Clothing,Hauts-de-France,0.0535,20220505,6,Mardi,Decembre,0,Morning,0,2025-12-02T06:04:59.000Z,2025-12-02,2025-12,1764655499,1764633600,6,8,Age Moyen,813.37,1,0,2025-09-14,1757846649,79,258.04875,-0.98,6808850,0,0
M00298,P01776,U10929,TX0000174,1711.32,20251214123131,Paris,CASH,Electronics,28,56923.71,Paris,Premium,20230806,Premium Camera 1776,Electronics,1621.46,3.8,1102,GadgetShop 298,Electronics,Nouvelle-Aquitaine,0.078,20181114,12,Dimanche,Decembre,1,Afternoon,1,2025-12-14T12:31:31.000Z,2025-12-14,2025-12,1765715491,1765670400,15,17,Adulte,3663.12,2,0,2025-12-12,1765580000,2,716.6994117647057,138.78,135491,0,0
M00462,P00672,U01571,TX0000175,81.06,20241031131229,Angers,CARD,Beauty,33,56535.3,Angers,Premium,20250501,Pro Shampoo 672,Beauty,86.57,3.2,775,CosmeticHub 462,Beauty,Ile-de-France,0.086,20170728,13,Jeudi,Octobre,0,Afternoon,1,2024-10-31T13:12:29.000Z,2024-10-31,2024-10,1730380349,1730332800,2,31,Adulte,81.06,1,0,2024-10-18,1729244359,13,448.6393548387098,-81.93,1135990,0,0
M00254,P00827,U08528,TX0000176,136.18,20250728230843,Paris,CASH,Beauty,16,15304.24,Paris,Budget,20241127,Elite Perfume 827,Beauty,137.53,4.0,1,BeautyWorld 254,Beauty,Nouvelle-Aquitaine,0.0942,20230325,23,Lundi,Juillet,0,Night,0,2025-07-28T23:08:43.000Z,2025-07-28,2025-07,1753744123,1753660800,1,5,Jeune,136.18,1,0,,,,868.2959999999999,-84.32,,1,0
M00558,P01663,U09614,TX0000177,24.09,20250924185352,Strasbourg,CARD,Clothing,59,178955.36,Strasbourg,VIP,20250503,Premium Scarf 1663,Clothing,24.11,3.6,30,ClothingHub 558,Clothing,Ile-de-France,0.0986,20230220,18,Mercredi,Septembre,0,Evening,0,2025-09-24T18:53:52.000Z,2025-09-24,2025-09,1758740032,1758672000,42,43,Age Moyen,56.06,2,0,2025-09-24,1758712048,0,409.1172093023257,-94.11,27984,0,0
M00039,P01383,U07846,TX0000178,91.57,20240221135329,Nantes,CARD,Health,47,26518.19,Nantes,Standard,20230228,Classic Massage Gun 1383,Health,32.35,3.3,751,HealthShop 39,Health,Grand Est,0.0297,20180613,13,Mercredi,Fevrier,0,Afternoon,1,2024-02-21T13:53:29.000Z,2024-02-21,2024-02,1708523609,1708473600,2,10,Age Moyen,918.82,1,0,2024-02-10,1707591818,11,477.7049999999999,-80.83,931791,0,0
M00086,P00225,U04910,TX0000179,49.55,20240302153528,Toulouse,PAYPAL,Food,24,15918.18,Toulouse,Budget,20230810,Pro Coffee Pack 225,Food,49.04,2.7,749,FoodHub 86,Food,Normandie,0.0563,20170427,15,Samedi,Mars,1,Afternoon,1,2024-03-02T15:35:28.000Z,2024-03-02,2024-03,1709393728,1709337600,2,13,Jeune,49.55,1,0,2024-02-09,1707500656,22,372.33230769230767,-86.69,1893072,0,0
M00213,P03689,U00318,TX0000180,43.48,20250517113857,Nantes,CRYPTO,Food,33,115475.08,Nantes,VIP,20240929,Elite Chocolate Box 3689,Food,44.41,4.5,532,FoodMart 213,Food,Grand Est,0.0481,20170326,11,Samedi,Mai,1,Morning,1,2025-05-17T11:38:57.000Z,2025-05-17,2025-05,1747481937,1747440000,20,29,Adulte,117.59,2,0,2025-05-15,1747312009,2,178.68724137931034,-75.67,169928,1,0
M00054,P02995,U09504,TX0000181,1302.68,20250615171826,Paris,BANK_TRANSFER,Electronics,37,24387.45,Paris,Budget,20240522,Pro Laptop 2995,Electronics,1336.14,3.7,889,ElectroWorld 54,Electronics,Nouvelle-Aquitaine,0.0114,20191119,17,Dimanche,Juin,1,Afternoon,0,2025-06-15T17:18:26.000Z,2025-06-15,2025-06,1750007906,1749945600,7,8,Adulte,1302.68,1,0,2025-06-07,1749308364,8,738.4675000000001,76.4,699542,0,0
M00440,P03725,U11978,TX0000182,79.47,20250404200407,Marseille,BANK_TRANSFER,Clothing,48,44180.26,Marseille,Standard,20230529,,,,,,ClothingHub 440,Clothing,Ile-de-France,0.0534,20220101,20,Vendredi,Avril,0,Evening,0,2025-04-04T20:04:07.000Z,2025-04-04,2025-04,1743797047,1743724800,6,10,Age Moyen,79.47,1,0,2024-09-29,1727593581,187,177.935,-55.34,16203466,0,0
M00281,P03723,U06735,TX0000183,66.38,20240916104447,Rennes,CARD,Beauty,47,45016.53,Strasbourg,Standard,20240212,Premium Nail Kit 3723,Beauty,66.89,3.7,131,BeautyCorner 281,Beauty,Nouvelle-Aquitaine,0.0208,20200711,10,Lundi,Septembre,0,Morning,1,2024-09-16T10:44:47.000Z,2024-09-16,2024-09,1726483487,1726444800,7,14,Age Moyen,93.97,2,0,2024-09-11,1726045339,5,92.55642857142858,-28.28,438148,0,0
M00519,P01095,U08922,TX0000184,211.86,20250106202526,Villeurbanne,PAYPAL,Automotive,26,54562.52,Marseille,Premium,20240725,Elite Dash Cam 1095,Automotive,201.56,3.9,1097,CarParts 519,Automotive,Occitanie,0.0351,20230513,20,Lundi,Janvier,0,Evening,0,2025-01-06T20:25:26.000Z,2025-01-06,2025-01,1736195126,1736121600,10,21,Adulte,1992.99,2,0,2025-01-04,1736020068,2,515.3219047619049,-58.89,175058,0,0
M00280,P00112,U08153,TX0000185,201.84,20251227085044,Nice,CARD,Health,65,78677.19,Nice,VIP,20240316,Standard Thermometer 112,Health,203.61,4.6,1108,HealthHub 280,Health,Provence-Alpes-Côte d'Azur,0.09,20171003,8,Samedi,Decembre,1,Morning,0,2025-12-27T08:50:44.000Z,2025-12-27,2025-12,1766825444,1766793600,21,22,Senior,420.41,4,0,2025-12-23,1766484878,4,307.97772727272735,-34.46,340566,0,0
M00228,P05975,U11546,TX0000186,30.46,20241209144418,Marseille,CARD,Toys,38,118494.92,Marseille,VIP,20230412,Pro Toy Car 5975,Toys,30.34,2.8,1067,PlayShop 228,Toys,Nouvelle-Aquitaine,0.044,20230722,14,Lundi,Decembre,0,Afternoon,1,2024-12-09T14:44:18.000Z,2024-12-09,2024-12,1733755458,1733702400,9,29,Adulte,87.9,2,0,2024-12-06,1733528135,3,360.11206896551727,-91.54,227323,0,0
M00403,P03731,U11102,TX0000187,56.82,20240923181317,Nice,CARD,Food,60,119003.82,Nice,VIP,20240906,Standard Pasta Box 3731,Food,53.8,4.5,402,,Inconnu,Inconnu,,,18,Lundi,Septembre,0,Evening,0,2024-09-23T18:13:17.000Z,2024-09-23,2024-09,1727115197,1727049600,35,37,Age Moyen,2063.82,1,0,2024-09-23,1727097413,0,384.79837837837835,-85.23,17784,0,0
M00471,P03513,U09243,TX0000188,1150.02,20250305164902,Marseille,BANK_TRANSFER,Automotive,52,65939.81,Marseille,VIP,20240603,Classic Tyre Set 3513,Automotive,1208.38,3.4,613,AutoShop 471,Automotive,Auvergne-Rhône-Alpes,0.0342,20191216,16,Mercredi,Mars,0,Afternoon,1,2025-03-05T16:49:02.000Z,2025-03-05,2025-03,1741193342,1741132800,9,32,Age Moyen,1150.02,1,0,2025-01-31,1738346475,33,159.28343749999996,622.0,2846867,1,0
M00512,P02854,U06729,TX0000189,28.5,20240714200348,Strasbourg,CARD,Books,47,100277.77,Strasbourg,VIP,20240731,Standard Textbook 2854,Books,26.81,3.0,369,BookCorner 512,Books,Grand Est,0.0437,20220727,20,Dimanche,Juillet,1,Evening,0,2024-07-14T20:03:48.000Z,2024-07-14,2024-07,1720987428,1720915200,27,59,Age Moyen,39.73,2,0,2024-07-13,1720869464,1,140.0103389830509,-79.64,117964,0,0
M00252,P02408,U07037,TX0000190,171.48,20240219220522,Bordeaux,CARD,Home & Garden,65,26023.08,Bordeaux,Budget,20250422,Classic Plant Pot 2408,Home & Garden,160.95,2.9,873,DecorShop 252,Home & Garden,Provence-Alpes-Côte d'Azur,0.0944,20190208,22,Lundi,Fevrier,0,Night,0,2024-02-19T22:05:22.000Z,2024-02-19,2024-02,1708380322,1708300800,2,4,Senior,171.48,1,0,2024-02-07,1707309836,12,175.04250000000002,-2.04,1070486,1,0
M00231,P05670,U05622,TX0000191,514.68,20250406205318,Toulon,PAYPAL,Electronics,29,19979.54,Toulon,Budget,20250616,Classic Laptop 5670,Electronics,561.89,2.9,294,GadgetShop 231,Electronics,Bretagne,0.0814,20230123,20,Dimanche,Avril,1,Evening,0,2025-04-06T20:53:18.000Z,2025-04-06,2025-04,1743972798,1743897600,7,7,Adulte,514.68,1,0,2024-06-25,1719342531,285,638.3185714285715,-19.37,24630267,0,0
M00495,P00716,U05043,TX0000192,61.22,20250608020342,Lyon,PAYPAL,Toys,42,51013.65,Lyon,VIP,20240513,Standard Toy Car 716,Toys,60.53,3.7,294,KidsWorld 495,Toys,Nouvelle-Aquitaine,0.044,20180504,2,Dimanche,Juin,1,Night,0,2025-06-08T02:03:42.000Z,2025-06-08,2025-06,1749348222,1749340800,20,55,Adulte,1377.03,3,0,2025-06-07,1749334278,1,234.8827272727273,-73.94,13944,1,0
M00148,P03733,U03195,TX0000193,81.9,20251231160632,Marseille,CASH,Beauty,58,30533.6,Marseille,Standard,20230131,Premium Face Cream 3733,Beauty,76.91,4.1,1115,BeautyWorld 148,Beauty,Auvergne-Rhône-Alpes,0.0172,20200205,16,Mercredi,Decembre,0,Afternoon,1,2025-12-31T16:06:32.000Z,2025-12-31,2025-12,1767197192,1767139200,6,6,Age Moyen,649.6,2,0,2025-12-29,1766997139,2,259.7866666666667,-68.47,200053,0,0
M00278,P02029,U06078,TX0000194,71.43,20251110095736,Toulouse,BANK_TRANSFER,Clothing,46,57527.07,Toulouse,Standard,20230301,Elite Jacket 2029,Clothing,64.36,2.2,868,StyleShop 278,Clothing,Occitanie,0.0509,20210723,9,Lundi,Novembre,0,Morning,1,2025-11-10T09:57:36.000Z,2025-11-10,2025-11,1762768656,1762732800,8,10,Age Moyen,71.43,1,0,2025-11-02,1762088166,8,87.81000000000002,-18.65,680490,0,0
M00511,P03815,U03304,TX0000195,16.88,20250227185601,Bordeaux,PAYPAL,Books,16,40384.07,Bordeaux,Premium,20240118,Standard Biography 3815,Books,18.02,2.7,1020,ReadMore 511,Books,Nouvelle-Aquitaine,0.0532,20190804,18,Jeudi,Fevrier,0,Evening,0,2025-02-27T18:56:01.000Z,2025-02-27,2025-02,1740682561,1740614400,5,13,Jeune,16.88,1,0,2025-02-18,1739900786,9,290.9723076923077,-94.2,781775,0,0
M00181,P03636,U08841,TX0000196,462.18,20240505070948,Marseille,PAYPAL,Sports,,,,Inconnu,,Pro Running Shoes 3636,Sports,440.08,4.1,511,,Inconnu,Inconnu,,,7,Dimanche,Mai,1,Morning,0,2024-05-05T07:09:48.000Z,2024-05-05,2024-05,1714892988,1714867200,27,33,Inconnu,470.96,2,0,2024-05-03,1714775021,2,1267.8375757575757,-63.55,117967,0,0
M00305,P05333,U03721,TX0000197,73.14,20240805121928,Marseille,CARD,Food,49,121308.44,Marseille,VIP,20240222,Pro Coffee Pack 5333,Food,72.65,4.5,780,GourmetShop 305,Food,Occitanie,0.0211,20180217,12,Lundi,Aout,0,Afternoon,1,2024-08-05T12:19:28.000Z,2024-08-05,2024-08,1722860368,1722816000,17,53,Age Moyen,115.77,2,0,2024-08-01,1722542590,4,454.18433962264146,-83.9,317778,0,0
M00050,P05312,U11475,TX0000198,62.66,20240530192432,Lyon,CARD,Beauty,18,79764.85,Lyon,VIP,20250818,Premium Lipstick 5312,Beauty,64.08,1.9,346,CosmeticHub 50,Beauty,Provence-Alpes-Côte d'Azur,0.0187,20180220,19,Jeudi,Mai,0,Evening,0,2024-05-30T19:24:32.000Z,2024-05-30,2024-05,1717097072,1717027200,24,45,Jeune,62.66,1,0,2024-05-22,1716358738,8,155.45111111111112,-59.69,738334,0,0
M00233,P01633,U11514,TX0000199,229.9,20250614104731,Marseille,CARD,Automotive,40,48738.34,Marseille,VIP,20240825,Essential Dash Cam 1633,Automotive,214.59,2.5,909,CarParts 233,Automotive,Auvergne-Rhône-Alpes,0.017,20190425,10,Samedi,Juin,1,Morning,1,2025-06-14T10:47:31.000Z,2025-06-14,2025-06,1749898051,1749859200,28,49,Adulte,758.62,2,0,2025-06-08,1749407862,6,628.525306122449,-63.42,490189,0,0
M00294,P01154,U11790,TX0000200,30.0,20240518210313,Toulouse,BANK_TRANSFER,Books,38,75651.58,Toulouse,VIP,20240118,Elite Textbook 1154,Books,31.83,1.3,291,ReadMore 294,Books,Pays de la Loire,0.0908,20210626,21,Samedi,Mai,1,Evening,0,2024-05-18T21:03:13.000Z,2024-05-18,2024-05,1716066193,1715990400,13,45,Adulte,140.19,2,0,2024-05-15,1715780063,3,193.2737777777777,-84.48,286130,0,0
M00309,P00682,U03306,TX0000201,139.12,20240531124917,Lille,CARD,Home & Garden,54,129123.69,Lille,VIP,20240116,Premium Lamp 682,Home & Garden,146.65,4.0,1086,GardenWorld 309,Home & Garden,Nouvelle-Aquitaine,0.097,20210929,12,Vendredi,Mai,0,Afternoon,1,2024-05-31T12:49:17.000Z,2024-05-31,2024-05,1717159757,1717113600,14,54,Age Moyen,759.32,2,0,2024-05-26,1716723125,5,772.9594444444444,-82.0,436632,0,0
M00194,P02693,U02937,TX0000202,342.37,20250929235709,Toulouse,CARD,Toys,58,73939.0,Toulouse,Premium,20231106,Premium Puzzle 2693,Toys,125.75,4.5,418,ToyLand 194,Toys,Grand Est,0.0455,20201005,23,Lundi,Septembre,0,Night,0,2025-09-29T23:57:09.000Z,2025-09-29,2025-09,1759190229,1759104000,4,10,Age Moyen,801.08,3,0,2025-09-27,1758963245,2,726.2349999999999,-52.86,226984,1,0
M00522,P02851,U03254,TX0000203,336.93,20241110102739,Montpellier,CARD,Home & Garden,81,98567.68,Montpellier,VIP,20240819,Essential Garden Chair 2851,Home & Garden,308.26,3.6,64,GardenWorld 522,Home & Garden,Auvergne-Rhône-Alpes,0.0203,20170704,10,Dimanche,Novembre,1,Morning,1,2024-11-10T10:27:39.000Z,2024-11-10,2024-11,1731234459,1731196800,24,29,Senior,1512.11,2,0,2024-11-06,1730914238,4,349.81931034482744,-3.68,320221,0,0
M00296,P01208,U06502,TX0000204,66.03,20240905133926,Nice,CASH,Food,36,91164.61,Nice,Premium,20231230,Elite Chocolate Box 1208,Food,62.29,4.6,779,FoodMart 296,Food,Occitanie,0.0953,20191002,13,Jeudi,Septembre,0,Afternoon,1,2024-09-05T13:39:26.000Z,2024-09-05,2024-09,1725543566,1725494400,4,16,Adulte,146.74,2,0,2024-09-04,1725469711,1,161.14874999999998,-59.03,73855,0,0
M00074,P03096,U02844,TX0000205,191.35,20240424221430,Strasbourg,CARD,Clothing,16,107590.1,Strasbourg,VIP,20241018,Premium Dress 3096,Clothing,200.13,3.4,147,StyleShop 74,Clothing,Occitanie,0.0512,20210110,22,Mercredi,Avril,0,Night,0,2024-04-24T22:14:30.000Z,2024-04-24,2024-04,1713996870,1713916800,7,37,Jeune,191.35,1,0,2024-04-16,1713264820,8,379.14783783783776,-49.53,732050,1,0
M00024,P03981,U08264,TX0000206,73.18,20240222113517,Nîmes,BANK_TRANSFER,Health,48,30697.28,Nîmes,Standard,20231225,Essential Thermometer 3981,Health,74.24,3.7,951,HealthHub 24,Health,Auvergne-Rhône-Alpes,0.0871,20180131,11,Jeudi,Fevrier,0,Morning,1,2024-02-22T11:35:17.000Z,2024-02-22,2024-02,1708601717,1708560000,2,12,Age Moyen,73.18,1,0,2024-02-08,1707366824,14,1638.2699999999998,-95.53,1234893,0,0
M00469,P04313,U05955,TX0000207,449.59,20250325214345,Toulouse,PAYPAL,Sports,40,19060.39,Nice,Standard,20241115,Standard Bicycle Helmet 4313,Sports,427.38,3.8,960,SportZone 469,Sports,Ile-de-France,0.0655,20211006,21,Mardi,Mars,0,Evening,0,2025-03-25T21:43:45.000Z,2025-03-25,2025-03,1742939025,1742860800,11,14,Adulte,590.95,2,0,2025-03-20,1742500178,5,267.4414285714286,68.11,438847,0,0
M00293,P01798,U11464,TX0000208,114.82,20240314031941,Nantes,CARD,Beauty,35,95630.06,Nantes,VIP,20250420,Premium Perfume 1798,Beauty,124.83,3.5,415,BeautyCorner 293,Beauty,Grand Est,0.0725,20220113,3,Jeudi,Mars,0,Night,0,2024-03-14T03:19:41.000Z,2024-03-14,2024-03,1710386381,1710374400,16,38,Adulte,312.22,2,0,2024-03-13,1710332544,1,389.86105263157896,-70.55,53837,1,0
M00572,P00061,U04341,TX0000209,1754.56,20240916120644,Lyon,CRYPTO,Home & Garden,70,34448.54,Lyon,Budget,20250113,Premium Plant Pot 61,Home & Garden,647.09,3.2,64,DecorShop 572,Home & Garden,Hauts-de-France,0.0406,20170805,12,Lundi,Septembre,0,Afternoon,1,2024-09-16T12:06:44.000Z,2024-09-16,2024-09,1726488404,1726444800,5,8,Senior,2211.21,2,0,2024-09-13,1726257063,3,896.04125,95.81,231341,1,0
M00174,P00835,U09303,TX0000210,100.93,20251120001346,Montpellier,CARD,Toys,45,44713.7,Montpellier,Standard,20230507,Classic Puzzle 835,Toys,90.7,4.0,444,KidsWorld 174,Toys,Grand Est,0.0261,20211212,0,Jeudi,Novembre,0,Night,0,2025-11-20T00:13:46.000Z,2025-11-20,2025-11,1763597626,1763596800,1,3,Age Moyen,100.93,1,0,,,,143.5,-29.67,,1,0
M00482,P01481,U04433,TX0000211,143.69,20240603132725,Lyon,CARD,Sports,52,80146.01,Lyon,VIP,20230111,Elite Yoga Mat 1481,Sports,72.71,4.2,655,SportZone 482,Sports,Nouvelle-Aquitaine,0.0241,20230112,13,Lundi,Juin,0,Afternoon,1,2024-06-03T13:27:25.000Z,2024-06-03,2024-06,1717421245,1717372800,15,61,Age Moyen,2233.49,3,0,2024-06-01,1717231160,2,740.9583606557377,-80.61,190085,0,0
M00057,P05303,U03718,TX0000212,276.91,20250622005743,Dijon,CASH,Sports,58,33860.82,Grenoble,Standard,20230209,Elite Tennis Racket 5303,Sports,99.89,4.5,769,SportZone 57,Sports,Auvergne-Rhône-Alpes,0.0294,20210714,0,Dimanche,Juin,1,Night,0,2025-06-22T00:57:43.000Z,2025-06-22,2025-06,1750553863,1750550400,26,28,Age Moyen,395.52,2,0,2025-06-16,1750085200,6,669.5882142857143,-58.64,468663,1,0
M00379,P02985,U09463,TX0000213,26.42,20250422104350,Marseille,PAYPAL,Books,58,96132.8,Marseille,VIP,20240518,Essential Biography 2985,Books,28.25,2.3,624,BookCorner 379,Books,Auvergne-Rhône-Alpes,0.0793,20221126,10,Mardi,Avril,0,Morning,1,2025-04-22T10:43:50.000Z,2025-04-22,2025-04,1745318630,1745280000,37,38,Age Moyen,644.36,2,0,2025-04-20,1745149876,2,194.278947368421,-86.4,168754,0,0
M00023,P01601,U04915,TX0000214,80.87,20240809164241,Lyon,PAYPAL,Food,55,131218.32,Lyon,VIP,20230601,Classic Chocolate Box 1601,Food,80.18,3.9,207,GourmetShop 23,Food,Bretagne,0.0684,20220517,16,Vendredi,Aout,0,Afternoon,1,2024-08-09T16:42:41.000Z,2024-08-09,2024-08,1723221761,1723161600,3,39,Age Moyen,212.29,2,0,2024-08-03,1722683631,6,419.5610256410256,-80.73,538130,0,0
M00308,P02315,U11978,TX0000215,134.71,20250408072620,Marseille,CARD,Toys,48,44180.26,Marseille,Standard,20230529,Classic Puzzle 2315,Toys,120.58,4.0,453,PlayShop 308,Toys,Auvergne-Rhône-Alpes,0.059,20201027,7,Mardi,Avril,0,Morning,0,2025-04-08T07:26:20.000Z,2025-04-08,2025-04,1744097180,1744070400,7,10,Age Moyen,214.18,2,0,2025-04-04,1743797047,4,177.935,-24.29,300133,0,0
M00582,P05714,U10039,TX0000216,38.36,20250828073326,Nantes,CARD,Books,36,16840.45,Montpellier,Budget,20240702,Standard Novel 5714,Books,37.88,2.1,263,BookHaven 582,Books,Hauts-de-France,0.0629,20220516,7,Jeudi,Aout,0,Morning,0,2025-08-28T07:33:26.000Z,2025-08-28,2025-08,1756366406,1756339200,2,4,Adulte,38.36,1,0,2025-08-11,1754906781,17,74.91,-48.79,1459625,0,0
M00217,P02587,U03800,TX0000217,523.63,20240812090752,Toulon,CRYPTO,Electronics,53,42687.96,Toulon,Premium,20250426,Classic Tablet 2587,Electronics,486.84,3.5,348,TechStore 217,Electronics,Auvergne-Rhône-Alpes,0.0821,20200613,9,Lundi,Aout,0,Morning,1,2024-08-12T09:07:52.000Z,2024-08-12,2024-08,1723453672,1723420800,4,10,Age Moyen,4419.28,3,0,2024-08-11,1723416206,1,864.9799999999999,-39.46,37466,1,0
M00058,P00051,U09455,TX0000218,51.35,20250317213930,Montpellier,PAYPAL,Health,25,80432.42,Montpellier,VIP,20250813,Premium First Aid Kit 51,Health,28.3,2.8,871,VitalShop 58,Health,Grand Est,0.0875,20180505,21,Lundi,Mars,0,Evening,0,2025-03-17T21:39:30.000Z,2025-03-17,2025-03,1742247570,1742169600,42,52,Jeune,423.59,2,0,2025-03-14,1741959059,3,204.05826923076924,-74.84,288511,0,0
M00552,P05922,U01630,TX0000219,83.72,20240912072520,Lyon,BANK_TRANSFER,Food,19,63405.16,Lyon,Premium,20250530,Standard Coffee Pack 5922,Food,88.6,4.3,1041,FoodMart 552,Food,Nouvelle-Aquitaine,0.0845,20200101,7,Jeudi,Septembre,0,Morning,0,2024-09-12T07:25:20.000Z,2024-09-12,2024-09,1726125920,1726099200,16,22,Jeune,140.96,2,0,2024-09-08,1725782354,4,120.15454545454541,-30.32,343566,0,0
M00413,P02998,U07176,TX0000220,1202.75,20250530170516,Marseille,CARD,Automotive,56,32952.93,Marseille,Standard,20230927,Pro Tyre Set 2998,Automotive,582.8,3.6,607,AutoCenter 413,Automotive,Occitanie,0.0275,20220122,17,Vendredi,Mai,0,Afternoon,0,2025-05-30T17:05:16.000Z,2025-05-30,2025-05,1748624716,1748563200,18,18,Age Moyen,1202.75,1,0,2025-05-23,1747976414,7,521.5938888888888,130.59,648302,0,0
M00183,P04690,U03298,TX0000221,343.64,20241122193536,Lille,CASH,Automotive,17,25694.4,Lille,Budget,20230701,Premium Car Battery 4690,Automotive,377.94,3.6,332,CarParts 183,Automotive,Nouvelle-Aquitaine,0.0763,20170427,19,Vendredi,Novembre,0,Evening,0,2024-11-22T19:35:36.000Z,2024-11-22,2024-11,1732304136,1732233600,4,7,Jeune,343.64,1,0,2024-11-15,1731647243,7,805.1099999999999,-57.32,656893,0,0
M00325,P00756,U06553,TX0000222,312.24,20240724144835,Strasbourg,PAYPAL,Clothing,18,64985.39,Strasbourg,Premium,20231104,Essential Jeans 756,Clothing,307.66,4.0,183,StyleShop 325,Clothing,Ile-de-France,0.0138,20210703,14,Mercredi,Juillet,0,Afternoon,1,2024-07-24T14:48:35.000Z,2024-07-24,2024-07,1721832515,1721779200,2,27,Jeune,312.24,1,0,2024-07-01,1719841176,23,476.34370370370374,-34.45,1991339,0,0
M00498,P03308,U04305,TX0000223,431.36,20250213114049,Nice,CARD,Sports,30,68769.14,Nice,Premium,20230516,Elite Running Shoes 3308,Sports,415.39,3.8,1095,SportZone 498,Sports,Provence-Alpes-Côte d'Azur,0.0737,20220325,11,Jeudi,Fevrier,0,Morning,1,2025-02-13T11:40:49.000Z,2025-02-13,2025-02,1739446849,1739404800,3,24,Adulte,1069.68,2,0,2025-02-11,1739291528,2,228.96875,88.39,155321,0,0
M00135,P05795,U01027,TX0000224,522.0,20240320162436,Villeurbanne,BANK_TRANSFER,Beauty,36,39449.81,Villeurbanne,Standard,20250609,Classic Serum 5795,Beauty,158.42,3.8,620,CosmeticHub 135,Beauty,Nouvelle-Aquitaine,0.049,20180104,16,Mercredi,Mars,0,Afternoon,1,2024-03-20T16:24:36.000Z,2024-03-20,2024-03,1710951876,1710892800,3,14,Adulte,2079.47,3,0,2024-03-16,1710572006,4,254.5014285714286,105.11,379870,0,0
M00428,P00540,U05251,TX0000225,265.63,20240614220125,Bordeaux,PAYPAL,Home & Garden,41,43149.62,Bordeaux,Standard,20250111,Essential Garden Chair 540,Home & Garden,134.28,3.4,291,HomeCenter 428,Home & Garden,Nouvelle-Aquitaine,0.0486,20220702,22,Vendredi,Juin,0,Night,0,2024-06-14T22:01:25.000Z,2024-06-14,2024-06,1718402485,1718323200,3,9,Adulte,305.07,2,0,2024-06-11,1718118446,3,439.83111111111106,-39.61,284039,1,0
M00100,P01945,U09926,TX0000226,281.7,20241210194523,Toulouse,PAYPAL,Clothing,32,36774.23,Toulouse,Premium,20250615,Standard T-Shirt 1945,Clothing,292.17,4.7,515,StyleShop 100,Clothing,Hauts-de-France,0.0211,20180811,19,Mardi,Decembre,0,Evening,0,2024-12-10T19:45:23.000Z,2024-12-10,2024-12,1733859923,1733788800,20,28,Adulte,1138.61,2,0,2024-12-08,1733643786,2,285.4010714285714,-1.3,216137,0,0
M00295,P00576,U11624,TX0000227,308.41,20240914121736,Toulouse,PAYPAL,Automotive,38,119047.45,Toulouse,VIP,20241209,,,,,,AutoCenter 295,Automotive,Nouvelle-Aquitaine,0.0172,20190904,12,Samedi,Septembre,1,Afternoon,1,2024-09-14T12:17:36.000Z,2024-09-14,2024-09,1726316256,1726272000,3,46,Adulte,927.02,3,0,2024-09-09,1725919267,5,563.0932608695654,-45.23,396989,0,0
M00195,P03495,U03584,TX0000228,159.56,20240825124107,Lille,CASH,Sports,35,48179.08,Lille,Standard,20250421,Pro Running Shoes 3495,Sports,166.38,3.0,325,SportHub 195,Sports,Hauts-de-France,0.044,20230202,12,Dimanche,Aout,1,Afternoon,1,2024-08-25T12:41:07.000Z,2024-08-25,2024-08,1724589667,1724544000,4,8,Adulte,259.64,2,0,2024-08-22,1724346223,3,525.8874999999999,-69.66,243444,0,0
M00175,P00908,U00741,TX0000229,333.49,20240704180248,Rennes,BANK_TRANSFER,Clothing,63,137707.86,Rennes,VIP,20250423,Elite Jacket 908,Clothing,316.75,4.9,98,ClothingHub 175,Clothing,Auvergne-Rhône-Alpes,0.0781,20230410,18,Jeudi,Juillet,0,Evening,0,2024-07-04T18:02:48.000Z,2024-07-04,2024-07,1720116168,1720051200,8,19,Age Moyen,422.0,2,0,2024-06-30,1719775291,4,469.6278947368421,-28.99,340877,0,0
M00293,P05023,U07435,TX0000230,89.46,20240706164237,Lyon,CARD,Beauty,37,154360.09,Lyon,VIP,20230116,Elite Perfume 5023,Beauty,86.53,3.0,990,BeautyCorner 293,Beauty,Grand Est,0.0725,20220113,16,Samedi,Juillet,1,Afternoon,1,2024-07-06T16:42:37.000Z,2024-07-06,2024-07,1720284157,1720224000,23,44,Adulte,620.77,3,0,2024-07-02,1719928375,4,241.81522727272724,-63.0,355782,0,0
M00276,P03374,U10551,TX0000231,101.2,20240912120853,Paris,PAYPAL,Clothing,16,45796.54,Paris,Standard,20250425,Classic Sneakers 3374,Clothing,100.8,2.4,1014,StyleShop 276,Clothing,Ile-de-France,0.0275,20230303,12,Jeudi,Septembre,0,Afternoon,1,2024-09-12T12:08:53.000Z,2024-09-12,2024-09,1726142933,1726099200,8,22,Jeune,133.0,2,0,2024-09-08,1725835732,4,350.2763636363636,-71.11,307201,0,0
M00040,P01492,U00174,TX0000232,77.83,20251228224245,Nantes,BANK_TRANSFER,Beauty,53,26471.42,Paris,Budget,20250314,Standard Shampoo 1492,Beauty,84.41,3.6,1177,CosmeticHub 40,Beauty,Grand Est,0.0267,20181019,22,Dimanche,Decembre,1,Night,0,2025-12-28T22:42:45.000Z,2025-12-28,2025-12,1766961765,1766880000,3,4,Age Moyen,77.83,1,0,2025-12-13,1765670089,15,54.725,42.22,1291676,1,0
M00341,P03445,U07946,TX0000233,34.6,20250417181158,Paris,CRYPTO,Beauty,51,34396.93,Paris,Standard,20230503,Pro Serum 3445,Beauty,34.44,2.9,408,BeautyCorner 341,Beauty,Pays de la Loire,0.0437,20170927,18,Jeudi,Avril,0,Evening,0,2025-04-17T18:11:58.000Z,2025-04-17,2025-04,1744913518,1744848000,3,11,Age Moyen,34.6,1,0,2024-12-27,1735340520,111,159.3427272727273,-78.29,9572998,1,0
M00479,P05417,U09752,TX0000234,35.61,20251107171407,Nice,PAYPAL,Beauty,25,102128.9,Nice,VIP,20250208,Pro Perfume 5417,Beauty,32.29,3.5,205,CosmeticHub 479,Beauty,Nouvelle-Aquitaine,0.0231,20220423,17,Vendredi,Novembre,0,Afternoon,0,2025-11-07T17:14:07.000Z,2025-11-07,2025-11,1762535647,1762473600,30,36,Jeune,315.25,2,0,2025-11-01,1761985604,6,340.238888888889,-89.53,550043,0,0
M00301,P03344,U08210,TX0000235,151.87,20250201124929,Paris,CRYPTO,Toys,46,59647.49,Paris,Premium,20250822,Elite Doll 3344,Toys,153.69,4.1,470,PlayShop 301,Toys,Occitanie,0.0184,20170623,12,Samedi,Fevrier,1,Afternoon,1,2025-02-01T12:49:29.000Z,2025-02-01,2025-02,1738414169,1738368000,14,18,Age Moyen,151.87,1,0,2024-08-31,1725091786,154,693.7916666666667,-78.11,13322383,1,0
M00251,P02962,U08005,TX0000236,2974.35,20240325115602,Lyon,CASH,Automotive,26,36962.42,Lyon,Standard,20240622,Pro Dash Cam 2962,Automotive,957.56,3.9,375,CarParts 251,Automotive,Auvergne-Rhône-Alpes,0.0682,20210518,11,Lundi,Mars,0,Morning,1,2024-03-25T11:56:02.000Z,2024-03-25,2024-03,1711367762,1711324800,4,6,Adulte,3529.64,2,0,2024-03-22,1711109114,3,1049.6933333333334,183.35,258648,0,0
M00275,P01921,U07616,TX0000237,314.7,20250730175116,Toulouse,PAYPAL,Sports,54,22884.89,Toulouse,Budget,20250120,Essential Tennis Racket 1921,Sports,337.71,4.0,777,FitnessShop 275,Sports,Provence-Alpes-Côte d'Azur,0.0981,20191209,17,Mercredi,Juillet,0,Afternoon,0,2025-07-30T17:51:16.000Z,2025-07-30,2025-07,1753897876,1753833600,2,6,Age Moyen,314.7,1,0,2025-03-05,1741149985,147,175.18666666666664,79.64,12747891,0,0
M00026,P04113,U11278,TX0000238,53.87,20250422192851,Bordeaux,CASH,Beauty,22,109294.71,Bordeaux,VIP,20230509,Classic Nail Kit 4113,Beauty,50.63,2.6,1105,BeautyWorld 26,Beauty,Auvergne-Rhône-Alpes,0.0659,20190326,19,Mardi,Avril,0,Evening,0,2025-04-22T19:28:51.000Z,2025-04-22,2025-04,1745350131,1745280000,26,41,Jeune,53.87,1,0,2025-04-13,1744579128,9,212.13390243902438,-74.61,771003,0,0
M00074,P02431,U04467,TX0000239,161.33,20250528182712,Paris,CARD,Clothing,37,24715.05,Paris,Standard,20250508,Pro Dress 2431,Clothing,74.34,3.8,506,StyleShop 74,Clothing,Occitanie,0.0512,20210110,18,Mercredi,Mai,0,Evening,0,2025-05-28T18:27:12.000Z,2025-05-28,2025-05,1748456832,1748390400,13,14,Adulte,161.33,1,0,2025-05-14,1747215675,14,253.3242857142857,-36.31,1241157,0,0
M00166,P04846,U04819,TX0000240,929.73,20241201180443,Bordeaux,BANK_TRANSFER,Electronics,47,51245.95,Bordeaux,Premium,20230224,Elite Smartphone 4846,Electronics,969.36,4.0,1138,TechStore 166,Electronics,Ile-de-France,0.0503,20230423,18,Dimanche,Decembre,1,Evening,0,2024-12-01T18:04:43.000Z,2024-12-01,2024-12,1733076283,1733011200,36,49,Age Moyen,929.73,1,0,2024-11-22,1732260122,9,471.90530612244913,97.02,816161,0,0
M00517,P03382,U10866,TX0000241,224.46,20241217220813,Grenoble,CASH,Health,32,12511.64,Grenoble,Budget,20230201,Premium Massage Gun 3382,Health,203.25,3.2,808,VitalShop 517,Health,Normandie,0.065,20210526,22,Mardi,Decembre,0,Night,0,2024-12-17T22:08:13.000Z,2024-12-17,2024-12,1734473293,1734393600,3,12,Adulte,224.46,1,0,2024-10-29,1730197912,49,110.26833333333332,103.56,4275381,1,0
M00218,P01680,U09979,TX0000242,32.68,20250107214708,Bordeaux,PAYPAL,Books,28,48350.87,Bordeaux,Premium,20230228,Essential Comic Book 1680,Books,29.94,2.6,171,BookCorner 218,Books,Normandie,0.0168,20210203,21,Mardi,Janvier,0,Evening,0,2025-01-07T21:47:08.000Z,2025-01-07,2025-01,1736286428,1736208000,1,29,Adulte,32.68,1,0,,,,135.1362068965517,-75.82,,0,0
M00165,P04838,U00731,TX0000243,1152.19,20250414030547,Toulouse,CASH,Automotive,58,70656.83,Toulouse,Premium,20240902,Standard Dash Cam 4838,Automotive,1214.47,4.4,1163,MotorHub 165,Automotive,Auvergne-Rhône-Alpes,0.0943,20171213,3,Lundi,Avril,0,Night,0,2025-04-14T03:05:47.000Z,2025-04-14,2025-04,1744599947,1744588800,24,30,Age Moyen,1562.77,2,0,2025-04-09,1744210484,5,584.347,97.18,389463,1,0
M00324,P05756,U08530,TX0000244,16.69,20241112094254,Saint-Etienne,CARD,Food,33,76518.43,Nantes,Premium,20240522,Standard Pasta Box 5756,Food,16.36,2.5,811,FoodMart 324,Food,Grand Est,0.0257,20210708,9,Mardi,Novembre,0,Morning,1,2024-11-12T09:42:54.000Z,2024-11-12,2024-11,1731404574,1731369600,3,35,Adulte,218.91,2,0,2024-11-07,1730975232,5,676.982857142857,-97.53,429342,0,0
M00210,P04593,U07908,TX0000245,107.39,20240515200102,Marseille,CARD,Books,63,55334.28,Marseille,Standard,20230317,Classic Comic Book 4593,Books,59.22,5.0,371,BookCorner 210,Books,Pays de la Loire,0.0407,20230322,20,Mercredi,Mai,0,Evening,0,2024-05-15T20:01:02.000Z,2024-05-15,2024-05,1715803262,1715731200,5,18,Age Moyen,107.39,1,0,2024-02-28,1709140346,77,286.44444444444446,-62.51,6662916,0,0
M00288,P03704,U11364,TX0000246,46.98,20240609155308,Paris,CASH,Beauty,23,69415.62,Paris,Premium,20240227,Elite Perfume 3704,Beauty,42.7,2.9,920,BeautyWorld 288,Beauty,Ile-de-France,0.0149,20230410,15,Dimanche,Juin,1,Afternoon,1,2024-06-09T15:53:08.000Z,2024-06-09,2024-06,1717948388,1717891200,12,24,Jeune,182.96,3,0,2024-06-07,1717783247,2,513.2545833333332,-90.85,165141,0,0
M00051,P03312,U00015,TX0000247,64.91,20240710092846,Rennes,CARD,Toys,59,70771.19,Rennes,Premium,20240608,Pro Doll 3312,Toys,65.08,2.2,37,ToyLand 51,Toys,Grand Est,0.0783,20180311,9,Mercredi,Juillet,0,Morning,1,2024-07-10T09:28:46.000Z,2024-07-10,2024-07,1720603726,1720569600,12,31,Age Moyen,64.91,1,0,2024-05-29,1716968708,42,568.2003225806451,-88.58,3635018,0,0
M00335,P00228,U02412,TX0000248,3170.86,20240913163254,Saint-Etienne,CARD,Automotive,56,40347.94,Saint-Etienne,Standard,20250505,Standard Tyre Set 228,Automotive,1506.85,5.0,561,AutoShop 335,Automotive,Nouvelle-Aquitaine,0.0138,20180320,16,Vendredi,Septembre,0,Afternoon,1,2024-09-13T16:32:54.000Z,2024-09-13,2024-09,1726245174,1726185600,12,17,Age Moyen,3170.86,1,0,2024-08-22,1724289860,22,382.0323529411765,730.0,1955314,1,0
M00037,P01551,U00148,TX0000249,124.26,20250609141408,Paris,CARD,Books,16,53513.06,Toulouse,Premium,20230824,Standard Textbook 1551,Books,63.5,4.4,1039,ReadMore 37,Books,Auvergne-Rhône-Alpes,0.0929,20170520,14,Lundi,Juin,0,Afternoon,1,2025-06-09T14:14:08.000Z,2025-06-09,2025-06,1749478448,1749427200,1,16,Jeune,124.26,1,0,,,,93.42312500000003,33.01,,0,0
M00547,P02345,U10443,TX0000250,370.0,20250223204613,Saint-Etienne,CASH,Health,48,52689.28,Saint-Etienne,Standard,20230212,Pro Massage Gun 2345,Health,172.93,2.8,201,HealthShop 547,Health,Grand Est,0.0112,20170529,20,Dimanche,Fevrier,1,Evening,0,2025-02-23T20:46:13.000Z,2025-02-23,2025-02,1740343573,1740268800,6,10,Age Moyen,370.0,1,0,2025-02-10,1739206854,13,336.054,10.1,1136719,0,0
M00465,P04578,U01869,TX0000251,133.38,20240918190450,Lille,CASH,Clothing,51,67128.84,Marseille,VIP,20230623,Classic Sneakers 4578,Clothing,128.09,2.6,799,StyleShop 465,Clothing,Hauts-de-France,0.0943,20221107,19,Mercredi,Septembre,0,Evening,0,2024-09-18T19:04:50.000Z,2024-09-18,2024-09,1726686290,1726617600,10,42,Age Moyen,142.61,2,0,2024-09-13,1726221574,5,239.592619047619,-44.33,464716,0,0
M00395,P02120,U01017,TX0000252,548.29,20250923095659,Bordeaux,CASH,Home & Garden,50,49265.3,Bordeaux,Standard,20240609,Classic Sofa 2120,Home & Garden,546.41,3.6,46,HomeCenter 395,Home & Garden,Auvergne-Rhône-Alpes,0.0158,20191214,9,Mardi,Septembre,0,Morning,1,2025-09-23T09:56:59.000Z,2025-09-23,2025-09,1758621419,1758585600,6,11,Age Moyen,548.29,1,0,2025-09-15,1757975161,8,205.63909090909092,166.63,646258,0,0
M00446,P00202,U11509,TX0000253,728.93,20240817154632,Montpellier,CARD,Home & Garden,60,50662.26,Montpellier,Premium,20250707,Classic Rug 202,Home & Garden,662.47,3.6,584,DecorShop 446,Home & Garden,Normandie,0.0539,20230305,15,Samedi,Aout,1,Afternoon,1,2024-08-17T15:46:32.000Z,2024-08-17,2024-08,1723909592,1723852800,9,15,Age Moyen,1527.47,2,0,2024-08-16,1723796036,1,848.7686666666668,-14.12,113556,0,0
M00522,P05840,U04136,TX0000254,56.51,20240707060215,Bordeaux,CASH,Home & Garden,36,31699.58,Toulouse,Standard,20241207,,,,,,GardenWorld 522,Home & Garden,Auvergne-Rhône-Alpes,0.0203,20170704,6,Dimanche,Juillet,1,Morning,0,2024-07-07T06:02:15.000Z,2024-07-07,2024-07,1720332135,1720310400,7,20,Adulte,56.51,1,0,2024-06-28,1719583798,9,395.80749999999995,-85.72,748337,0,0
M00596,P05602,U00429,TX0000255,920.69,20250909144426,Montpellier,PAYPAL,Home & Garden,16,16068.8,Montpellier,Budget,20240723,Standard Rug 5602,Home & Garden,838.38,4.0,422,HomeCenter 596,Home & Garden,Normandie,0.0151,20230429,14,Mardi,Septembre,0,Afternoon,1,2025-09-09T14:44:26.000Z,2025-09-09,2025-09,1757429066,1757376000,3,6,Jeune,920.69,1,0,2025-09-02,1756828635,7,777.2733333333334,18.45,600431,0,0
M00561,P05841,U01723,TX0000256,740.54,20250403013108,Toulon,CASH,Home & Garden,16,18690.29,Toulouse,Budget,20240301,Premium Cookware Set 5841,Home & Garden,813.28,3.5,1046,DecorShop 561,Home & Garden,Hauts-de-France,0.0282,20191023,1,Jeudi,Avril,0,Night,0,2025-04-03T01:31:08.000Z,2025-04-03,2025-04,1743643868,1743638400,1,2,Jeune,740.54,1,0,,,,723.39,2.37,,1,0
M00054,P00613,U07415,TX0000257,433.03,20240917161708,Rennes,BANK_TRANSFER,Electronics,38,48684.86,Rennes,VIP,20230201,Pro Laptop 613,Electronics,424.53,2.3,779,ElectroWorld 54,Electronics,Nouvelle-Aquitaine,0.0114,20191119,16,Mardi,Septembre,0,Afternoon,1,2024-09-17T16:17:08.000Z,2024-09-17,2024-09,1726589828,1726531200,18,45,Adulte,433.03,1,0,2024-09-05,1725558816,12,336.2386666666666,28.79,1031012,0,0
M00224,P04644,U10031,TX0000258,738.91,20240508193306,Saint-Etienne,BANK_TRANSFER,Automotive,32,78706.77,Saint-Etienne,Premium,20250628,Pro Dash Cam 4644,Automotive,724.6,3.2,6,MotorHub 224,Automotive,Ile-de-France,0.0646,20200629,19,Mercredi,Mai,0,Evening,0,2024-05-08T19:33:06.000Z,2024-05-08,2024-05,1715196786,1715126400,17,24,Adulte,1492.17,2,0,2024-05-08,1715159675,0,270.06583333333333,173.6,37111,0,0
M00580,P01592,U04430,TX0000259,45.46,20250322225920,Bordeaux,CASH,Clothing,16,117824.53,Bordeaux,VIP,20250510,Pro T-Shirt 1592,Clothing,40.9,2.4,945,StyleShop 580,Clothing,Grand Est,0.0631,20190622,22,Samedi,Mars,1,Night,0,2025-03-22T22:59:20.000Z,2025-03-22,2025-03,1742684360,1742601600,3,30,Jeune,226.71,1,0,2025-03-22,1742664667,0,537.0326666666667,-91.53,19693,1,0
M00463,P05424,U10245,TX0000260,566.95,20250326183031,Nice,CARD,Electronics,55,36271.27,Nice,Standard,20250922,Standard Camera 5424,Electronics,544.72,1.9,465,ElectroWorld 463,Electronics,Auvergne-Rhône-Alpes,0.0446,20171007,18,Mercredi,Mars,0,Evening,0,2025-03-26T18:30:31.000Z,2025-03-26,2025-03,1743013831,1742947200,1,7,Age Moyen,566.95,1,0,,,,152.80285714285716,271.03,,0,0
M00024,P05289,U02315,TX0000261,17.37,20250802120034,Rennes,CASH,Health,29,43112.54,Rennes,Standard,20250521,Classic Scale 5289,Health,17.37,2.0,771,HealthHub 24,Health,Auvergne-Rhône-Alpes,0.0871,20180131,12,Samedi,Aout,1,Afternoon,1,2025-08-02T12:00:34.000Z,2025-08-02,2025-08,1754136034,1754092800,2,12,Adulte,392.67,1,0,2025-06-30,1751318382,33,116.85416666666667,-85.14,2817652,0,0
M00599,P01909,U11144,TX0000262,86.63,20250113191043,Toulouse,CRYPTO,Food,34,58702.43,Toulouse,Premium,20240502,Premium Coffee Pack 1909,Food,80.43,4.6,336,GourmetShop 599,Food,Provence-Alpes-Côte d'Azur,0.0134,20200102,19,Lundi,Janvier,0,Evening,0,2025-01-13T19:10:43.000Z,2025-01-13,2025-01,1736795443,1736726400,2,6,Adulte,86.63,1,0,2025-01-05,1736062275,8,430.1766666666667,-79.86,733168,1,0
M00519,P05142,U10431,TX0000263,450.11,20250504112155,Lyon,BANK_TRANSFER,Automotive,42,39017.16,Lyon,Standard,20240602,Elite Oil Filter 5142,Automotive,444.25,3.6,15,CarParts 519,Automotive,Occitanie,0.0351,20230513,11,Dimanche,Mai,1,Morning,1,2025-05-04T11:21:55.000Z,2025-05-04,2025-05,1746357715,1746316800,6,11,Adulte,2807.72,3,0,2025-05-03,1746273189,1,627.0772727272728,-28.22,84526,0,0
M00403,P03008,U04763,TX0000264,15.76,20250910094546,Nantes,PAYPAL,Food,16,27495.5,Nantes,Budget,20230429,Pro Tea Set 3008,Food,14.31,3.1,301,,Inconnu,Inconnu,,,9,Mercredi,Septembre,0,Morning,1,2025-09-10T09:45:46.000Z,2025-09-10,2025-09,1757497546,1757462400,4,5,Jeune,15.76,1,0,2025-07-17,1752746793,55,225.33800000000002,-93.01,4750753,0,0
M00564,P05843,U01939,TX0000265,236.86,20240327140045,Paris,PAYPAL,Home & Garden,71,111227.62,Paris,Premium,20230119,Elite Rug 5843,Home & Garden,248.67,2.9,253,DecorShop 564,Home & Garden,Occitanie,0.0438,20180714,14,Mercredi,Mars,0,Afternoon,1,2024-03-27T14:00:45.000Z,2024-03-27,2024-03,1711548045,1711497600,9,37,Senior,1237.53,2,0,2024-03-26,1711434166,1,166.61432432432437,42.16,113879,0,0
M00156,P95837,U11048,TX0000266,56.26,20240923162826,Toulouse,CARD,Toys,49,111911.11,Toulouse,VIP,20231212,,,,,,KidsWorld 156,Toys,Auvergne-Rhône-Alpes,0.0266,20220626,16,Lundi,Septembre,0,Afternoon,1,2024-09-23T16:28:26.000Z,2024-09-23,2024-09,1727108906,1727049600,14,22,Age Moyen,227.06,4,0,2024-09-19,1726777432,4,154.67772727272725,-63.63,331474,0,0
M00320,P05459,U09498,TX0000267,185.34,20241016101305,Paris,CARD,Health,29,44498.62,Paris,Standard,20241011,Standard Scale 5459,Health,174.27,4.6,708,HealthShop 320,Health,Auvergne-Rhône-Alpes,0.0775,20180308,10,Mercredi,Octobre,0,Morning,1,2024-10-16T10:13:05.000Z,2024-10-16,2024-10,1729073585,1729036800,2,6,Adulte,427.76,2,0,2024-10-14,1728928817,2,486.34666666666664,-61.89,144768,0,0
M00491,P01485,U08677,TX0000268,49.02,20240610184004,Paris,CARD,Books,71,104213.62,Paris,VIP,20240308,Pro Comic Book 1485,Books,49.1,3.6,94,BookHaven 491,Books,Provence-Alpes-Côte d'Azur,0.0794,20230119,18,Lundi,Juin,0,Evening,0,2024-06-10T18:40:04.000Z,2024-06-10,2024-06,1718044804,1717977600,16,27,Senior,67.54,3,0,2024-06-06,1717691437,4,145.7577777777778,-66.37,353367,0,0
M00577,P05798,U02692,TX0000269,31.26,20241227075409,Paris,PAYPAL,Books,40,55370.22,Paris,Standard,20241215,Classic Textbook 5798,Books,31.1,4.1,1011,LibraryShop 577,Books,Hauts-de-France,0.0355,20210603,7,Vendredi,Decembre,0,Morning,0,2024-12-27T07:54:09.000Z,2024-12-27,2024-12,1735286049,1735257600,9,9,Adulte,31.26,1,0,2024-11-02,1730538219,55,546.6677777777778,-94.28,4747830,0,0
M00524,P04894,U00609,TX0000270,7.64,20240511153030,Nice,PAYPAL,Food,16,80556.86,Nice,Premium,20241128,Essential Pasta Box 4894,Food,7.22,3.1,559,GourmetShop 524,Food,Bretagne,0.0973,20201116,15,Samedi,Mai,1,Afternoon,1,2024-05-11T15:30:30.000Z,2024-05-11,2024-05,1715441430,1715385600,8,11,Jeune,7.64,1,0,2024-03-14,1710433616,58,704.2318181818183,-98.92,5007814,0,0
M00002,P02728,U10335,TX0000271,7.88,20250607114618,Villeurbanne,CARD,Books,69,40238.13,Toulouse,Standard,20240615,Premium Comic Book 2728,Books,8.1,2.3,1161,BookCorner 2,Books,Nouvelle-Aquitaine,0.0615,20230330,11,Samedi,Juin,1,Morning,1,2025-06-07T11:46:18.000Z,2025-06-07,2025-06,1749296778,1749254400,13,29,Senior,7.88,1,0,2025-03-29,1743247833,70,345.00793103448274,-97.72,6048945,0,0
M00165,P04186,U02907,TX0000272,1422.89,20240921185557,Montpellier,CRYPTO,Automotive,42,45061.82,Montpellier,Standard,20240126,Essential Roof Rack 4186,Automotive,1327.01,5.0,724,MotorHub 165,Automotive,Auvergne-Rhône-Alpes,0.0943,20171213,18,Samedi,Septembre,1,Evening,0,2024-09-21T18:55:57.000Z,2024-09-21,2024-09,1726944957,1726876800,7,10,Adulte,1449.26,2,0,2024-09-18,1726646428,3,325.59399999999994,337.01,298529,2,1
M00278,P00369,U02411,TX0000273,159.59,20251115155133,Marseille,CASH,Clothing,46,128383.88,Marseille,VIP,20231106,Elite Dress 369,Clothing,163.68,3.9,1151,StyleShop 278,Clothing,Occitanie,0.0509,20210723,15,Samedi,Novembre,1,Afternoon,1,2025-11-15T15:51:33.000Z,2025-11-15,2025-11,1763221893,1763164800,36,50,Age Moyen,1512.25,2,0,2025-11-12,1762948613,3,792.8886000000001,-79.87,273280,0,0
M00286,P03876,U09048,TX0000274,66.43,20240122042041,Bordeaux,CASH,Books,59,82113.52,Bordeaux,Premium,20240703,Classic Cookbook 3876,Books,60.71,3.9,985,BookCorner 286,Books,Pays de la Loire,0.0458,20191226,4,Lundi,Janvier,0,Night,0,2024-01-22T04:20:41.000Z,2024-01-22,2024-01,1705897241,1705881600,1,24,Age Moyen,104.83,1,0,,,,159.07416666666668,-58.24,,1,0
M00250,P02791,U02134,TX0000275,341.04,20250705080019,Toulon,CARD,Beauty,73,55617.08,Toulon,Premium,20241211,Elite Perfume 2791,Beauty,161.49,3.6,830,GlowShop 250,Beauty,Ile-de-France,0.0275,20180718,8,Samedi,Juillet,1,Morning,0,2025-07-05T08:00:19.000Z,2025-07-05,2025-07,1751702419,1751673600,1,12,Senior,341.04,1,0,,,,181.81166666666664,87.58,,0,0
M00221,P00103,U01851,TX0000276,10.05,20250807155120,Paris,PAYPAL,Food,45,118288.75,Paris,VIP,20230902,Classic Chocolate Box 103,Food,9.55,2.8,529,GourmetShop 221,Food,Ile-de-France,0.0649,20191103,15,Jeudi,Aout,0,Afternoon,1,2025-08-07T15:51:20.000Z,2025-08-07,2025-08,1754581880,1754524800,8,37,Age Moyen,58.79,2,0,2025-08-05,1754432290,2,206.68027027027028,-95.14,149590,0,0
M00268,P03283,U11412,TX0000277,35.01,20250813164056,Paris,PAYPAL,Toys,48,35129.1,Paris,Premium,20241001,Standard Action Figure 3283,Toys,37.26,2.0,699,KidsWorld 268,Toys,Bretagne,0.0338,20201228,16,Mercredi,Aout,0,Afternoon,1,2025-08-13T16:40:56.000Z,2025-08-13,2025-08,1755103256,1755043200,14,19,Age Moyen,35.01,1,0,2025-08-04,1754319847,9,537.9431578947368,-93.49,783409,0,0
M00536,P01482,U08505,TX0000278,75.58,20250206124132,Paris,BANK_TRANSFER,Food,41,25431.66,Paris,Budget,20231112,Premium Chocolate Box 1482,Food,68.41,4.8,55,FreshMarket 536,Food,Ile-de-France,0.0248,20200813,12,Jeudi,Fevrier,0,Afternoon,1,2025-02-06T12:41:32.000Z,2025-02-06,2025-02,1738845692,1738800000,7,9,Adulte,75.58,1,0,2024-12-28,1735428159,40,89.78333333333333,-15.82,3417533,0,0
M00350,P01818,U01296,TX0000279,202.25,20240305190304,Reims,CARD,Health,32,129115.64,Reims,VIP,20231118,Classic Scale 1818,Health,211.86,4.7,1072,HealthShop 350,Health,Hauts-de-France,0.0452,20190707,19,Mardi,Mars,0,Evening,0,2024-03-05T19:03:04.000Z,2024-03-05,2024-03,1709665384,1709596800,9,38,Adulte,202.25,1,0,2024-02-26,1708972097,8,450.3773684210526,-55.09,693287,0,0
M00084,P05245,U05252,TX0000280,1561.35,20240327134223,Toulon,CARD,Electronics,26,31684.97,Toulon,Standard,20230506,Pro Tablet 5245,Electronics,1569.26,3.8,62,ElectroWorld 84,Electronics,Nouvelle-Aquitaine,0.0795,20210928,13,Mercredi,Mars,0,Afternoon,1,2024-03-27T13:42:23.000Z,2024-03-27,2024-03,1711546943,1711497600,1,18,Adulte,1561.35,1,0,,,,843.5438888888889,85.09,,0,0
M00364,P02824,U03344,TX0000281,484.71,20241207134730,Nantes,CARD,Sports,67,56494.52,Nantes,Premium,20240705,,Sports,493.91,3.9,195,FitnessShop 364,Sports,Ile-de-France,0.0123,20171229,13,Samedi,Decembre,1,Afternoon,1,2024-12-07T13:47:30.000Z,2024-12-07,2024-12,1733579250,1733529600,20,34,Senior,624.35,2,0,2024-12-02,1733153608,5,277.3508823529413,74.76,425642,0,0
M00375,P01414,U04092,TX0000282,491.67,20240114191929,Nice,CASH,Sports,37,92164.46,Nice,VIP,20250420,Pro Dumbbells 1414,Sports,523.23,3.1,83,FitnessShop 375,Sports,Inconnu,0.0416,20211205,19,Dimanche,Janvier,1,Evening,0,2024-01-14T19:19:29.000Z,2024-01-14,2024-01,1705259969,1705190400,6,49,Adulte,573.58,2,0,2024-01-10,1704881837,4,509.5220408163266,-3.5,378132,0,0
M00002,P05049,U05386,TX0000283,60.42,20241227081514,Paris,BANK_TRANSFER,Books,47,22021.78,Paris,Budget,20230817,Premium Atlas 5049,Books,57.23,2.5,1145,BookCorner 2,Books,Nouvelle-Aquitaine,0.0615,20230330,8,Vendredi,Decembre,0,Morning,0,2024-12-27T08:15:14.000Z,2024-12-27,2024-12,1735287314,1735257600,3,4,Age Moyen,60.42,1,0,2024-12-17,1734453726,10,251.70749999999995,-76.0,833588,0,0
M00262,P03971,U07192,TX0000284,903.3,20240331124908,Grenoble,BANK_TRANSFER,Electronics,29,29888.82,Grenoble,Budget,20231020,Classic Smart TV 3971,Electronics,819.37,3.4,884,GadgetShop 262,Electronics,Provence-Alpes-Côte d'Azur,0.0943,20230617,12,Dimanche,Mars,1,Afternoon,1,2024-03-31T12:49:08.000Z,2024-03-31,2024-03,1711889348,1711843200,5,9,Adulte,1338.31,4,0,2024-03-30,1711827139,1,472.26333333333343,91.27,62209,0,0
M00003,P00612,U08759,TX0000285,106.56,20250627074714,Bordeaux,CARD,Health,39,199294.57,Bordeaux,VIP,20230503,Standard Blood Monitor 612,Health,34.53,3.8,887,VitalShop 3,Health,Ile-de-France,0.0173,20190910,7,Vendredi,Juin,0,Morning,0,2025-06-27T07:47:14.000Z,2025-06-27,2025-06,1751010434,1750982400,38,45,Adulte,2939.0,4,0,2025-06-26,1750963748,1,505.47822222222214,-78.92,46686,0,0
M00450,P03736,U06892,TX0000286,242.07,20250429092907,Toulouse,CRYPTO,Clothing,24,101642.8,Toulouse,VIP,20230901,Premium Jeans 3736,Clothing,221.38,4.3,135,TrendyWear 450,Clothing,Pays de la Loire,0.0277,20200513,9,Mardi,Avril,0,Morning,1,2025-04-29T09:29:07.000Z,2025-04-29,2025-04,1745918947,1745884800,24,31,Jeune,242.07,1,0,2025-04-13,1744564019,16,251.68032258064522,-3.82,1354928,1,0
M00091,P05860,U05266,TX0000287,192.65,20240815162312,Toulon,BANK_TRANSFER,Beauty,19,53102.83,Toulon,Standard,20230111,Standard Serum 5860,Beauty,61.1,3.3,152,CosmeticHub 91,Beauty,Grand Est,0.051,20210109,16,Jeudi,Aout,0,Afternoon,1,2024-08-15T16:23:12.000Z,2024-08-15,2024-08,1723738992,1723680000,2,22,Jeune,192.65,1,0,2024-08-07,1723058610,8,473.3554545454545,-59.3,680382,0,0
M00220,P02016,U05999,TX0000288,749.71,20250501083400,Dijon,CASH,Sports,36,59755.39,Nîmes,Premium,20240924,Classic Backpack 2016,Sports,400.9,4.1,341,SportHub 220,Sports,Provence-Alpes-Côte d'Azur,0.0644,20190817,8,Jeudi,Mai,0,Morning,0,2025-05-01T08:34:00.000Z,2025-05-01,2025-05,1746088440,1746057600,4,12,Adulte,1189.15,3,0,2025-04-27,1745783149,4,266.1016666666667,181.74,305291,0,0
M00377,P00004,U03441,TX0000289,186.56,20241221190221,Rennes,CARD,Clothing,53,73927.58,Rennes,Premium,20240123,Elite Dress 4,Clothing,169.94,3.2,556,ClothingHub 377,Clothing,Ile-de-France,0.0756,20181121,19,Samedi,Decembre,1,Evening,0,2024-12-21T19:02:21.000Z,2024-12-21,2024-12,1734807741,1734739200,5,26,Age Moyen,251.6,2,0,2024-12-18,1734507118,3,393.183076923077,-52.55,300623,0,0
M00600,P05435,U03471,TX0000290,156.75,20250430094904,Nice,BANK_TRANSFER,Beauty,26,139716.85,Nice,VIP,20240406,Essential Perfume 5435,Beauty,150.01,5.0,601,BeautyWorld 600,Beauty,Nouvelle-Aquitaine,0.0397,20221111,9,Mercredi,Avril,0,Morning,1,2025-04-30T09:49:04.000Z,2025-04-30,2025-04,1746006544,1745971200,7,13,Adulte,156.75,1,0,2025-04-22,1745312593,8,148.69153846153847,5.42,693951,0,0
M00331,P00210,U00883,TX0000291,637.93,20250429171130,Marseille,BANK_TRANSFER,Health,22,41643.13,Marseille,Standard,20250313,Essential Blood Monitor 210,Health,202.59,4.1,862,HealthShop 331,Health,Ile-de-France,0.068,20220428,17,Mardi,Avril,0,Afternoon,0,2025-04-29T17:11:30.000Z,2025-04-29,2025-04,1745946690,1745884800,15,15,Jeune,1191.23,3,0,2025-04-24,1745474987,5,363.6573333333333,75.42,471703,0,0
M00183,P04891,U01693,TX0000292,2117.74,20241224223651,Nantes,BANK_TRANSFER,Automotive,33,49884.66,Nantes,Premium,20230517,Standard Car Parts 4891,Automotive,1008.96,4.0,74,CarParts 183,Automotive,Nouvelle-Aquitaine,0.0763,20170427,22,Mardi,Decembre,0,Night,0,2024-12-24T22:36:51.000Z,2024-12-24,2024-12,1735079811,1734998400,23,32,Adulte,3565.26,2,0,2024-12-22,1734890648,2,618.6481249999999,242.32,189163,1,0
M00210,P04749,U11723,TX0000293,47.17,20240731114227,Nice,PAYPAL,Books,,,,Inconnu,,Pro Cookbook 4749,Books,50.04,3.0,1085,BookCorner 210,Books,Pays de la Loire,0.0407,20230322,11,Mercredi,Juillet,0,Morning,1,2024-07-31T11:42:27.000Z,2024-07-31,2024-07,1722426147,1722384000,6,8,Inconnu,190.08,2,0,2024-07-29,1722243743,2,243.16250000000005,-80.6,182404,0,0
M00239,P01012,U09032,TX0000294,47.1,20250707150323,Rennes,CARD,Beauty,38,48329.12,Rennes,Premium,20241015,Elite Face Cream 1012,Beauty,42.55,2.8,449,BeautyWorld 239,Beauty,Nouvelle-Aquitaine,0.0434,20200321,15,Lundi,Juillet,0,Afternoon,1,2025-07-07T15:03:23.000Z,2025-07-07,2025-07,1751900603,1751846400,1,8,Adulte,47.1,1,0,,,,329.0575,-85.69,,0,0
M00033,P05842,U01096,TX0000295,1601.96,20250526235527,Lille,CARD,Electronics,34,21605.47,Lille,Budget,20240701,Standard Smartphone 5842,Electronics,1546.27,4.4,601,DigitalHub 33,Electronics,Inconnu,0.0715,20220922,23,Lundi,Mai,0,Night,0,2025-05-26T23:55:27.000Z,2025-05-26,2025-05,1748303727,1748217600,1,2,Adulte,1601.96,1,0,,,,825.225,94.12,,1,0
M00429,P01037,U05408,TX0000296,337.36,20241126002747,Reims,CARD,Home & Garden,72,144199.23,Paris,VIP,20240606,Elite Rug 1037,Home & Garden,373.7,3.5,445,HomeCenter 429,Home & Garden,Grand Est,0.0272,20200409,0,Mardi,Novembre,0,Night,0,2024-11-26T00:27:47.000Z,2024-11-26,2024-11,1732580867,1732579200,15,63,Senior,461.52,2,0,2024-11-24,1732435535,2,348.69650793650794,-3.25,145332,1,0
M00450,P03711,U08017,TX0000297,789.66,20250312121855,Paris,CARD,Clothing,28,25464.59,Paris,Budget,20250627,Elite Sneakers 3711,Clothing,282.54,3.3,1043,TrendyWear 450,Clothing,Pays de la Loire,0.0277,20200513,12,Mercredi,Mars,0,Afternoon,1,2025-03-12T12:18:55.000Z,2025-03-12,2025-03,1741781935,1741737600,2,5,Adulte,809.22,2,0,2025-03-07,1741343868,5,585.286,34.92,438067,0,0
M00069,P03691,U06081,TX0000298,228.62,20250214183238,Reims,BANK_TRANSFER,Home & Garden,34,76566.71,Reims,Premium,20230928,Premium Sofa 3691,Home & Garden,253.33,4.2,608,DecorShop 69,Home & Garden,Pays de la Loire,0.0598,20180102,18,Vendredi,Fevrier,0,Evening,0,2025-02-14T18:32:38.000Z,2025-02-14,2025-02,1739557958,1739491200,12,24,Adulte,1798.14,3,0,2025-02-12,1739390812,2,439.7208333333333,-48.01,167146,0,0
M00111,P01911,U06534,TX0000299,243.68,20251104102311,Paris,CASH,Toys,52,119456.68,Paris,VIP,20231022,Elite Toy Car 1911,Toys,123.23,3.8,392,ToyLand 111,Toys,Ile-de-France,0.0945,20180319,10,Mardi,Novembre,0,Morning,1,2025-11-04T10:23:11.000Z,2025-11-04,2025-11,1762251791,1762214400,16,20,Age Moyen,341.96,4,0,2025-11-03,1762195534,1,115.77999999999997,110.47,56257,0,0
M00181,P01501,U04584,TX0000300,88.7,20251022152111,Saint-Etienne,PAYPAL,Sports,16,46653.45,Saint-Etienne,Standard,20240106,Premium Running Shoes 1501,Sports,83.26,2.8,778,,Inconnu,Inconnu,,,15,Mercredi,Octobre,0,Afternoon,1,2025-10-22T15:21:11.000Z,2025-10-22,2025-10,1761146471,1761091200,15,15,Jeune,88.7,1,0,2025-10-11,1760208088,11,489.544,-81.88,938383,0,0
M00024,P02202,U03500,TX0000301,91.75,20250926110739,Montpellier,CARD,Health,38,28006.3,Montpellier,Standard,20241213,Essential Massage Gun 2202,Health,91.13,3.9,736,HealthHub 24,Health,Auvergne-Rhône-Alpes,0.0871,20180131,11,Vendredi,Septembre,0,Morning,1,2025-09-26T11:07:39.000Z,2025-09-26,2025-09,1758884859,1758844800,7,15,Adulte,213.77,1,0,2025-09-16,1758033952,10,255.262,-64.06,850907,0,0
M00414,P04573,U02045,TX0000302,95.84,20250418143030,Bordeaux,PAYPAL,Beauty,62,53769.76,Strasbourg,Premium,20250116,,,,,,BeautyCorner 414,Beauty,Ile-de-France,0.011,20230512,14,Vendredi,Avril,0,Afternoon,1,2025-04-18T14:30:30.000Z,2025-04-18,2025-04,1744986630,1744934400,6,13,Age Moyen,95.84,1,0,2025-02-25,1740522202,52,312.2915384615384,-69.31,4464428,0,0
M00412,P04661,U06061,TX0000303,154.5,20250218103859,Lyon,CRYPTO,Health,45,83676.92,Lyon,VIP,20250707,Classic Scale 4661,Health,75.54,4.5,126,HealthShop 412,Health,Auvergne-Rhône-Alpes,0.0125,20200125,10,Mardi,Fevrier,0,Morning,1,2025-02-18T10:38:59.000Z,2025-02-18,2025-02,1739875139,1739836800,41,51,Age Moyen,523.94,3,0,2025-02-13,1739420727,5,248.0290196078432,-37.71,454412,1,0
M00244,P03106,U01701,TX0000304,626.59,20241020224059,Paris,CASH,Automotive,29,74062.71,Paris,Premium,20230408,Standard Car Parts 3106,Automotive,634.73,3.7,450,AutoCenter 244,Automotive,Grand Est,0.0285,20221116,22,Dimanche,Octobre,1,Night,0,2024-10-20T22:40:59.000Z,2024-10-20,2024-10,1729464059,1729382400,3,24,Adulte,920.55,2,0,2024-10-18,1729254982,2,754.68,-16.97,209077,1,0
M00495,P00674,U10250,TX0000305,81.99,20250522171400,Grenoble,CASH,Toys,30,47986.97,Paris,Premium,20250729,Standard Action Figure 674,Toys,87.13,3.8,1082,KidsWorld 495,Toys,Nouvelle-Aquitaine,0.044,20180504,17,Jeudi,Mai,0,Afternoon,0,2025-05-22T17:14:00.000Z,2025-05-22,2025-05,1747934040,1747872000,11,20,Adulte,176.71,2,0,2025-05-20,1747728813,2,204.3975,-59.89,205227,0,0
M00384,P05294,U04459,TX0000306,269.4,20240703044805,Lyon,BANK_TRANSFER,Clothing,26,80111.43,Lyon,Premium,20231117,Elite T-Shirt 5294,Clothing,271.52,3.8,311,StyleShop 384,Clothing,Ile-de-France,0.0874,20200829,4,Mercredi,Juillet,0,Night,0,2024-07-03T04:48:05.000Z,2024-07-03,2024-07,1719982085,1719964800,4,18,Adulte,269.4,1,0,2024-04-23,1713894175,71,225.17000000000002,19.64,6087910,1,0
M00127,P04001,U07130,TX0000307,285.72,20250913015819,Paris,BANK_TRANSFER,Sports,39,104832.5,Paris,VIP,20231220,Premium Dumbbells 4001,Sports,314.42,3.6,512,SportZone 127,Sports,Auvergne-Rhône-Alpes,0.0369,20170522,1,Samedi,Septembre,1,Night,0,2025-09-13T01:58:19.000Z,2025-09-13,2025-09,1757728699,1757721600,11,20,Adulte,484.75,3,0,2025-09-09,1757453580,4,265.13750000000005,7.76,275119,1,0
M00352,P00342,U07204,TX0000308,548.93,20250814101845,Paris,CARD,Home & Garden,44,25475.31,Paris,Budget,20230704,Classic Plant Pot 342,Home & Garden,519.13,3.6,296,HomeStyle 352,Home & Garden,Hauts-de-France,0.0143,20170214,10,Jeudi,Aout,0,Morning,1,2025-08-14T10:18:45.000Z,2025-08-14,2025-08,1755166725,1755129600,4,4,Adulte,548.93,1,0,2025-07-23,1753296132,22,190.08249999999998,188.79,1870593,0,0
M00393,P03598,U09500,TX0000309,1499.81,20240706074204,Lyon,CARD,Sports,48,39900.03,Lyon,Standard,20241113,Premium Running Shoes 3598,Sports,464.96,3.4,98,SportHub 393,Sports,Ile-de-France,0.099,20210921,7,Samedi,Juillet,1,Morning,0,2024-07-06T07:42:04.000Z,2024-07-06,2024-07,1720251724,1720224000,1,13,Age Moyen,1499.81,1,0,,,,347.6038461538462,331.47,,1,0
M00069,P01906,U03095,TX0000310,100.52,20240803164431,Lyon,CARD,Home & Garden,60,59343.18,Lyon,Premium,20240410,Elite Lamp 1906,Home & Garden,102.85,1.8,1016,DecorShop 69,Home & Garden,Pays de la Loire,0.0598,20180102,16,Samedi,Aout,1,Afternoon,1,2024-08-03T16:44:31.000Z,2024-08-03,2024-08,1722703471,1722643200,8,23,Age Moyen,4052.73,5,1,2024-08-02,1722594255,1,440.12,-77.16,109216,0,0
M00120,P02568,U00457,TX0000312,79.53,20250108134752,Paris,BANK_TRANSFER,Food,39,88103.98,Paris,VIP,20231218,Elite Tea Set 2568,Food,84.03,3.8,876,FoodMart 120,Food,Pays de la Loire,0.0257,20230422,13,Mercredi,Janvier,0,Afternoon,1,2025-01-08T13:47:52.000Z,2025-01-08,2025-01,1736344072,1736294400,36,49,Adulte,79.53,1,0,2024-12-30,1735536324,9,481.26387755102024,-83.47,807748,0,0
M00374,P04215,U01308,TX0000313,116.5,20251123193321,Lille,PAYPAL,Home & Garden,58,16905.05,Paris,Budget,20230225,Pro Garden Chair 4215,Home & Garden,121.22,3.3,384,DecorShop 374,Home & Garden,Auvergne-Rhône-Alpes,0.0678,20200402,19,Dimanche,Novembre,1,Evening,0,2025-11-23T19:33:21.000Z,2025-11-23,2025-11,1763926401,1763856000,7,9,Age Moyen,259.74,3,0,2025-11-22,1763834167,1,206.5511111111111,-43.6,92234,0,0
M00009,P04744,U07853,TX0000314,136.35,20240112135458,Paris,CARD,Health,24,54126.79,Paris,VIP,20240123,,,,,,VitalShop 9,Health,Nouvelle-Aquitaine,0.0627,20180107,13,Vendredi,Janvier,0,Afternoon,1,2024-01-12T13:54:58.000Z,2024-01-12,2024-01,1705067698,1705017600,4,38,Jeune,1911.64,3,0,2024-01-10,1704898584,2,401.99500000000006,-66.08,169114,0,0
M00541,P04539,U02457,TX0000315,88.89,20250805192330,Toulouse,CARD,Home & Garden,36,115822.32,Toulouse,VIP,20230117,Classic Plant Pot 4539,Home & Garden,92.51,3.2,652,HomeStyle 541,Home & Garden,Normandie,0.019,20221010,19,Mardi,Aout,0,Evening,0,2025-08-05T19:23:30.000Z,2025-08-05,2025-08,1754421810,1754352000,11,28,Adulte,154.7,2,0,2025-08-04,1754307525,1,552.827857142857,-83.92,114285,0,0
M00374,P05344,U11076,TX0000316,1422.38,20240728111715,Nice,CARD,Home & Garden,50,20882.32,Nice,Standard,20240307,Standard Sofa 5344,Home & Garden,770.52,5.0,1107,DecorShop 374,Home & Garden,Auvergne-Rhône-Alpes,0.0678,20200402,11,Dimanche,Juillet,1,Morning,1,2024-07-28T11:17:15.000Z,2024-07-28,2024-07,1722165435,1722124800,4,8,Age Moyen,1422.38,1,0,2024-07-06,1720250959,22,522.6225000000001,172.16,1914476,0,0
M00310,P00764,U10501,TX0000317,561.0,20240729145921,Reims,CASH,Home & Garden,38,62280.29,Reims,Premium,20250423,Premium Garden Chair 764,Home & Garden,545.13,4.5,905,GardenWorld 310,Home & Garden,Occitanie,0.0808,20210605,14,Lundi,Juillet,0,Afternoon,1,2024-07-29T14:59:21.000Z,2024-07-29,2024-07,1722265161,1722211200,6,36,Adulte,567.66,2,0,2024-07-24,1721849205,5,374.39250000000004,49.84,415956,0,0
M00215,P00594,U08565,TX0000318,24.63,20250507160315,Paris,CARD,Books,34,46750.09,Paris,Standard,20240727,Standard Atlas 594,Books,23.03,2.4,29,LibraryShop 215,Books,Auvergne-Rhône-Alpes,0.0676,20210728,16,Mercredi,Mai,0,Afternoon,1,2025-05-07T16:03:15.000Z,2025-05-07,2025-05,1746633795,1746576000,20,23,Adulte,24.63,1,0,2025-03-17,1742197838,51,867.5839130434782,-97.16,4435957,0,0
M00465,P05649,U01807,TX0000319,281.51,20250622141536,Paris,PAYPAL,Clothing,44,58404.46,Paris,Premium,20250626,Standard Dress 5649,Clothing,288.0,4.2,752,StyleShop 465,Clothing,Hauts-de-France,0.0943,20221107,14,Dimanche,Juin,1,Afternoon,1,2025-06-22T14:15:36.000Z,2025-06-22,2025-06,1750601736,1750550400,2,18,Adulte,281.51,1,0,2025-06-08,1749386770,14,292.31777777777774,-3.7,1214966,0,0
M00415,P00047,U07677,TX0000320,307.29,20240708191221,Paris,PAYPAL,Automotive,34,44476.26,Paris,Premium,20250303,Standard Roof Rack 47,Automotive,281.43,3.7,29,CarParts 415,Automotive,Occitanie,0.0161,20221030,19,Lundi,Juillet,0,Evening,0,2024-07-08T19:12:21.000Z,2024-07-08,2024-07,1720465941,1720396800,2,17,Adulte,334.94,2,0,2024-07-07,1720377310,1,471.25647058823535,-34.79,88631,0,0
M00529,P02295,U08887,TX0000321,2031.44,20251218162934,Paris,CRYPTO,Electronics,19,119467.1,Paris,VIP,20240220,Premium Tablet 2295,Electronics,1831.57,4.5,128,GadgetShop 529,Electronics,Ile-de-France,0.0812,20220414,16,Jeudi,Decembre,0,Afternoon,1,2025-12-18T16:29:34.000Z,2025-12-18,2025-12,1766075374,1766016000,12,16,Jeune,2031.44,1,0,2025-12-11,1765461021,7,571.2475,255.61,614353,1,0
M00051,P04796,U09964,TX0000322,129.24,20250614140236,Lyon,CARD,Toys,49,126728.32,Lyon,VIP,20231206,Classic Board Game 4796,Toys,143.19,4.6,74,ToyLand 51,Toys,Grand Est,0.0783,20180311,14,Samedi,Juin,1,Afternoon,1,2025-06-14T14:02:36.000Z,2025-06-14,2025-06,1749909756,1749859200,74,78,Age Moyen,204.3,2,0,2025-06-11,1749641027,3,181.35910256410256,-28.74,268729,0,0
M00422,P01435,U07258,TX0000323,24.92,20240919122951,Paris,CARD,Food,,,,Inconnu,,Essential Tea Set 1435,Food,13.79,2.9,1004,FoodMart 422,Food,Occitanie,0.0342,20190130,12,Jeudi,Septembre,0,Afternoon,1,2024-09-19T12:29:51.000Z,2024-09-19,2024-09,1726748991,1726704000,12,20,Inconnu,24.92,1,0,2024-08-30,1725019736,20,265.976,-90.63,1729255,0,0
M00579,P03870,U05709,TX0000324,150.59,20250602065247,Paris,BANK_TRANSFER,Beauty,53,18610.07,Paris,Budget,20250608,Pro Shampoo 3870,Beauty,153.22,3.9,764,CosmeticHub 579,Beauty,Pays de la Loire,0.0656,20200129,6,Lundi,Juin,0,Morning,0,2025-06-02T06:52:47.000Z,2025-06-02,2025-06,1748847167,1748822400,4,4,Age Moyen,150.59,1,0,2024-05-29,1716985270,369,108.3375,39.0,31861897,0,0
M00069,P03167,U03056,TX0000325,611.63,20250406064100,Lyon,BANK_TRANSFER,Home & Garden,37,14896.94,Lyon,Budget,20240531,Elite Plant Pot 3167,Home & Garden,574.4,3.0,530,DecorShop 69,Home & Garden,Pays de la Loire,0.0598,20180102,6,Dimanche,Avril,1,Morning,0,2025-04-06T06:41:00.000Z,2025-04-06,2025-04,1743921660,1743897600,3,5,Adulte,790.35,2,0,2025-04-01,1743532881,5,208.68399999999997,193.09,388779,0,0
M00424,P03922,U04705,TX0000326,108.24,20250221192817,Le Havre,CARD,Food,16,72009.89,Le Havre,Premium,20240317,,,,,,FreshMarket 424,Food,Provence-Alpes-Côte d'Azur,0.0823,20220324,19,Vendredi,Fevrier,0,Evening,0,2025-02-21T19:28:17.000Z,2025-02-21,2025-02,1740166097,1740096000,15,16,Jeune,136.1,2,0,2025-02-16,1739730716,5,275.17312499999997,-60.66,435381,0,0
M00035,P03993,U01851,TX0000327,511.25,20251219221334,Paris,CARD,Sports,45,118288.75,Paris,VIP,20230902,Classic Backpack 3993,Sports,463.83,4.3,1086,ActiveWear 35,Sports,Hauts-de-France,0.0286,20180923,22,Vendredi,Decembre,0,Night,0,2025-12-19T22:13:34.000Z,2025-12-19,2025-12,1766182414,1766102400,34,37,Age Moyen,511.25,1,0,2025-12-11,1765431597,8,206.68027027027028,147.36,750817,1,0
M00471,P02301,U07770,TX0000328,1304.89,20250211181849,Paris,BANK_TRANSFER,Automotive,59,63147.36,Paris,VIP,20250210,Classic Roof Rack 2301,Automotive,1273.71,4.0,233,AutoShop 471,Automotive,Auvergne-Rhône-Alpes,0.0342,20191216,18,Mardi,Fevrier,0,Evening,0,2025-02-11T18:18:49.000Z,2025-02-11,2025-02,1739297929,1739232000,31,52,Age Moyen,1304.89,1,0,2025-01-20,1737406901,22,460.6640384615385,183.26,1891028,0,0
M00067,P02318,U11132,TX0000329,128.06,20250224084232,Paris,BANK_TRANSFER,Beauty,71,46091.87,Paris,VIP,20230907,Premium Face Cream 2318,Beauty,123.24,2.3,918,BeautyCorner 67,Beauty,Provence-Alpes-Côte d'Azur,0.0305,20191111,8,Lundi,Fevrier,0,Morning,0,2025-02-24T08:42:32.000Z,2025-02-24,2025-02,1740386552,1740355200,35,43,Senior,425.15,3,0,2025-02-22,1740233204,2,175.9209302325582,-27.21,153348,0,0
M00583,P04290,U00378,TX0000330,478.68,20250614183040,Marseille,CASH,Sports,45,169107.82,Paris,VIP,20241230,Essential Running Shoes 4290,Sports,454.33,3.3,266,ActiveWear 583,Sports,Bretagne,0.0363,20170520,18,Samedi,Juin,1,Evening,0,2025-06-14T18:30:40.000Z,2025-06-14,2025-06,1749925840,1749859200,20,22,Age Moyen,971.97,3,0,2025-06-13,1749810219,1,457.4486363636364,4.64,115621,0,0
M00110,P01400,U10261,TX0000331,163.97,20241117095220,Lyon,PAYPAL,Health,65,35835.34,Lyon,Standard,20240206,Essential Thermometer 1400,Health,155.9,4.1,646,WellnessStore 110,Health,Provence-Alpes-Côte d'Azur,0.0176,20181201,9,Dimanche,Novembre,1,Morning,1,2024-11-17T09:52:20.000Z,2024-11-17,2024-11,1731837140,1731801600,4,9,Senior,735.94,1,0,2024-10-28,1730137501,20,209.26888888888888,-21.65,1699639,0,0
M00050,P01738,U06950,TX0000332,110.82,20240831103651,Rennes,CARD,Beauty,42,55830.8,Rennes,Premium,20230105,Classic Lipstick 1738,Beauty,109.71,3.4,643,CosmeticHub 50,Beauty,Provence-Alpes-Côte d'Azur,0.0187,20180220,10,Samedi,Aout,1,Morning,1,2024-08-31T10:36:51.000Z,2024-08-31,2024-08,1725100611,1725062400,19,23,Adulte,322.81,3,0,2024-08-26,1724677125,5,380.8552173913043,-70.9,423486,0,0
M00542,P01794,U02421,TX0000333,136.18,20251027125023,Lyon,CARD,Toys,53,22418.88,Lyon,Budget,20231118,Standard Puzzle 1794,Toys,138.42,4.0,440,ToyLand 542,Toys,Normandie,0.0335,20171114,12,Lundi,Octobre,0,Afternoon,1,2025-10-27T12:50:23.000Z,2025-10-27,2025-10,1761569423,1761523200,1,1,Age Moyen,136.18,1,0,,,,136.18,0.0,,0,0
M00132,P05504,U01372,TX0000334,139.18,20240917063029,Toulouse,CARD,Beauty,39,38428.25,Toulouse,Premium,20241204,Standard Nail Kit 5504,Beauty,125.95,4.9,172,BeautyWorld 132,Beauty,Inconnu,0.0466,20220323,6,Mardi,Septembre,0,Morning,0,2024-09-17T06:30:29.000Z,2024-09-17,2024-09,1726554629,1726531200,10,16,Adulte,634.59,2,0,2024-09-11,1726061280,6,429.925,-67.63,493349,0,0
M00043,P00791,U01260,TX0000335,158.51,20251009115830,Rennes,PAYPAL,Toys,21,47753.77,Toulouse,Standard,20250119,Standard Toy Car 791,Toys,159.11,4.1,1031,ToyHub 43,Toys,Ile-de-France,0.0567,20220331,11,Jeudi,Octobre,0,Morning,1,2025-10-09T11:58:30.000Z,2025-10-09,2025-10,1760011110,1759968000,7,13,Jeune,221.76,2,0,2025-10-03,1759468594,6,409.20461538461535,-61.26,542516,0,0
M00126,P00252,U08165,TX0000336,22.8,20240624050241,Toulouse,PAYPAL,Food,68,109514.49,Paris,VIP,20230109,Premium Olive Oil 252,Food,23.46,2.6,50,FoodHub 126,Food,Ile-de-France,0.0834,20180813,5,Lundi,Juin,0,Night,0,2024-06-24T05:02:41.000Z,2024-06-24,2024-06,1719205361,1719187200,37,45,Senior,476.06,3,0,2024-06-23,1719183693,1,256.0646666666666,-91.1,21668,1,0
M00189,P02133,U08565,TX0000337,66.34,20240629172855,Paris,CARD,Books,34,46750.09,Paris,Standard,20240727,Elite Atlas 2133,Books,61.86,4.2,536,ReadMore 189,Books,Occitanie,0.05,20200127,17,Samedi,Juin,1,Afternoon,0,2024-06-29T17:28:55.000Z,2024-06-29,2024-06,1719682135,1719619200,2,23,Adulte,66.34,1,0,2024-06-08,1717882442,21,867.5839130434782,-92.35,1799693,0,0
M00553,P00295,U01989,TX0000338,40.89,20240620183544,Nantes,CASH,Clothing,56,55247.2,Nantes,Premium,20250723,Essential Dress 295,Clothing,42.69,4.4,1045,TrendyWear 553,Clothing,Ile-de-France,0.0598,20210701,18,Jeudi,Juin,0,Evening,0,2024-06-20T18:35:44.000Z,2024-06-20,2024-06,1718908544,1718841600,15,25,Age Moyen,197.38,2,0,2024-06-15,1718482942,5,238.93080000000006,-82.89,425602,0,0
M00241,P03950,U11135,TX0000339,61.12,20241231192617,Reims,BANK_TRANSFER,Beauty,42,88325.35,Reims,VIP,20241122,Classic Perfume 3950,Beauty,61.73,3.8,405,CosmeticHub 241,Beauty,Provence-Alpes-Côte d'Azur,0.0162,20210615,19,Mardi,Decembre,0,Evening,0,2024-12-31T19:26:17.000Z,2024-12-31,2024-12,1735673177,1735603200,14,45,Adulte,74.3,2,0,2024-12-27,1735290227,4,141.56355555555552,-56.83,382950,0,0
M00533,P00249,U02883,TX0000340,61.25,20240215091400,Marseille,CASH,Toys,73,31911.52,Marseille,Standard,20230721,Premium Action Figure 249,Toys,57.63,3.9,620,ToyLand 533,Toys,Hauts-de-France,0.0203,20200323,9,Jeudi,Fevrier,0,Morning,1,2024-02-15T09:14:00.000Z,2024-02-15,2024-02,1707988440,1707955200,2,18,Senior,543.97,2,0,2024-02-14,1707918329,1,233.46444444444444,-73.76,70111,0,0
M00333,P05048,U00233,TX0000341,173.19,20251119184114,Angers,BANK_TRANSFER,Toys,37,23250.27,Angers,Budget,20250920,Premium Puzzle 5048,Toys,158.1,4.0,1164,ToyHub 333,Toys,Nouvelle-Aquitaine,0.0635,20230319,18,Mercredi,Novembre,0,Evening,0,2025-11-19T18:41:14.000Z,2025-11-19,2025-11,1763577674,1763510400,8,8,Adulte,173.19,1,0,2025-05-08,1746707456,195,383.96125000000006,-54.89,16870218,0,0
M00405,P04080,U04379,TX0000342,102.4,20240822122537,Grenoble,CARD,Beauty,21,48579.91,Grenoble,Standard,20240114,,Beauty,96.76,3.5,698,BeautyWorld 405,Beauty,Nouvelle-Aquitaine,0.057,20210331,12,Jeudi,Aout,0,Afternoon,1,2024-08-22T12:25:37.000Z,2024-08-22,2024-08,1724329537,1724284800,5,18,Jeune,155.54,1,0,2024-08-11,1723389967,11,463.9161111111112,-77.93,939570,0,0
M00586,P00793,U04687,TX0000343,414.88,20241231104550,Strasbourg,CARD,Sports,37,81396.96,Strasbourg,VIP,20230728,Premium Running Shoes 793,Sports,374.0,4.7,287,FitnessShop 586,Sports,Ile-de-France,0.0138,20200716,10,Mardi,Decembre,0,Morning,1,2024-12-31T10:45:50.000Z,2024-12-31,2024-12,1735641950,1735603200,34,42,Adulte,414.88,1,0,2024-12-17,1734420790,14,314.3009523809523,32.0,1221160,0,0
M00448,P01363,U02819,TX0000344,873.84,20250925231940,Grenoble,PAYPAL,Electronics,41,69622.9,Grenoble,Premium,20250314,Classic Laptop 1363,Electronics,852.59,3.5,874,GadgetShop 448,Electronics,Pays de la Loire,0.0614,20190702,23,Jeudi,Septembre,0,Night,0,2025-09-25T23:19:40.000Z,2025-09-25,2025-09,1758842380,1758758400,21,22,Adulte,998.57,2,0,2025-09-21,1758485106,4,659.9104545454545,32.42,357274,1,0
M00339,P01922,U11349,TX0000345,1397.46,20250915213656,Lyon,PAYPAL,Automotive,46,74977.45,Lille,Premium,20230121,Premium Roof Rack 1922,Automotive,1262.91,4.9,950,CarParts 339,Automotive,Bretagne,0.036,20220921,21,Lundi,Septembre,0,Evening,0,2025-09-15T21:36:56.000Z,2025-09-15,2025-09,1757972216,1757894400,48,50,Age Moyen,1397.46,1,0,2025-09-08,1757293835,7,533.2714000000003,162.05,678381,0,0
M00122,P05156,U09627,TX0000346,447.66,20251109131406,Paris,CASH,Electronics,65,119516.97,Paris,VIP,20250321,Classic Camera 5156,Electronics,444.43,1.6,695,ElectroWorld 122,Electronics,Auvergne-Rhône-Alpes,0.0557,20190914,13,Dimanche,Novembre,1,Afternoon,1,2025-11-09T13:14:06.000Z,2025-11-09,2025-11,1762694046,1762646400,19,22,Senior,4974.12,2,0,2025-11-06,1762447374,3,687.4927272727273,-34.89,246672,0,0
M00281,P01547,U00644,TX0000347,55.0,20251107085810,Paris,BANK_TRANSFER,Beauty,54,149086.69,Paris,VIP,20230702,Classic Face Cream 1547,Beauty,50.56,2.8,981,BeautyCorner 281,Beauty,Nouvelle-Aquitaine,0.0208,20200711,8,Vendredi,Novembre,0,Morning,0,2025-11-07T08:58:10.000Z,2025-11-07,2025-11,1762505890,1762473600,34,39,Age Moyen,112.92,3,0,2025-11-06,1762442000,1,185.5825641025641,-70.36,63890,0,0
M00308,P00622,U06326,TX0000348,143.16,20240305090954,Marseille,BANK_TRANSFER,Toys,60,72215.99,Marseille,Premium,20230906,Essential Board Game 622,Toys,75.08,4.0,85,PlayShop 308,Toys,Auvergne-Rhône-Alpes,0.059,20201027,9,Mardi,Mars,0,Morning,1,2024-03-05T09:09:54.000Z,2024-03-05,2024-03,1709629794,1709596800,2,27,Age Moyen,194.43,2,0,2024-03-02,1709420934,3,390.53000000000003,-63.34,208860,0,0
M00134,P03623,U09048,TX0000349,36.18,20240920011724,Bordeaux,CARD,Books,59,82113.52,Bordeaux,Premium,20240703,Standard Atlas 3623,Books,16.5,1.8,714,BookHaven 134,Books,Nouvelle-Aquitaine,0.0125,20191120,1,Vendredi,Septembre,0,Night,0,2024-09-20T01:17:24.000Z,2024-09-20,2024-09,1726795044,1726790400,13,24,Age Moyen,62.99,2,0,2024-09-17,1726607174,3,159.07416666666668,-77.26,187870,1,0
M00494,P04807,U00770,TX0000350,11.34,20250213052327,Toulon,CARD,Books,52,49927.44,Toulon,Premium,20240218,Essential Biography 4807,Books,10.48,3.8,733,ReadMore 494,Books,Occitanie,0.0946,20201104,5,Jeudi,Fevrier,0,Night,0,2025-02-13T05:23:27.000Z,2025-02-13,2025-02,1739424207,1739404800,3,23,Age Moyen,11.34,1,0,2025-02-05,1738784476,8,193.6686956521739,-94.14,639731,1,0
M00099,P01608,U07861,TX0000351,2615.08,20250327232609,Toulouse,CRYPTO,Automotive,49,138628.32,Toulouse,VIP,20240205,Standard Tyre Set 1608,Automotive,1451.41,4.2,306,AutoCenter 99,Automotive,Ile-de-France,0.0664,20191216,23,Jeudi,Mars,0,Night,0,2025-03-27T23:26:09.000Z,2025-03-27,2025-03,1743117969,1743033600,35,35,Age Moyen,2725.73,1,0,2025-03-27,1743081526,0,344.4411428571428,659.22,36443,3,1
M00545,P05567,U07785,TX0000352,1170.04,20250831195005,Lyon,CRYPTO,Electronics,55,44329.93,Lyon,Premium,20240522,Premium Camera 5567,Electronics,1078.84,2.5,1036,GadgetShop 545,Electronics,Auvergne-Rhône-Alpes,0.0731,20170629,19,Dimanche,Aout,1,Evening,0,2025-08-31T19:50:05.000Z,2025-08-31,2025-08,1756669805,1756598400,16,16,Age Moyen,8971.44,2,0,2025-08-31,1756615922,0,846.5425,38.21,53883,1,0
M00081,P02199,U09400,TX0000353,121.82,20240708170947,Paris,,Toys,34,47884.21,Paris,Premium,20250912,Premium Board Game 2199,Toys,131.22,3.8,948,ToyHub 81,Toys,Auvergne-Rhône-Alpes,0.0137,20230221,17,Lundi,Juillet,0,Afternoon,0,2024-07-08T17:09:47.000Z,2024-07-08,2024-07,1720458587,1720396800,14,25,Adulte,121.82,1,0,2024-06-16,1718565711,22,373.53079999999994,-67.39,1892876,0,0
M00251,P05238,U10514,TX0000354,759.16,20240625174945,Lyon,CARD,Automotive,68,51687.85,Lyon,Premium,20231001,Classic Car Parts 5238,Automotive,825.17,4.6,28,CarParts 251,Automotive,Auvergne-Rhône-Alpes,0.0682,20210518,17,Mardi,Juin,0,Afternoon,0,2024-06-25T17:49:45.000Z,2024-06-25,2024-06,1719337785,1719273600,6,20,Senior,792.71,2,0,2024-06-24,1719218041,1,590.0519999999999,28.66,119744,0,0
M00176,P00762,U11412,TX0000355,78.72,20250218161400,Paris,CARD,Toys,48,35129.1,Paris,Premium,20241001,Essential Toy Car 762,Toys,81.81,4.1,889,ToyHub 176,Toys,Occitanie,0.0117,20181123,16,Mardi,Fevrier,0,Afternoon,1,2025-02-18T16:14:00.000Z,2025-02-18,2025-02,1739895240,1739836800,2,19,Age Moyen,1777.68,2,0,2025-02-12,1739380893,6,537.9431578947368,-85.37,514347,0,0
M00113,P05783,U05181,TX0000356,11.21,20240406202335,Toulouse,CARD,Health,42,71860.65,Toulouse,VIP,20250524,Essential Scale 5783,Health,5.08,3.4,1159,HealthHub 113,Health,Nouvelle-Aquitaine,0.0646,20201108,20,Samedi,Avril,1,Evening,0,2024-04-06T20:23:35.000Z,2024-04-06,2024-04,1712435015,1712361600,12,21,Adulte,1063.05,5,1,2024-04-03,1712139483,3,110.99809523809525,-89.9,295532,0,0
M00228,P04798,U07771,TX0000357,80.47,20240815205645,Paris,BANK_TRANSFER,Toys,57,74839.11,Paris,Premium,20240314,Premium Board Game 4798,Toys,86.84,2.4,768,PlayShop 228,Toys,Nouvelle-Aquitaine,0.044,20230722,20,Jeudi,Aout,0,Evening,0,2024-08-15T20:56:45.000Z,2024-08-15,2024-08,1723755405,1723680000,9,11,Age Moyen,259.18,3,0,2024-08-14,1723621746,1,122.54454545454543,-34.33,133659,0,0
M00481,P05128,U11064,TX0000358,33.41,20240312182621,Lyon,CASH,Health,16,86954.87,Nantes,VIP,20240820,Elite Vitamins 5128,Health,30.9,2.9,14,HealthShop 481,Health,Auvergne-Rhône-Alpes,0.0551,20220413,18,Mardi,Mars,0,Evening,0,2024-03-12T18:26:21.000Z,2024-03-12,2024-03,1710267981,1710201600,5,33,Jeune,33.41,1,0,2024-03-05,1709660306,7,125.0669696969697,-73.29,607675,0,0
M00317,P03014,U10295,TX0000359,704.42,20240709190605,Lyon,BANK_TRANSFER,Automotive,30,75222.27,Lyon,VIP,20250722,Elite Roof Rack 3014,Automotive,672.73,2.4,172,AutoShop 317,Automotive,Ile-de-France,0.0301,20210711,19,Mardi,Juillet,0,Evening,0,2024-07-09T19:06:05.000Z,2024-07-09,2024-07,1720551965,1720483200,16,35,Adulte,1134.28,1,0,2024-07-09,1720527867,0,497.2545714285714,41.66,24098,0,0
M00041,P01625,U04241,TX0000360,216.5,20250308081032,Paris,CARD,Automotive,48,53505.1,Paris,VIP,20241216,Pro Tyre Set 1625,Automotive,216.18,2.6,318,AutoCenter 41,Automotive,Nouvelle-Aquitaine,0.0171,20221224,8,Samedi,Mars,1,Morning,0,2025-03-08T08:10:32.000Z,2025-03-08,2025-03,1741421432,1741392000,42,48,Age Moyen,216.5,1,0,2025-03-01,1740836454,7,812.1989583333333,-73.34,584978,0,0
M00074,P03678,U05111,TX0000361,51.79,20250427103654,Marseille,PAYPAL,Clothing,36,135156.21,Marseille,VIP,20240418,Elite Jeans 3678,Clothing,50.62,2.7,881,StyleShop 74,Clothing,Occitanie,0.0512,20210110,10,Dimanche,Avril,1,Morning,1,2025-04-27T10:36:54.000Z,2025-04-27,2025-04,1745750214,1745712000,28,28,Adulte,1195.89,3,0,2025-04-27,1745741217,0,631.1153571428571,-91.79,8997,0,0
M00024,P05289,U02848,TX0000362,17.85,20240906090803,Bordeaux,BANK_TRANSFER,Health,33,28042.74,Bordeaux,Standard,20231010,Classic Scale 5289,Health,17.37,2.0,771,HealthHub 24,Health,Auvergne-Rhône-Alpes,0.0871,20180131,9,Vendredi,Septembre,0,Morning,1,2024-09-06T09:08:03.000Z,2024-09-06,2024-09,1725613683,1725580800,1,12,Adulte,17.85,1,0,,,,137.95250000000001,-87.06,,0,0
M00449,P03510,U05962,TX0000363,48.06,20250517115930,Montpellier,PAYPAL,Toys,45,34989.81,Montpellier,Standard,20230516,Elite Building Blocks 3510,Toys,51.9,1.4,190,ToyHub 449,Toys,Occitanie,0.0378,20181210,11,Samedi,Mai,1,Morning,1,2025-05-17T11:59:30.000Z,2025-05-17,2025-05,1747483170,1747440000,16,20,Age Moyen,847.51,2,0,2025-05-13,1747154077,4,193.14400000000003,-75.12,329093,0,0
M00103,P01471,U02119,TX0000364,82.34,20250422143534,Bordeaux,CARD,Health,44,44306.63,Bordeaux,Standard,20231115,Essential First Aid Kit 1471,Health,78.39,2.5,854,WellnessStore 103,Health,Nouvelle-Aquitaine,0.0397,20211005,14,Mardi,Avril,0,Afternoon,1,2025-04-22T14:35:34.000Z,2025-04-22,2025-04,1745332534,1745280000,5,12,Adulte,82.34,1,0,2025-04-12,1744466679,10,156.58666666666667,-47.42,865855,0,0
M00340,P00666,U01537,TX0000365,45.55,20250410090830,Dijon,CARD,Sports,25,118949.55,Dijon,VIP,20250709,Classic Bicycle Helmet 666,Sports,44.02,3.2,388,SportZone 340,Sports,Ile-de-France,0.0293,20221206,9,Jeudi,Avril,0,Morning,1,2025-04-10T09:08:30.000Z,2025-04-10,2025-04,1744276110,1744243200,8,43,Jeune,256.45,2,0,2025-04-04,1743776171,6,422.54348837209307,-89.22,499939,0,0
M00151,P02756,U06335,TX0000366,221.97,20240728192012,Paris,CASH,Home & Garden,55,25013.99,Paris,Standard,20230309,Classic Cookware Set 2756,Home & Garden,230.05,3.9,648,DecorShop 151,Home & Garden,Ile-de-France,0.0183,20170419,19,Dimanche,Juillet,1,Evening,0,2024-07-28T19:20:12.000Z,2024-07-28,2024-07,1722194412,1722124800,4,13,Age Moyen,494.97,2,0,2024-07-28,1722129629,0,243.05384615384614,-8.67,64783,0,0
M00275,P04114,U06829,TX0000367,273.25,20241203104322,Angers,PAYPAL,Sports,39,69253.17,Strasbourg,Premium,20250711,Elite Tennis Racket 4114,Sports,247.0,3.2,505,FitnessShop 275,Sports,Provence-Alpes-Côte d'Azur,0.0981,20191209,10,Mardi,Decembre,0,Morning,1,2024-12-03T10:43:22.000Z,2024-12-03,2024-12,1733222602,1733184000,14,20,Adulte,474.7,2,0,2024-12-02,1733125157,1,316.4085,-13.64,97445,0,0
M00487,P05724,U06722,TX0000368,48.11,20251024100118,Villeurbanne,CASH,Food,40,52139.85,Villeurbanne,Premium,20230212,Pro Coffee Pack 5724,Food,46.41,3.1,194,FoodHub 487,Food,Bretagne,0.0192,20201006,10,Vendredi,Octobre,0,Morning,1,2025-10-24T10:01:18.000Z,2025-10-24,2025-10,1761300078,1761264000,14,16,Adulte,48.11,1,0,2025-10-17,1760685222,7,594.825625,-91.91,614856,0,0
M00512,P01657,U03954,TX0000369,53.32,20250211185804,Paris,CASH,Books,28,33848.67,Paris,Standard,20250517,Elite Textbook 1657,Books,48.97,2.6,939,BookCorner 512,Books,Grand Est,0.0437,20220727,18,Mardi,Fevrier,0,Evening,0,2025-02-11T18:58:04.000Z,2025-02-11,2025-02,1739300284,1739232000,11,18,Adulte,653.58,3,0,2025-02-08,1739023737,3,414.991111111111,-87.15,276547,0,0
M00274,P04105,U11986,TX0000370,87.84,20250620192928,Nice,CRYPTO,Toys,17,41896.53,Nice,Premium,20231014,Elite Action Figure 4105,Toys,81.81,2.0,211,PlayShop 274,Toys,Normandie,0.0647,20210216,19,Vendredi,Juin,0,Evening,0,2025-06-20T19:29:28.000Z,2025-06-20,2025-06,1750447768,1750377600,8,21,Jeune,99.41,2,0,2025-06-15,1750006562,5,215.91000000000003,-59.32,441206,1,0
M00264,P04825,U02655,TX0000371,765.43,20241110235633,Toulouse,CASH,Home & Garden,52,33555.39,Toulouse,Standard,20250319,Standard Cookware Set 4825,Home & Garden,843.26,4.1,1063,DecorShop 264,Home & Garden,Normandie,0.0599,20230128,23,Dimanche,Novembre,1,Night,0,2024-11-10T23:56:33.000Z,2024-11-10,2024-11,1731282993,1731196800,8,10,Age Moyen,962.83,1,0,2024-11-10,1731249651,0,316.345,141.96,33342,1,0
M00598,P00348,U00170,TX0000372,239.63,20250406120948,Toulon,CARD,Clothing,36,25728.02,Toulon,Standard,20230217,Essential T-Shirt 348,Clothing,264.94,3.9,814,TrendyWear 598,Clothing,Hauts-de-France,0.0127,20190314,12,Dimanche,Avril,1,Afternoon,1,2025-04-06T12:09:48.000Z,2025-04-06,2025-04,1743941388,1743897600,6,8,Adulte,239.63,1,0,2024-04-28,1714292664,343,67.01375,257.58,29648724,0,0
M00352,P05437,U07695,TX0000373,791.63,20240807185005,Lyon,CARD,Home & Garden,16,18990.66,Lyon,Budget,20250502,Elite Sofa 5437,Home & Garden,744.02,3.9,154,HomeStyle 352,Home & Garden,Hauts-de-France,0.0143,20170214,18,Mercredi,Aout,0,Evening,0,2024-08-07T18:50:05.000Z,2024-08-07,2024-08,1723056605,1722988800,5,13,Jeune,791.63,1,0,2024-07-26,1721979029,12,664.4376923076924,19.14,1077576,0,0
M00358,P00531,U11590,TX0000374,11.14,20250311113556,Saint-Etienne,CASH,Food,43,27253.54,Saint-Etienne,Premium,20250710,Elite Tea Set 531,Food,10.16,1.3,906,GourmetShop 358,Food,Bretagne,0.0926,20210513,11,Mardi,Mars,0,Morning,1,2025-03-11T11:35:56.000Z,2025-03-11,2025-03,1741692956,1741651200,1,12,Adulte,11.14,1,0,,,,147.65416666666667,-92.46,,0,0
M00457,P03285,U01881,TX0000375,334.8,20250528145834,Paris,CARD,Toys,53,23277.26,Paris,Budget,20240824,Elite Building Blocks 3285,Toys,110.22,2.7,955,ToyLand 457,Toys,Normandie,0.0662,20210601,14,Mercredi,Mai,0,Afternoon,1,2025-05-28T14:58:34.000Z,2025-05-28,2025-05,1748444314,1748390400,9,9,Age Moyen,334.8,1,0,2025-05-18,1747565806,10,141.20333333333332,137.1,878508,0,0
M00520,P01152,U10294,TX0000376,183.21,20250401004508,Reims,CARD,Electronics,48,114705.65,Reims,VIP,20240111,Standard Tablet 1152,Electronics,199.3,3.4,964,TechStore 520,Electronics,Hauts-de-France,0.0951,20220413,0,Mardi,Avril,0,Night,0,2025-04-01T00:45:08.000Z,2025-04-01,2025-04,1743468308,1743465600,41,46,Age Moyen,640.56,3,0,2025-03-29,1743245692,3,283.35630434782604,-35.34,222616,1,0
M00480,P02536,U01724,TX0000377,117.78,20240725111733,Paris,CARD,Clothing,30,123596.36,Paris,VIP,20230908,Elite Scarf 2536,Clothing,121.09,3.2,127,ClothingHub 480,Clothing,Occitanie,0.0722,20201105,11,Jeudi,Juillet,0,Morning,1,2024-07-25T11:17:33.000Z,2024-07-25,2024-07,1721906253,1721865600,13,38,Adulte,1442.53,3,0,2024-07-25,1721876732,0,372.50131578947367,-68.38,29521,0,0
M00452,P02513,U09116,TX0000378,69.39,20250422105939,Lyon,CARD,Beauty,34,33583.47,Lyon,Premium,20250402,Elite Perfume 2513,Beauty,71.75,4.0,225,BeautyWorld 452,Beauty,Grand Est,0.0969,20200402,10,Mardi,Avril,0,Morning,1,2025-04-22T10:59:39.000Z,2025-04-22,2025-04,1745319579,1745280000,15,17,Adulte,1204.93,2,0,2025-04-20,1745163466,2,414.01176470588246,-83.24,156113,0,0
M00377,P05000,U10834,TX0000379,623.94,20250525195448,Bordeaux,BANK_TRANSFER,Clothing,33,36004.74,Bordeaux,Standard,20230130,Premium Jacket 5000,Clothing,283.63,4.7,985,ClothingHub 377,Clothing,Ile-de-France,0.0756,20181121,19,Dimanche,Mai,1,Evening,0,2025-05-25T19:54:48.000Z,2025-05-25,2025-05,1748202888,1748131200,7,7,Adulte,693.75,2,0,2025-05-24,1748117743,1,238.35714285714286,161.77,85145,0,0
M00424,P05218,U03894,TX0000380,8.51,20240108220402,Lyon,PAYPAL,Food,41,141824.82,Lyon,VIP,20250313,Pro Coffee Pack 5218,Food,8.65,1.0,994,FreshMarket 424,Food,Provence-Alpes-Côte d'Azur,0.0823,20220324,22,Lundi,Janvier,0,Night,0,2024-01-08T22:04:02.000Z,2024-01-08,2024-01,1704751442,1704672000,2,37,Adulte,105.14,1,0,2024-01-08,1704732366,0,97.33864864864864,-91.26,19076,1,0
M00379,P05706,U03684,TX0000381,42.66,20240516103536,Nîmes,CRYPTO,Books,53,92865.56,Nîmes,VIP,20230917,Standard Atlas 5706,Books,40.12,4.0,975,BookCorner 379,Books,Auvergne-Rhône-Alpes,0.0793,20221126,10,Jeudi,Mai,0,Morning,1,2024-05-16T10:35:36.000Z,2024-05-16,2024-05,1715855736,1715817600,23,48,Age Moyen,651.13,3,0,2024-05-13,1715641523,3,222.01395833333336,-80.78,214213,1,0
M00358,P02459,U10953,TX0000382,90.7,20240713210924,Nantes,PAYPAL,Food,16,136483.92,Nantes,VIP,20230404,Essential Coffee Pack 2459,Food,83.58,3.9,579,GourmetShop 358,Food,Bretagne,0.0926,20210513,21,Samedi,Juillet,1,Evening,0,2024-07-13T21:09:24.000Z,2024-07-13,2024-07,1720904964,1720828800,17,28,Jeune,795.97,4,0,2024-07-12,1720822751,1,383.985357142857,-76.38,82213,0,0
M00474,P01085,U05411,TX0000383,177.24,20241010093418,Montpellier,CRYPTO,Beauty,16,78281.61,Montpellier,VIP,20230726,Elite Shampoo 1085,Beauty,161.09,4.5,1078,BeautyWorld 474,Beauty,Ile-de-France,0.0767,20220316,9,Jeudi,Octobre,0,Morning,1,2024-10-10T09:34:18.000Z,2024-10-10,2024-10,1728552858,1728518400,9,50,Jeune,626.3,2,0,2024-10-05,1728130938,5,331.9126,-46.6,421920,1,0
M00251,P01494,U03874,TX0000384,691.19,20240210071952,Paris,BANK_TRANSFER,Automotive,43,37911.64,Paris,Standard,20240209,Premium Roof Rack 1494,Automotive,735.74,2.6,322,CarParts 251,Automotive,Auvergne-Rhône-Alpes,0.0682,20210518,7,Samedi,Fevrier,1,Morning,0,2024-02-10T07:19:52.000Z,2024-02-10,2024-02,1707549592,1707523200,5,25,Adulte,2391.59,3,0,2024-02-09,1707483782,1,818.1596,-15.52,65810,0,0
M00362,P05886,U08067,TX0000385,488.62,20250526070450,Nice,CASH,Sports,42,35653.16,Nice,Premium,20240808,Essential Tennis Racket 5886,Sports,527.69,4.9,913,FitnessShop 362,Sports,Pays de la Loire,0.0131,20181202,7,Lundi,Mai,0,Morning,0,2025-05-26T07:04:50.000Z,2025-05-26,2025-05,1748243090,1748217600,9,9,Adulte,3107.7,4,0,2025-05-25,1748206974,1,567.8255555555555,-13.95,36116,0,0
M00258,P02610,U08360,TX0000386,979.18,20241031004148,Toulon,CRYPTO,Electronics,56,21612.15,Toulon,Budget,20240612,Standard Tablet 2610,Electronics,1052.17,4.5,774,DigitalHub 258,Electronics,Provence-Alpes-Côte d'Azur,0.0181,20200407,0,Jeudi,Octobre,0,Night,0,2024-10-31T00:41:48.000Z,2024-10-31,2024-10,1730335308,1730332800,5,7,Age Moyen,979.18,1,0,2024-10-11,1728656647,20,764.7342857142858,28.04,1678661,2,1
M00430,P00614,U00830,TX0000387,39.2,20240718000720,Reims,CRYPTO,Toys,22,9921.04,Reims,Budget,20250906,Standard Toy Car 614,Toys,5.89,3.0,474,PlayShop 430,Toys,Hauts-de-France,0.0751,20170830,0,Jeudi,Juillet,0,Night,0,2024-07-18T00:07:20.000Z,2024-07-18,2024-07,1721261240,1721260800,9,13,Jeune,126.86,2,0,2024-07-15,1721030221,3,130.48769230769233,-69.96,231019,2,1
M00354,P97467,U04098,TX0000388,46.83,20250313233045,Rennes,BANK_TRANSFER,Sports,,,,Inconnu,,,,,,,ActiveWear 354,Sports,Hauts-de-France,0.0536,20210512,23,Jeudi,Mars,0,Night,0,2025-03-13T23:30:45.000Z,2025-03-13,2025-03,1741908645,1741824000,18,36,Inconnu,901.85,2,0,2025-03-11,1741703763,2,430.7280555555555,-89.13,204882,1,0
M00212,P00253,U03723,TX0000389,67.39,20240624170920,Nîmes,PAYPAL,Health,24,58337.1,Nîmes,Premium,20250720,Standard First Aid Kit 253,Health,30.38,4.8,944,,Inconnu,Inconnu,,,17,Lundi,Juin,0,Afternoon,0,2024-06-24T17:09:20.000Z,2024-06-24,2024-06,1719248960,1719187200,17,24,Jeune,67.39,1,0,2024-06-16,1718496823,8,410.13500000000005,-83.57,752137,0,0
M00572,P01533,U02928,TX0000390,476.63,20240527122050,Saint-Etienne,BANK_TRANSFER,Home & Garden,50,39114.9,Saint-Etienne,Standard,20250107,Essential Garden Chair 1533,Home & Garden,484.5,4.6,928,DecorShop 572,Home & Garden,Hauts-de-France,0.0406,20170805,12,Lundi,Mai,0,Afternoon,1,2024-05-27T12:20:50.000Z,2024-05-27,2024-05,1716812450,1716768000,3,18,Age Moyen,476.63,1,0,2024-05-12,1715486139,15,322.05833333333334,47.99,1326311,0,0
M00127,P04001,U10103,TX0000391,292.0,20240622204423,Saint-Etienne,CASH,Sports,63,19071.42,Saint-Etienne,Budget,20240311,Premium Dumbbells 4001,Sports,314.42,3.6,512,SportZone 127,Sports,Auvergne-Rhône-Alpes,0.0369,20170522,20,Samedi,Juin,1,Evening,0,2024-06-22T20:44:23.000Z,2024-06-22,2024-06,1719089063,1719014400,2,2,Age Moyen,360.37,2,0,2024-06-21,1718988160,1,180.185,62.06,100903,0,0
M00554,P00397,U09399,TX0000392,197.87,20240403091808,Marseille,CARD,Automotive,16,106531.26,Marseille,VIP,20240202,Essential Car Parts 397,Automotive,211.24,1.8,135,MotorHub 554,Automotive,Auvergne-Rhône-Alpes,0.0458,20190324,9,Mercredi,Avril,0,Morning,1,2024-04-03T09:18:08.000Z,2024-04-03,2024-04,1712135888,1712102400,1,30,Jeune,197.87,1,0,,,,705.138666666667,-71.94,,0,0
M00503,P04994,U10198,TX0000393,177.73,20250919165553,Paris,BANK_TRANSFER,Clothing,49,75003.5,Paris,Premium,20240530,Premium Sneakers 4994,Clothing,93.88,3.9,381,ClothingHub 503,Clothing,Occitanie,0.0787,20190209,16,Vendredi,Septembre,0,Afternoon,1,2025-09-19T16:55:53.000Z,2025-09-19,2025-09,1758300953,1758240000,1,4,Age Moyen,177.73,1,0,,,,192.76999999999998,-7.8,,0,0
M00389,P05052,U10679,TX0000394,1376.03,20251119130901,Lyon,BANK_TRANSFER,Electronics,48,15646.02,Lyon,Budget,20241103,Elite Headphones 5052,Electronics,1344.87,3.8,362,,Inconnu,Inconnu,,,13,Mercredi,Novembre,0,Afternoon,1,2025-11-19T13:09:01.000Z,2025-11-19,2025-11,1763557741,1763510400,5,7,Age Moyen,1376.03,1,0,2025-07-16,1752677736,126,1249.682857142857,10.11,10880005,0,0
M00199,P02796,U01899,TX0000395,700.04,20250110222549,Nice,PAYPAL,Electronics,34,31621.31,Nice,Standard,20230824,Standard Smart TV 2796,Electronics,754.89,3.6,777,GadgetShop 199,Electronics,Pays de la Loire,0.0562,20170529,22,Vendredi,Janvier,0,Night,0,2025-01-10T22:25:49.000Z,2025-01-10,2025-01,1736547949,1736467200,13,18,Adulte,1093.81,1,0,2024-08-23,1724432179,140,149.77388888888888,367.4,12115770,2,1
M00540,P04362,U07916,TX0000396,47.5,20250402080656,Lyon,CARD,Books,49,115786.77,Lyon,VIP,20250131,Classic Atlas 4362,Books,47.64,2.9,690,ReadMore 540,Books,Auvergne-Rhône-Alpes,0.0661,20230209,8,Mercredi,Avril,0,Morning,0,2025-04-02T08:06:56.000Z,2025-04-02,2025-04,1743581216,1743552000,15,34,Age Moyen,47.5,1,0,2024-12-21,1734786697,102,444.375588235294,-89.31,8794519,0,0
M00389,P02853,U92289,TX0000397,1277.97,20251211174022,Reims,BANK_TRANSFER,Electronics,,,,Inconnu,,Elite Smart TV 2853,Electronics,1247.7,3.6,154,,Inconnu,Inconnu,,,17,Jeudi,Decembre,0,Afternoon,0,2025-12-11T17:40:22.000Z,2025-12-11,2025-12,1765474822,1765411200,1,1,Inconnu,1277.97,1,0,,,,1277.97,0.0,,0,0
M00162,P03703,U06156,TX0000398,272.49,20250723132904,Bordeaux,PAYPAL,Clothing,42,120548.33,Bordeaux,VIP,20241223,Standard Jeans 3703,Clothing,260.94,3.4,614,TrendyWear 162,Clothing,Ile-de-France,0.0465,20230322,13,Mercredi,Juillet,0,Afternoon,1,2025-07-23T13:29:04.000Z,2025-07-23,2025-07,1753277344,1753228800,15,28,Adulte,272.49,1,0,2025-07-16,1752690970,7,163.2225,66.94,586374,0,0
M00593,P01239,U07887,TX0000399,1905.48,20251205175023,Villeurbanne,BANK_TRANSFER,Electronics,51,15610.71,Villeurbanne,Budget,20231124,Pro Camera 1239,Electronics,1965.64,4.4,822,DigitalHub 593,Electronics,Nouvelle-Aquitaine,0.0294,20180411,17,Vendredi,Decembre,0,Afternoon,0,2025-12-05T17:50:23.000Z,2025-12-05,2025-12,1764957023,1764892800,3,3,Age Moyen,1905.48,1,0,2025-10-12,1760241510,54,1477.2233333333334,28.99,4715513,0,0
M00446,P04180,U05444,TX0000400,615.5,20241004093140,Villeurbanne,BANK_TRANSFER,Home & Garden,35,76291.82,Villeurbanne,VIP,20240728,Premium Rug 4180,Home & Garden,557.83,2.3,84,DecorShop 446,Home & Garden,Normandie,0.0539,20230305,9,Vendredi,Octobre,0,Morning,1,2024-10-04T09:31:40.000Z,2024-10-04,2024-10,1728034300,1728000000,1,29,Adulte,615.5,1,0,,,,243.61758620689665,152.65,,0,0
M00097,P02131,U07085,TX0000401,118.96,20251016230239,Rennes,CARD,Toys,61,40423.71,Rennes,Premium,20240615,Premium Building Blocks 2131,Toys,63.35,3.2,808,ToyLand 97,Toys,Occitanie,0.061,20180925,23,Jeudi,Octobre,0,Night,0,2025-10-16T23:02:39.000Z,2025-10-16,2025-10,1760655759,1760572800,16,18,Age Moyen,118.96,1,0,2025-10-05,1759650627,11,322.0038888888889,-63.06,1005132,1,0
M00286,P03449,U04870,TX0000402,58.49,20240714042845,Paris,CARD,Books,45,126209.27,Paris,VIP,20241209,Premium Novel 3449,Books,62.47,4.4,57,BookCorner 286,Books,Pays de la Loire,0.0458,20191226,4,Dimanche,Juillet,1,Night,0,2024-07-14T04:28:45.000Z,2024-07-14,2024-07,1720931325,1720915200,26,76,Age Moyen,58.49,1,0,2024-07-04,1720117781,10,143.47499999999997,-59.23,813544,1,0
M00139,P04510,U03835,TX0000403,313.92,20250115143145,Paris,BANK_TRANSFER,Health,37,40357.12,Paris,Standard,20231213,Pro First Aid Kit 4510,Health,141.0,3.7,737,VitalShop 139,Health,Normandie,0.029,20180111,14,Mercredi,Janvier,0,Afternoon,1,2025-01-15T14:31:45.000Z,2025-01-15,2025-01,1736951505,1736899200,8,21,Adulte,1897.93,2,0,2025-01-11,1736618470,4,365.2033333333334,-14.04,333035,0,0
M90368,P02777,U01007,TX0000404,386.5,20250629084111,Paris,BANK_TRANSFER,Sports,16,125796.29,Paris,VIP,20240722,Standard Tennis Racket 2777,Sports,381.44,3.5,177,,Inconnu,Inconnu,,,8,Dimanche,Juin,1,Morning,0,2025-06-29T08:41:11.000Z,2025-06-29,2025-06,1751186471,1751155200,22,31,Jeune,386.5,1,0,2025-06-18,1750221144,11,252.13516129032263,53.29,965327,0,0
M00275,P04346,U11297,TX0000405,386.95,20250718153011,Toulouse,CRYPTO,Sports,33,75471.61,Toulouse,VIP,20240304,Premium Yoga Mat 4346,Sports,348.63,4.8,406,FitnessShop 275,Sports,Provence-Alpes-Côte d'Azur,0.0981,20191209,15,Vendredi,Juillet,0,Afternoon,1,2025-07-18T15:30:11.000Z,2025-07-18,2025-07,1752852611,1752796800,14,16,Adulte,386.95,1,0,2025-07-10,1752164511,8,509.48312500000003,-24.05,688100,1,0
M00502,P04563,U07283,TX0000406,1047.75,20240612112759,Strasbourg,CARD,Automotive,50,68663.35,Strasbourg,Premium,20250312,Standard Car Battery 4563,Automotive,1067.69,4.0,229,CarParts 502,Automotive,Bretagne,0.0543,20200910,11,Mercredi,Juin,0,Morning,1,2024-06-12T11:27:59.000Z,2024-06-12,2024-06,1718191679,1718150400,1,11,Age Moyen,1047.75,1,0,,,,694.7672727272727,50.81,,0,0
M00460,P00454,U96574,TX0000407,815.42,20240124115952,Angers,CARD,Home & Garden,,,,Inconnu,,Elite Lamp 454,Home & Garden,795.39,4.4,820,DecorShop 460,Home & Garden,Pays de la Loire,0.0458,20230118,11,Mercredi,Janvier,0,Morning,1,2024-01-24T11:59:52.000Z,2024-01-24,2024-01,1706097592,1706054400,1,1,Inconnu,815.42,1,0,,,,815.42,0.0,,0,0
M00416,P04809,U08463,TX0000408,68.16,20250715175250,Lyon,CARD,Clothing,44,115115.4,Marseille,VIP,20231125,Standard Dress 4809,Clothing,65.04,1.0,755,StyleShop 416,Clothing,Bretagne,0.0849,20170707,17,Mardi,Juillet,0,Afternoon,0,2025-07-15T17:52:50.000Z,2025-07-15,2025-07,1752601970,1752537600,26,31,Adulte,68.16,1,0,2025-07-08,1751969367,7,293.9593548387096,-76.81,632603,0,0
M00236,P04354,U04316,TX0000409,299.35,20250212155738,Lyon,PAYPAL,Sports,48,24516.12,Lyon,Budget,20231125,Pro Backpack 4354,Sports,291.57,3.3,16,SportZone 236,Sports,Ile-de-France,0.0887,20200330,15,Mercredi,Fevrier,0,Afternoon,1,2025-02-12T15:57:38.000Z,2025-02-12,2025-02,1739375858,1739318400,2,2,Age Moyen,299.35,1,0,2025-02-05,1738793322,7,245.21500000000003,22.08,582536,0,0
M00341,P01443,U08902,TX0000410,15.88,20240316094348,Toulon,CARD,Beauty,42,42899.47,Reims,Premium,20230522,Classic Nail Kit 1443,Beauty,14.7,2.8,1068,BeautyCorner 341,Beauty,Pays de la Loire,0.0437,20170927,9,Samedi,Mars,1,Morning,1,2024-03-16T09:43:48.000Z,2024-03-16,2024-03,1710582228,1710547200,16,21,Adulte,15.88,1,0,2024-03-03,1709460337,13,1146.9609523809522,-98.62,1121891,0,0
M00360,P04405,U11467,TX0000411,2233.21,20250420171445,Toulon,CARD,Home & Garden,16,72240.61,Toulon,VIP,20230425,Elite Lamp 4405,Home & Garden,767.88,3.2,462,GardenWorld 360,Home & Garden,Provence-Alpes-Côte d'Azur,0.0592,20210803,17,Dimanche,Avril,1,Afternoon,0,2025-04-20T17:14:45.000Z,2025-04-20,2025-04,1745169285,1745107200,49,69,Jeune,2396.04,2,0,2025-04-15,1744757752,5,262.01550724637684,752.32,411533,1,0
M00396,P05949,U08589,TX0000412,79.05,20250514123148,Montpellier,CARD,Books,16,93112.42,Montpellier,Premium,20231221,Elite Cookbook 5949,Books,27.2,3.6,475,BookHaven 396,Books,Nouvelle-Aquitaine,0.0702,20220623,12,Mercredi,Mai,0,Afternoon,1,2025-05-14T12:31:48.000Z,2025-05-14,2025-05,1747225908,1747180800,14,23,Jeune,2075.49,2,0,2025-05-08,1746721790,6,1114.766086956522,-92.91,504118,0,0
M00591,P05565,U09145,TX0000413,153.16,20241124150305,Paris,CARD,Toys,30,17180.37,Paris,Budget,20241002,Essential Action Figure 5565,Toys,141.61,3.3,1037,ToyLand 591,Toys,Ile-de-France,0.0995,20170909,15,Dimanche,Novembre,1,Afternoon,1,2024-11-24T15:03:05.000Z,2024-11-24,2024-11,1732460585,1732406400,1,4,Adulte,153.16,1,0,,,,142.43249999999998,7.53,,0,0
M00322,P01521,U03071,TX0000414,15.66,20251008031331,Strasbourg,BANK_TRANSFER,Toys,42,46507.98,Strasbourg,Premium,20250119,Elite Puzzle 1521,Toys,17.12,1.9,1173,ToyLand 322,Toys,Occitanie,0.0842,20220412,3,Mercredi,Octobre,0,Night,0,2025-10-08T03:13:31.000Z,2025-10-08,2025-10,1759893211,1759881600,26,28,Adulte,533.88,2,0,2025-10-03,1759515355,5,977.9464285714288,-98.4,377856,1,0
M00195,P00842,U07043,TX0000415,320.51,20240211203735,Reims,CARD,Sports,58,137711.52,Reims,VIP,20250728,Classic Tennis Racket 842,Sports,333.51,3.3,961,SportHub 195,Sports,Hauts-de-France,0.044,20230202,20,Dimanche,Fevrier,1,Evening,0,2024-02-11T20:37:35.000Z,2024-02-11,2024-02,1707683855,1707609600,3,46,Age Moyen,680.05,2,0,2024-02-07,1707343290,4,290.3097826086956,10.4,340565,0,0
M00173,P04814,U11945,TX0000416,112.49,20240326135834,Toulouse,CARD,Toys,,,,Inconnu,,Classic Puzzle 4814,Toys,114.03,4.3,159,PlayShop 173,Toys,Auvergne-Rhône-Alpes,0.0114,20171225,13,Mardi,Mars,0,Afternoon,1,2024-03-26T13:58:34.000Z,2024-03-26,2024-03,1711461514,1711411200,4,27,Inconnu,256.89,2,0,2024-03-23,1711219432,3,341.9233333333333,-67.1,242082,0,0
M00354,P04492,U06951,TX0000417,113.69,20241108072951,Marseille,PAYPAL,Sports,39,68755.0,Marseille,Premium,20230428,Standard Running Shoes 4492,Sports,107.53,4.0,710,ActiveWear 354,Sports,Hauts-de-France,0.0536,20210512,7,Vendredi,Novembre,0,Morning,0,2024-11-08T07:29:51.000Z,2024-11-08,2024-11,1731050991,1731024000,1,24,Adulte,113.69,1,0,,,,294.1304166666667,-61.35,,0,0
M00391,P00171,U08290,TX0000418,38.71,20250118194808,Grenoble,PAYPAL,Books,42,86655.36,Grenoble,Premium,20250817,Standard Comic Book 171,Books,34.69,3.7,1162,BookHaven 391,Books,Ile-de-France,0.0789,20211022,19,Samedi,Janvier,1,Evening,0,2025-01-18T19:48:08.000Z,2025-01-18,2025-01,1737229688,1737158400,6,14,Adulte,237.52,1,0,2025-01-18,1737199703,0,411.2114285714286,-90.59,29985,0,0
M00069,P01531,U10961,TX0000419,781.09,20251008183924,Toulouse,CARD,Home & Garden,30,30016.13,Toulouse,Standard,20230201,Elite Lamp 1531,Home & Garden,757.65,4.0,115,DecorShop 69,Home & Garden,Pays de la Loire,0.0598,20180102,18,Mercredi,Octobre,0,Evening,0,2025-10-08T18:39:24.000Z,2025-10-08,2025-10,1759948764,1759881600,11,12,Adulte,781.09,1,0,2025-06-18,1750284817,112,445.1841666666667,75.45,9663947,0,0
M00129,P01942,U05237,TX0000420,81.17,20240505144523,Dijon,BANK_TRANSFER,Food,55,27232.04,Dijon,Standard,20250406,Elite Coffee Pack 1942,Food,87.36,4.5,611,GourmetShop 129,Food,Auvergne-Rhône-Alpes,0.0148,20181121,14,Dimanche,Mai,1,Afternoon,1,2024-05-05T14:45:23.000Z,2024-05-05,2024-05,1714920323,1714867200,1,10,Age Moyen,81.17,1,0,,,,211.766,-61.67,,0,0
M00291,P01473,U05666,TX0000421,1988.93,20241019183620,Le Havre,PAYPAL,Electronics,61,40070.58,Le Havre,Standard,20231011,Pro Laptop 1473,Electronics,942.7,3.3,277,TechStore 291,Electronics,Occitanie,0.0973,20181001,18,Samedi,Octobre,1,Evening,0,2024-10-19T18:36:20.000Z,2024-10-19,2024-10,1729362980,1729296000,6,10,Age Moyen,3238.41,2,0,2024-10-17,1729154811,2,658.659,201.97,208169,0,0
M00475,P03788,U03470,TX0000422,130.8,20251201014938,Nîmes,BANK_TRANSFER,Toys,30,129525.0,Saint-Etienne,VIP,20241102,Pro Action Figure 3788,Toys,122.41,3.9,948,KidsWorld 475,Toys,Grand Est,0.0499,20190220,1,Lundi,Decembre,0,Night,0,2025-12-01T01:49:38.000Z,2025-12-01,2025-12,1764553778,1764547200,16,22,Adulte,1003.57,2,0,2025-11-30,1764528588,1,303.6868181818182,-56.93,25190,1,0
M00244,P01243,U02492,TX0000423,1040.02,20250220093852,Nice,BANK_TRANSFER,Automotive,36,33197.33,Nice,Premium,20250224,Elite Car Battery 1243,Automotive,357.92,3.5,1020,AutoCenter 244,Automotive,Grand Est,0.0285,20221116,9,Jeudi,Fevrier,0,Morning,1,2025-02-20T09:38:52.000Z,2025-02-20,2025-02,1740044332,1740009600,9,35,Adulte,1040.02,1,0,2025-02-04,1738712394,16,443.52628571428573,134.49,1331938,0,0
M00242,P05223,U04891,TX0000425,316.39,20250828195811,Lyon,PAYPAL,Sports,37,44469.99,Lyon,Premium,20240724,Essential Backpack 5223,Sports,351.1,4.3,739,FitnessShop 242,Sports,Occitanie,0.0672,20220512,19,Jeudi,Aout,0,Evening,0,2025-08-28T19:58:11.000Z,2025-08-28,2025-08,1756411091,1756339200,15,19,Adulte,1271.18,2,0,2025-08-25,1756121743,3,802.61,-60.58,289348,0,0
M00211,P01278,U00101,TX0000426,25.33,20240710195747,Paris,CARD,Food,45,49699.16,Paris,Premium,20231116,Classic Tea Set 1278,Food,25.12,3.3,170,FoodMart 211,Food,Nouvelle-Aquitaine,0.0234,20171221,19,Mercredi,Juillet,0,Evening,0,2024-07-10T19:57:47.000Z,2024-07-10,2024-07,1720641467,1720569600,13,16,Age Moyen,188.26,2,0,2024-07-06,1720287771,4,510.11500000000007,-95.03,353696,0,0
M00047,P03147,U04388,TX0000427,81.15,20250820215016,Strasbourg,BANK_TRANSFER,Food,31,88816.79,Strasbourg,Premium,20250808,Elite Tea Set 3147,Food,81.18,3.4,713,FoodMart 47,Food,Pays de la Loire,0.0417,20201212,21,Mercredi,Aout,0,Evening,0,2025-08-20T21:50:16.000Z,2025-08-20,2025-08,1755726616,1755648000,6,19,Adulte,124.37,2,0,2025-08-16,1755319221,4,185.9105263157895,-56.35,407395,0,0
M00506,P03416,U11359,TX0000428,42.48,20241023092244,Lyon,CARD,Books,58,81563.43,Lyon,VIP,20240109,Classic Cookbook 3416,Books,40.72,3.4,133,BookCorner 506,Books,Ile-de-France,0.0582,20190515,9,Mercredi,Octobre,0,Morning,1,2024-10-23T09:22:44.000Z,2024-10-23,2024-10,1729675364,1729641600,5,47,Age Moyen,2184.28,2,0,2024-10-18,1729245834,5,405.8072340425531,-89.53,429530,0,0
M00019,P05852,U07498,TX0000429,45.75,20250813211050,Saint-Etienne,PAYPAL,Health,25,42770.26,Saint-Etienne,Standard,20240318,,,,,,VitalShop 19,Health,Normandie,0.0334,20210114,21,Mercredi,Aout,0,Evening,0,2025-08-13T21:10:50.000Z,2025-08-13,2025-08,1755119450,1755043200,8,9,Jeune,45.75,1,0,2025-08-04,1754311962,9,263.79999999999995,-82.66,807488,0,0
M00599,P00706,U02348,TX0000430,229.71,20240507100611,Nice,CARD,Food,44,43232.97,Nice,Standard,20250109,Premium Cheese Platter 706,Food,85.02,4.4,602,GourmetShop 599,Food,Provence-Alpes-Côte d'Azur,0.0134,20200102,10,Mardi,Mai,0,Morning,1,2024-05-07T10:06:11.000Z,2024-05-07,2024-05,1715076371,1715040000,4,15,Adulte,1866.74,3,0,2024-05-04,1714865666,3,391.764,-41.37,210705,0,0
M00343,P02227,U07346,TX0000431,40.49,20240515191913,Le Havre,BANK_TRANSFER,Beauty,49,33884.62,Le Havre,Standard,20230626,Pro Nail Kit 2227,Beauty,44.04,3.4,241,BeautyCorner 343,Beauty,Occitanie,0.091,20190419,19,Mercredi,Mai,0,Evening,0,2024-05-15T19:19:13.000Z,2024-05-15,2024-05,1715800753,1715731200,7,16,Age Moyen,210.97,2,0,2024-05-11,1715437719,4,169.15875,-76.06,363034,0,0
M00132,P03278,U11870,TX0000432,30.04,20250129005001,Nîmes,BANK_TRANSFER,Beauty,37,68401.17,Nîmes,Premium,20230614,Premium Serum 3278,Beauty,28.44,2.4,453,BeautyWorld 132,Beauty,Inconnu,0.0466,20220323,0,Mercredi,Janvier,0,Night,0,2025-01-29T00:50:01.000Z,2025-01-29,2025-01,1738111801,1738108800,26,27,Adulte,1326.32,3,0,2025-01-25,1737825470,4,287.7988888888888,-89.56,286331,1,0
M00111,P01911,U01449,TX0000433,128.8,20250103015710,Lille,BANK_TRANSFER,Toys,42,42261.12,Lille,Standard,20250429,Elite Toy Car 1911,Toys,123.23,3.8,392,ToyLand 111,Toys,Ile-de-France,0.0945,20180319,1,Vendredi,Janvier,0,Night,0,2025-01-03T01:57:10.000Z,2025-01-03,2025-01,1735869430,1735862400,1,9,Adulte,128.8,1,0,,,,186.55888888888887,-30.96,,1,0
M00246,P03793,U01857,TX0000434,157.6,20241124173110,Reims,BANK_TRANSFER,Toys,50,83325.59,Reims,VIP,20250822,Essential Board Game 3793,Toys,145.77,5.0,1158,KidsWorld 246,Toys,Nouvelle-Aquitaine,0.0167,20210112,17,Dimanche,Novembre,1,Afternoon,0,2024-11-24T17:31:10.000Z,2024-11-24,2024-11,1732469470,1732406400,7,36,Age Moyen,746.67,4,0,2024-11-21,1732178995,3,537.853888888889,-70.7,290475,0,0
M00495,P00674,U01962,TX0000435,96.32,20240716193350,Toulon,CARD,Toys,54,26603.56,Toulon,Standard,20230114,Standard Action Figure 674,Toys,87.13,3.8,1082,KidsWorld 495,Toys,Nouvelle-Aquitaine,0.044,20180504,19,Mardi,Juillet,0,Evening,0,2024-07-16T19:33:50.000Z,2024-07-16,2024-07,1721158430,1721088000,2,2,Age Moyen,96.32,1,0,2024-07-03,1720041239,13,75.785,27.1,1117191,0,0
M00497,P02957,U06293,TX0000436,995.61,20250128094019,Lille,BANK_TRANSFER,Sports,44,35624.06,Lille,Standard,20250902,Premium Bicycle Helmet 2957,Sports,509.14,4.8,946,FitnessShop 497,Sports,Inconnu,0.0488,20220926,9,Mardi,Janvier,0,Morning,1,2025-01-28T09:40:19.000Z,2025-01-28,2025-01,1738057219,1738022400,5,8,Adulte,1051.26,2,0,2025-01-24,1737711511,4,324.54750000000007,206.77,345708,0,0
M00571,P01119,U01761,TX0000437,351.55,20250805213730,Strasbourg,CARD,Sports,49,37168.2,Strasbourg,Standard,20231011,Elite Dumbbells 1119,Sports,338.03,3.0,814,FitnessShop 571,Sports,Bretagne,0.0863,20180514,21,Mardi,Aout,0,Evening,0,2025-08-05T21:37:30.000Z,2025-08-05,2025-08,1754429850,1754352000,4,6,Age Moyen,351.55,1,0,2024-07-26,1722016470,375,262.2,34.08,32413380,0,0
M00102,P04849,U11095,TX0000438,295.24,20241105080703,Angers,PAYPAL,Home & Garden,16,68937.45,Angers,Premium,20240924,Elite Cookware Set 4849,Home & Garden,287.29,3.8,1087,HomeStyle 102,Home & Garden,Ile-de-France,0.079,20201011,8,Mardi,Novembre,0,Morning,0,2024-11-05T08:07:03.000Z,2024-11-05,2024-11,1730794023,1730764800,7,20,Jeune,635.07,2,0,2024-11-02,1730579980,3,495.1620000000001,-40.38,214043,0,0
M00388,P00732,U10317,TX0000439,1727.12,20240429154343,Nice,BANK_TRANSFER,Home & Garden,,,,Inconnu,,Classic Cookware Set 732,Home & Garden,596.29,4.7,897,HomeCenter 388,Home & Garden,Provence-Alpes-Côte d'Azur,0.0926,20200910,15,Lundi,Avril,0,Afternoon,1,2024-04-29T15:43:43.000Z,2024-04-29,2024-04,1714405423,1714348800,4,29,Inconnu,1727.12,1,0,2024-04-07,1712521530,22,937.5434482758621,84.22,1883893,0,0
M00516,P03368,U09964,TX0000440,50.94,20241018160443,Lyon,CARD,Toys,49,126728.32,Lyon,VIP,20231206,Essential Board Game 3368,Toys,53.88,3.3,602,ToyLand 516,Toys,Hauts-de-France,0.0287,20211219,16,Vendredi,Octobre,0,Afternoon,1,2024-10-18T16:04:43.000Z,2024-10-18,2024-10,1729267483,1729209600,40,78,Age Moyen,50.94,1,0,2024-10-06,1728239189,12,181.35910256410256,-71.91,1028294,0,0
M00049,P02292,U11185,TX0000441,323.07,20250212142004,Toulon,PAYPAL,Sports,47,22624.2,Toulon,Standard,20240311,Pro Backpack 2292,Sports,316.3,3.4,994,ActiveWear 49,Sports,Auvergne-Rhône-Alpes,0.0341,20230524,14,Mercredi,Fevrier,0,Afternoon,1,2025-02-12T14:20:04.000Z,2025-02-12,2025-02,1739370004,1739318400,13,19,Age Moyen,323.07,1,0,2024-09-30,1727739661,135,192.91263157894738,67.47,11630343,0,0
M00375,P00575,U11107,TX0000442,17.27,20250324060841,Angers,CARD,Sports,35,46378.17,Angers,Standard,20240725,Standard Backpack 575,Sports,16.26,1.7,1104,FitnessShop 375,Sports,Inconnu,0.0416,20211205,6,Lundi,Mars,0,Morning,0,2025-03-24T06:08:41.000Z,2025-03-24,2025-03,1742796521,1742774400,8,8,Adulte,922.84,3,0,2025-03-22,1742686692,2,481.32374999999996,-96.41,109829,0,0
M00225,P03391,U04060,TX0000443,845.25,20241125153912,Le Havre,PAYPAL,Electronics,28,156503.4,Le Havre,VIP,20230707,Pro Tablet 3391,Electronics,755.76,3.5,22,TechStore 225,Electronics,Grand Est,0.0755,20201014,15,Lundi,Novembre,0,Afternoon,1,2024-11-25T15:39:12.000Z,2024-11-25,2024-11,1732549152,1732492800,12,52,Adulte,1951.21,2,0,2024-11-25,1732547417,0,995.8403846153846,-15.12,1735,0,0
M00586,P05169,U04478,TX0000444,532.8,20240426234933,Marseille,CARD,Sports,24,77299.67,Marseille,Premium,20230922,Pro Backpack 5169,Sports,478.98,4.2,577,FitnessShop 586,Sports,Ile-de-France,0.0138,20200716,23,Vendredi,Avril,0,Night,0,2024-04-26T23:49:33.000Z,2024-04-26,2024-04,1714175373,1714089600,2,22,Jeune,688.76,2,0,2024-04-23,1713894760,3,360.6513636363637,47.73,280613,1,0
M00533,P05878,U04134,TX0000445,137.49,20240406001022,Paris,CARD,Toys,25,132061.44,Paris,VIP,20230317,Premium Building Blocks 5878,Toys,133.7,4.6,1154,ToyLand 533,Toys,Hauts-de-France,0.0203,20200323,0,Samedi,Avril,1,Night,0,2024-04-06T00:10:22.000Z,2024-04-06,2024-04,1712362222,1712361600,3,45,Jeune,211.45,3,0,2024-04-04,1712253786,2,149.24311111111115,-7.88,108436,1,0
M00249,P05199,U09926,TX0000446,724.55,20241208013726,Dijon,CRYPTO,Beauty,32,36774.23,Toulouse,Premium,20250615,Standard Serum 5199,Beauty,121.58,4.6,187,BeautyWorld 249,Beauty,Ile-de-France,0.0303,20230205,1,Dimanche,Decembre,1,Night,0,2024-12-08T01:37:26.000Z,2024-12-08,2024-12,1733621846,1733616000,18,28,Adulte,856.91,1,0,2024-10-31,1730355468,38,285.4010714285714,153.87,3266378,2,1
M00198,P03891,U07055,TX0000447,431.1,20250519015658,Marseille,BANK_TRANSFER,Sports,16,74328.92,Marseille,Premium,20241209,Standard Bicycle Helmet 3891,Sports,412.25,4.1,877,ActiveWear 198,Sports,Bretagne,0.0673,20211228,1,Lundi,Mai,0,Night,0,2025-05-19T01:56:58.000Z,2025-05-19,2025-05,1747619818,1747612800,19,20,Jeune,644.32,2,0,2025-05-18,1747580066,1,509.4084999999999,-15.37,39752,1,0
M00586,P03619,U05962,TX0000448,288.66,20250704172456,Montpellier,PAYPAL,Sports,45,34989.81,Montpellier,Standard,20230516,,,,,,FitnessShop 586,Sports,Ile-de-France,0.0138,20200716,17,Vendredi,Juillet,0,Afternoon,0,2025-07-04T17:24:56.000Z,2025-07-04,2025-07,1751649896,1751587200,19,20,Age Moyen,546.57,3,0,2025-07-03,1751574780,1,193.14400000000003,49.45,75116,0,0
M00257,P00766,U10243,TX0000449,27.63,20251101085841,Lyon,CRYPTO,Toys,67,46491.56,Lyon,Standard,20231111,Classic Building Blocks 766,Toys,15.14,3.3,1049,KidsWorld 257,Toys,Auvergne-Rhône-Alpes,0.0369,20220516,8,Samedi,Novembre,1,Morning,0,2025-11-01T08:58:41.000Z,2025-11-01,2025-11,1761987521,1761955200,1,11,Senior,27.63,1,0,,,,125.83181818181819,-78.04,,1,0
M00297,P04264,U11938,TX0000450,1787.32,20250814112153,Lyon,CASH,Electronics,45,94651.89,Lyon,VIP,20250426,Standard Headphones 4264,Electronics,1736.15,2.8,79,GadgetShop 297,Electronics,Grand Est,0.0103,20170123,11,Jeudi,Aout,0,Morning,1,2025-08-14T11:21:53.000Z,2025-08-14,2025-08,1755170513,1755129600,34,37,Age Moyen,1811.11,2,0,2025-08-11,1754912220,3,339.1027027027028,427.07,258293,1,0
M00287,P01662,U06900,TX0000451,15.89,20251110204535,Paris,CARD,Food,37,125286.05,Paris,VIP,20231020,Elite Pasta Box 1662,Food,16.68,3.0,114,GourmetShop 287,Food,Hauts-de-France,0.0463,20180116,20,Lundi,Novembre,0,Evening,0,2025-11-10T20:45:35.000Z,2025-11-10,2025-11,1762807535,1762732800,26,31,Adulte,68.43,2,0,2025-11-05,1762359336,5,507.63709677419365,-96.87,448199,0,0
M00404,P04054,U00120,TX0000453,93.81,20251127203045,Paris,BANK_TRANSFER,Beauty,59,120027.96,Paris,VIP,20240807,Standard Lipstick 4054,Beauty,104.1,3.6,630,,Inconnu,Inconnu,,,20,Jeudi,Novembre,0,Evening,0,2025-11-27T20:30:45.000Z,2025-11-27,2025-11,1764275445,1764201600,15,20,Age Moyen,93.81,1,0,2025-11-19,1763570512,8,142.30649999999997,-34.08,704933,0,0
M00301,P03665,U06828,TX0000454,140.36,20241020015805,Strasbourg,BANK_TRANSFER,Toys,64,60371.6,Strasbourg,Premium,20230617,Premium Building Blocks 3665,Toys,148.53,3.6,434,PlayShop 301,Toys,Occitanie,0.0184,20170623,1,Dimanche,Octobre,1,Night,0,2024-10-20T01:58:05.000Z,2024-10-20,2024-10,1729389485,1729382400,7,19,Age Moyen,140.36,1,0,2024-10-13,1728850710,7,153.02157894736843,-8.27,538775,1,0
M00234,P03471,U05251,TX0000455,27.13,20241125232110,Bordeaux,PAYPAL,Food,41,43149.62,Bordeaux,Standard,20250111,Classic Coffee Pack 3471,Food,28.23,2.3,750,FoodMart 234,Food,Normandie,0.0965,20210212,23,Lundi,Novembre,0,Night,0,2024-11-25T23:21:10.000Z,2024-11-25,2024-11,1732576870,1732492800,8,9,Adulte,27.13,1,0,2024-11-18,1731963652,7,439.83111111111106,-93.83,613218,1,0
M00362,P05886,U11297,TX0000456,1111.84,20250703160605,Toulouse,PAYPAL,Sports,33,75471.61,Toulouse,VIP,20240304,Essential Tennis Racket 5886,Sports,527.69,4.9,913,FitnessShop 362,Sports,Pays de la Loire,0.0131,20181202,16,Jeudi,Juillet,0,Afternoon,1,2025-07-03T16:06:05.000Z,2025-07-03,2025-07,1751558765,1751500800,10,16,Adulte,1187.34,2,0,2025-07-01,1751341367,2,509.48312500000003,118.23,217398,0,0
M00495,P01013,U07933,TX0000457,27.73,20250627191842,Paris,BANK_TRANSFER,Toys,26,129926.96,Paris,VIP,20230506,Standard Building Blocks 1013,Toys,30.72,2.5,460,KidsWorld 495,Toys,Nouvelle-Aquitaine,0.044,20180504,19,Vendredi,Juin,0,Evening,0,2025-06-27T19:18:42.000Z,2025-06-27,2025-06,1751051922,1750982400,7,21,Adulte,666.13,3,0,2025-06-22,1750624623,5,321.00476190476195,-91.36,427299,0,0
M00232,P01395,U05005,TX0000458,7.75,20240824162008,Nîmes,CRYPTO,Books,43,63561.03,Toulouse,Premium,20250510,Premium Atlas 1395,Books,7.74,2.1,519,BookHaven 232,Books,Auvergne-Rhône-Alpes,0.037,20211104,16,Samedi,Aout,1,Afternoon,1,2024-08-24T16:20:08.000Z,2024-08-24,2024-08,1724516408,1724457600,5,19,Adulte,67.75,2,0,2024-08-20,1724177366,4,283.29894736842107,-97.26,339042,1,0
M00559,P02006,U09666,TX0000459,1952.75,20241229144453,Strasbourg,PAYPAL,Electronics,16,48501.22,Strasbourg,Premium,20230222,Elite Smartphone 2006,Electronics,2092.67,3.8,14,ElectroWorld 559,Electronics,Ile-de-France,0.0468,20170715,14,Dimanche,Decembre,1,Afternoon,1,2024-12-29T14:44:53.000Z,2024-12-29,2024-12,1735483493,1735430400,13,32,Jeune,4057.21,2,0,2024-12-26,1735212125,3,1065.2353125,83.32,271368,0,0
M00498,P02859,U04850,TX0000460,446.59,20250330165538,Lyon,BANK_TRANSFER,Sports,60,43457.32,Lyon,Standard,20231220,Elite Yoga Mat 2859,Sports,412.5,3.6,441,SportZone 498,Sports,Provence-Alpes-Côte d'Azur,0.0737,20220325,16,Dimanche,Mars,1,Afternoon,1,2025-03-30T16:55:38.000Z,2025-03-30,2025-03,1743353738,1743292800,3,15,Age Moyen,446.59,1,0,2025-03-23,1742711185,7,258.8513333333333,72.53,642553,0,0
M00316,P02886,U06253,TX0000461,69.27,20250429183836,Strasbourg,CARD,Food,34,23926.12,Strasbourg,Standard,20250406,Essential Olive Oil 2886,Food,69.9,3.7,841,FreshMarket 316,Food,Grand Est,0.0124,20180925,18,Mardi,Avril,0,Evening,0,2025-04-29T18:38:36.000Z,2025-04-29,2025-04,1745951916,1745884800,16,16,Adulte,69.27,1,0,2025-01-25,1737767629,94,411.36125000000004,-83.16,8184287,0,0
M00083,P01479,U10410,TX0000462,1264.42,20250702170020,Nantes,BANK_TRANSFER,Automotive,53,100866.57,Nantes,Premium,20230515,Essential Roof Rack 1479,Automotive,1210.92,2.3,457,MotorHub 83,Automotive,Bretagne,0.027,20180703,17,Mercredi,Juillet,0,Afternoon,0,2025-07-02T17:00:20.000Z,2025-07-02,2025-07,1751475620,1751414400,25,33,Age Moyen,1264.42,1,0,2025-05-22,1747942245,41,767.9151515151516,64.66,3533375,0,0
M00377,P04045,U04749,TX0000463,300.52,20241102223833,Lyon,PAYPAL,Clothing,47,21754.87,Lyon,Premium,20250219,Essential Dress 4045,Clothing,271.0,3.7,1000,ClothingHub 377,Clothing,Ile-de-France,0.0756,20181121,22,Samedi,Novembre,1,Night,0,2024-11-02T22:38:33.000Z,2024-11-02,2024-11,1730587113,1730505600,12,15,Age Moyen,300.52,1,0,2024-09-27,1727461907,36,106.81199999999998,181.35,3125206,1,0
M00198,P02767,U06245,TX0000464,324.11,20250809130911,Paris,CASH,Sports,60,75839.59,Paris,Premium,20241016,Pro Dumbbells 2767,Sports,336.19,4.5,799,ActiveWear 198,Sports,Bretagne,0.0673,20211228,13,Samedi,Aout,1,Afternoon,1,2025-08-09T13:09:11.000Z,2025-08-09,2025-08,1754744951,1754697600,8,20,Age Moyen,342.88,2,0,2025-08-03,1754226999,6,180.08150000000003,79.98,517952,0,0
M00239,P01012,U05862,TX0000465,46.63,20240727195546,Lyon,CASH,Beauty,,,,Inconnu,,Elite Face Cream 1012,Beauty,42.55,2.8,449,BeautyWorld 239,Beauty,Nouvelle-Aquitaine,0.0434,20200321,19,Samedi,Juillet,1,Evening,0,2024-07-27T19:55:46.000Z,2024-07-27,2024-07,1722110146,1722038400,4,13,Inconnu,1030.0,3,0,2024-07-26,1722025543,1,586.89,-92.05,84603,0,0
M00444,P01244,U07186,TX0000466,715.52,20250426131705,Strasbourg,CASH,Automotive,48,36522.01,Strasbourg,Premium,20230726,Standard Car Battery 1244,Automotive,705.73,2.8,1117,AutoCenter 444,Automotive,Auvergne-Rhône-Alpes,0.0521,20171106,13,Samedi,Avril,1,Afternoon,1,2025-04-26T13:17:05.000Z,2025-04-26,2025-04,1745673425,1745625600,20,20,Age Moyen,715.52,1,0,2025-04-18,1744996400,8,247.18700000000007,189.47,677025,0,0
M00168,P05634,U03071,TX0000467,2660.98,20240702091007,Strasbourg,CASH,Electronics,42,46507.98,Strasbourg,Premium,20250119,Elite Smart TV 5634,Electronics,954.92,1.3,452,TechStore 168,Electronics,Ile-de-France,0.0182,20220527,9,Mardi,Juillet,0,Morning,1,2024-07-02T09:10:07.000Z,2024-07-02,2024-07,1719911407,1719878400,6,28,Adulte,3444.92,2,0,2024-06-27,1719472226,5,977.9464285714288,172.1,439181,0,0
M00492,P04143,U07424,TX0000468,168.12,20250419150530,Reims,CARD,Beauty,35,42053.61,Reims,Premium,20230117,Pro Perfume 4143,Beauty,156.11,3.3,872,CosmeticHub 492,Beauty,Hauts-de-France,0.0761,20181008,15,Samedi,Avril,1,Afternoon,1,2025-04-19T15:05:30.000Z,2025-04-19,2025-04,1745075130,1745020800,14,23,Adulte,624.19,3,0,2025-04-18,1744967883,1,263.11260869565217,-36.1,107247,0,0
M00237,P03027,U11195,TX0000469,76.45,20240313085213,Saint-Etienne,CARD,Clothing,,,,Inconnu,,Classic Sneakers 3027,Clothing,75.96,2.4,1154,TrendyWear 237,Clothing,Normandie,0.0815,20171001,8,Mercredi,Mars,0,Morning,0,2024-03-13T08:52:13.000Z,2024-03-13,2024-03,1710319933,1710288000,5,17,Inconnu,2967.56,3,0,2024-03-13,1710293279,0,344.1964705882353,-77.79,26654,0,0
M00064,P04671,U09573,TX0000470,1491.32,20240612115708,Reims,CASH,Home & Garden,53,92764.72,Reims,VIP,20240930,Classic Sofa 4671,Home & Garden,763.09,5.0,111,HomeCenter 64,Home & Garden,Nouvelle-Aquitaine,0.0214,20170428,11,Mercredi,Juin,0,Morning,1,2024-06-12T11:57:08.000Z,2024-06-12,2024-06,1718193428,1718150400,9,20,Age Moyen,2310.28,3,0,2024-06-10,1718020066,2,425.55100000000004,250.44,173362,0,0
M00352,P00173,U03547,TX0000471,321.49,20250818151201,Marseille,CRYPTO,Home & Garden,49,30231.29,Marseille,Standard,20250829,Standard Rug 173,Home & Garden,309.34,2.6,242,HomeStyle 352,Home & Garden,Hauts-de-France,0.0143,20170214,15,Lundi,Aout,0,Afternoon,1,2025-08-18T15:12:01.000Z,2025-08-18,2025-08,1755529921,1755475200,7,11,Age Moyen,1142.46,2,0,2025-08-14,1755196700,4,240.25,33.81,333221,1,0
M00434,P01979,U03131,TX0000473,306.22,20250803182820,Saint-Etienne,BANK_TRANSFER,Clothing,57,77051.75,Bordeaux,Premium,20231230,Elite T-Shirt 1979,Clothing,286.26,3.3,631,ClothingHub 434,Clothing,Ile-de-France,0.0178,20170223,18,Dimanche,Aout,1,Evening,0,2025-08-03T18:28:20.000Z,2025-08-03,2025-08,1754245700,1754179200,28,32,Age Moyen,306.22,1,0,2024-09-28,1727526132,309,418.67781249999996,-26.86,26719568,0,0
M00581,P05726,U06317,TX0000474,822.69,20250426181246,Le Havre,CARD,Sports,56,69161.72,Le Havre,Premium,20241126,Essential Running Shoes 5726,Sports,388.49,3.2,598,SportZone 581,Sports,Hauts-de-France,0.054,20180223,18,Samedi,Avril,1,Evening,0,2025-04-26T18:12:46.000Z,2025-04-26,2025-04,1745691166,1745625600,18,31,Age Moyen,878.12,2,0,2025-04-21,1745234255,5,776.520322580645,5.95,456911,0,0
M00396,P02157,U11345,TX0000475,34.18,20250706195140,Nice,CRYPTO,Books,36,18602.79,Nice,Budget,20240601,Premium Comic Book 2157,Books,31.33,2.5,797,BookHaven 396,Books,Nouvelle-Aquitaine,0.0702,20220623,19,Dimanche,Juillet,1,Evening,0,2025-07-06T19:51:40.000Z,2025-07-06,2025-07,1751831500,1751760000,1,2,Adulte,34.18,1,0,,,,62.795,-45.57,,1,0
M00234,P03473,U11743,TX0000476,90.41,20250703031418,Grenoble,PAYPAL,Food,47,94305.62,Grenoble,VIP,20240213,Pro Tea Set 3473,Food,86.63,4.2,337,FoodMart 234,Food,Normandie,0.0965,20210212,3,Jeudi,Juillet,0,Night,0,2025-07-03T03:14:18.000Z,2025-07-03,2025-07,1751512458,1751500800,30,50,Age Moyen,1312.35,2,0,2025-07-02,1751487282,1,442.1541999999998,-79.55,25176,1,0
M00183,P05307,U03333,TX0000477,636.3,20250902133617,Marseille,CARD,Automotive,65,35989.73,Marseille,Standard,20250704,Pro Oil Filter 5307,Automotive,624.56,2.8,816,CarParts 183,Automotive,Nouvelle-Aquitaine,0.0763,20170427,13,Mardi,Septembre,0,Afternoon,1,2025-09-02T13:36:17.000Z,2025-09-02,2025-09,1756820177,1756771200,2,4,Senior,773.29,1,0,2025-09-02,1756806530,0,482.4125,31.9,13647,0,0
M00020,P04536,U00122,TX0000478,92.94,20241026135943,Bordeaux,CARD,Health,53,121574.74,Bordeaux,VIP,20241221,,,,,,VitalShop 20,Health,Provence-Alpes-Côte d'Azur,0.0547,20220926,13,Samedi,Octobre,1,Afternoon,1,2024-10-26T13:59:43.000Z,2024-10-26,2024-10,1729951183,1729900800,12,33,Age Moyen,92.94,1,0,2024-10-15,1728951128,11,181.83484848484852,-48.89,1000055,0,0
M00030,P05943,U11449,TX0000479,51.19,20250901113936,Marseille,CARD,Food,58,63128.97,Marseille,Premium,20240522,Elite Cheese Platter 5943,Food,55.97,3.2,457,FreshMarket 30,Food,Nouvelle-Aquitaine,0.0827,20220911,11,Lundi,Septembre,0,Morning,1,2025-09-01T11:39:36.000Z,2025-09-01,2025-09,1756726776,1756684800,9,30,Age Moyen,167.96,2,0,2025-08-27,1756295224,5,276.48366666666664,-81.49,431552,0,0
M00323,P01826,U10951,TX0000480,5.33,20240525204621,Paris,PAYPAL,Food,47,111476.49,Paris,VIP,20230324,Premium Chocolate Box 1826,Food,5.29,2.9,782,GourmetShop 323,Food,Grand Est,0.0679,20210610,20,Samedi,Mai,1,Evening,0,2024-05-25T20:46:21.000Z,2024-05-25,2024-05,1716669981,1716595200,23,52,Age Moyen,314.09,3,0,2024-05-22,1716403614,3,150.89499999999998,-96.47,266367,0,0
M00011,P00523,U11392,TX0000481,342.81,20240617133123,Marseille,PAYPAL,Sports,63,46329.58,Marseille,Standard,20240221,Standard Yoga Mat 523,Sports,179.66,2.5,466,FitnessShop 11,Sports,Normandie,0.0333,20210619,13,Lundi,Juin,0,Afternoon,1,2024-06-17T13:31:23.000Z,2024-06-17,2024-06,1718631083,1718582400,6,16,Age Moyen,401.89,2,0,2024-06-16,1718576620,1,141.333125,142.55,54463,0,0
M00129,P02607,U02663,TX0000482,26.5,20241202191701,Nîmes,CRYPTO,Food,20,68211.76,Paris,Premium,20250726,Elite Thermometer 2607,Health,193.37,3.4,1065,GourmetShop 129,Food,Auvergne-Rhône-Alpes,0.0148,20181121,19,Lundi,Decembre,0,Evening,0,2024-12-02T19:17:01.000Z,2024-12-02,2024-12,1733167021,1733097600,2,13,Jeune,44.41,1,0,2024-12-02,1733166880,0,296.3346153846154,-91.06,141,2,1
M00502,P04563,U09995,TX0000483,985.42,20251112205617,Paris,BANK_TRANSFER,Automotive,32,49361.77,Paris,VIP,20240307,Standard Car Battery 4563,Automotive,1067.69,4.0,229,CarParts 502,Automotive,Bretagne,0.0543,20200910,20,Mercredi,Novembre,0,Evening,0,2025-11-12T20:56:17.000Z,2025-11-12,2025-11,1762980977,1762905600,33,37,Adulte,985.42,1,0,2025-11-04,1762271537,8,491.4732432432433,100.5,709440,0,0
M00506,P00901,U10063,TX0000484,41.83,20240730045600,Nîmes,PAYPAL,Books,16,110621.29,Nîmes,VIP,20240806,Essential Cookbook 901,Books,38.31,4.7,298,BookCorner 506,Books,Ile-de-France,0.0582,20190515,4,Mardi,Juillet,0,Night,0,2024-07-30T04:56:00.000Z,2024-07-30,2024-07,1722315360,1722297600,25,53,Jeune,1267.6,2,0,2024-07-28,1722181378,2,443.78830188679234,-90.57,133982,1,0
M00508,P00806,U10729,TX0000485,764.09,20250802132642,Villeurbanne,CRYPTO,Automotive,49,96218.55,Toulouse,Premium,20230910,Pro Oil Filter 806,Automotive,788.64,4.3,953,CarParts 508,Automotive,Auvergne-Rhône-Alpes,0.0193,20210306,13,Samedi,Aout,1,Afternoon,1,2025-08-02T13:26:42.000Z,2025-08-02,2025-08,1754141202,1754092800,1,4,Age Moyen,764.09,1,0,,,,1032.115,-25.97,,1,0
M00558,P03856,U00134,TX0000486,80.38,20251013000409,Paris,CARD,Clothing,,,,Inconnu,,Elite T-Shirt 3856,Clothing,75.96,1.5,87,ClothingHub 558,Clothing,Ile-de-France,0.0986,20230220,0,Lundi,Octobre,0,Night,0,2025-10-13T00:04:09.000Z,2025-10-13,2025-10,1760313849,1760313600,18,20,Inconnu,1258.0,2,0,2025-10-08,1759916353,5,540.397,-85.13,397496,1,0
M00074,P04111,U06273,TX0000487,68.86,20251006172838,Lyon,CASH,Clothing,32,102026.06,Lyon,VIP,20240923,Classic T-Shirt 4111,Clothing,68.57,3.3,700,StyleShop 74,Clothing,Occitanie,0.0512,20210110,17,Lundi,Octobre,0,Afternoon,0,2025-10-06T17:28:38.000Z,2025-10-06,2025-10,1759771718,1759708800,2,24,Adulte,183.7,2,0,2025-10-02,1759368713,4,235.32874999999999,-70.74,403005,0,0
M00095,P01289,U03106,TX0000488,81.1,20250103195131,Nantes,CARD,Health,29,30555.02,Nantes,Budget,20231027,Pro Thermometer 1289,Health,82.52,3.8,781,VitalShop 95,Health,Ile-de-France,0.0826,20200708,19,Vendredi,Janvier,0,Evening,0,2025-01-03T19:51:31.000Z,2025-01-03,2025-01,1735933891,1735862400,4,6,Adulte,81.1,1,0,2024-11-18,1731934625,46,186.23333333333332,-56.45,3999266,0,0
M00100,P03205,U11828,TX0000489,432.12,20250501204922,Nice,CARD,Clothing,56,34312.42,Nice,Standard,20250604,Classic Sneakers 3205,Clothing,216.94,2.9,570,StyleShop 100,Clothing,Hauts-de-France,0.0211,20180811,20,Jeudi,Mai,0,Evening,0,2025-05-01T20:49:22.000Z,2025-05-01,2025-05,1746132562,1746057600,2,8,Age Moyen,432.12,1,0,2025-04-12,1744454455,19,262.6175,64.54,1678107,0,0
M00142,P01948,U11812,TX0000490,44.43,20251222123410,Rennes,CRYPTO,Toys,52,81945.39,Rennes,Premium,20240925,Classic Board Game 1948,Toys,48.25,2.5,724,KidsWorld 142,Toys,Bretagne,0.0683,20230219,12,Lundi,Decembre,0,Afternoon,1,2025-12-22T12:34:10.000Z,2025-12-22,2025-12,1766406850,1766361600,6,7,Age Moyen,168.35,2,0,2025-12-17,1766007909,5,854.172857142857,-94.8,398941,1,0
M00554,P01582,U09785,TX0000491,253.88,20250528200959,Strasbourg,CASH,Automotive,60,77142.18,Bordeaux,VIP,20241027,Elite Car Battery 1582,Automotive,270.67,2.6,205,MotorHub 554,Automotive,Auvergne-Rhône-Alpes,0.0458,20190324,20,Mercredi,Mai,0,Evening,0,2025-05-28T20:09:59.000Z,2025-05-28,2025-05,1748462999,1748390400,22,40,Age Moyen,847.66,3,0,2025-05-27,1748311389,1,242.2515,4.8,151610,0,0
M00416,P02464,U09368,TX0000492,234.02,20250528081723,Paris,CRYPTO,Clothing,74,103266.11,Paris,VIP,20240817,Classic Jeans 2464,Clothing,215.06,4.0,955,StyleShop 416,Clothing,Bretagne,0.0849,20170707,8,Mercredi,Mai,0,Morning,0,2025-05-28T08:17:23.000Z,2025-05-28,2025-05,1748420243,1748390400,6,42,Senior,2548.3,2,0,2025-05-27,1748342674,1,933.8995238095238,-74.94,77569,1,0
M00198,P03891,U10666,TX0000493,411.21,20240207192147,Rennes,BANK_TRANSFER,Sports,29,41877.2,Rennes,Standard,20230926,Standard Bicycle Helmet 3891,Sports,412.25,4.1,877,ActiveWear 198,Sports,Bretagne,0.0673,20211228,19,Mercredi,Fevrier,0,Evening,0,2024-02-07T19:21:47.000Z,2024-02-07,2024-02,1707333707,1707264000,1,10,Adulte,411.21,1,0,,,,231.45899999999997,77.66,,0,0
M00005,P03991,U06710,TX0000494,52.77,20250407053949,Montpellier,CRYPTO,Health,16,100097.39,Montpellier,VIP,20240526,Essential Vitamins 3991,Health,54.33,3.3,1080,HealthHub 5,Health,Nouvelle-Aquitaine,0.0413,20190512,5,Lundi,Avril,0,Night,0,2025-04-07T05:39:49.000Z,2025-04-07,2025-04,1744004389,1743984000,10,20,Jeune,1133.73,2,0,2025-04-05,1743896136,2,183.04199999999997,-71.17,108253,2,1
M00201,P02145,U09541,TX0000495,32.29,20241111134237,Villeurbanne,PAYPAL,Beauty,18,14135.63,Paris,Budget,20241229,Premium Serum 2145,Beauty,29.25,3.5,1172,GlowShop 201,Beauty,Nouvelle-Aquitaine,0.0991,20220904,13,Lundi,Novembre,0,Afternoon,1,2024-11-11T13:42:37.000Z,2024-11-11,2024-11,1731332557,1731283200,10,15,Jeune,190.62,1,0,2024-11-11,1731311591,0,189.594,-82.97,20966,0,0
M00341,P00620,U09850,TX0000496,113.95,20250601180502,Toulouse,PAYPAL,Beauty,57,70911.7,Toulouse,Standard,20250604,Standard Lipstick 620,Beauty,108.54,3.8,930,BeautyCorner 341,Beauty,Pays de la Loire,0.0437,20170927,18,Dimanche,Juin,1,Evening,0,2025-06-01T18:05:02.000Z,2025-06-01,2025-06,1748801102,1748736000,12,16,Age Moyen,113.95,1,0,2025-03-23,1742727607,70,908.4975000000004,-87.46,6073495,0,0
M00472,P03578,U01423,TX0000497,1545.99,20250511103504,Saint-Etienne,PAYPAL,Home & Garden,61,39538.79,,Standard,20250608,Premium Sofa 3578,Home & Garden,473.86,3.4,586,GardenWorld 472,Home & Garden,Auvergne-Rhône-Alpes,0.0942,20230502,10,Dimanche,Mai,1,Morning,1,2025-05-11T10:35:04.000Z,2025-05-11,2025-05,1746959704,1746921600,13,15,Age Moyen,1638.49,2,0,2025-05-07,1746647438,4,457.9033333333333,237.62,312266,0,0
M00047,P05717,U04619,TX0000498,35.8,20250117151434,Dijon,BANK_TRANSFER,Food,28,21666.37,Dijon,Budget,20241019,Essential Olive Oil 5717,Food,35.46,3.9,156,FoodMart 47,Food,Pays de la Loire,0.0417,20201212,15,Vendredi,Janvier,0,Afternoon,1,2025-01-17T15:14:34.000Z,2025-01-17,2025-01,1737126874,1737072000,7,17,Adulte,35.8,1,0,2024-12-31,1735618774,17,406.00588235294117,-91.18,1508100,0,0
M00200,P02709,U07385,TX0000499,24.83,20251120113758,Toulouse,CRYPTO,Beauty,48,103386.81,Toulouse,VIP,20250504,Premium Perfume 2709,Beauty,25.6,3.6,286,GlowShop 200,Beauty,Auvergne-Rhône-Alpes,0.0722,20210823,11,Jeudi,Novembre,0,Morning,1,2025-11-20T11:37:58.000Z,2025-11-20,2025-11,1763638678,1763596800,34,40,Age Moyen,24.83,1,0,2025-05-31,1748704480,173,348.4825000000002,-92.87,14934198,1,0
M00094,P03908,U01772,TX0000500,636.69,20240530105117,Rennes,CRYPTO,Home & Garden,35,56749.82,Rennes,Premium,20230221,Essential Sofa 3908,Home & Garden,624.63,4.7,54,HomeStyle 94,Home & Garden,Hauts-de-France,0.039,20220905,10,Jeudi,Mai,0,Morning,1,2024-05-30T10:51:17.000Z,2024-05-30,2024-05,1717066277,1717027200,12,12,Adulte,636.69,1,0,2024-05-22,1716395271,8,431.2033333333332,47.65,671006,1,0
M00089,P01932,U06836,TX0000501,48.62,20240124142239,Toulouse,CRYPTO,Books,16,42471.21,Toulouse,Premium,20230616,Essential Atlas 1932,Books,53.48,3.7,823,LibraryShop 89,Books,Auvergne-Rhône-Alpes,0.0371,20210411,14,Mercredi,Janvier,0,Afternoon,1,2024-01-24T14:22:39.000Z,2024-01-24,2024-01,1706106159,1706054400,2,22,Jeune,48.62,1,0,2024-01-02,1704207317,22,197.58545454545455,-75.39,1898842,1,0
M00441,P02197,U08679,TX0000502,1388.77,20250310150110,Paris,PAYPAL,Automotive,32,76902.9,Paris,Premium,20231204,Premium Dash Cam 2197,Automotive,1301.97,3.3,891,MotorHub 441,Automotive,Bretagne,0.0347,20180523,15,Lundi,Mars,0,Afternoon,1,2025-03-10T15:01:10.000Z,2025-03-10,2025-03,1741618870,1741564800,15,32,Adulte,1687.96,2,0,2025-03-06,1741277337,4,344.88031249999995,302.68,341533,1,0
M00465,P02542,U01671,TX0000503,210.34,20251124213432,Paris,BANK_TRANSFER,Clothing,34,46743.33,Paris,Premium,20250403,Elite Sneakers 2542,Clothing,216.53,3.9,894,StyleShop 465,Clothing,Hauts-de-France,0.0943,20221107,21,Lundi,Novembre,0,Evening,0,2025-11-24T21:34:32.000Z,2025-11-24,2025-11,1764020072,1763942400,18,19,Adulte,210.34,1,0,2025-11-10,1762777879,14,240.80210526315787,-12.65,1242193,0,0
M00478,P04666,U07500,TX0000504,366.57,20250601062711,Rennes,CASH,Electronics,38,31780.42,Rennes,Premium,20250205,,Electronics,343.42,3.5,1117,GadgetShop 478,Electronics,Bretagne,0.0824,20180411,6,Dimanche,Juin,1,Morning,0,2025-06-01T06:27:11.000Z,2025-06-01,2025-06,1748759231,1748736000,13,16,Adulte,466.39,2,0,2025-05-31,1748653732,1,260.736875,40.59,105499,0,0
M00595,P01433,U01169,TX0000506,149.35,20241007172444,Saint-Etienne,BANK_TRANSFER,Health,38,74843.59,Saint-Etienne,VIP,20240629,Elite Scale 1433,Health,147.6,3.8,1046,HealthShop 595,Health,Ile-de-France,0.0372,20220402,17,Lundi,Octobre,0,Afternoon,0,2024-10-07T17:24:44.000Z,2024-10-07,2024-10,1728321884,1728259200,24,50,Adulte,149.35,1,0,2024-09-30,1727669037,7,549.0618000000002,-72.8,652847,0,0
M00193,P03757,U06252,TX0000507,38.61,20250214144720,Angers,PAYPAL,Toys,42,22311.28,Rennes,Budget,20241202,Classic Board Game 3757,Toys,20.28,1.6,756,ToyLand 193,Toys,Ile-de-France,0.0191,20200825,14,Vendredi,Fevrier,0,Afternoon,1,2025-02-14T14:47:20.000Z,2025-02-14,2025-02,1739544440,1739491200,1,5,Adulte,38.61,1,0,,,,40.88799999999999,-5.57,,0,0
M00086,P04632,U09187,TX0000508,73.02,20250219112851,Bordeaux,PAYPAL,Food,54,18365.48,Bordeaux,Budget,20230704,Classic Chocolate Box 4632,Food,71.43,2.6,815,FoodHub 86,Food,Normandie,0.0563,20170427,11,Mercredi,Fevrier,0,Morning,1,2025-02-19T11:28:51.000Z,2025-02-19,2025-02,1739964531,1739923200,1,2,Age Moyen,73.02,1,0,,,,72.58500000000001,0.6,,0,0
M00129,P02268,U03842,TX0000509,67.76,20240524100913,Nantes,PAYPAL,Food,57,11896.37,Nantes,Premium,20240810,Classic Tea Set 2268,Food,32.72,3.1,140,GourmetShop 129,Food,Auvergne-Rhône-Alpes,0.0148,20181121,10,Vendredi,Mai,0,Morning,1,2024-05-24T10:09:13.000Z,2024-05-24,2024-05,1716545353,1716508800,4,36,Age Moyen,191.01,2,0,2024-05-21,1716298732,3,338.8466666666666,-80.0,246621,0,0
M00515,P05001,U08976,TX0000510,46.96,20250412174051,Nice,CRYPTO,Books,48,78256.5,Nice,Premium,20230109,Elite Biography 5001,Books,47.04,1.8,568,BookCorner 515,Books,Grand Est,0.0258,20170831,17,Samedi,Avril,1,Afternoon,0,2025-04-12T17:40:51.000Z,2025-04-12,2025-04,1744479651,1744416000,11,15,Age Moyen,46.96,1,0,2024-04-28,1714332724,349,342.16200000000003,-86.28,30146927,1,0
M00497,P00514,U03893,TX0000511,320.69,20241222042528,Paris,PAYPAL,Sports,36,17121.49,Paris,Budget,20240918,Classic Backpack 514,Sports,317.79,3.3,865,FitnessShop 497,Sports,Inconnu,0.0488,20220926,4,Dimanche,Decembre,1,Night,0,2024-12-22T04:25:28.000Z,2024-12-22,2024-12,1734841528,1734825600,3,7,Adulte,320.69,1,0,2024-12-11,1733938549,11,480.7857142857143,-33.3,902979,1,0
M00186,P01240,U08704,TX0000512,162.3,20250902214446,Montpellier,CARD,Beauty,26,38138.19,Montpellier,Premium,20231203,Pro Face Cream 1240,Beauty,159.85,4.1,275,GlowShop 186,Beauty,Nouvelle-Aquitaine,0.0327,20180828,21,Mardi,Septembre,0,Evening,0,2025-09-02T21:44:46.000Z,2025-09-02,2025-09,1756849486,1756771200,2,15,Adulte,283.69,2,0,2025-09-01,1756759687,1,188.96933333333337,-14.11,89799,0,0
M00497,P00514,U02767,TX0000513,315.23,20240601135707,Bordeaux,CARD,Sports,32,27873.17,Bordeaux,Budget,20250818,Classic Backpack 514,Sports,317.79,3.3,865,FitnessShop 497,Sports,Inconnu,0.0488,20220926,13,Samedi,Juin,1,Afternoon,1,2024-06-01T13:57:07.000Z,2024-06-01,2024-06,1717250227,1717200000,1,6,Adulte,315.23,1,0,,,,202.15833333333333,55.93,,0,0
M00492,P02004,U05011,TX0000514,9.91,20250430155247,Lyon,CASH,Beauty,24,11300.17,Rennes,Budget,20241024,Premium Lipstick 2004,Beauty,10.09,2.4,1034,CosmeticHub 492,Beauty,Hauts-de-France,0.0761,20181008,15,Mercredi,Avril,0,Afternoon,1,2025-04-30T15:52:47.000Z,2025-04-30,2025-04,1746028367,1745971200,2,8,Jeune,9.91,1,0,2025-04-02,1743599947,28,199.585,-95.03,2428420,0,0
M00192,P03109,U09118,TX0000515,45.08,20240522080923,Paris,CASH,Clothing,,,,Inconnu,,Pro Jeans 3109,Clothing,44.98,3.7,679,ClothingHub 192,Clothing,Provence-Alpes-Côte d'Azur,0.0784,20200421,8,Mercredi,Mai,0,Morning,0,2024-05-22T08:09:23.000Z,2024-05-22,2024-05,1716365363,1716336000,18,18,Inconnu,181.13,2,0,2024-05-18,1716064589,4,254.67055555555555,-82.3,300774,0,0
M00164,P02936,U04698,TX0000516,188.19,20240626191540,Lille,CARD,Clothing,32,152491.42,Lille,VIP,20241213,Pro Jacket 2936,Clothing,200.82,4.8,1139,TrendyWear 164,Clothing,Provence-Alpes-Côte d'Azur,0.0252,20191212,19,Mercredi,Juin,0,Evening,0,2024-06-26T19:15:40.000Z,2024-06-26,2024-06,1719429340,1719360000,49,66,Adulte,453.69,2,0,2024-06-20,1718905438,6,195.69363636363641,-3.83,523902,0,0
M00500,P02236,U10995,TX0000517,160.01,20240523155150,Paris,CARD,Home & Garden,54,73354.74,Paris,VIP,20250516,Pro Rug 2236,Home & Garden,142.93,3.7,711,HomeStyle 500,Home & Garden,Ile-de-France,0.0492,20210401,15,Jeudi,Mai,0,Afternoon,1,2024-05-23T15:51:50.000Z,2024-05-23,2024-05,1716479510,1716422400,29,52,Age Moyen,2371.93,3,0,2024-05-18,1716058398,5,288.73884615384617,-44.58,421112,0,0
M00223,P05168,U03702,TX0000518,783.6,20240531115219,Rennes,CARD,Automotive,18,60895.8,Rennes,Premium,20241210,Elite Tyre Set 5168,Automotive,820.2,4.0,231,AutoShop 223,Automotive,Ile-de-France,0.0833,20211215,11,Vendredi,Mai,0,Morning,1,2024-05-31T11:52:19.000Z,2024-05-31,2024-05,1717156339,1717113600,4,15,Jeune,1809.32,2,0,2024-05-25,1716645207,6,471.2200000000001,66.29,511132,0,0
M00224,P00292,U04025,TX0000519,1039.9,20250821185524,Nice,PAYPAL,Automotive,66,38470.31,Nice,Premium,20230720,Pro Car Battery 292,Automotive,1052.68,4.3,570,MotorHub 224,Automotive,Ile-de-France,0.0646,20200629,18,Jeudi,Aout,0,Evening,0,2025-08-21T18:55:24.000Z,2025-08-21,2025-08,1755802524,1755734400,6,11,Senior,2423.44,2,0,2025-08-18,1755524937,3,532.3900000000001,95.33,277587,0,0
M00250,P02791,U05330,TX0000520,152.11,20250819091243,Paris,BANK_TRANSFER,Beauty,35,87200.12,Paris,Premium,20250726,Elite Perfume 2791,Beauty,161.49,3.6,830,GlowShop 250,Beauty,Ile-de-France,0.0275,20180718,9,Mardi,Aout,0,Morning,1,2025-08-19T09:12:43.000Z,2025-08-19,2025-08,1755594763,1755561600,3,21,Adulte,209.52,2,0,2025-08-17,1755422748,2,213.79428571428573,-28.85,172015,0,0
M00419,P04236,U06484,TX0000521,868.95,20240128220540,Nice,PAYPAL,Automotive,23,49318.16,Nice,Premium,20230908,Pro Car Battery 4236,Automotive,918.41,2.4,466,AutoCenter 419,Automotive,Occitanie,0.0757,20180330,22,Dimanche,Janvier,1,Night,0,2024-01-28T22:05:40.000Z,2024-01-28,2024-01,1706479540,1706400000,3,13,Jeune,868.95,1,0,2024-01-08,1704701393,20,613.5784615384616,41.62,1778147,1,0
M00190,P00217,U00572,TX0000522,1092.01,20241205225218,Paris,PAYPAL,Automotive,68,37525.03,Paris,Premium,20230711,Standard Dash Cam 217,Automotive,1024.9,3.0,908,MotorHub 190,Automotive,Provence-Alpes-Côte d'Azur,0.0469,20220101,22,Jeudi,Decembre,0,Night,0,2024-12-05T22:52:18.000Z,2024-12-05,2024-12,1733439138,1733356800,1,32,Senior,1092.01,1,0,,,,223.81218749999996,387.91,,2,1
M00310,P03805,U00884,TX0000523,615.23,20240819111115,Grenoble,CARD,Home & Garden,41,61526.42,,Premium,20240429,Elite Garden Chair 3805,Home & Garden,600.92,4.7,272,GardenWorld 310,Home & Garden,Occitanie,0.0808,20210605,11,Lundi,Aout,0,Morning,1,2024-08-19T11:11:15.000Z,2024-08-19,2024-08,1724065875,1724025600,1,26,Adulte,615.23,1,0,,,,384.64192307692326,59.95,,0,0
M00468,P03467,U00064,TX0000524,16.52,20240221195243,Angers,CARD,Clothing,38,48416.8,Angers,Standard,20241119,Premium Dress 3467,Clothing,17.86,2.6,118,StyleShop 468,Clothing,Ile-de-France,0.0993,20190506,19,Mercredi,Fevrier,0,Evening,0,2024-02-21T19:52:43.000Z,2024-02-21,2024-02,1708545163,1708473600,6,22,Adulte,16.52,1,0,2024-02-02,1706891033,19,337.5168181818182,-95.11,1654130,0,0
M00129,P05255,U02543,TX0000525,55.67,20241119195650,Nice,PAYPAL,Food,35,26562.41,Nice,Budget,20230831,Premium Coffee Pack 5255,Food,19.7,2.7,1159,GourmetShop 129,Food,Auvergne-Rhône-Alpes,0.0148,20181121,19,Mardi,Novembre,0,Evening,0,2024-11-19T19:56:50.000Z,2024-11-19,2024-11,1732046210,1731974400,7,16,Adulte,55.67,1,0,2024-11-12,1731445760,7,91.926875,-39.44,600450,0,0
M00010,P03597,U03858,TX0000526,228.79,20250411171138,Nice,CARD,Health,35,99007.76,Nice,VIP,20240407,Pro First Aid Kit 3597,Health,209.25,3.8,495,HealthShop 10,Health,Occitanie,0.0775,20211009,17,Vendredi,Avril,0,Afternoon,0,2025-04-11T17:11:38.000Z,2025-04-11,2025-04,1744391498,1744329600,5,35,Adulte,1033.37,4,0,2025-04-10,1744302528,1,411.7925714285715,-44.44,88970,0,0
M00480,P04841,U06387,TX0000527,312.66,20250225095836,Marseille,CRYPTO,Clothing,46,33732.57,Marseille,Standard,20240524,Pro T-Shirt 4841,Clothing,282.34,4.2,622,ClothingHub 480,Clothing,Occitanie,0.0722,20201105,9,Mardi,Fevrier,0,Morning,1,2025-02-25T09:58:36.000Z,2025-02-25,2025-02,1740477516,1740441600,4,5,Age Moyen,312.66,1,0,2025-02-14,1739546094,11,129.818,140.84,931422,1,0
M00114,P03941,U10502,TX0000528,1408.94,20250728192829,Reims,BANK_TRANSFER,Automotive,23,35564.03,Reims,Premium,20250720,Essential Dash Cam 3941,Automotive,1425.36,3.7,814,AutoCenter 114,Automotive,Pays de la Loire,0.0133,20200901,19,Lundi,Juillet,0,Evening,0,2025-07-28T19:28:29.000Z,2025-07-28,2025-07,1753730909,1753660800,11,22,Jeune,4131.38,3,0,2025-07-26,1753537574,2,430.9486363636363,226.94,193335,0,0
M00468,P02293,U04291,TX0000529,179.82,20241216102613,Nantes,BANK_TRANSFER,Clothing,45,84916.67,Nantes,Premium,20250127,Elite Jacket 2293,Clothing,174.94,3.2,676,StyleShop 468,Clothing,Ile-de-France,0.0993,20190506,10,Lundi,Decembre,0,Morning,1,2024-12-16T10:26:13.000Z,2024-12-16,2024-12,1734344773,1734307200,19,32,Age Moyen,653.43,3,0,2024-12-15,1734255506,1,334.2828125,-46.21,89267,0,0
M00563,P02064,U04540,TX0000530,13.81,20250124190953,Toulon,CASH,Toys,29,39705.92,Toulon,Standard,20231014,Pro Puzzle 2064,Toys,7.51,4.6,1039,ToyLand 563,Toys,Inconnu,0.0811,20170630,19,Vendredi,Janvier,0,Evening,0,2025-01-24T19:09:53.000Z,2025-01-24,2025-01,1737745793,1737676800,2,11,Adulte,13.81,1,0,2025-01-13,1736768216,11,103.47454545454546,-86.65,977577,0,0
M00507,P02620,U11267,TX0000531,1391.98,20240820114741,Montpellier,CASH,Electronics,59,70207.75,Montpellier,Premium,20250716,Standard Headphones 2620,Electronics,665.25,2.6,148,GadgetShop 507,Electronics,Ile-de-France,0.0769,20200626,11,Mardi,Aout,0,Morning,1,2024-08-20T11:47:41.000Z,2024-08-20,2024-08,1724154461,1724112000,11,28,Age Moyen,6328.65,3,0,2024-08-20,1724144273,0,1198.8171428571427,16.11,10188,0,0
M00166,P02967,U07015,TX0000532,184.53,20251006092935,Nantes,BANK_TRANSFER,Electronics,30,57180.64,Lyon,Premium,20241130,Premium Camera 2967,Electronics,177.33,3.0,191,TechStore 166,Electronics,Ile-de-France,0.0503,20230423,9,Lundi,Octobre,0,Morning,1,2025-10-06T09:29:35.000Z,2025-10-06,2025-10,1759742975,1759708800,21,24,Adulte,1343.95,2,0,2025-10-03,1759451449,3,291.45083333333326,-36.69,291526,0,0
M00490,P01092,U05313,TX0000533,73.93,20251104174722,Paris,PAYPAL,Food,38,115324.32,Paris,VIP,20240303,Essential Chocolate Box 1092,Food,39.17,1.6,713,GourmetShop 490,Food,Nouvelle-Aquitaine,0.0709,20170328,17,Mardi,Novembre,0,Afternoon,0,2025-11-04T17:47:22.000Z,2025-11-04,2025-11,1762278442,1762214400,36,42,Adulte,73.93,1,0,2025-10-27,1761580577,8,376.8019047619048,-80.38,697865,0,0
M00360,P04405,U10477,TX0000534,793.28,20250524171453,Strasbourg,CARD,Home & Garden,54,134313.71,Strasbourg,VIP,20250301,Elite Lamp 4405,Home & Garden,767.88,3.2,462,GardenWorld 360,Home & Garden,Provence-Alpes-Côte d'Azur,0.0592,20210803,17,Samedi,Mai,1,Afternoon,0,2025-05-24T17:14:53.000Z,2025-05-24,2025-05,1748106893,1748044800,45,46,Age Moyen,1168.83,2,0,2025-05-20,1747778455,4,277.02282608695657,186.36,328438,0,0
M00238,P02906,U07438,TX0000535,16.79,20240717132713,Lyon,CARD,Books,42,157433.03,Lyon,VIP,20240205,Standard Comic Book 2906,Books,18.05,3.1,699,ReadMore 238,Books,Ile-de-France,0.0973,20170531,13,Mercredi,Juillet,0,Afternoon,1,2024-07-17T13:27:13.000Z,2024-07-17,2024-07,1721222833,1721174400,37,55,Adulte,16.79,1,0,2024-07-09,1720535251,8,231.25781818181812,-92.74,687582,0,0
M00402,P05571,U07767,TX0000536,52.87,20240505220504,Paris,CARD,Books,34,153629.36,Paris,VIP,20240802,Essential Atlas 5571,Books,47.64,4.7,174,ReadMore 402,Books,Nouvelle-Aquitaine,0.0951,20221119,22,Dimanche,Mai,1,Night,0,2024-05-05T22:05:04.000Z,2024-05-05,2024-05,1714946704,1714867200,27,64,Adulte,100.62,1,0,2024-05-05,1714905443,0,86.6025,-38.95,41261,1,0
M00447,P00476,U04267,TX0000537,59.32,20241011085615,Rennes,PAYPAL,Books,38,61175.22,Rennes,Premium,20250126,Premium Comic Book 476,Books,58.85,3.5,179,BookCorner 447,Books,Provence-Alpes-Côte d'Azur,0.0344,20181213,8,Vendredi,Octobre,0,Morning,0,2024-10-11T08:56:15.000Z,2024-10-11,2024-10,1728636975,1728604800,4,31,Adulte,1186.72,4,0,2024-10-10,1728542330,1,437.90000000000003,-86.45,94645,0,0
M00016,P05296,U05393,TX0000538,127.51,20241209233333,Paris,CARD,Beauty,37,21379.8,Paris,Budget,20250420,Classic Nail Kit 5296,Beauty,137.44,3.9,377,GlowShop 16,Beauty,Nouvelle-Aquitaine,0.0998,20230412,23,Lundi,Decembre,0,Night,0,2024-12-09T23:33:33.000Z,2024-12-09,2024-12,1733787213,1733702400,6,8,Adulte,127.51,1,0,2024-08-24,1724530262,107,191.855,-33.54,9256951,1,0
M00494,P00765,U05551,TX0000539,90.57,20240520083109,Strasbourg,PAYPAL,Books,50,24298.38,Strasbourg,Budget,20230408,Premium Cookbook 765,Books,42.73,3.4,94,ReadMore 494,Books,Occitanie,0.0946,20201104,8,Lundi,Mai,0,Morning,0,2024-05-20T08:31:09.000Z,2024-05-20,2024-05,1716193869,1716163200,5,10,Age Moyen,178.95,2,0,2024-05-18,1716033587,2,307.071,-70.51,160282,0,0
M00335,P01376,U05192,TX0000540,1368.02,20240125071212,Rennes,PAYPAL,Automotive,16,51443.85,Rennes,Standard,20240120,Essential Tyre Set 1376,Automotive,1389.54,3.1,69,AutoShop 335,Automotive,Nouvelle-Aquitaine,0.0138,20180320,7,Jeudi,Janvier,0,Morning,0,2024-01-25T07:12:12.000Z,2024-01-25,2024-01,1706166732,1706140800,4,9,Jeune,2454.07,2,0,2024-01-23,1706021385,2,557.7488888888888,145.28,145347,0,0
M00051,P04575,U02118,TX0000541,31.25,20240924160233,Toulon,CARD,Toys,55,66354.6,Toulon,Premium,20230909,Classic Doll 4575,Toys,33.37,3.7,198,ToyLand 51,Toys,Grand Est,0.0783,20180311,16,Mardi,Septembre,0,Afternoon,1,2024-09-24T16:02:33.000Z,2024-09-24,2024-09,1727193753,1727136000,4,17,Age Moyen,53.12,1,0,2024-09-17,1726594430,7,88.25235294117648,-64.59,599323,0,0
M00161,P02781,U11136,TX0000542,56.55,20240610115336,Dijon,CARD,Beauty,25,70440.45,Dijon,Premium,20241113,Pro Perfume 2781,Beauty,57.61,2.3,574,CosmeticHub 161,Beauty,Ile-de-France,0.0432,20221213,11,Lundi,Juin,0,Morning,1,2024-06-10T11:53:36.000Z,2024-06-10,2024-06,1718020416,1717977600,12,38,Jeune,56.55,1,0,2024-06-03,1717459156,7,316.92605263157884,-82.16,561260,0,0
M00043,P03023,U01241,TX0000543,144.48,20240907171237,Grenoble,BANK_TRANSFER,Toys,67,19708.31,Grenoble,Budget,20250225,Standard Board Game 3023,Toys,46.58,2.8,507,ToyHub 43,Toys,Ile-de-France,0.0567,20220331,17,Samedi,Septembre,1,Afternoon,0,2024-09-07T17:12:37.000Z,2024-09-07,2024-09,1725729157,1725667200,2,4,Senior,274.88,2,0,2024-09-04,1725464586,3,96.0475,50.43,264571,0,0
M00181,P03853,U06959,TX0000544,109.75,20240628103358,Paris,PAYPAL,Sports,46,103934.83,Paris,VIP,20240509,Pro Tennis Racket 3853,Sports,103.25,2.2,367,,Inconnu,Inconnu,,,10,Vendredi,Juin,0,Morning,1,2024-06-28T10:33:58.000Z,2024-06-28,2024-06,1719570838,1719532800,6,36,Age Moyen,2370.4,2,0,2024-06-28,1719563767,0,277.87361111111113,-60.5,7071,0,0
M00551,P02184,U05044,TX0000545,30.45,20250721051235,Toulouse,PAYPAL,Toys,36,48801.99,,Standard,20230522,Elite Board Game 2184,Toys,31.64,4.4,1077,ToyLand 551,Toys,Provence-Alpes-Côte d'Azur,0.085,20221226,5,Lundi,Juillet,0,Night,0,2025-07-21T05:12:35.000Z,2025-07-21,2025-07,1753074755,1753056000,9,13,Adulte,30.45,1,0,2025-07-06,1751833353,15,462.2330769230769,-93.41,1241402,1,0
M00262,P03971,U09360,TX0000546,2330.96,20240905192249,Toulouse,CARD,Electronics,50,52710.08,Toulouse,VIP,20231016,Classic Smart TV 3971,Electronics,819.37,3.4,884,GadgetShop 262,Electronics,Provence-Alpes-Côte d'Azur,0.0943,20230617,19,Jeudi,Septembre,0,Evening,0,2024-09-05T19:22:49.000Z,2024-09-05,2024-09,1725564169,1725494400,1,44,Age Moyen,2330.96,1,0,,,,724.6236363636364,221.68,,0,0
M00195,P01824,U06023,TX0000547,414.78,20250215162932,Villeurbanne,CARD,Sports,19,34182.71,Villeurbanne,Standard,20250706,Essential Running Shoes 1824,Sports,414.96,5.0,266,SportHub 195,Sports,Hauts-de-France,0.044,20230202,16,Samedi,Fevrier,1,Afternoon,1,2025-02-15T16:29:32.000Z,2025-02-15,2025-02,1739636972,1739577600,9,17,Jeune,414.78,1,0,2025-02-04,1738627534,11,408.45764705882345,1.55,1009438,0,0
M00177,P04441,U10008,TX0000548,53.81,20240427233858,Bordeaux,PAYPAL,Books,35,128407.12,Bordeaux,VIP,20250904,Classic Textbook 4441,Books,54.95,4.5,477,BookCorner 177,Books,Pays de la Loire,0.0801,20230511,23,Samedi,Avril,1,Night,0,2024-04-27T23:38:58.000Z,2024-04-27,2024-04,1714261138,1714176000,6,41,Adulte,53.81,1,0,2024-04-11,1712865346,16,424.49439024390256,-87.32,1395792,1,0
M00430,P04722,U00019,TX0000549,70.63,20240708120430,Montpellier,CARD,Toys,40,48353.33,Montpellier,Standard,20250228,Classic Action Figure 4722,Toys,64.21,3.6,479,PlayShop 430,Toys,Hauts-de-France,0.0751,20170830,12,Lundi,Juillet,0,Afternoon,1,2024-07-08T12:04:30.000Z,2024-07-08,2024-07,1720440270,1720396800,3,9,Adulte,233.73,2,0,2024-07-05,1720222606,3,389.8833333333333,-81.88,217664,0,0
M00507,P01386,U09412,TX0000550,201.22,20240917132205,Paris,CARD,Electronics,35,21332.04,Paris,Premium,20250710,Elite Headphones 1386,Electronics,201.32,2.9,806,GadgetShop 507,Electronics,Ile-de-France,0.0769,20200626,13,Mardi,Septembre,0,Afternoon,1,2024-09-17T13:22:05.000Z,2024-09-17,2024-09,1726579325,1726531200,25,27,Adulte,890.53,1,0,2024-09-17,1726570355,0,579.7751851851853,-65.29,8970,0,0
M00173,P04997,U09929,TX0000551,51.12,20240219081710,Paris,CARD,Toys,30,21644.11,Paris,Budget,20250814,Essential Doll 4997,Toys,46.05,3.0,394,PlayShop 173,Toys,Auvergne-Rhône-Alpes,0.0114,20171225,8,Lundi,Fevrier,0,Morning,0,2024-02-19T08:17:10.000Z,2024-02-19,2024-02,1708330630,1708300800,4,6,Adulte,51.12,1,0,2024-02-12,1707731771,7,834.8400000000001,-93.88,598859,0,0
M00001,P05997,U08038,TX0000552,55.19,20250708110232,Toulouse,CASH,Books,41,43828.5,Toulouse,Standard,20250323,Premium Biography 5997,Books,52.56,4.0,320,BookHaven 1,Books,Bretagne,0.0682,20220821,11,Mardi,Juillet,0,Morning,1,2025-07-08T11:02:32.000Z,2025-07-08,2025-07,1751972552,1751932800,1,8,Adulte,55.19,1,0,,,,118.25499999999998,-53.33,,0,0
M00307,P04119,U05042,TX0000553,546.43,20251219124708,Rennes,CASH,Sports,50,94148.88,Rennes,Premium,20240715,Essential Backpack 4119,Sports,509.0,4.0,506,SportZone 307,Sports,Bretagne,0.0933,20200411,12,Vendredi,Decembre,0,Afternoon,1,2025-12-19T12:47:08.000Z,2025-12-19,2025-12,1766148428,1766102400,15,16,Age Moyen,623.45,2,0,2025-12-16,1765888244,3,462.52812500000005,18.14,260184,0,0
M00429,P04591,U01963,TX0000554,268.35,20240601135735,Montpellier,BANK_TRANSFER,Home & Garden,56,70526.82,Montpellier,Premium,20250319,Classic Rug 4591,Home & Garden,287.35,2.7,247,HomeCenter 429,Home & Garden,Grand Est,0.0272,20200409,13,Samedi,Juin,1,Afternoon,1,2024-06-01T13:57:35.000Z,2024-06-01,2024-06,1717250255,1717200000,6,19,Age Moyen,298.28,1,0,2024-05-19,1716150677,13,361.7715789473684,-25.82,1099578,0,0
M00102,P05570,U06352,TX0000555,249.24,20251130133532,Lyon,CARD,Home & Garden,47,54219.82,Lyon,Premium,20250326,Essential Cookware Set 5570,Home & Garden,236.96,1.3,128,HomeStyle 102,Home & Garden,Ile-de-France,0.079,20201011,13,Dimanche,Novembre,1,Afternoon,1,2025-11-30T13:35:32.000Z,2025-11-30,2025-11,1764509732,1764460800,34,34,Age Moyen,1794.26,2,0,2025-11-29,1764436413,1,294.63764705882346,-15.41,73319,0,0
M00026,P01496,U00386,TX0000556,19.41,20250219214656,Angers,CARD,Beauty,35,16731.36,Angers,Budget,20250601,Pro Nail Kit 1496,Beauty,18.11,2.8,607,BeautyWorld 26,Beauty,Auvergne-Rhône-Alpes,0.0659,20190326,21,Mercredi,Fevrier,0,Evening,0,2025-02-19T21:46:56.000Z,2025-02-19,2025-02,1740001616,1739923200,3,5,Adulte,19.41,1,0,2024-10-28,1730098143,114,98.154,-80.22,9903473,0,0
M00576,P05486,U06416,TX0000557,62.64,20250812134852,Lille,PAYPAL,Books,37,18528.12,Lille,Budget,20250425,Essential Biography 5486,Books,61.17,5.0,1186,ReadMore 576,Books,Ile-de-France,0.0266,20180329,13,Mardi,Aout,0,Afternoon,1,2025-08-12T13:48:52.000Z,2025-08-12,2025-08,1755006532,1754956800,2,6,Adulte,62.64,1,0,2025-08-03,1754246572,9,141.29666666666668,-55.67,759960,0,0
M00039,P04364,U00299,TX0000558,107.5,20240904192213,Toulouse,PAYPAL,Health,,,,Inconnu,,Standard Vitamins 4364,Health,48.02,2.8,741,HealthShop 39,Health,Grand Est,0.0297,20180613,19,Mercredi,Septembre,0,Evening,0,2024-09-04T19:22:13.000Z,2024-09-04,2024-09,1725477733,1725408000,7,12,Inconnu,107.5,1,0,2024-04-16,1713261746,141,165.46,-35.03,12215987,0,0
M00194,P01974,U03712,TX0000559,69.69,20240421172422,Paris,BANK_TRANSFER,Toys,34,53059.5,Paris,Standard,20231211,Essential Puzzle 1974,Toys,69.73,2.8,337,ToyLand 194,Toys,Grand Est,0.0455,20201005,17,Dimanche,Avril,1,Afternoon,0,2024-04-21T17:24:22.000Z,2024-04-21,2024-04,1713720262,1713657600,1,8,Adulte,819.72,1,0,,,,231.79625,-69.93,,0,0
M00592,P01124,U02290,TX0000560,3891.26,20251219171021,Bordeaux,CARD,Electronics,41,100876.02,Bordeaux,VIP,20240821,Premium Smartphone 1124,Electronics,1892.45,4.4,125,ElectroWorld 592,Electronics,Bretagne,0.0139,20200818,17,Vendredi,Decembre,0,Afternoon,0,2025-12-19T17:10:21.000Z,2025-12-19,2025-12,1766164221,1766102400,24,25,Adulte,4688.33,2,0,2025-12-18,1766046096,1,345.3584,1026.73,118125,1,0
M00240,P02312,U10674,TX0000561,19.54,20251119081210,Saint-Etienne,CRYPTO,Health,26,56301.42,Saint-Etienne,Premium,20230206,Premium Massage Gun 2312,Health,20.35,2.0,1195,WellnessStore 240,Health,Nouvelle-Aquitaine,0.0235,20170729,8,Mercredi,Novembre,0,Morning,0,2025-11-19T08:12:10.000Z,2025-11-19,2025-11,1763539930,1763510400,22,30,Adulte,1536.12,2,0,2025-11-15,1763241973,4,803.2900000000001,-97.57,297957,1,0
M00391,P00171,U02980,TX0000562,34.91,20240708122651,Paris,PAYPAL,Books,36,17574.01,Paris,Budget,20250509,Standard Comic Book 171,Books,34.69,3.7,1162,BookHaven 391,Books,Ile-de-France,0.0789,20211022,12,Lundi,Juillet,0,Afternoon,1,2024-07-08T12:26:51.000Z,2024-07-08,2024-07,1720441611,1720396800,3,8,Adulte,137.23,2,0,2024-07-07,1720370074,1,42.067499999999995,-17.01,71537,0,0
M00105,P01474,U02249,TX0000563,70.67,20240126164155,Paris,CASH,Food,62,73642.68,Paris,Premium,20231210,Elite Chocolate Box 1474,Food,73.65,2.8,596,FreshMarket 105,Food,Grand Est,0.0473,20230630,16,Vendredi,Janvier,0,Afternoon,1,2024-01-26T16:41:55.000Z,2024-01-26,2024-01,1706287315,1706227200,5,11,Age Moyen,70.67,1,0,2024-01-19,1705687432,7,179.5609090909091,-60.64,599883,0,0
M00214,P01861,U06984,TX0000564,17.19,20250523115614,Saint-Etienne,CARD,Books,24,34692.57,Saint-Etienne,Standard,20240322,Classic Textbook 1861,Books,18.59,3.7,539,ReadMore 214,Books,Ile-de-France,0.0528,20220802,11,Vendredi,Mai,0,Morning,1,2025-05-23T11:56:14.000Z,2025-05-23,2025-05,1748001374,1747958400,7,12,Jeune,92.59,3,0,2025-05-19,1747655989,4,106.06083333333333,-83.79,345385,0,0
M00530,P01306,U05434,TX0000565,131.64,20240319204155,Toulon,PAYPAL,Health,16,114616.86,Toulon,VIP,20240513,Classic Massage Gun 1306,Health,119.93,3.3,975,VitalShop 530,Health,Provence-Alpes-Côte d'Azur,0.0533,20171220,20,Mardi,Mars,0,Evening,0,2024-03-19T20:41:55.000Z,2024-03-19,2024-03,1710880915,1710806400,4,32,Jeune,215.66,2,0,2024-03-17,1710640036,2,287.9937500000001,-54.29,240879,0,0
M00047,P04342,U10823,TX0000566,4.58,20240615171458,Le Havre,PAYPAL,Food,40,40417.22,Le Havre,Standard,20230320,Premium Chocolate Box 4342,Food,4.23,3.1,796,FoodMart 47,Food,Pays de la Loire,0.0417,20201212,17,Samedi,Juin,1,Afternoon,0,2024-06-15T17:14:58.000Z,2024-06-15,2024-06,1718471698,1718409600,12,18,Adulte,75.55,1,0,2024-06-15,1718444987,0,455.38944444444445,-98.99,26711,0,0
M00583,P04290,U04893,TX0000567,3045.42,20250201014945,Nice,CRYPTO,Sports,16,79632.86,Paris,Premium,20240926,Essential Running Shoes 4290,Sports,454.33,3.3,266,ActiveWear 583,Sports,Bretagne,0.0363,20170520,1,Samedi,Fevrier,1,Night,0,2025-02-01T01:49:45.000Z,2025-02-01,2025-02,1738374585,1738368000,13,21,Jeune,3569.53,2,0,2025-01-27,1738011928,5,453.1409523809524,572.07,362657,3,1
M00369,P04285,U10117,TX0000568,149.62,20250526024322,Paris,CASH,Food,43,43307.13,Paris,Standard,20241228,Pro Pasta Box 4285,Food,67.46,3.1,645,FoodMart 369,Food,Provence-Alpes-Côte d'Azur,0.083,20210403,2,Lundi,Mai,0,Night,0,2025-05-26T02:43:22.000Z,2025-05-26,2025-05,1748227402,1748217600,2,9,Adulte,149.62,1,0,2025-05-02,1746176938,24,109.97000000000001,36.06,2050464,1,0
M00129,P02042,U07000,TX0000569,76.32,20250427121435,Lyon,PAYPAL,Food,28,30869.02,Lyon,Standard,20230226,Premium Tea Set 2042,Food,75.66,3.7,350,GourmetShop 129,Food,Auvergne-Rhône-Alpes,0.0148,20181121,12,Dimanche,Avril,1,Afternoon,1,2025-04-27T12:14:35.000Z,2025-04-27,2025-04,1745756075,1745712000,7,14,Adulte,528.32,2,0,2025-04-26,1745683959,1,158.8585714285714,-51.96,72116,0,0
M00368,P01898,U00394,TX0000570,620.9,20250526200738,Strasbourg,CARD,Sports,46,55101.49,Strasbourg,Premium,20240528,Premium Backpack 1898,Sports,329.78,4.0,255,SportHub 368,Sports,Auvergne-Rhône-Alpes,0.0548,20200703,20,Lundi,Mai,0,Evening,0,2025-05-26T20:07:38.000Z,2025-05-26,2025-05,1748290058,1748217600,19,30,Age Moyen,620.9,1,0,2025-05-16,1747408232,10,511.8103333333333,21.31,881826,0,0
M00113,P00516,U03257,TX0000571,113.6,20250213034206,Le Havre,CARD,Health,43,40650.72,Le Havre,Standard,20230707,Premium Massage Gun 516,Health,115.94,3.4,924,HealthHub 113,Health,Nouvelle-Aquitaine,0.0646,20201108,3,Jeudi,Fevrier,0,Night,0,2025-02-13T03:42:06.000Z,2025-02-13,2025-02,1739418126,1739404800,7,10,Adulte,208.33,2,0,2025-02-11,1739276288,2,159.93799999999996,-28.97,141838,1,0
M00102,P02178,U05742,TX0000572,573.24,20241108215550,Reims,BANK_TRANSFER,Home & Garden,32,79330.34,Lyon,Premium,20230927,Premium Cookware Set 2178,Home & Garden,534.33,3.4,934,HomeStyle 102,Home & Garden,Ile-de-France,0.079,20201011,21,Vendredi,Novembre,0,Evening,0,2024-11-08T21:55:50.000Z,2024-11-08,2024-11,1731102950,1731024000,9,22,Adulte,636.84,2,0,2024-11-03,1730660975,5,259.6336363636364,120.79,441975,0,0
M00556,P03317,U11019,TX0000573,37.83,20250530104356,Marseille,CRYPTO,Electronics,45,20331.33,Marseille,Standard,20240606,,,,,,ElectroWorld 556,Electronics,Normandie,0.0204,20210420,10,Vendredi,Mai,0,Morning,1,2025-05-30T10:43:56.000Z,2025-05-30,2025-05,1748601836,1748563200,7,10,Age Moyen,107.98,2,0,2025-05-29,1748531316,1,163.83199999999994,-76.91,70520,1,0
M00122,P05156,U09946,TX0000574,438.69,20240613173441,Lyon,CARD,Electronics,37,39516.71,Lyon,Premium,20240920,Classic Camera 5156,Electronics,444.43,1.6,695,ElectroWorld 122,Electronics,Auvergne-Rhône-Alpes,0.0557,20190914,17,Jeudi,Juin,0,Afternoon,0,2024-06-13T17:34:41.000Z,2024-06-13,2024-06,1718300081,1718236800,3,16,Adulte,496.76,3,0,2024-06-10,1718020860,3,324.098125,35.36,279221,0,0
M00195,P01744,U06508,TX0000575,509.47,20250702181310,Rennes,CARD,Sports,31,68257.87,Rennes,Premium,20230526,Premium Dumbbells 1744,Sports,484.25,3.7,996,SportHub 195,Sports,Hauts-de-France,0.044,20230202,18,Mercredi,Juillet,0,Evening,0,2025-07-02T18:13:10.000Z,2025-07-02,2025-07,1751479990,1751414400,5,11,Adulte,509.47,1,0,2025-05-29,1748547532,34,249.1654545454546,104.47,2932458,0,0
M00061,P00507,U09013,TX0000576,46.19,20251203074837,Paris,BANK_TRANSFER,Books,39,90832.76,Paris,VIP,20250909,Elite Novel 507,Books,41.37,3.2,21,BookHaven 61,Books,Auvergne-Rhône-Alpes,0.0913,20210903,7,Mercredi,Decembre,0,Morning,0,2025-12-03T07:48:37.000Z,2025-12-03,2025-12,1764748117,1764720000,39,45,Adulte,46.19,1,0,2025-02-20,1740047525,286,163.61311111111112,-71.77,24700592,0,0
M00275,P04177,U10883,TX0000577,423.68,20250624120508,Paris,CARD,Sports,45,69712.9,Paris,Premium,20230212,Standard Yoga Mat 4177,Sports,467.56,3.9,269,FitnessShop 275,Sports,Provence-Alpes-Côte d'Azur,0.0981,20191209,12,Mardi,Juin,0,Afternoon,1,2025-06-24T12:05:08.000Z,2025-06-24,2025-06,1750766708,1750723200,16,37,Age Moyen,456.08,1,0,2025-06-03,1748941966,21,231.06297297297303,83.36,1824742,0,0
M00100,P02805,U02913,TX0000578,134.89,20250524094628,Strasbourg,PAYPAL,Clothing,56,57673.73,Strasbourg,Standard,20250413,Essential Jacket 2805,Clothing,139.33,2.3,1072,StyleShop 100,Clothing,Hauts-de-France,0.0211,20180811,9,Samedi,Mai,1,Morning,1,2025-05-24T09:46:28.000Z,2025-05-24,2025-05,1748079988,1748044800,12,17,Age Moyen,134.89,1,0,2025-05-15,1747292985,9,344.1335294117647,-60.8,787003,0,0
M00216,P03114,U02789,TX0000579,1407.71,20250309073957,Montpellier,PAYPAL,Automotive,39,81229.79,Le Havre,Premium,20240329,Standard Oil Filter 3114,Automotive,1545.95,3.4,145,AutoShop 216,Automotive,Ile-de-France,0.0956,20211006,7,Dimanche,Mars,1,Morning,0,2025-03-09T07:39:57.000Z,2025-03-09,2025-03,1741505997,1741478400,18,24,Adulte,2903.06,2,0,2025-03-05,1741186799,4,667.43625,110.91,319198,0,0
M00335,P03641,U08070,TX0000580,1630.51,20250503080548,Strasbourg,BANK_TRANSFER,Automotive,47,147883.34,Strasbourg,VIP,20230303,Classic Car Battery 3641,Automotive,1496.0,5.0,970,AutoShop 335,Automotive,Nouvelle-Aquitaine,0.0138,20180320,8,Samedi,Mai,1,Morning,0,2025-05-03T08:05:48.000Z,2025-05-03,2025-05,1746259548,1746230400,16,37,Age Moyen,1647.87,2,0,2025-04-27,1745761046,6,412.1827027027028,295.58,498502,0,0
M00391,P05793,U01227,TX0000581,134.88,20250723214406,Marseille,CARD,Books,32,48537.76,Marseille,Standard,20240506,Elite Cookbook 5793,Books,63.19,4.9,0,BookHaven 391,Books,Ile-de-France,0.0789,20211022,21,Mercredi,Juillet,0,Evening,0,2025-07-23T21:44:06.000Z,2025-07-23,2025-07,1753307046,1753228800,3,9,Adulte,310.16,2,0,2025-07-18,1752860089,5,565.5388888888888,-76.15,446957,0,0
M00173,P04136,U07519,TX0000582,67.42,20251103191912,Nice,BANK_TRANSFER,Toys,24,50724.58,Nice,Premium,20230915,Classic Puzzle 4136,Toys,73.18,2.9,918,PlayShop 173,Toys,Auvergne-Rhône-Alpes,0.0114,20171225,19,Lundi,Novembre,0,Evening,0,2025-11-03T19:19:12.000Z,2025-11-03,2025-11,1762197552,1762128000,19,22,Jeune,67.42,1,0,2025-07-29,1753812021,97,211.99181818181822,-68.2,8385531,0,0
M00420,P03268,U08944,TX0000583,820.51,20240610051325,Villeurbanne,CARD,Home & Garden,42,40441.77,Villeurbanne,Standard,20231106,Pro Garden Chair 3268,Home & Garden,739.16,4.7,749,HomeStyle 420,Home & Garden,Hauts-de-France,0.0927,20211201,5,Lundi,Juin,0,Night,0,2024-06-10T05:13:25.000Z,2024-06-10,2024-06,1717996405,1717977600,3,9,Adulte,963.55,2,0,2024-06-04,1717492911,6,291.4522222222222,181.52,503494,1,0
M00291,P02173,U03853,TX0000584,1260.88,20241023153943,Grenoble,CRYPTO,Electronics,46,45356.96,Grenoble,Standard,20250918,Premium Laptop 2173,Electronics,1168.57,3.5,875,TechStore 291,Electronics,Occitanie,0.0973,20181001,15,Mercredi,Octobre,0,Afternoon,1,2024-10-23T15:39:43.000Z,2024-10-23,2024-10,1729697983,1729641600,13,15,Age Moyen,10396.39,3,0,2024-10-23,1729670499,0,1144.9973333333335,10.12,27484,1,0
M00057,P01568,U10560,TX0000585,212.04,20240818125826,Reims,CRYPTO,Sports,63,60269.32,Reims,Premium,20230309,Classic Running Shoes 1568,Sports,194.09,2.7,1096,SportZone 57,Sports,Auvergne-Rhône-Alpes,0.0294,20210714,12,Dimanche,Aout,1,Afternoon,1,2024-08-18T12:58:26.000Z,2024-08-18,2024-08,1723985906,1723939200,3,19,Age Moyen,212.04,1,0,2024-08-09,1723220420,9,161.86999999999998,30.99,765486,1,0
M00111,P01408,U00860,TX0000586,88.43,20250722190638,Rennes,CARD,Toys,32,26063.83,Rennes,Budget,20230824,Classic Board Game 1408,Toys,84.28,3.5,833,ToyLand 111,Toys,Ile-de-France,0.0945,20180319,19,Mardi,Juillet,0,Evening,0,2025-07-22T19:06:38.000Z,2025-07-22,2025-07,1753211198,1753142400,6,7,Adulte,88.43,1,0,2025-01-29,1738159893,174,166.83428571428573,-47.0,15051305,0,0
M00279,P01842,U03506,TX0000587,1088.32,20241212231145,Bordeaux,BANK_TRANSFER,Automotive,30,127713.1,Bordeaux,VIP,20250909,Premium Car Battery 1842,Automotive,1079.72,5.0,781,MotorHub 279,Automotive,Grand Est,0.0348,20180111,23,Jeudi,Decembre,0,Night,0,2024-12-12T23:11:45.000Z,2024-12-12,2024-12,1734045105,1733961600,10,13,Adulte,1331.16,2,0,2024-12-06,1733523856,6,542.0976923076923,100.76,521249,1,0
M00590,P00069,U02070,TX0000588,98.18,20251108212256,Reims,CRYPTO,Health,26,15780.46,Reims,Budget,20250428,Pro Blood Monitor 69,Health,53.36,3.0,253,HealthShop 590,Health,Auvergne-Rhône-Alpes,0.0445,20201005,21,Samedi,Novembre,1,Evening,0,2025-11-08T21:22:56.000Z,2025-11-08,2025-11,1762636976,1762560000,2,4,Adulte,108.71,2,0,2025-11-04,1762273655,4,68.7175,42.87,363321,1,0
M00039,P03225,U00820,TX0000589,164.01,20250715104857,Toulouse,BANK_TRANSFER,Health,61,25477.17,Toulouse,Premium,20250629,Classic Vitamins 3225,Health,160.08,3.3,263,HealthShop 39,Health,Grand Est,0.0297,20180613,10,Mardi,Juillet,0,Morning,1,2025-07-15T10:48:57.000Z,2025-07-15,2025-07,1752576537,1752537600,2,13,Age Moyen,164.01,1,0,2025-07-01,1751365260,14,372.05846153846153,-55.92,1211277,0,0
M00460,P01971,U05093,TX0000590,422.79,20240920142521,Reims,BANK_TRANSFER,Home & Garden,21,37211.68,Reims,Standard,20230707,Standard Garden Chair 1971,Home & Garden,430.03,3.1,139,DecorShop 460,Home & Garden,Pays de la Loire,0.0458,20230118,14,Vendredi,Septembre,0,Afternoon,1,2024-09-20T14:25:21.000Z,2024-09-20,2024-09,1726842321,1726790400,8,8,Jeune,422.79,1,0,2024-09-10,1725978289,10,183.30499999999998,130.65,864032,0,0
M00475,P00053,U05716,TX0000591,201.27,20250207193825,Marseille,BANK_TRANSFER,Toys,18,22647.15,Marseille,Standard,20240218,Premium Headphones 53,Electronics,538.87,3.6,1001,KidsWorld 475,Toys,Grand Est,0.0499,20190220,19,Vendredi,Fevrier,0,Evening,0,2025-02-07T19:38:25.000Z,2025-02-07,2025-02,1738957105,1738886400,6,14,Jeune,562.84,2,0,2025-02-07,1738956983,0,277.345,-27.43,122,1,0
M00246,P03969,U06882,TX0000592,46.25,20250818155601,Paris,CARD,Toys,35,52096.37,Paris,Standard,20230705,Essential Action Figure 3969,Toys,43.85,3.4,1117,KidsWorld 246,Toys,Nouvelle-Aquitaine,0.0167,20210112,15,Lundi,Aout,0,Afternoon,1,2025-08-18T15:56:01.000Z,2025-08-18,2025-08,1755532561,1755475200,2,5,Adulte,101.07,2,0,2025-08-12,1755011601,6,73.88,-37.4,520960,0,0
M00310,P04108,U05803,TX0000593,24.4,20240403172845,Le Havre,CARD,Home & Garden,59,75313.83,Lyon,Premium,20230512,Pro Sofa 4108,Home & Garden,25.85,2.1,664,GardenWorld 310,Home & Garden,Occitanie,0.0808,20210605,17,Mercredi,Avril,0,Afternoon,0,2024-04-03T17:28:45.000Z,2024-04-03,2024-04,1712165325,1712102400,1,26,Age Moyen,24.4,1,0,,,,265.9019230769231,-90.82,,0,0
M00242,P05846,U00420,TX0000594,3757.25,20250416223526,Reims,CRYPTO,Sports,27,79946.69,Nice,Premium,20240922,,,,,,FitnessShop 242,Sports,Occitanie,0.0672,20220512,22,Mercredi,Avril,0,Night,0,2025-04-16T22:35:26.000Z,2025-04-16,2025-04,1744842926,1744761600,4,11,Adulte,4257.97,2,0,2025-04-16,1744830737,0,798.2718181818183,370.67,12189,3,1
M00554,P01696,U07385,TX0000595,179.33,20240827203241,Toulouse,CARD,Automotive,48,103386.81,Toulouse,VIP,20250504,Elite Roof Rack 1696,Automotive,198.49,2.7,245,MotorHub 554,Automotive,Auvergne-Rhône-Alpes,0.0458,20190324,20,Mardi,Aout,0,Evening,0,2024-08-27T20:32:41.000Z,2024-08-27,2024-08,1724790761,1724716800,14,40,Age Moyen,221.94,2,0,2024-08-26,1724675240,1,348.4825000000002,-48.54,115521,0,0
M00151,P02756,U10321,TX0000596,721.91,20240614074705,Nice,CRYPTO,Home & Garden,52,64923.9,Nice,Premium,20241214,Classic Cookware Set 2756,Home & Garden,230.05,3.9,648,DecorShop 151,Home & Garden,Ile-de-France,0.0183,20170419,7,Vendredi,Juin,0,Morning,0,2024-06-14T07:47:05.000Z,2024-06-14,2024-06,1718351225,1718323200,14,29,Age Moyen,848.93,1,0,2024-06-06,1717671815,8,299.3651724137931,141.15,679410,1,0
M00102,P00100,U01919,TX0000597,254.41,20240913161626,Dijon,PAYPAL,Home & Garden,36,37795.42,Dijon,Standard,20230427,Standard Rug 100,Home & Garden,242.49,3.4,1015,HomeStyle 102,Home & Garden,Ile-de-France,0.079,20201011,16,Vendredi,Septembre,0,Afternoon,1,2024-09-13T16:16:26.000Z,2024-09-13,2024-09,1726244186,1726185600,13,19,Adulte,254.41,1,0,2024-09-06,1725637663,7,599.4089473684212,-57.56,606523,0,0
M00241,P03950,U08447,TX0000598,67.63,20240126163015,Toulouse,BANK_TRANSFER,Beauty,50,60578.69,Toulouse,Premium,20250706,Classic Perfume 3950,Beauty,61.73,3.8,405,CosmeticHub 241,Beauty,Provence-Alpes-Côte d'Azur,0.0162,20210615,16,Vendredi,Janvier,0,Afternoon,1,2024-01-26T16:30:15.000Z,2024-01-26,2024-01,1706286615,1706227200,3,15,Age Moyen,67.63,1,0,2024-01-18,1705578221,8,255.85066666666665,-73.57,708394,0,0
M00184,P01972,U06828,TX0000599,55.5,20250803091623,Strasbourg,CARD,Health,64,60371.6,Strasbourg,Premium,20230617,Essential Blood Monitor 1972,Health,52.58,2.7,1059,HealthShop 184,Health,Grand Est,0.0775,20190921,9,Dimanche,Aout,1,Morning,1,2025-08-03T09:16:23.000Z,2025-08-03,2025-08,1754212583,1754179200,14,19,Age Moyen,174.18,2,0,2025-08-02,1754128818,1,153.02157894736843,-63.73,83765,0,0
M00049,P02292,U11209,TX0000600,327.72,20250330180351,Angers,PAYPAL,Sports,31,110824.69,Angers,VIP,20240814,Pro Backpack 2292,Sports,316.3,3.4,994,ActiveWear 49,Sports,Auvergne-Rhône-Alpes,0.0341,20230524,18,Dimanche,Mars,1,Evening,0,2025-03-30T18:03:51.000Z,2025-03-30,2025-03,1743357831,1743292800,39,39,Adulte,681.4,3,0,2025-03-29,1743267798,1,669.4225641025641,-51.04,90033,0,0
M00076,P00496,U04217,TX0000601,2343.11,20240614221140,Nîmes,CRYPTO,Health,,,,Inconnu,,,Health,211.86,4.7,201,HealthShop 76,Health,Pays de la Loire,0.0852,20201222,22,Vendredi,Juin,0,Night,0,2024-06-14T22:11:40.000Z,2024-06-14,2024-06,1718403100,1718323200,3,15,Inconnu,2540.79,1,0,2024-06-14,1718366015,0,322.7906666666667,625.89,37085,3,1
M00172,P03935,U11312,TX0000602,75.38,20240222085616,Toulouse,CASH,Clothing,47,82211.76,Toulouse,Premium,20231017,,,,,,FashionStore 172,Clothing,Hauts-de-France,0.0305,20170807,8,Jeudi,Fevrier,0,Morning,0,2024-02-22T08:56:16.000Z,2024-02-22,2024-02,1708592176,1708560000,2,37,Age Moyen,275.0,2,0,2024-02-18,1708285985,4,478.7129729729729,-84.25,306191,0,0
M00407,P02149,U11865,TX0000603,15459.97,20250620042427,Marseille,CRYPTO,Automotive,46,132151.88,Reims,VIP,20230410,,,,,,MotorHub 407,Automotive,Ile-de-France,0.0569,20211117,4,Vendredi,Juin,0,Night,0,2025-06-20T04:24:27.000Z,2025-06-20,2025-06,1750393467,1750377600,5,42,Age Moyen,21252.4,2,0,2025-06-16,1750096924,4,2122.8261904761903,628.27,296543,3,1
M00208,P00115,U04147,TX0000604,61.03,20240302120731,Nantes,BANK_TRANSFER,Toys,,,,Inconnu,,Elite Building Blocks 115,Toys,59.33,2.2,894,ToyLand 208,Toys,Auvergne-Rhône-Alpes,0.0103,20200808,12,Samedi,Mars,1,Afternoon,1,2024-03-02T12:07:31.000Z,2024-03-02,2024-03,1709381251,1709337600,1,3,Inconnu,61.03,1,0,,,,508.43333333333334,-88.0,,0,0
M00330,P01996,U02959,TX0000605,102.69,20240609172316,Marseille,PAYPAL,Books,44,64673.02,Marseille,Premium,20240513,Pro Biography 1996,Books,48.69,4.1,270,LibraryShop 330,Books,Occitanie,0.089,20170805,17,Dimanche,Juin,1,Afternoon,0,2024-06-09T17:23:16.000Z,2024-06-09,2024-06,1717953796,1717891200,6,24,Adulte,102.69,1,0,2024-06-02,1717365721,7,471.66583333333324,-78.23,588075,0,0
M00022,P04914,U03953,TX0000606,32.55,20241113154532,Toulouse,PAYPAL,Books,66,65571.18,Toulouse,Premium,20240504,Essential Novel 4914,Books,14.6,1.8,633,ReadMore 22,Books,Auvergne-Rhône-Alpes,0.093,20221012,15,Mercredi,Novembre,0,Afternoon,1,2024-11-13T15:45:32.000Z,2024-11-13,2024-11,1731512732,1731456000,6,29,Senior,154.86,2,0,2024-11-10,1731233284,3,1117.9672413793103,-97.09,279448,0,0
M00165,P05663,U08589,TX0000607,362.76,20250812210749,Montpellier,CARD,Automotive,16,93112.42,Montpellier,Premium,20231221,Elite Oil Filter 5663,Automotive,335.33,3.4,308,MotorHub 165,Automotive,Auvergne-Rhône-Alpes,0.0943,20171213,21,Mardi,Aout,0,Evening,0,2025-08-12T21:07:49.000Z,2025-08-12,2025-08,1755032869,1754956800,23,23,Jeune,553.75,2,0,2025-08-12,1754990633,0,1114.766086956522,-67.46,42236,0,0
M00287,P01658,U11165,TX0000608,16.95,20250824175638,Nantes,CRYPTO,Food,16,66094.99,Nantes,Premium,20241229,Pro Coffee Pack 1658,Food,17.91,3.2,656,GourmetShop 287,Food,Hauts-de-France,0.0463,20180116,17,Dimanche,Aout,1,Afternoon,0,2025-08-24T17:56:38.000Z,2025-08-24,2025-08,1756058198,1755993600,25,25,Jeune,349.4,1,0,2025-08-24,1756042223,0,383.8296000000001,-95.58,15975,1,0
M00062,P04780,U09176,TX0000609,107.15,20241019213345,Nantes,BANK_TRANSFER,Beauty,44,39685.5,Nantes,Standard,20240918,Classic Lipstick 4780,Beauty,114.52,3.1,1131,GlowShop 62,Beauty,Hauts-de-France,0.075,20190320,21,Samedi,Octobre,1,Evening,0,2024-10-19T21:33:45.000Z,2024-10-19,2024-10,1729373625,1729296000,13,14,Adulte,107.15,1,0,2024-10-12,1728739451,7,311.36642857142857,-65.59,634174,0,0
M00504,P03210,U07444,TX0000610,259.78,20250902194114,Paris,BANK_TRANSFER,Clothing,43,155817.8,Paris,VIP,20241211,Elite T-Shirt 3210,Clothing,121.69,4.0,881,FashionStore 504,Clothing,Grand Est,0.027,20210514,19,Mardi,Septembre,0,Evening,0,2025-09-02T19:41:14.000Z,2025-09-02,2025-09,1756842074,1756771200,40,45,Adulte,259.78,1,0,2025-07-25,1753477944,39,589.7391111111111,-55.95,3364130,0,0
M00426,P04751,U04487,TX0000611,17.9,20251117103531,Paris,PAYPAL,Beauty,26,126566.29,Paris,VIP,20240105,Classic Face Cream 4751,Beauty,17.16,3.1,308,GlowShop 426,Beauty,Hauts-de-France,0.0966,20230531,10,Lundi,Novembre,0,Morning,1,2025-11-17T10:35:31.000Z,2025-11-17,2025-11,1763375731,1763337600,11,23,Adulte,302.92,3,0,2025-11-16,1763310403,1,243.92782608695651,-92.66,65328,0,0
M00474,P03517,U05261,TX0000612,417.18,20240503182443,Lyon,CARD,Beauty,60,85298.1,Lyon,Premium,20230624,Premium Serum 3517,Beauty,146.33,3.9,721,BeautyWorld 474,Beauty,Ile-de-France,0.0767,20220316,18,Vendredi,Mai,0,Evening,0,2024-05-03T18:24:43.000Z,2024-05-03,2024-05,1714760683,1714694400,7,19,Age Moyen,417.18,1,0,2024-04-17,1713322001,16,220.07842105263163,89.56,1438682,0,0
M00578,P01455,U11351,TX0000613,138.12,20251112072704,Dijon,CASH,Home & Garden,29,18522.67,Dijon,Budget,20250127,Classic Plant Pot 1455,Home & Garden,62.34,2.5,697,HomeCenter 578,Home & Garden,Grand Est,0.054,20171007,7,Mercredi,Novembre,0,Morning,0,2025-11-12T07:27:04.000Z,2025-11-12,2025-11,1762932424,1762905600,6,9,Adulte,138.12,1,0,2025-11-01,1762037629,11,212.11555555555552,-34.88,894795,0,0
M00104,P01700,U11908,TX0000614,155.78,20250323182702,Toulouse,CARD,Toys,35,118791.74,Toulouse,VIP,20240722,Standard Board Game 1700,Toys,149.35,4.2,21,ToyLand 104,Toys,Auvergne-Rhône-Alpes,0.0732,20170213,18,Dimanche,Mars,1,Evening,0,2025-03-23T18:27:02.000Z,2025-03-23,2025-03,1742754422,1742688000,29,38,Adulte,155.78,1,0,2025-03-15,1742070159,8,459.6921052631579,-66.11,684263,0,0
M00304,P04404,U06425,TX0000615,49.47,20250213100520,Paris,PAYPAL,Sports,56,102591.42,Paris,VIP,20250813,Classic Bicycle Helmet 4404,Sports,53.23,3.8,293,SportZone 304,Sports,Auvergne-Rhône-Alpes,0.0155,20190219,10,Jeudi,Fevrier,0,Morning,1,2025-02-13T10:05:20.000Z,2025-02-13,2025-02,1739441120,1739404800,39,43,Age Moyen,541.31,1,0,2025-02-06,1738863820,7,245.24255813953488,-79.83,577300,0,0
M00328,P02915,U03719,TX0000616,184.83,20241122104448,Marseille,CARD,Health,51,23503.41,Marseille,Budget,20240923,Essential Thermometer 2915,Health,193.07,4.1,195,HealthHub 328,Health,Inconnu,0.0874,20210608,10,Vendredi,Novembre,0,Morning,1,2024-11-22T10:44:48.000Z,2024-11-22,2024-11,1732272288,1732233600,3,6,Age Moyen,184.83,1,0,2024-11-11,1731357561,11,1166.131666666667,-84.15,914727,0,0
M00020,P03727,U04210,TX0000617,70.29,20241201103507,Paris,CRYPTO,Health,57,57532.63,Paris,VIP,20230513,Elite Vitamins 3727,Health,70.14,1.6,1172,VitalShop 20,Health,Provence-Alpes-Côte d'Azur,0.0547,20220926,10,Dimanche,Decembre,1,Morning,1,2024-12-01T10:35:07.000Z,2024-12-01,2024-12,1733049307,1733011200,24,52,Age Moyen,601.03,2,0,2024-11-26,1732635119,5,603.2184615384615,-88.35,414188,1,0
M00191,P02063,U02492,TX0000618,48.19,20251109165628,Nice,CARD,Automotive,36,33197.33,Nice,Premium,20250224,,,,,,MotorHub 191,Automotive,Ile-de-France,0.0593,20181120,16,Dimanche,Novembre,1,Afternoon,1,2025-11-09T16:56:28.000Z,2025-11-09,2025-11,1762707388,1762646400,32,35,Adulte,684.9,1,0,2025-11-09,1762688560,0,443.52628571428573,-89.13,18828,0,0
M00239,P05214,U11102,TX0000619,7.2,20240822180534,Nantes,CARD,Beauty,60,119003.82,Nice,VIP,20240906,Pro Lipstick 5214,Beauty,7.75,3.7,316,BeautyWorld 239,Beauty,Nouvelle-Aquitaine,0.0434,20200321,18,Jeudi,Aout,0,Evening,0,2024-08-22T18:05:34.000Z,2024-08-22,2024-08,1724349934,1724284800,29,37,Age Moyen,421.81,3,0,2024-08-21,1724264298,1,384.79837837837835,-98.13,85636,0,0
M00179,P04015,U01146,TX0000620,80.82,20250217154546,Paris,CRYPTO,Food,26,27885.08,Paris,Standard,20231028,Classic Chocolate Box 4015,Food,73.48,3.7,395,FoodMart 179,Food,Ile-de-France,0.0728,20210404,15,Lundi,Fevrier,0,Afternoon,1,2025-02-17T15:45:46.000Z,2025-02-17,2025-02,1739807146,1739750400,2,12,Adulte,147.67,2,0,2025-02-13,1739454661,4,88.63166666666665,-8.81,352485,1,0
M00333,P04175,U10664,TX0000621,203.56,20240921065410,Toulon,BANK_TRANSFER,Toys,65,100558.78,Toulon,VIP,20230402,Pro Board Game 4175,Toys,104.79,3.2,962,ToyHub 333,Toys,Nouvelle-Aquitaine,0.0635,20230319,6,Samedi,Septembre,1,Morning,0,2024-09-21T06:54:10.000Z,2024-09-21,2024-09,1726901650,1726876800,31,42,Senior,278.21,2,0,2024-09-18,1726665164,3,194.8628571428572,4.46,236486,0,0
M00472,P01010,U05945,TX0000622,460.84,20240501081352,Nice,PAYPAL,Home & Garden,32,23499.22,Nice,Budget,20241215,Elite Cookware Set 1010,Home & Garden,491.89,4.2,412,GardenWorld 472,Home & Garden,Auvergne-Rhône-Alpes,0.0942,20230502,8,Mercredi,Mai,0,Morning,0,2024-05-01T08:13:52.000Z,2024-05-01,2024-05,1714551232,1714521600,1,11,Adulte,460.84,1,0,,,,853.2700000000001,-45.99,,0,0
M00096,P03329,U02663,TX0000623,63.31,20241208182712,Paris,PAYPAL,Clothing,20,68211.76,Paris,Premium,20250726,Essential Jacket 3329,Clothing,64.77,4.3,965,StyleShop 96,Clothing,Nouvelle-Aquitaine,0.0823,20201205,18,Dimanche,Decembre,1,Evening,0,2024-12-08T18:27:12.000Z,2024-12-08,2024-12,1733682432,1733616000,4,13,Jeune,238.41,3,0,2024-12-05,1733397281,3,296.3346153846154,-78.64,285151,0,0
M00167,P03534,U00243,TX0000624,166.24,20250128222605,Bordeaux,CRYPTO,Electronics,34,83264.86,Bordeaux,Premium,20230626,Essential Tablet 3534,Electronics,167.28,3.7,1005,GadgetShop 167,Electronics,Pays de la Loire,0.0564,20220328,22,Mardi,Janvier,0,Night,0,2025-01-28T22:26:05.000Z,2025-01-28,2025-01,1738103165,1738022400,4,20,Adulte,166.24,1,0,2025-01-12,1736672543,16,610.669,-72.78,1430622,2,1
M00100,P01828,U06997,TX0000625,227.51,20250210084923,Nantes,CASH,Clothing,35,37701.43,Nantes,Premium,20230622,Pro Scarf 1828,Clothing,235.37,5.0,607,StyleShop 100,Clothing,Hauts-de-France,0.0211,20180811,8,Lundi,Fevrier,0,Morning,0,2025-02-10T08:49:23.000Z,2025-02-10,2025-02,1739177363,1739145600,17,23,Adulte,227.51,1,0,2024-07-26,1721988573,199,492.48434782608695,-53.8,17188790,0,0
M00593,P02812,U04286,TX0000626,1517.23,20241018081308,Lyon,CARD,Electronics,24,26470.75,Lyon,Budget,20250626,Premium Camera 2812,Electronics,707.79,3.9,74,DigitalHub 593,Electronics,Nouvelle-Aquitaine,0.0294,20180411,8,Vendredi,Octobre,0,Morning,0,2024-10-18T08:13:08.000Z,2024-10-18,2024-10,1729239188,1729209600,3,10,Jeune,1517.23,1,0,2024-10-11,1728637448,7,290.46399999999994,422.35,601740,1,0
M00537,P03604,U05227,TX0000627,462.35,20250704175027,Reims,CARD,Home & Garden,22,68537.03,Reims,Premium,20230917,Elite Rug 3604,Home & Garden,464.46,4.1,65,GardenWorld 537,Home & Garden,Bretagne,0.0776,20191119,17,Vendredi,Juillet,0,Afternoon,0,2025-07-04T17:50:27.000Z,2025-07-04,2025-07,1751651427,1751587200,10,25,Jeune,1587.11,2,0,2025-07-02,1751437284,2,649.2399999999999,-28.79,214143,0,0
M00189,P04881,U09003,TX0000628,41.21,20250614014935,Paris,BANK_TRANSFER,Books,16,56461.65,Paris,Premium,20240525,Standard Biography 4881,Books,41.76,3.9,1031,ReadMore 189,Books,Occitanie,0.05,20200127,1,Samedi,Juin,1,Night,0,2025-06-14T01:49:35.000Z,2025-06-14,2025-06,1749865775,1749859200,6,15,Jeune,100.43,2,0,2025-06-08,1749415918,6,86.648,-52.44,449857,1,0
M00583,P05912,U08154,TX0000629,323.9,20250218084431,Nice,BANK_TRANSFER,Sports,62,26667.57,Nice,Standard,20230313,Standard Bicycle Helmet 5912,Sports,358.11,4.9,1118,ActiveWear 583,Sports,Bretagne,0.0363,20170520,8,Mardi,Fevrier,0,Morning,0,2025-02-18T08:44:31.000Z,2025-02-18,2025-02,1739868271,1739836800,10,25,Age Moyen,383.44,2,0,2025-02-14,1739535614,4,338.5964000000001,-4.34,332657,0,0
M00275,P00997,U10614,TX0000630,459.07,20240227191155,Lyon,CARD,Sports,40,32886.49,Lyon,Standard,20230601,Elite Yoga Mat 997,Sports,137.96,3.3,1142,FitnessShop 275,Sports,Provence-Alpes-Côte d'Azur,0.0981,20191209,19,Mardi,Fevrier,0,Evening,0,2024-02-27T19:11:55.000Z,2024-02-27,2024-02,1709061115,1708992000,5,21,Adulte,459.07,1,0,2024-02-20,1708440894,7,1649.099523809524,-72.16,620221,0,0
M00427,P93813,U03524,TX0000631,26.04,20250413193420,Toulon,CARD,Books,43,31364.4,Lyon,Standard,20230724,,,,,,,Inconnu,Inconnu,,,19,Dimanche,Avril,1,Evening,0,2025-04-13T19:34:20.000Z,2025-04-13,2025-04,1744572860,1744502400,4,17,Adulte,2315.2,3,0,2025-04-11,1744392162,2,335.6258823529412,-92.24,180698,0,0
M00010,P03925,U02135,TX0000632,174.87,20250514094317,Toulon,CRYPTO,Health,16,17510.19,Rennes,Budget,20230131,Pro Thermometer 3925,Health,179.38,4.6,777,HealthShop 10,Health,Occitanie,0.0775,20211009,9,Mercredi,Mai,0,Morning,1,2025-05-14T09:43:17.000Z,2025-05-14,2025-05,1747215797,1747180800,1,4,Jeune,174.87,1,0,,,,130.335,34.17,,1,0
M00421,P00294,U01444,TX0000633,21.84,20250305164035,Dijon,PAYPAL,Food,58,27498.21,Dijon,Standard,20250322,Standard Chocolate Box 294,Food,11.67,3.3,706,FreshMarket 421,Food,Nouvelle-Aquitaine,0.017,20210508,16,Mercredi,Mars,0,Afternoon,1,2025-03-05T16:40:35.000Z,2025-03-05,2025-03,1741192835,1741132800,11,14,Age Moyen,21.84,1,0,2024-08-24,1724510001,193,266.5557142857143,-91.81,16682834,0,0
M00309,P03505,U06672,TX0000634,664.46,20251213100517,Nice,CASH,Home & Garden,21,16789.09,Nice,Budget,20241206,Standard Garden Chair 3505,Home & Garden,352.08,2.3,691,GardenWorld 309,Home & Garden,Nouvelle-Aquitaine,0.097,20210929,10,Samedi,Decembre,1,Morning,1,2025-12-13T10:05:17.000Z,2025-12-13,2025-12,1765620317,1765584000,3,3,Jeune,664.46,1,0,2025-10-05,1759667723,69,416.21999999999997,59.64,5952594,0,0
M00164,P03610,U06374,TX0000635,288.79,20250121045140,Bordeaux,CASH,Clothing,24,35936.74,Bordeaux,Standard,20250510,Standard Scarf 3610,Clothing,292.0,5.0,1199,TrendyWear 164,Clothing,Provence-Alpes-Côte d'Azur,0.0252,20191212,4,Mardi,Janvier,0,Night,0,2025-01-21T04:51:40.000Z,2025-01-21,2025-01,1737435100,1737417600,11,18,Jeune,288.79,1,0,2025-01-02,1735846473,19,264.45944444444444,9.2,1588627,1,0
M00502,P03797,U00424,TX0000636,1294.95,20250125074543,Paris,CASH,Automotive,34,104863.5,Paris,Premium,20230123,Elite Roof Rack 3797,Automotive,1263.44,3.5,328,CarParts 502,Automotive,Bretagne,0.0543,20200910,7,Samedi,Janvier,1,Morning,0,2025-01-25T07:45:43.000Z,2025-01-25,2025-01,1737791143,1737763200,20,21,Adulte,1372.36,2,0,2025-01-22,1737536657,3,174.43047619047618,642.39,254486,1,0
M00344,P05613,U07657,TX0000637,170.29,20250807175605,Montpellier,BANK_TRANSFER,Beauty,60,109618.21,Montpellier,VIP,20240229,Pro Perfume 5613,Beauty,155.18,5.0,663,BeautyCorner 344,Beauty,Nouvelle-Aquitaine,0.036,20220612,17,Jeudi,Aout,0,Afternoon,0,2025-08-07T17:56:05.000Z,2025-08-07,2025-08,1754589365,1754524800,32,43,Age Moyen,691.3,2,0,2025-08-04,1754335665,3,218.18744186046507,-21.95,253700,0,0
M00590,P01275,U09191,TX0000638,491.59,20240710102007,Lyon,CARD,Health,16,81405.61,Lyon,Premium,20230522,Standard Massage Gun 1275,Health,156.59,5.0,863,HealthShop 590,Health,Auvergne-Rhône-Alpes,0.0445,20201005,10,Mercredi,Juillet,0,Morning,1,2024-07-10T10:20:07.000Z,2024-07-10,2024-07,1720606807,1720569600,14,27,Jeune,491.59,1,0,2024-02-21,1708551565,140,287.24111111111114,71.14,12055242,0,0
M00119,P02900,U07491,TX0000639,79.82,20241210050308,Paris,PAYPAL,Beauty,51,102139.0,Paris,VIP,20231204,Pro Nail Kit 2900,Beauty,36.51,2.9,272,GlowShop 119,Beauty,Auvergne-Rhône-Alpes,0.0406,20220627,5,Mardi,Decembre,0,Night,0,2024-12-10T05:03:08.000Z,2024-12-10,2024-12,1733806988,1733788800,26,30,Age Moyen,287.84,2,0,2024-12-08,1733686496,2,467.11966666666666,-82.91,120492,1,0
M00492,P04143,U11257,TX0000640,345.68,20250621110308,Paris,CASH,Beauty,56,65244.99,Paris,Premium,20241013,Pro Perfume 4143,Beauty,156.11,3.3,872,CosmeticHub 492,Beauty,Hauts-de-France,0.0761,20181008,11,Samedi,Juin,1,Morning,1,2025-06-21T11:03:08.000Z,2025-06-21,2025-06,1750503788,1750464000,17,23,Age Moyen,1330.83,3,0,2025-06-20,1750436141,1,274.7891304347826,25.8,67647,0,0
M00217,P03306,U01855,TX0000641,5688.86,20250809132847,Saint-Etienne,PAYPAL,Electronics,63,94262.09,Saint-Etienne,VIP,20250102,Classic Tablet 3306,Electronics,1788.35,4.1,845,TechStore 217,Electronics,Auvergne-Rhône-Alpes,0.0821,20200613,13,Samedi,Aout,1,Afternoon,1,2025-08-09T13:28:47.000Z,2025-08-09,2025-08,1754746127,1754697600,10,32,Age Moyen,5753.16,2,0,2025-08-03,1754214310,6,652.8203125000001,771.43,531817,1,0
M00224,P00292,U10477,TX0000642,1146.3,20240818120748,Strasbourg,CARD,Automotive,54,134313.71,Strasbourg,VIP,20250301,Pro Car Battery 292,Automotive,1052.68,4.3,570,MotorHub 224,Automotive,Ile-de-France,0.0646,20200629,12,Dimanche,Aout,1,Afternoon,1,2024-08-18T12:07:48.000Z,2024-08-18,2024-08,1723982868,1723939200,19,46,Age Moyen,1854.17,3,0,2024-08-16,1723839364,2,277.02282608695657,313.79,143504,1,0
M00037,P01617,U03628,TX0000643,41.85,20240614124000,Strasbourg,CARD,Books,35,25559.75,Strasbourg,Budget,20250723,Essential Textbook 1617,Books,41.61,2.3,451,ReadMore 37,Books,Auvergne-Rhône-Alpes,0.0929,20170520,12,Vendredi,Juin,0,Afternoon,1,2024-06-14T12:40:00.000Z,2024-06-14,2024-06,1718368800,1718323200,5,6,Adulte,41.85,1,0,2024-03-09,1709978363,97,664.2566666666667,-93.7,8390437,0,0
M00552,P00785,U05236,TX0000644,17.05,20240526174350,Toulouse,BANK_TRANSFER,Food,29,69666.51,Toulouse,Standard,20230728,Standard Tea Set 785,Food,15.38,2.9,808,FoodMart 552,Food,Nouvelle-Aquitaine,0.0845,20200101,17,Dimanche,Mai,1,Afternoon,0,2024-05-26T17:43:50.000Z,2024-05-26,2024-05,1716745430,1716681600,9,13,Adulte,98.83,2,0,2024-05-20,1716198514,6,270.4492307692308,-93.7,546916,0,0
M00167,P02427,U00427,TX0000645,808.61,20250617184806,Grenoble,CASH,Electronics,76,78551.08,Grenoble,VIP,20240229,Standard Tablet 2427,Electronics,752.89,3.2,1096,GadgetShop 167,Electronics,Pays de la Loire,0.0564,20220328,18,Mardi,Juin,0,Evening,0,2025-06-17T18:48:06.000Z,2025-06-17,2025-06,1750186086,1750118400,12,29,Senior,984.8,2,0,2025-06-11,1749651922,6,677.7772413793103,19.3,534164,0,0
M00124,P04858,U08888,TX0000646,222.59,20250616151152,Nantes,PAYPAL,Health,49,23454.84,Nantes,Budget,20240108,Premium Massage Gun 4858,Health,205.02,2.6,438,WellnessStore 124,Health,Grand Est,0.0871,20230409,15,Lundi,Juin,0,Afternoon,1,2025-06-16T15:11:52.000Z,2025-06-16,2025-06,1750086712,1750032000,4,5,Age Moyen,367.61,2,0,2025-06-11,1749670068,5,337.238,-34.0,416644,0,0
M00590,P00069,U09571,TX0000647,113.3,20250607132728,Lyon,PAYPAL,Health,16,77293.73,Lyon,Premium,20230717,Pro Blood Monitor 69,Health,53.36,3.0,253,HealthShop 590,Health,Auvergne-Rhône-Alpes,0.0445,20201005,13,Samedi,Juin,1,Afternoon,1,2025-06-07T13:27:28.000Z,2025-06-07,2025-06,1749302848,1749254400,19,21,Jeune,140.47,1,0,2025-03-31,1743428663,68,228.78571428571428,-50.48,5874185,0,0
M00115,P00455,U05172,TX0000648,426.35,20250703192814,Grenoble,PAYPAL,Health,36,46960.16,Grenoble,Standard,20240528,Pro Blood Monitor 455,Health,201.6,3.8,161,WellnessStore 115,Health,Occitanie,0.043,20170331,19,Jeudi,Juillet,0,Evening,0,2025-07-03T19:28:14.000Z,2025-07-03,2025-07,1751570894,1751500800,2,8,Adulte,621.7,2,0,2025-07-02,1751464498,1,316.47625,34.72,106396,0,0
M00044,P04638,U06148,TX0000649,43.36,20250105135531,Reims,BANK_TRANSFER,Health,63,84801.24,Reims,VIP,20240919,Essential Vitamins 4638,Health,41.8,1.4,342,HealthShop 44,Health,Pays de la Loire,0.0817,20221130,13,Dimanche,Janvier,1,Afternoon,1,2025-01-05T13:55:31.000Z,2025-01-05,2025-01,1736085331,1736035200,12,31,Age Moyen,340.51,4,0,2025-01-04,1736016231,1,282.03709677419357,-84.63,69100,0,0
M00569,P05693,U08129,TX0000650,155.54,20250503141657,Strasbourg,PAYPAL,Health,16,46414.13,Lyon,Standard,20231025,Premium Vitamins 5693,Health,151.5,2.8,54,VitalShop 569,Health,Ile-de-France,0.0949,20180919,14,Samedi,Mai,1,Afternoon,1,2025-05-03T14:16:57.000Z,2025-05-03,2025-05,1746281817,1746230400,7,10,Jeune,155.54,1,0,2025-01-31,1738344758,92,307.511,-49.42,7937059,0,0
M00117,P05026,U08480,TX0000651,156.34,20250625185246,Lille,CASH,Toys,24,41695.34,Lille,Premium,20240412,Classic Doll 5026,Toys,154.63,4.0,426,ToyHub 117,Toys,Hauts-de-France,0.0833,20190614,18,Mercredi,Juin,0,Evening,0,2025-06-25T18:52:46.000Z,2025-06-25,2025-06,1750877566,1750809600,19,24,Jeune,156.34,1,0,2025-06-18,1750278419,7,368.36708333333337,-57.56,599147,0,0
M00096,P00246,U02591,TX0000652,105.21,20240515173128,Villeurbanne,CRYPTO,Clothing,71,89970.3,Villeurbanne,VIP,20230818,Standard Sneakers 246,Clothing,100.91,2.4,801,StyleShop 96,Clothing,Nouvelle-Aquitaine,0.0823,20201205,17,Mercredi,Mai,0,Afternoon,0,2024-05-15T17:31:28.000Z,2024-05-15,2024-05,1715794288,1715731200,32,50,Senior,264.72,2,0,2024-05-10,1715362324,5,380.2408000000001,-72.33,431964,1,0
M00541,P01091,U07054,TX0000653,901.25,20241005122055,Toulon,PAYPAL,Home & Garden,52,106410.3,Toulon,VIP,20240708,Premium Plant Pot 1091,Home & Garden,810.29,2.1,654,HomeStyle 541,Home & Garden,Normandie,0.019,20221010,12,Samedi,Octobre,1,Afternoon,1,2024-10-05T12:20:55.000Z,2024-10-05,2024-10,1728130855,1728086400,16,56,Age Moyen,3222.55,5,1,2024-10-05,1728124374,0,319.03678571428554,182.49,6481,0,0
M00023,P01063,U04312,TX0000654,53.57,20240113190139,Reims,CASH,Food,44,56795.02,Toulouse,Premium,20250218,Essential Cheese Platter 1063,Food,27.05,3.5,936,GourmetShop 23,Food,Bretagne,0.0684,20220517,19,Samedi,Janvier,1,Evening,0,2024-01-13T19:01:39.000Z,2024-01-13,2024-01,1705172499,1705104000,6,22,Adulte,250.44,3,0,2024-01-13,1705161952,0,226.1218181818181,-76.31,10547,0,0
M00402,P02705,U02442,TX0000655,190.09,20250323115953,Saint-Etienne,PAYPAL,Books,51,22063.53,Saint-Etienne,Budget,20240110,,,,,,ReadMore 402,Books,Nouvelle-Aquitaine,0.0951,20221119,11,Dimanche,Mars,1,Morning,1,2025-03-23T11:59:53.000Z,2025-03-23,2025-03,1742731193,1742688000,9,9,Age Moyen,254.79,2,0,2025-03-22,1742652753,1,194.78,-2.41,78440,0,0
M00006,P05737,U02215,TX0000656,290.08,20241210213032,Dijon,CASH,Home & Garden,38,42736.46,Dijon,Premium,20230315,Standard Plant Pot 5737,Home & Garden,304.79,3.2,1198,HomeStyle 6,Home & Garden,Grand Est,0.0751,20221005,21,Mardi,Decembre,0,Evening,0,2024-12-10T21:30:32.000Z,2024-12-10,2024-12,1733866232,1733788800,30,36,Adulte,307.49,2,0,2024-12-06,1733517284,4,372.05666666666673,-22.03,348948,0,0
M00322,P04395,U09045,TX0000657,88.3,20250330154052,Saint-Etienne,BANK_TRANSFER,Toys,39,121340.96,Nantes,VIP,20231101,Pro Board Game 4395,Toys,85.42,4.0,348,ToyLand 322,Toys,Occitanie,0.0842,20220412,15,Dimanche,Mars,1,Afternoon,1,2025-03-30T15:40:52.000Z,2025-03-30,2025-03,1743349252,1743292800,41,42,Adulte,132.0,2,0,2025-03-26,1742978498,4,194.46619047619046,-54.59,370754,0,0
M00174,P00865,U07126,TX0000658,123.2,20250121152854,Paris,PAYPAL,Toys,33,19099.66,Paris,Budget,20230227,Pro Doll 865,Toys,128.99,4.4,165,KidsWorld 174,Toys,Grand Est,0.0261,20211212,15,Mardi,Janvier,0,Afternoon,1,2025-01-21T15:28:54.000Z,2025-01-21,2025-01,1737473334,1737417600,3,9,Adulte,2663.06,1,0,2025-01-12,1736718621,9,702.8,-82.47,754713,0,0
M00214,P03468,U09847,TX0000659,59.45,20251205160530,Nîmes,CARD,Books,48,27658.62,Nîmes,Budget,20250228,Elite Textbook 3468,Books,53.54,5.0,1105,ReadMore 214,Books,Ile-de-France,0.0528,20220802,16,Vendredi,Decembre,0,Afternoon,1,2025-12-05T16:05:30.000Z,2025-12-05,2025-12,1764950730,1764892800,2,4,Age Moyen,74.45,2,0,2025-12-01,1764552037,4,40.9225,45.27,398693,0,0
M00423,P05161,U04268,TX0000660,1777.94,20250403205700,Paris,PAYPAL,Home & Garden,53,56744.56,Paris,Standard,20250226,Standard Sofa 5161,Home & Garden,620.32,4.1,217,DecorShop 423,Home & Garden,Pays de la Loire,0.012,20200922,20,Jeudi,Avril,0,Evening,0,2025-04-03T20:57:00.000Z,2025-04-03,2025-04,1743713820,1743638400,7,8,Age Moyen,1777.94,1,0,2024-07-26,1721993996,251,439.77875,304.28,21719824,1,0
M00098,P04460,U01027,TX0000661,58.45,20240316065326,Villeurbanne,PAYPAL,Food,36,39449.81,Villeurbanne,Standard,20250609,Pro Chocolate Box 4460,Food,53.41,2.9,879,GourmetShop 98,Food,Nouvelle-Aquitaine,0.0206,20200102,6,Samedi,Mars,1,Morning,0,2024-03-16T06:53:26.000Z,2024-03-16,2024-03,1710572006,1710547200,2,14,Adulte,1557.47,2,0,2024-03-14,1710428664,2,254.5014285714286,-77.03,143342,0,0
M00472,P00911,U07290,TX0000662,438.78,20250602101432,Marseille,BANK_TRANSFER,Home & Garden,31,53630.71,Marseille,Premium,20240806,Essential Lamp 911,Home & Garden,400.63,4.7,795,GardenWorld 472,Home & Garden,Auvergne-Rhône-Alpes,0.0942,20230502,10,Lundi,Juin,0,Morning,1,2025-06-02T10:14:32.000Z,2025-06-02,2025-06,1748859272,1748822400,4,11,Adulte,438.78,1,0,2025-04-26,1745692879,37,362.3736363636363,21.08,3166393,0,0
M00502,P04563,U02706,TX0000663,1193.78,20240913092838,Saint-Etienne,CARD,Automotive,32,48873.96,Nice,Premium,20231101,Standard Car Battery 4563,Automotive,1067.69,4.0,229,CarParts 502,Automotive,Bretagne,0.0543,20200910,9,Vendredi,Septembre,0,Morning,1,2024-09-13T09:28:38.000Z,2024-09-13,2024-09,1726219718,1726185600,10,26,Adulte,1222.03,2,0,2024-09-09,1725865431,4,271.435,339.8,354287,1,0
M00197,P05940,U10812,TX0000664,97.71,20251123202415,Grenoble,PAYPAL,Electronics,44,84998.83,Grenoble,VIP,20241028,Essential Headphones 5940,Electronics,104.64,2.0,1031,TechStore 197,Electronics,Ile-de-France,0.0487,20200515,20,Dimanche,Novembre,1,Evening,0,2025-11-23T20:24:15.000Z,2025-11-23,2025-11,1763929455,1763856000,39,41,Adulte,1712.6,3,0,2025-11-19,1763579077,4,501.66853658536576,-80.52,350378,0,0
M00505,P03206,U10612,TX0000665,46.15,20241012112710,Paris,CARD,Automotive,71,52026.3,Paris,Premium,20250901,Standard Dash Cam 3206,Automotive,49.81,3.7,40,MotorHub 505,Automotive,Ile-de-France,0.0936,20210604,11,Samedi,Octobre,1,Morning,1,2024-10-12T11:27:10.000Z,2024-10-12,2024-10,1728732430,1728691200,3,13,Senior,46.15,1,0,2024-10-05,1728146155,7,517.6315384615384,-91.08,586275,0,0
M00571,P03088,U08972,TX0000666,236.31,20250719091709,Montpellier,PAYPAL,Sports,50,16189.01,Montpellier,Budget,20250205,Elite Running Shoes 3088,Sports,244.42,2.8,1028,FitnessShop 571,Sports,Bretagne,0.0863,20180514,9,Samedi,Juillet,1,Morning,1,2025-07-19T09:17:09.000Z,2025-07-19,2025-07,1752916629,1752883200,2,8,Age Moyen,644.1,1,0,2025-07-03,1751576934,16,323.15,-26.87,1339695,0,0
M00288,P03704,U11115,TX0000667,40.56,20251226044252,Paris,CARD,Beauty,53,105040.57,Paris,VIP,20240510,Elite Perfume 3704,Beauty,42.7,2.9,920,BeautyWorld 288,Beauty,Ile-de-France,0.0149,20230410,4,Vendredi,Decembre,0,Night,0,2025-12-26T04:42:52.000Z,2025-12-26,2025-12,1766724172,1766707200,21,23,Age Moyen,1322.86,1,0,2025-12-16,1765915417,10,916.4621739130436,-95.57,808755,1,0
M00578,P01455,U09079,TX0000668,68.49,20240615152121,Montpellier,CASH,Home & Garden,40,55512.81,Montpellier,Standard,20240820,Classic Plant Pot 1455,Home & Garden,62.34,2.5,697,HomeCenter 578,Home & Garden,Grand Est,0.054,20171007,15,Samedi,Juin,1,Afternoon,1,2024-06-15T15:21:21.000Z,2024-06-15,2024-06,1718464881,1718409600,2,6,Adulte,68.49,1,0,2024-06-01,1717276774,14,511.155,-86.6,1188107,0,0
M00595,P04736,U11837,TX0000669,186.92,20250326155006,Nice,CARD,Health,24,71719.74,Nice,Premium,20250126,Pro Massage Gun 4736,Health,169.53,3.6,1102,HealthShop 595,Health,Ile-de-France,0.0372,20220402,15,Mercredi,Mars,0,Afternoon,1,2025-03-26T15:50:06.000Z,2025-03-26,2025-03,1743004206,1742947200,3,25,Jeune,186.92,1,0,2025-03-11,1741726274,15,332.7127999999999,-43.82,1277932,0,0
M00379,P03655,U03964,TX0000670,55.95,20251211083035,Paris,BANK_TRANSFER,Books,22,68428.54,Paris,Premium,20250714,Pro Textbook 3655,Books,52.78,4.9,528,BookCorner 379,Books,Auvergne-Rhône-Alpes,0.0793,20221126,8,Jeudi,Decembre,0,Morning,0,2025-12-11T08:30:35.000Z,2025-12-11,2025-12,1765441835,1765411200,6,7,Jeune,86.62,2,0,2025-12-09,1765247117,2,59.85714285714287,-6.53,194718,0,0
M00422,P01048,U06203,TX0000671,69.51,20250111192742,Lyon,CASH,Food,21,127569.8,Lyon,VIP,20240112,Premium Olive Oil 1048,Food,66.06,2.4,556,FoodMart 422,Food,Occitanie,0.0342,20190130,19,Samedi,Janvier,1,Evening,0,2025-01-11T19:27:42.000Z,2025-01-11,2025-01,1736623662,1736553600,18,23,Jeune,301.45,2,0,2025-01-05,1736099241,6,296.18652173913046,-76.53,524421,0,0
M00472,P03529,U08841,TX0000672,1972.77,20240527095512,Marseille,PAYPAL,Home & Garden,,,,Inconnu,,Premium Rug 3529,Home & Garden,610.63,3.5,195,GardenWorld 472,Home & Garden,Auvergne-Rhône-Alpes,0.0942,20230502,9,Lundi,Mai,0,Morning,1,2024-05-27T09:55:12.000Z,2024-05-27,2024-05,1716803712,1716768000,32,33,Inconnu,18977.62,2,0,2024-05-27,1716776256,0,1267.8375757575757,55.6,27456,0,0
M00288,P03704,U04614,TX0000673,41.05,20250414101600,Grenoble,CRYPTO,Beauty,43,9000.0,Grenoble,VIP,20250613,Elite Perfume 3704,Beauty,42.7,2.9,920,BeautyWorld 288,Beauty,Ile-de-France,0.0149,20230410,10,Lundi,Avril,0,Morning,1,2025-04-14T10:16:00.000Z,2025-04-14,2025-04,1744625760,1744588800,18,30,Adulte,41.05,1,0,2025-04-04,1743757613,10,576.8286666666667,-92.88,868147,1,0
M00169,P05879,U02197,TX0000674,58.3,20250704174706,Strasbourg,CARD,Books,26,111762.05,Strasbourg,VIP,20240702,Premium Atlas 5879,Books,58.57,4.2,899,BookHaven 169,Books,Ile-de-France,0.0656,20190419,17,Vendredi,Juillet,0,Afternoon,0,2025-07-04T17:47:06.000Z,2025-07-04,2025-07,1751651226,1751587200,23,44,Adulte,58.3,1,0,2025-05-27,1748336270,38,139.5140909090909,-58.21,3314956,0,0
M00315,P00439,U03039,TX0000675,759.84,20250127122816,Toulouse,BANK_TRANSFER,Electronics,47,26258.16,Toulouse,Standard,20240512,Elite Tablet 439,Electronics,837.0,3.2,857,TechStore 315,Electronics,Occitanie,0.0904,20170302,12,Lundi,Janvier,0,Afternoon,1,2025-01-27T12:28:16.000Z,2025-01-27,2025-01,1737980896,1737936000,8,14,Age Moyen,759.84,1,0,2024-08-31,1725115137,149,524.3771428571429,44.9,12865759,0,0
M00522,P03276,U04725,TX0000676,142.83,20250802011222,Nantes,CASH,Home & Garden,45,35856.53,Nantes,Standard,20240626,Standard Garden Chair 3276,Home & Garden,154.74,3.8,1165,GardenWorld 522,Home & Garden,Auvergne-Rhône-Alpes,0.0203,20170704,1,Samedi,Aout,1,Night,0,2025-08-02T01:12:22.000Z,2025-08-02,2025-08,1754097142,1754092800,11,18,Age Moyen,899.39,2,0,2025-07-27,1753599469,6,162.3738888888889,-12.04,497673,1,0
M00028,P04553,U05022,TX0000677,1213.23,20241228200113,Nice,BANK_TRANSFER,Sports,59,26636.15,Nice,Premium,20250414,Elite Bicycle Helmet 4553,Sports,428.84,2.8,679,FitnessShop 28,Sports,Hauts-de-France,0.0526,20180707,20,Samedi,Decembre,1,Evening,0,2024-12-28T20:01:13.000Z,2024-12-28,2024-12,1735416073,1735344000,11,31,Age Moyen,2055.09,3,0,2024-12-27,1735339065,1,302.07838709677424,301.63,77008,1,0
M00343,P04068,U02970,TX0000678,5.28,20250404020403,Bordeaux,PAYPAL,Beauty,51,78994.24,Bordeaux,Premium,20250620,Elite Serum 4068,Beauty,5.16,3.6,1193,BeautyCorner 343,Beauty,Occitanie,0.091,20190419,2,Vendredi,Avril,0,Night,0,2025-04-04T02:04:03.000Z,2025-04-04,2025-04,1743732243,1743724800,1,15,Age Moyen,5.28,1,0,,,,100.446,-94.74,,1,0
M00257,P04020,U03318,TX0000679,323.54,20241001131009,Nice,PAYPAL,Toys,49,46727.05,Nice,Standard,20231101,Pro Action Figure 4020,Toys,145.03,5.0,741,KidsWorld 257,Toys,Auvergne-Rhône-Alpes,0.0369,20220516,13,Mardi,Octobre,0,Afternoon,1,2024-10-01T13:10:09.000Z,2024-10-01,2024-10,1727788209,1727740800,1,4,Age Moyen,323.54,1,0,,,,120.92,167.57,,0,0
M00547,P02345,U08590,TX0000680,171.93,20250220105536,Montpellier,CASH,Health,16,26877.15,Toulon,Standard,20250917,Pro Massage Gun 2345,Health,172.93,2.8,201,HealthShop 547,Health,Grand Est,0.0112,20170529,10,Jeudi,Fevrier,0,Morning,1,2025-02-20T10:55:36.000Z,2025-02-20,2025-02,1740048936,1740009600,6,12,Jeune,171.93,1,0,2025-02-09,1739113949,11,218.43083333333334,-21.29,934987,0,0
M00580,P00018,U01123,TX0000681,41.13,20240417133126,Paris,CARD,Clothing,76,110751.73,Paris,VIP,20250224,Premium Jeans 18,Clothing,43.84,4.4,995,StyleShop 580,Clothing,Grand Est,0.0631,20190622,13,Mercredi,Avril,0,Afternoon,1,2024-04-17T13:31:26.000Z,2024-04-17,2024-04,1713360686,1713312000,12,48,Senior,708.2,3,0,2024-04-16,1713262432,1,243.9770833333334,-83.14,98254,0,0
M00026,P01496,U09420,TX0000682,183.29,20251103221031,Paris,CRYPTO,Beauty,18,40290.53,Paris,Premium,20250409,Pro Nail Kit 1496,Beauty,18.11,2.8,607,BeautyWorld 26,Beauty,Auvergne-Rhône-Alpes,0.0659,20190326,22,Lundi,Novembre,0,Night,0,2025-11-03T22:10:31.000Z,2025-11-03,2025-11,1762207831,1762128000,11,13,Jeune,692.78,2,0,2025-11-03,1762191243,0,668.5384615384615,-72.58,16588,2,1
M00441,P02593,U08200,TX0000683,732.29,20240111125620,Lille,BANK_TRANSFER,Automotive,47,21429.65,Lille,Budget,20250611,Premium Car Parts 2593,Automotive,774.83,2.6,1080,MotorHub 441,Automotive,Bretagne,0.0347,20180523,12,Jeudi,Janvier,0,Afternoon,1,2024-01-11T12:56:20.000Z,2024-01-11,2024-01,1704977780,1704931200,2,4,Age Moyen,750.8,2,0,2024-01-05,1704466191,6,243.57999999999998,200.64,511589,0,0
M00037,P02135,U11341,TX0000684,10.51,20240810233433,Nîmes,BANK_TRANSFER,Books,45,97768.97,,VIP,20230418,Premium Atlas 2135,Books,9.63,2.7,403,ReadMore 37,Books,Auvergne-Rhône-Alpes,0.0929,20170520,23,Samedi,Aout,1,Night,0,2024-08-10T23:34:33.000Z,2024-08-10,2024-08,1723332873,1723248000,32,60,Age Moyen,40.09,2,0,2024-08-07,1723053498,3,116.15333333333335,-90.95,279375,1,0
M00324,P04386,U03302,TX0000685,95.72,20240305094031,Bordeaux,CASH,Food,59,69544.06,Bordeaux,VIP,20230329,Essential Pasta Box 4386,Food,33.06,2.8,688,FoodMart 324,Food,Grand Est,0.0257,20210708,9,Mardi,Mars,0,Morning,1,2024-03-05T09:40:31.000Z,2024-03-05,2024-03,1709631631,1709596800,17,72,Age Moyen,365.44,3,0,2024-02-29,1709235566,5,438.21694444444455,-78.16,396065,0,0
M00157,P01202,U00433,TX0000686,236.44,20251110095757,Strasbourg,PAYPAL,Clothing,28,79966.15,Strasbourg,VIP,20240224,Premium Jeans 1202,Clothing,238.11,4.5,917,TrendyWear 157,Clothing,Hauts-de-France,0.0535,20220505,9,Lundi,Novembre,0,Morning,1,2025-11-10T09:57:57.000Z,2025-11-10,2025-11,1762768677,1762732800,26,36,Adulte,717.87,2,0,2025-11-08,1762626578,2,598.7713888888889,-60.51,142099,0,0
M00056,P02541,U10268,TX0000687,42.66,20241007085511,Paris,BANK_TRANSFER,Beauty,54,19037.22,Paris,Budget,20241126,Classic Serum 2541,Beauty,40.01,3.6,311,GlowShop 56,Beauty,Provence-Alpes-Côte d'Azur,0.0647,20200714,8,Lundi,Octobre,0,Morning,0,2024-10-07T08:55:11.000Z,2024-10-07,2024-10,1728291311,1728259200,2,9,Age Moyen,302.0,1,0,2024-10-07,1728274577,0,373.56222222222215,-88.58,16734,0,0
M00291,P00541,U09885,TX0000688,1743.82,20250217100525,Nîmes,PAYPAL,Electronics,49,139859.71,Lyon,VIP,20241114,Elite Laptop 541,Electronics,1643.93,3.1,703,TechStore 291,Electronics,Occitanie,0.0973,20181001,10,Lundi,Fevrier,0,Morning,1,2025-02-17T10:05:25.000Z,2025-02-17,2025-02,1739786725,1739750400,6,41,Age Moyen,1815.91,3,0,2025-02-14,1739564296,3,422.2039024390243,313.03,222429,1,0
M00220,P05042,U05126,TX0000689,2057.51,20250202221146,Bordeaux,CRYPTO,Sports,45,50043.35,Nîmes,Premium,20240701,Standard Yoga Mat 5042,Sports,450.82,3.5,210,SportHub 220,Sports,Provence-Alpes-Côte d'Azur,0.0644,20190817,22,Dimanche,Fevrier,1,Night,0,2025-02-02T22:11:46.000Z,2025-02-02,2025-02,1738534306,1738454400,13,17,Age Moyen,2502.54,1,0,2025-02-02,1738527624,0,522.165882352941,294.03,6682,2,1
M00021,P05501,U05855,TX0000690,259.5,20240724184401,Lyon,CRYPTO,Toys,25,68189.47,Lyon,VIP,20241014,Classic Toy Car 5501,Toys,88.99,3.6,1020,KidsWorld 21,Toys,Auvergne-Rhône-Alpes,0.0925,20200403,18,Mercredi,Juillet,0,Evening,0,2024-07-24T18:44:01.000Z,2024-07-24,2024-07,1721846641,1721779200,10,57,Jeune,551.21,2,0,2024-07-23,1721753890,1,203.50473684210522,27.52,92751,1,0
M00479,P01829,U05921,TX0000691,120.15,20240417194750,Paris,CARD,Beauty,39,25644.46,Paris,Budget,20230203,Pro Perfume 1829,Beauty,56.09,1.8,211,CosmeticHub 479,Beauty,Nouvelle-Aquitaine,0.0231,20220423,19,Mercredi,Avril,0,Evening,0,2024-04-17T19:47:50.000Z,2024-04-17,2024-04,1713383270,1713312000,3,4,Adulte,210.48,2,0,2024-04-16,1713294330,1,158.0225,-23.97,88940,0,0
M00454,P04903,U02411,TX0000692,31.4,20250608192807,Marseille,CASH,Beauty,46,128383.88,Marseille,VIP,20231106,Elite Nail Kit 4903,Beauty,28.65,1.0,371,BeautyCorner 454,Beauty,Ile-de-France,0.0685,20210605,19,Dimanche,Juin,1,Evening,0,2025-06-08T19:28:07.000Z,2025-06-08,2025-06,1749410887,1749340800,1,50,Age Moyen,31.4,1,0,,,,792.8886000000001,-96.04,,0,0
M00538,P03243,U08430,TX0000693,41.68,20251207122301,Lyon,CARD,Books,43,90351.94,Lyon,Premium,20240913,Premium Textbook 3243,Books,42.49,3.2,254,ReadMore 538,Books,Pays de la Loire,0.0344,20210928,12,Dimanche,Decembre,1,Afternoon,1,2025-12-07T12:23:01.000Z,2025-12-07,2025-12,1765110181,1765065600,14,16,Adulte,2130.01,2,0,2025-12-04,1764842958,3,579.635,-92.81,267223,0,0
M00099,P02105,U05114,TX0000694,743.43,20250627235455,Grenoble,BANK_TRANSFER,Automotive,30,81034.13,Lille,Premium,20230919,Classic Car Battery 2105,Automotive,682.26,3.7,602,AutoCenter 99,Automotive,Ile-de-France,0.0664,20191216,23,Vendredi,Juin,0,Night,0,2025-06-27T23:54:55.000Z,2025-06-27,2025-06,1751068495,1750982400,4,14,Adulte,2021.54,2,0,2025-06-22,1750599024,5,708.8571428571429,4.88,469471,1,0
M00370,P02644,U04066,TX0000695,661.47,20241027175024,Lyon,CASH,Automotive,50,15859.51,Lyon,Budget,20241010,Classic Oil Filter 2644,Automotive,734.69,3.2,791,MotorHub 370,Automotive,Ile-de-France,0.052,20190610,17,Dimanche,Octobre,1,Afternoon,0,2024-10-27T17:50:24.000Z,2024-10-27,2024-10,1730051424,1729987200,1,7,Age Moyen,661.47,1,0,,,,182.1,263.25,,0,0
M00426,P04751,U10203,TX0000696,15.48,20250629101037,Paris,PAYPAL,Beauty,21,20534.4,Paris,Budget,20240202,Classic Face Cream 4751,Beauty,17.16,3.1,308,GlowShop 426,Beauty,Hauts-de-France,0.0966,20230531,10,Dimanche,Juin,1,Morning,1,2025-06-29T10:10:37.000Z,2025-06-29,2025-06,1751191837,1751155200,2,4,Jeune,15.48,1,0,2025-06-13,1749846243,16,125.7175,-87.69,1345594,0,0
M00580,P05771,U09904,TX0000697,158.73,20240211153716,Le Havre,BANK_TRANSFER,Clothing,56,110264.04,Le Havre,VIP,20250114,Elite Scarf 5771,Clothing,150.67,3.0,135,StyleShop 580,Clothing,Grand Est,0.0631,20190622,15,Dimanche,Fevrier,1,Afternoon,1,2024-02-11T15:37:16.000Z,2024-02-11,2024-02,1707665836,1707609600,12,45,Age Moyen,702.41,4,0,2024-02-09,1707481492,2,546.2084444444446,-70.94,184344,0,0
M00232,P00879,U06919,TX0000698,26.83,20250625092751,Toulon,CARD,Books,35,23647.06,Toulon,Standard,20241030,Premium Atlas 879,Books,29.07,1.7,1007,BookHaven 232,Books,Auvergne-Rhône-Alpes,0.037,20211104,9,Mercredi,Juin,0,Morning,1,2025-06-25T09:27:51.000Z,2025-06-25,2025-06,1750843671,1750809600,8,12,Adulte,26.83,1,0,2025-06-09,1749491094,16,212.1866666666666,-87.36,1352577,0,0
M00403,P05137,U10555,TX0000699,80.25,20250619122339,Lille,PAYPAL,Food,32,31056.48,Lille,Budget,20241124,Premium Olive Oil 5137,Food,77.87,4.1,1140,,Inconnu,Inconnu,,,12,Jeudi,Juin,0,Afternoon,1,2025-06-19T12:23:39.000Z,2025-06-19,2025-06,1750335819,1750291200,6,6,Adulte,80.25,1,0,2025-06-02,1748849622,17,370.11666666666673,-78.32,1486197,0,0
M00033,P04974,U08938,TX0000700,1098.87,20251213033422,Paris,CRYPTO,Electronics,34,33591.34,Paris,Standard,20230521,Pro Camera 4974,Electronics,1059.89,2.7,195,DigitalHub 33,Electronics,Inconnu,0.0715,20220922,3,Samedi,Decembre,1,Night,0,2025-12-13T03:34:22.000Z,2025-12-13,2025-12,1765596862,1765584000,14,14,Adulte,1098.87,1,0,2025-12-04,1764872340,9,295.4542857142857,271.93,724522,2,1
M00526,P03931,U08105,TX0000701,2778.89,20250101144420,Lille,BANK_TRANSFER,Automotive,29,102990.45,Lille,VIP,20250803,Elite Oil Filter 3931,Automotive,1322.21,3.2,801,CarParts 526,Automotive,Nouvelle-Aquitaine,0.019,20180903,14,Mercredi,Janvier,0,Afternoon,1,2025-01-01T14:44:20.000Z,2025-01-01,2025-01,1735742660,1735689600,15,46,Adulte,3823.46,2,0,2024-12-31,1735683674,1,830.3550000000002,234.66,58986,0,0
M00133,P00495,U01307,TX0000702,1632.24,20240625204743,Angers,CARD,Home & Garden,31,42359.41,Angers,Standard,20250126,Standard Sofa 495,Home & Garden,738.86,4.1,562,DecorShop 133,Home & Garden,Ile-de-France,0.0107,20220913,20,Mardi,Juin,0,Evening,0,2024-06-25T20:47:43.000Z,2024-06-25,2024-06,1719348463,1719273600,2,17,Adulte,1632.24,1,0,2024-06-17,1718642626,8,540.831176470588,201.8,705837,0,0
M00125,P03066,U11257,TX0000703,281.17,20250415195549,Paris,CASH,Home & Garden,56,65244.99,Paris,Premium,20241013,Essential Plant Pot 3066,Home & Garden,297.35,4.0,965,HomeStyle 125,Home & Garden,Hauts-de-France,0.0585,20221222,19,Mardi,Avril,0,Evening,0,2025-04-15T19:55:49.000Z,2025-04-15,2025-04,1744746949,1744675200,3,23,Age Moyen,281.17,1,0,2025-04-08,1744132077,7,274.7891304347826,2.32,614872,0,0
M00226,P01066,U06423,TX0000704,14.1,20250825052748,Nice,BANK_TRANSFER,Books,24,55266.38,Nice,Standard,20230618,Pro Cookbook 1066,Books,13.67,2.7,106,BookHaven 226,Books,Grand Est,0.0651,20210721,5,Lundi,Aout,0,Night,0,2025-08-25T05:27:48.000Z,2025-08-25,2025-08,1756099668,1756080000,17,18,Jeune,56.18,1,0,2025-08-18,1755509309,7,272.65777777777777,-94.83,590359,1,0
M00372,P02640,U00066,TX0000705,19.11,20240110022847,Bordeaux,PAYPAL,Clothing,33,15885.26,Bordeaux,Budget,20250417,Standard T-Shirt 2640,Clothing,17.25,3.8,1072,ClothingHub 372,Clothing,Ile-de-France,0.0729,20190501,2,Mercredi,Janvier,0,Night,0,2024-01-10T02:28:47.000Z,2024-01-10,2024-01,1704853727,1704844800,1,7,Adulte,47.29,1,0,,,,361.07428571428574,-94.71,,1,0
M00072,P03215,U10485,TX0000706,1318.32,20250308191523,Nice,CARD,Electronics,56,68985.81,Nice,Premium,20231007,Premium Camera 3215,Electronics,1429.47,2.5,578,TechStore 72,Electronics,Pays de la Loire,0.0935,20220915,19,Samedi,Mars,1,Evening,0,2025-03-08T19:15:23.000Z,2025-03-08,2025-03,1741461323,1741392000,7,18,Age Moyen,2676.16,3,0,2025-03-07,1741382956,1,456.5905555555555,188.73,78367,0,0
M00150,P05927,U09232,TX0000707,104.34,20240208130012,Nice,CASH,Toys,45,23196.96,Nice,Standard,20250307,Premium Action Figure 5927,Toys,112.36,4.2,45,PlayShop 150,Toys,Hauts-de-France,0.0238,20220515,13,Jeudi,Fevrier,0,Afternoon,1,2024-02-08T13:00:12.000Z,2024-02-08,2024-02,1707397212,1707350400,5,17,Age Moyen,104.34,1,0,2024-01-29,1706539131,10,623.4276470588236,-83.26,858081,0,0
M00138,P05411,U07524,TX0000708,23.58,20250228050858,Toulon,PAYPAL,Toys,58,86837.59,Paris,VIP,20250624,Pro Action Figure 5411,Toys,23.67,3.6,258,PlayShop 138,Toys,Provence-Alpes-Côte d'Azur,0.0972,20210127,5,Vendredi,Fevrier,0,Night,0,2025-02-28T05:08:58.000Z,2025-02-28,2025-02,1740719338,1740700800,52,57,Age Moyen,214.15,2,0,2025-02-23,1740353653,5,393.7959649122807,-94.01,365685,1,0
M00288,P04146,U07461,TX0000709,300.27,20250825074615,Toulouse,CARD,Beauty,21,45626.39,Toulouse,Standard,20250601,Standard Perfume 4146,Beauty,148.35,4.9,1054,BeautyWorld 288,Beauty,Ile-de-France,0.0149,20230410,7,Lundi,Aout,0,Morning,0,2025-08-25T07:46:15.000Z,2025-08-25,2025-08,1756107975,1756080000,8,11,Jeune,1134.23,2,0,2025-08-21,1755800792,4,284.79636363636365,5.43,307183,0,0
M00162,P04169,U09842,TX0000710,574.04,20250825162048,Toulouse,BANK_TRANSFER,Clothing,19,126561.22,Toulouse,VIP,20231117,Classic Jacket 4169,Clothing,299.51,4.4,182,TrendyWear 162,Clothing,Ile-de-France,0.0465,20230322,16,Lundi,Aout,0,Afternoon,1,2025-08-25T16:20:48.000Z,2025-08-25,2025-08,1756138848,1756080000,31,47,Jeune,751.64,2,0,2025-08-22,1755858246,3,296.4376595744681,93.65,280602,0,0
M00138,P00742,U05452,TX0000711,153.7,20250806155136,Nantes,PAYPAL,Toys,61,73004.65,Nantes,VIP,20250919,Elite Action Figure 742,Toys,142.59,4.8,319,PlayShop 138,Toys,Provence-Alpes-Côte d'Azur,0.0972,20210127,15,Mercredi,Aout,0,Afternoon,1,2025-08-06T15:51:36.000Z,2025-08-06,2025-08,1754495496,1754438400,28,40,Age Moyen,476.29,3,0,2025-08-06,1754488092,0,277.9652500000001,-44.71,7404,0,0
M00559,P00939,U11963,TX0000712,1951.29,20240213182401,Marseille,PAYPAL,Electronics,49,91284.28,Paris,VIP,20231019,Premium Laptop 939,Electronics,2147.79,4.0,986,ElectroWorld 559,Electronics,Ile-de-France,0.0468,20170715,18,Mardi,Fevrier,0,Evening,0,2024-02-13T18:24:01.000Z,2024-02-13,2024-02,1707848641,1707782400,3,36,Age Moyen,1951.29,1,0,2024-02-06,1707262044,7,714.793888888889,172.99,586597,0,0
M00401,P02189,U05512,TX0000713,187.33,20250504171919,Rennes,PAYPAL,Clothing,46,75457.19,Rennes,Premium,20240902,Essential T-Shirt 2189,Clothing,64.6,3.7,253,FashionStore 401,Clothing,Provence-Alpes-Côte d'Azur,0.061,20230509,17,Dimanche,Mai,1,Afternoon,0,2025-05-04T17:19:19.000Z,2025-05-04,2025-05,1746379159,1746316800,6,22,Age Moyen,187.33,1,0,2025-04-11,1744381544,23,117.53954545454543,59.38,1997615,0,0
M00210,P04593,U03226,TX0000714,62.61,20250623110851,Toulon,CRYPTO,Books,27,39219.61,Toulon,Premium,20230121,Classic Comic Book 4593,Books,59.22,5.0,371,BookCorner 210,Books,Pays de la Loire,0.0407,20230322,11,Lundi,Juin,0,Morning,1,2025-06-23T11:08:51.000Z,2025-06-23,2025-06,1750676931,1750636800,16,20,Adulte,137.06,3,0,2025-06-22,1750585367,1,221.01949999999997,-71.67,91564,1,0
M00164,P00517,U02871,TX0000715,62.17,20241201123234,Rennes,CRYPTO,Clothing,47,49226.61,Rennes,Standard,20250319,Essential Jeans 517,Clothing,60.74,2.3,311,TrendyWear 164,Clothing,Provence-Alpes-Côte d'Azur,0.0252,20191212,12,Dimanche,Decembre,1,Afternoon,1,2024-12-01T12:32:34.000Z,2024-12-01,2024-12,1733056354,1733011200,5,8,Age Moyen,62.17,1,0,2024-11-06,1730907347,25,648.7775,-90.42,2149007,1,0
M00155,P02798,U06739,TX0000716,602.03,20250624115036,Villeurbanne,PAYPAL,Clothing,35,99630.0,Nice,VIP,20240122,Classic Sneakers 2798,Clothing,307.87,4.5,148,FashionStore 155,Clothing,Occitanie,0.0864,20190904,11,Mardi,Juin,0,Morning,1,2025-06-24T11:50:36.000Z,2025-06-24,2025-06,1750765836,1750723200,10,27,Adulte,689.01,2,0,2025-06-23,1750673789,1,645.1129629629629,-6.68,92047,0,0
M00564,P03129,U01958,TX0000717,261.96,20250605095405,Paris,CASH,Home & Garden,37,56632.34,Paris,Premium,20230624,Pro Rug 3129,Home & Garden,237.89,2.4,83,DecorShop 564,Home & Garden,Occitanie,0.0438,20180714,9,Jeudi,Juin,0,Morning,1,2025-06-05T09:54:05.000Z,2025-06-05,2025-06,1749117245,1749081600,19,25,Adulte,261.96,1,0,2024-10-31,1730399975,217,538.74,-51.38,18717270,0,0
M00438,P05497,U10118,TX0000718,1081.82,20241110202158,Paris,CASH,Automotive,24,74001.93,Paris,Premium,20240728,Standard Oil Filter 5497,Automotive,1062.04,4.8,221,MotorHub 438,Automotive,Hauts-de-France,0.0126,20220430,20,Dimanche,Novembre,1,Evening,0,2024-11-10T20:21:58.000Z,2024-11-10,2024-11,1731270118,1731196800,18,27,Jeune,1169.0,2,0,2024-11-05,1730808343,5,278.42222222222216,288.55,461775,0,0
M00192,P01914,U00567,TX0000719,217.6,20250921120814,Toulouse,CARD,Clothing,29,20737.68,Toulouse,Standard,20230608,Classic Dress 1914,Clothing,213.97,3.2,11,ClothingHub 192,Clothing,Provence-Alpes-Côte d'Azur,0.0784,20200421,12,Dimanche,Septembre,1,Afternoon,1,2025-09-21T12:08:14.000Z,2025-09-21,2025-09,1758456494,1758412800,2,8,Adulte,914.03,2,0,2025-09-18,1758163987,3,208.2975,4.47,292507,0,0
M00174,P02270,U06538,TX0000720,72.17,20240708203551,Paris,CARD,Toys,48,59065.4,Paris,Premium,20230619,,,,,,KidsWorld 174,Toys,Grand Est,0.0261,20211212,20,Lundi,Juillet,0,Evening,0,2024-07-08T20:35:51.000Z,2024-07-08,2024-07,1720470951,1720396800,2,16,Age Moyen,72.17,1,0,2024-07-01,1719857044,7,595.708125,-87.89,613907,0,0
M00506,P00010,U09930,TX0000721,16.33,20240621123916,Saint-Etienne,CRYPTO,Books,53,46352.9,Saint-Etienne,Standard,20240512,Elite Novel 10,Books,17.13,2.7,231,BookCorner 506,Books,Ile-de-France,0.0582,20190515,12,Vendredi,Juin,0,Afternoon,1,2024-06-21T12:39:16.000Z,2024-06-21,2024-06,1718973556,1718928000,12,20,Age Moyen,70.95,2,0,2024-06-15,1718428600,6,89.57450000000001,-81.77,544956,1,0
M00311,P04733,U07104,TX0000722,85.73,20241006032107,Marseille,CARD,Beauty,18,46916.76,,Standard,20240301,Pro Nail Kit 4733,Beauty,80.3,3.6,36,CosmeticHub 311,Beauty,Hauts-de-France,0.0276,20200720,3,Dimanche,Octobre,1,Night,0,2024-10-06T03:21:07.000Z,2024-10-06,2024-10,1728184867,1728172800,6,11,Jeune,85.73,1,0,2024-06-27,1719509163,101,183.81363636363636,-53.36,8675704,1,0
M00581,P02794,U10295,TX0000723,305.88,20240904225021,Lyon,PAYPAL,Sports,30,75222.27,Lyon,VIP,20250722,Standard Backpack 2794,Sports,336.71,5.0,318,SportZone 581,Sports,Hauts-de-France,0.054,20180223,22,Mercredi,Septembre,0,Night,0,2024-09-04T22:50:21.000Z,2024-09-04,2024-09,1725490221,1725408000,23,35,Adulte,382.59,2,0,2024-09-01,1725199886,3,497.2545714285714,-38.49,290335,1,0
M00144,P04697,U10699,TX0000724,120.53,20240229084943,Lille,CARD,Health,46,96508.12,Lille,Premium,20241120,Classic Thermometer 4697,Health,115.44,4.4,247,HealthHub 144,Health,Occitanie,0.0224,20201221,8,Jeudi,Fevrier,0,Morning,0,2024-02-29T08:49:43.000Z,2024-02-29,2024-02,1709196583,1709164800,3,14,Age Moyen,921.65,2,0,2024-02-23,1708670947,6,509.3014285714286,-76.33,525636,0,0
M00161,P04682,U11485,TX0000725,21.2,20250620235632,Marseille,PAYPAL,Beauty,45,49588.58,Marseille,Premium,20250204,Classic Perfume 4682,Beauty,22.93,3.9,523,CosmeticHub 161,Beauty,Ile-de-France,0.0432,20221213,23,Vendredi,Juin,0,Night,0,2025-06-20T23:56:32.000Z,2025-06-20,2025-06,1750463792,1750377600,27,40,Age Moyen,135.7,2,0,2025-06-17,1750149299,3,96.49075000000002,-78.03,314493,1,0
M00040,P05456,U02428,TX0000726,214.69,20251006152035,Lyon,CRYPTO,Beauty,43,81320.49,Lyon,Premium,20231007,Elite Face Cream 5456,Beauty,100.13,2.0,1120,CosmeticHub 40,Beauty,Grand Est,0.0267,20181019,15,Lundi,Octobre,0,Afternoon,1,2025-10-06T15:20:35.000Z,2025-10-06,2025-10,1759764035,1759708800,6,12,Adulte,2121.16,5,1,2025-10-05,1759695306,1,275.96166666666664,-22.2,68729,1,0
M00275,P03105,U00182,TX0000727,415.98,20240709151544,Montpellier,CARD,Sports,48,20571.2,Toulouse,Budget,20240727,Essential Yoga Mat 3105,Sports,390.1,4.2,470,FitnessShop 275,Sports,Provence-Alpes-Côte d'Azur,0.0981,20191209,15,Mardi,Juillet,0,Afternoon,1,2024-07-09T15:15:44.000Z,2024-07-09,2024-07,1720538144,1720483200,9,12,Age Moyen,415.98,1,0,2024-06-16,1718527237,23,372.8641666666667,11.56,2010907,0,0
M00315,P05309,U00364,TX0000728,100.11,20240726200241,Reims,CARD,Electronics,21,38994.01,Reims,Standard,20250629,Premium Tablet 5309,Electronics,110.71,1.7,541,TechStore 315,Electronics,Occitanie,0.0904,20170302,20,Vendredi,Juillet,0,Evening,0,2024-07-26T20:02:41.000Z,2024-07-26,2024-07,1722024161,1721952000,10,18,Jeune,1241.15,2,0,2024-07-24,1721805553,2,429.12777777777774,-76.67,218608,0,0
M00318,P02231,U11413,TX0000729,38.44,20240625215240,Rennes,PAYPAL,Health,39,58958.49,Rennes,VIP,20230211,Premium Blood Monitor 2231,Health,21.29,4.3,476,HealthShop 318,Health,Ile-de-France,0.0154,20210203,21,Mardi,Juin,0,Evening,0,2024-06-25T21:52:40.000Z,2024-06-25,2024-06,1719352360,1719273600,14,16,Adulte,715.9,2,0,2024-06-25,1719319528,0,313.85312500000003,-87.75,32832,0,0
M00106,P04679,U08274,TX0000730,9.8,20240518123426,Lyon,PAYPAL,Health,16,41197.58,Lyon,Premium,20250508,Essential First Aid Kit 4679,Health,9.73,1.4,418,VitalShop 106,Health,Ile-de-France,0.0782,20201019,12,Samedi,Mai,1,Afternoon,1,2024-05-18T12:34:26.000Z,2024-05-18,2024-05,1716035666,1715990400,2,25,Jeune,85.18,2,0,2024-05-17,1715947863,1,73.76,-86.71,87803,0,0
M00501,P03364,U02963,TX0000731,12.5,20250326081850,Paris,CASH,Beauty,28,59835.91,Paris,VIP,20241231,Classic Nail Kit 3364,Beauty,12.29,1.8,689,CosmeticHub 501,Beauty,Nouvelle-Aquitaine,0.0771,20211203,8,Mercredi,Mars,0,Morning,0,2025-03-26T08:18:50.000Z,2025-03-26,2025-03,1742977130,1742947200,28,48,Adulte,12.5,1,0,2025-03-18,1742283697,8,811.6304166666665,-98.46,693433,0,0
M00076,P03722,U02967,TX0000732,81.03,20250913220834,Lyon,PAYPAL,Health,33,56691.79,Nantes,Premium,20250701,Pro Massage Gun 3722,Health,74.25,4.2,87,HealthShop 76,Health,Pays de la Loire,0.0852,20201222,22,Samedi,Septembre,1,Night,0,2025-09-13T22:08:34.000Z,2025-09-13,2025-09,1757801314,1757721600,2,14,Adulte,81.03,1,0,2025-09-05,1757103667,8,342.6078571428571,-76.35,697647,1,0
M00238,P01053,U10527,TX0000733,11.69,20250619181805,Nantes,CRYPTO,Books,50,120484.92,Toulouse,VIP,20250426,Premium Car Parts 1053,Automotive,908.03,3.5,300,ReadMore 238,Books,Ile-de-France,0.0973,20170531,18,Jeudi,Juin,0,Evening,0,2025-06-19T18:18:05.000Z,2025-06-19,2025-06,1750357085,1750291200,7,29,Age Moyen,2477.18,4,0,2025-06-19,1750356879,0,605.223103448276,-98.07,206,2,1
M00570,P03699,U08348,TX0000734,79.67,20250316032205,Marseille,CRYPTO,Beauty,43,33426.61,Marseille,Budget,20240127,Elite Shampoo 3699,Beauty,84.36,2.8,90,CosmeticHub 570,Beauty,Occitanie,0.0778,20200923,3,Dimanche,Mars,1,Night,0,2025-03-16T03:22:05.000Z,2025-03-16,2025-03,1742095325,1742083200,3,8,Adulte,79.67,1,0,2024-10-25,1729859140,142,94.00375000000003,-15.25,12236185,2,1
M00538,P03685,U01602,TX0000735,44.54,20250728200154,Paris,BANK_TRANSFER,Books,43,37210.64,Paris,Standard,20250720,Premium Textbook 3685,Books,45.98,4.4,480,ReadMore 538,Books,Pays de la Loire,0.0344,20210928,20,Lundi,Juillet,0,Evening,0,2025-07-28T20:01:54.000Z,2025-07-28,2025-07,1753732914,1753660800,6,12,Adulte,66.52,2,0,2025-07-23,1753282556,5,153.16333333333333,-70.92,450358,0,0
M00256,P04257,U03819,TX0000736,203.66,20250124150930,Saint-Etienne,BANK_TRANSFER,Health,43,71487.02,Saint-Etienne,VIP,20230726,Essential Blood Monitor 4257,Health,193.17,4.5,712,VitalShop 256,Health,Auvergne-Rhône-Alpes,0.0211,20180228,15,Vendredi,Janvier,0,Afternoon,1,2025-01-24T15:09:30.000Z,2025-01-24,2025-01,1737731370,1737676800,21,51,Adulte,203.66,1,0,2025-01-10,1736527710,14,309.7752941176471,-34.26,1203660,0,0
M00027,P05647,U03024,TX0000737,112.98,20241217021512,Lyon,,Beauty,35,119355.97,Lyon,VIP,20230302,Essential Shampoo 5647,Beauty,107.52,4.1,348,GlowShop 27,Beauty,Ile-de-France,0.0382,20210103,2,Mardi,Decembre,0,Night,0,2024-12-17T02:15:12.000Z,2024-12-17,2024-12,1734401712,1734393600,17,33,Adulte,112.98,1,0,2024-12-07,1733612502,10,246.29242424242418,-54.13,789210,1,0
M00356,P05638,U10108,TX0000738,456.81,20240427234021,Lyon,CASH,Sports,36,11768.36,Lyon,Budget,20250318,Premium Bicycle Helmet 5638,Sports,452.65,3.8,153,SportHub 356,Sports,Normandie,0.0514,20170703,23,Samedi,Avril,1,Night,0,2024-04-27T23:40:21.000Z,2024-04-27,2024-04,1714261221,1714176000,3,4,Adulte,1510.42,2,0,2024-04-26,1714159191,1,820.9875,-44.36,102030,1,0
M00001,P04565,U02745,TX0000739,42.66,20251218034811,Marseille,CARD,Books,28,38235.72,Marseille,Standard,20250506,Pro Novel 4565,Books,42.18,3.2,1108,BookHaven 1,Books,Bretagne,0.0682,20220821,3,Jeudi,Decembre,0,Night,0,2025-12-18T03:48:11.000Z,2025-12-18,2025-12,1766029691,1766016000,4,4,Adulte,42.66,1,0,2025-05-13,1747164591,219,47.497499999999995,-10.18,18865100,1,0
M00595,P04736,U05596,TX0000740,348.8,20250227192800,Villeurbanne,PAYPAL,Health,28,96827.79,Villeurbanne,VIP,20230118,Pro Massage Gun 4736,Health,169.53,3.6,1102,HealthShop 595,Health,Ile-de-France,0.0372,20220402,19,Jeudi,Fevrier,0,Evening,0,2025-02-27T19:28:00.000Z,2025-02-27,2025-02,1740684480,1740614400,15,44,Adulte,1210.89,2,0,2025-02-25,1740491651,2,228.73727272727265,52.49,192829,0,0
M00264,P00480,U11507,TX0000741,627.0,20240104153104,Bordeaux,BANK_TRANSFER,Home & Garden,44,52792.36,Bordeaux,Standard,20240415,Essential Sofa 480,Home & Garden,591.45,2.8,777,DecorShop 264,Home & Garden,Normandie,0.0599,20230128,15,Jeudi,Janvier,0,Afternoon,1,2024-01-04T15:31:04.000Z,2024-01-04,2024-01,1704382264,1704326400,2,6,Adulte,1138.91,2,0,2024-01-01,1704113177,3,272.19166666666666,130.35,269087,0,0
M00066,P02244,U05227,TX0000742,199.23,20250720183908,Reims,CARD,Clothing,22,68537.03,Reims,Premium,20230917,Standard Jeans 2244,Clothing,220.22,3.7,10,ClothingHub 66,Clothing,Hauts-de-France,0.0695,20190122,18,Dimanche,Juillet,1,Evening,0,2025-07-20T18:39:08.000Z,2025-07-20,2025-07,1753036748,1752969600,13,25,Jeune,977.02,2,0,2025-07-15,1752594609,5,649.2399999999999,-69.31,442139,0,0
M00123,P02071,U10101,TX0000743,100.95,20240425172937,Lyon,CARD,Beauty,16,45537.43,Lyon,Standard,20231215,Essential Perfume 2071,Beauty,105.43,4.8,202,CosmeticHub 123,Beauty,Auvergne-Rhône-Alpes,0.0875,20221006,17,Jeudi,Avril,0,Afternoon,0,2024-04-25T17:29:37.000Z,2024-04-25,2024-04,1714066177,1714003200,2,8,Jeune,100.95,1,0,2024-01-15,1705321875,101,628.4775,-83.94,8744302,0,0
M00077,P01312,U08165,TX0000744,62.51,20240630214847,Paris,PAYPAL,Toys,68,109514.49,Paris,VIP,20230109,Elite Puzzle 1312,Toys,61.89,3.7,608,KidsWorld 77,Toys,Ile-de-France,0.0436,20181208,21,Dimanche,Juin,1,Evening,0,2024-06-30T21:48:47.000Z,2024-06-30,2024-06,1719784127,1719705600,39,45,Senior,141.97,3,0,2024-06-28,1719584403,2,256.0646666666666,-75.59,199724,0,0
M00219,P05644,U06978,TX0000745,18.4,20251029185714,Saint-Etienne,CARD,Books,54,103855.05,Saint-Etienne,Premium,20250111,Premium Atlas 5644,Books,18.96,1.6,158,,Inconnu,Inconnu,,,18,Mercredi,Octobre,0,Evening,0,2025-10-29T18:57:14.000Z,2025-10-29,2025-10,1761764234,1761696000,3,12,Age Moyen,18.4,1,0,2025-10-14,1760463486,15,464.1175,-96.04,1300748,0,0
M00417,P02333,U03676,TX0000746,349.52,20250527133139,Lyon,CASH,Sports,,,,Inconnu,,Elite Tennis Racket 2333,Sports,172.71,3.4,854,SportHub 417,Sports,Bretagne,0.0194,20210930,13,Mardi,Mai,0,Afternoon,1,2025-05-27T13:31:39.000Z,2025-05-27,2025-05,1748352699,1748304000,63,79,Inconnu,599.2,2,0,2025-05-25,1748172751,2,224.02746835443037,56.02,179948,0,0
M00524,P03181,U11221,TX0000747,54.26,20250131134936,Strasbourg,CARD,Food,37,39895.06,Strasbourg,Premium,20230524,Essential Pasta Box 3181,Food,49.12,3.3,617,GourmetShop 524,Food,Bretagne,0.0973,20201116,13,Vendredi,Janvier,0,Afternoon,1,2025-01-31T13:49:36.000Z,2025-01-31,2025-01,1738331376,1738281600,9,18,Adulte,159.49,3,0,2025-01-29,1738177665,2,193.845,-72.01,153711,0,0
M00319,P02205,U01701,TX0000748,56.65,20250808184750,Paris,BANK_TRANSFER,Books,29,74062.71,Paris,Premium,20230408,Standard Textbook 2205,Books,58.16,3.1,583,ReadMore 319,Books,Auvergne-Rhône-Alpes,0.0382,20170214,18,Vendredi,Aout,0,Evening,0,2025-08-08T18:47:50.000Z,2025-08-08,2025-08,1754678870,1754611200,21,24,Adulte,885.63,2,0,2025-08-08,1754672847,0,754.68,-92.49,6023,0,0
M00437,P04165,U08215,TX0000749,172.3,20250119111123,Lille,CASH,Health,33,65934.5,Lille,Premium,20231111,Essential Thermometer 4165,Health,183.24,3.9,90,VitalShop 437,Health,Bretagne,0.0819,20220907,11,Dimanche,Janvier,1,Morning,1,2025-01-19T11:11:23.000Z,2025-01-19,2025-01,1737285083,1737244800,14,28,Adulte,951.91,1,0,2025-01-19,1737277080,0,727.2789285714287,-76.31,8003,0,0
M00159,P04329,U03934,TX0000750,327.43,20240110005019,Toulouse,CRYPTO,Health,42,36173.2,Toulouse,Standard,20240423,Elite Vitamins 4329,Health,158.94,3.2,397,WellnessStore 159,Health,Auvergne-Rhône-Alpes,0.0569,20200421,0,Mercredi,Janvier,0,Night,0,2024-01-10T00:50:19.000Z,2024-01-10,2024-01,1704847819,1704844800,1,9,Adulte,327.43,1,0,,,,224.3688888888889,45.93,,2,1
M00349,P00072,U07973,TX0000751,92.34,20240504190021,Bordeaux,CARD,Toys,40,75377.78,Bordeaux,Premium,20250302,Classic Action Figure 72,Toys,90.16,3.1,1126,PlayShop 349,Toys,Auvergne-Rhône-Alpes,0.0996,20170611,19,Samedi,Mai,1,Evening,0,2024-05-04T19:00:21.000Z,2024-05-04,2024-05,1714849221,1714780800,6,13,Adulte,1665.41,1,0,2024-05-04,1714838643,0,2149.773846153846,-95.7,10578,0,0
M00509,P01981,U09374,TX0000752,18.6,20240402091122,Villeurbanne,CARD,Beauty,33,48303.38,Villeurbanne,Premium,20230512,Standard Nail Kit 1981,Beauty,20.12,2.5,177,BeautyCorner 509,Beauty,Occitanie,0.0737,20170329,9,Mardi,Avril,0,Morning,1,2024-04-02T09:11:22.000Z,2024-04-02,2024-04,1712049082,1712016000,1,16,Adulte,18.6,1,0,,,,151.436875,-87.72,,0,0
M00035,P04311,U03978,TX0000753,460.17,20250613070320,Nice,BANK_TRANSFER,Sports,42,104084.3,Nice,VIP,20240612,Standard Dumbbells 4311,Sports,454.76,3.6,122,ActiveWear 35,Sports,Hauts-de-France,0.0286,20180923,7,Vendredi,Juin,0,Morning,0,2025-06-13T07:03:20.000Z,2025-06-13,2025-06,1749798200,1749772800,11,23,Adulte,973.29,2,0,2025-06-10,1749574088,3,442.19086956521744,4.07,224112,0,0
M00264,P02281,U03191,TX0000754,80.59,20241012084423,Reims,CASH,Home & Garden,58,20204.29,Reims,Standard,20250125,Essential Lamp 2281,Home & Garden,82.07,3.2,848,DecorShop 264,Home & Garden,Normandie,0.0599,20230128,8,Samedi,Octobre,1,Morning,0,2024-10-12T08:44:23.000Z,2024-10-12,2024-10,1728722663,1728691200,9,17,Age Moyen,166.62,2,0,2024-10-11,1728678152,1,153.60470588235293,-47.53,44511,0,0
M00466,P05114,U04187,TX0000755,952.08,20251002174824,Dijon,PAYPAL,Electronics,71,43107.42,Dijon,Standard,20231126,Elite Laptop 5114,Electronics,982.23,3.2,1132,TechStore 466,Electronics,Nouvelle-Aquitaine,0.0409,20180904,17,Jeudi,Octobre,0,Afternoon,0,2025-10-02T17:48:24.000Z,2025-10-02,2025-10,1759427304,1759363200,4,7,Senior,952.08,1,0,2025-02-26,1740614268,218,317.63428571428574,199.74,18813036,0,0
M00504,P04231,U08010,TX0000756,24.26,20251023103138,Reims,CASH,Clothing,57,40250.3,Reims,Standard,20230502,Essential T-Shirt 4231,Clothing,24.68,1.4,1007,FashionStore 504,Clothing,Grand Est,0.027,20210514,10,Jeudi,Octobre,0,Morning,1,2025-10-23T10:31:38.000Z,2025-10-23,2025-10,1761215498,1761177600,6,10,Age Moyen,24.26,1,0,2025-10-03,1759485894,20,414.3910000000001,-94.15,1729604,0,0
M00501,P01544,U02732,TX0000757,294.63,20240723170825,Toulouse,CASH,Beauty,34,19355.7,Toulouse,Budget,20230411,Classic Shampoo 1544,Beauty,146.14,3.9,909,CosmeticHub 501,Beauty,Nouvelle-Aquitaine,0.0771,20211203,17,Mardi,Juillet,0,Afternoon,0,2024-07-23T17:08:25.000Z,2024-07-23,2024-07,1721754505,1721692800,10,19,Adulte,562.93,4,0,2024-07-22,1721662760,1,150.21526315789475,96.14,91745,0,0
M00120,P05770,U00434,TX0000758,103.82,20250827135422,Le Havre,PAYPAL,Food,22,50383.79,Le Havre,Premium,20240126,Elite Olive Oil 5770,Food,52.24,4.3,834,FoodMart 120,Food,Pays de la Loire,0.0257,20230422,13,Mercredi,Aout,0,Afternoon,1,2025-08-27T13:54:22.000Z,2025-08-27,2025-08,1756302862,1756252800,12,12,Jeune,250.9,2,0,2025-08-23,1755958335,4,139.98666666666665,-25.84,344527,0,0
M00003,P01096,U07883,TX0000759,231.87,20250718162910,Marseille,BANK_TRANSFER,Health,46,70068.05,Marseille,Premium,20250905,Standard First Aid Kit 1096,Health,215.0,4.6,469,VitalShop 3,Health,Ile-de-France,0.0173,20190910,16,Vendredi,Juillet,0,Afternoon,1,2025-07-18T16:29:10.000Z,2025-07-18,2025-07,1752856150,1752796800,29,34,Age Moyen,281.62,2,0,2025-07-15,1752574279,3,314.4105882352942,-26.25,281871,0,0
M00537,P03548,U04778,TX0000760,653.13,20250402145933,Marseille,BANK_TRANSFER,Home & Garden,59,177268.27,Marseille,VIP,20241118,Elite Garden Chair 3548,Home & Garden,622.0,3.8,997,GardenWorld 537,Home & Garden,Bretagne,0.0776,20191119,14,Mercredi,Avril,0,Afternoon,1,2025-04-02T14:59:33.000Z,2025-04-02,2025-04,1743605973,1743552000,42,47,Age Moyen,1322.03,1,0,2025-04-02,1743590755,0,376.4674468085107,73.49,15218,0,0
M00168,P04430,U00659,TX0000761,385.92,20251128222837,Nantes,PAYPAL,Electronics,35,121223.19,Nantes,VIP,20240506,Pro Camera 4430,Electronics,392.8,2.0,1168,TechStore 168,Electronics,Ile-de-France,0.0182,20220527,22,Vendredi,Novembre,0,Night,0,2025-11-28T22:28:37.000Z,2025-11-28,2025-11,1764368917,1764288000,36,38,Adulte,385.92,1,0,2025-11-20,1763645670,8,572.4494736842105,-32.58,723247,1,0
M00533,P00249,U02464,TX0000763,54.57,20250508101737,Nice,CASH,Toys,46,76097.97,Nice,VIP,20250904,Premium Action Figure 249,Toys,57.63,3.9,620,ToyLand 533,Toys,Hauts-de-France,0.0203,20200323,10,Jeudi,Mai,0,Morning,1,2025-05-08T10:17:37.000Z,2025-05-08,2025-05,1746699457,1746662400,29,41,Age Moyen,174.26,2,0,2025-05-07,1746622240,1,203.27097560975608,-73.15,77217,0,0
M00369,P05687,U06454,TX0000764,52.12,20240328162128,Strasbourg,CASH,Food,70,40871.68,Strasbourg,Standard,20230201,Premium Olive Oil 5687,Food,56.35,4.0,1131,FoodMart 369,Food,Provence-Alpes-Côte d'Azur,0.083,20210403,16,Jeudi,Mars,0,Afternoon,1,2024-03-28T16:21:28.000Z,2024-03-28,2024-03,1711642888,1711584000,1,7,Senior,52.12,1,0,,,,113.87857142857142,-54.23,,0,0
M00017,P02817,U07148,TX0000765,292.95,20240922140428,Angers,PAYPAL,Beauty,36,19600.47,,Budget,20230726,Standard Serum 2817,Beauty,106.58,3.0,14,BeautyCorner 17,Beauty,Occitanie,0.0365,20210705,14,Dimanche,Septembre,1,Afternoon,1,2024-09-22T14:04:28.000Z,2024-09-22,2024-09,1727013868,1726963200,4,10,Adulte,778.91,2,0,2024-09-18,1726632997,4,446.45400000000006,-34.38,380871,0,0
M00307,P02354,U02122,TX0000766,240.47,20251030095959,Nantes,BANK_TRANSFER,Sports,41,40376.99,Nantes,Premium,20240314,Premium Tennis Racket 2354,Sports,247.43,3.2,567,SportZone 307,Sports,Bretagne,0.0933,20200411,9,Jeudi,Octobre,0,Morning,1,2025-10-30T09:59:59.000Z,2025-10-30,2025-10,1761818399,1761782400,5,10,Adulte,240.47,1,0,2025-10-23,1761184427,7,562.9810000000001,-57.29,633972,0,0
M00328,P04982,U11827,TX0000767,102.47,20240807183250,Bordeaux,CARD,Health,39,99372.36,Bordeaux,VIP,20240621,Premium Scale 4982,Health,98.25,3.5,1102,HealthHub 328,Health,Inconnu,0.0874,20210608,18,Mercredi,Aout,0,Evening,0,2024-08-07T18:32:50.000Z,2024-08-07,2024-08,1723055570,1722988800,7,22,Adulte,102.47,1,0,2024-04-29,1714381853,100,253.07818181818183,-59.51,8673717,0,0
M00591,P00988,U10664,TX0000768,55.13,20240421150155,Toulon,BANK_TRANSFER,Toys,65,100558.78,Toulon,VIP,20230402,Pro Action Figure 988,Toys,57.53,2.7,1165,ToyLand 591,Toys,Ile-de-France,0.0995,20170909,15,Dimanche,Avril,1,Afternoon,1,2024-04-21T15:01:55.000Z,2024-04-21,2024-04,1713711715,1713657600,13,42,Senior,55.13,1,0,2024-04-14,1713079197,7,194.8628571428572,-71.71,632518,0,0
M00013,P00346,U00983,TX0000769,115.67,20251019180145,Bordeaux,BANK_TRANSFER,Clothing,46,65854.23,Bordeaux,VIP,20240214,Pro Jacket 346,Clothing,105.65,3.7,403,ClothingHub 13,Clothing,Bretagne,0.0571,20170720,18,Dimanche,Octobre,1,Evening,0,2025-10-19T18:01:45.000Z,2025-10-19,2025-10,1760896905,1760832000,30,39,Age Moyen,309.43,3,0,2025-10-17,1760727969,2,378.21384615384613,-69.42,168936,0,0
M00484,P00198,U01683,TX0000770,680.45,20250104201933,Grenoble,CASH,Home & Garden,55,76004.51,Grenoble,Premium,20240829,Classic Cookware Set 198,Home & Garden,716.35,4.3,848,DecorShop 484,Home & Garden,Auvergne-Rhône-Alpes,0.0304,20220715,20,Samedi,Janvier,1,Evening,0,2025-01-04T20:19:33.000Z,2025-01-04,2025-01,1736021973,1735948800,9,11,Age Moyen,924.72,2,0,2025-01-04,1735984446,0,254.80545454545455,167.05,37527,0,0
M00514,P01014,U07900,TX0000771,191.01,20251209190828,Toulouse,PAYPAL,Health,35,71452.29,Toulouse,Premium,20230101,Elite Scale 1014,Health,180.56,4.1,1088,WellnessStore 514,Health,Pays de la Loire,0.0147,20210829,19,Mardi,Decembre,0,Evening,0,2025-12-09T19:08:28.000Z,2025-12-09,2025-12,1765307308,1765238400,19,21,Adulte,636.61,2,0,2025-12-08,1765231643,1,210.47809523809525,-9.25,75665,0,0
M00409,P01137,U02660,TX0000773,19.15,20250717195502,Nantes,BANK_TRANSFER,Books,41,57874.72,Saint-Etienne,Premium,20250413,Essential Cookbook 1137,Books,18.47,4.0,878,BookCorner 409,Books,Occitanie,0.0426,20210301,19,Jeudi,Juillet,0,Evening,0,2025-07-17T19:55:02.000Z,2025-07-17,2025-07,1752782102,1752710400,14,24,Adulte,132.98,2,0,2025-07-14,1752512613,3,206.03625,-90.71,269489,0,0
M00130,P01446,U03224,TX0000774,198.07,20251031155644,Saint-Etienne,PAYPAL,Food,48,130745.02,Saint-Etienne,VIP,20240911,Premium Olive Oil 1446,Food,64.22,4.5,915,FoodHub 130,Food,Grand Est,0.0541,20210823,15,Vendredi,Octobre,0,Afternoon,1,2025-10-31T15:56:44.000Z,2025-10-31,2025-10,1761926204,1761868800,28,29,Age Moyen,232.75,1,0,2025-10-24,1761333150,7,763.1544827586207,-74.05,593054,0,0
M00458,P05675,U08063,TX0000775,117.26,20250902201805,Lyon,PAYPAL,Home & Garden,28,54189.14,Lyon,Premium,20250414,Pro Cookware Set 5675,Home & Garden,121.72,3.3,366,DecorShop 458,Home & Garden,Normandie,0.0772,20210108,20,Mardi,Septembre,0,Evening,0,2025-09-02T20:18:05.000Z,2025-09-02,2025-09,1756844285,1756771200,24,33,Adulte,537.51,2,0,2025-09-02,1756804183,0,255.83000000000004,-54.16,40102,0,0
M00013,P03684,U08880,TX0000777,279.6,20240320185917,Montpellier,PAYPAL,Clothing,33,21967.76,Montpellier,Premium,20250901,Standard Dress 3684,Clothing,309.27,4.8,326,ClothingHub 13,Clothing,Bretagne,0.0571,20170720,18,Mercredi,Mars,0,Evening,0,2024-03-20T18:59:17.000Z,2024-03-20,2024-03,1710961157,1710892800,13,21,Adulte,637.21,1,0,2024-03-20,1710906052,0,156.39714285714285,78.78,55105,0,0
M00482,P05079,U00805,TX0000778,590.31,20250425170732,Nice,PAYPAL,Sports,41,59383.77,Nice,Premium,20241017,Classic Running Shoes 5079,Sports,528.18,2.9,68,SportZone 482,Sports,Nouvelle-Aquitaine,0.0241,20230112,17,Vendredi,Avril,0,Afternoon,0,2025-04-25T17:07:32.000Z,2025-04-25,2025-04,1745600852,1745539200,17,18,Adulte,590.31,1,0,2025-04-11,1744375975,14,708.0188888888888,-16.63,1224877,0,0
M00381,P02437,U03755,TX0000779,25.85,20250719112035,Nantes,PAYPAL,Food,50,48886.58,Nantes,Standard,20230121,Standard Chocolate Box 2437,Food,24.33,3.9,670,FreshMarket 381,Food,Hauts-de-France,0.015,20180905,11,Samedi,Juillet,1,Morning,1,2025-07-19T11:20:35.000Z,2025-07-19,2025-07,1752924035,1752883200,9,12,Age Moyen,42.53,2,0,2025-07-16,1752636676,3,124.97499999999998,-79.32,287359,0,0
M00119,P00483,U07235,TX0000780,99.52,20250807134511,Paris,CARD,Beauty,32,117624.42,Paris,VIP,20230630,Premium Face Cream 483,Beauty,99.74,4.3,475,GlowShop 119,Beauty,Auvergne-Rhône-Alpes,0.0406,20220627,13,Jeudi,Aout,0,Afternoon,1,2025-08-07T13:45:11.000Z,2025-08-07,2025-08,1754574311,1754524800,11,23,Adulte,1712.95,3,0,2025-08-06,1754501506,1,332.23,-70.04,72805,0,0
M00362,P05506,U06147,TX0000781,208.67,20240416155545,Rennes,BANK_TRANSFER,Sports,29,138794.44,Rennes,VIP,20240112,Classic Running Shoes 5506,Sports,196.37,2.9,504,FitnessShop 362,Sports,Pays de la Loire,0.0131,20181202,15,Mardi,Avril,0,Afternoon,1,2024-04-16T15:55:45.000Z,2024-04-16,2024-04,1713282945,1713225600,17,29,Adulte,1752.39,1,0,2024-04-06,1712421908,10,427.931724137931,-51.24,861037,0,0
M00135,P00162,U11312,TX0000782,129.43,20241120104139,Toulouse,CARD,Beauty,47,82211.76,Toulouse,Premium,20231017,Standard Face Cream 162,Beauty,141.48,3.4,1113,CosmeticHub 135,Beauty,Nouvelle-Aquitaine,0.049,20180104,10,Mercredi,Novembre,0,Morning,1,2024-11-20T10:41:39.000Z,2024-11-20,2024-11,1732099299,1732060800,29,37,Age Moyen,129.43,1,0,2024-11-10,1731266288,10,478.7129729729729,-72.96,833011,0,0
M00191,P00091,U10363,TX0000783,2609.79,20240913200557,Nantes,CARD,Automotive,28,97449.44,Paris,VIP,20250108,Pro Car Parts 91,Automotive,947.3,4.9,891,MotorHub 191,Automotive,Ile-de-France,0.0593,20181120,20,Vendredi,Septembre,0,Evening,0,2024-09-13T20:05:57.000Z,2024-09-13,2024-09,1726257957,1726185600,22,36,Adulte,2609.79,1,0,2024-09-06,1725646201,7,824.7011111111113,216.45,611756,0,0
M00165,P04838,U11017,TX0000784,1119.6,20241218094014,Lyon,CARD,Automotive,45,22329.12,Lyon,Budget,20230619,Standard Dash Cam 4838,Automotive,1214.47,4.4,1163,MotorHub 165,Automotive,Auvergne-Rhône-Alpes,0.0943,20171213,9,Mercredi,Decembre,0,Morning,1,2024-12-18T09:40:14.000Z,2024-12-18,2024-12,1734514814,1734480000,6,9,Age Moyen,1119.6,1,0,2024-11-13,1731525263,35,237.62666666666667,371.16,2989551,1,0
M00466,P05854,U04563,TX0000785,2001.15,20250516120550,Paris,CASH,Electronics,52,59734.28,Paris,Premium,20230811,Essential Camera 5854,Electronics,2000.78,3.5,138,TechStore 466,Electronics,Nouvelle-Aquitaine,0.0409,20180904,12,Vendredi,Mai,0,Afternoon,1,2025-05-16T12:05:50.000Z,2025-05-16,2025-05,1747397150,1747353600,11,19,Age Moyen,2001.15,1,0,2025-05-05,1746437042,11,1282.2684210526318,56.06,960108,0,0
M00581,P05726,U07561,TX0000786,421.8,20240513092749,Lille,BANK_TRANSFER,Sports,39,63770.27,Lille,VIP,20250504,Essential Running Shoes 5726,Sports,388.49,3.2,598,SportZone 581,Sports,Hauts-de-France,0.054,20180223,9,Lundi,Mai,0,Morning,1,2024-05-13T09:27:49.000Z,2024-05-13,2024-05,1715592469,1715558400,3,28,Adulte,497.64,2,0,2024-05-07,1715100304,6,183.22035714285715,130.21,492165,0,0
M00354,P05569,U04605,TX0000787,339.99,20250304125411,Lyon,CASH,Sports,25,68764.83,Lyon,Premium,20240307,Standard Bicycle Helmet 5569,Sports,372.11,4.9,151,ActiveWear 354,Sports,Hauts-de-France,0.0536,20210512,12,Mardi,Mars,0,Afternoon,1,2025-03-04T12:54:11.000Z,2025-03-04,2025-03,1741092851,1741046400,2,29,Jeune,1036.69,2,0,2025-03-02,1740941976,2,473.0096551724137,-28.12,150875,0,0
M00439,P02719,U03794,TX0000788,31.72,20250113164758,Toulouse,BANK_TRANSFER,Toys,16,44060.57,Toulouse,Standard,20230104,Pro Puzzle 2719,Toys,30.09,3.1,6,ToyLand 439,Toys,Provence-Alpes-Côte d'Azur,0.0999,20190526,16,Lundi,Janvier,0,Afternoon,1,2025-01-13T16:47:58.000Z,2025-01-13,2025-01,1736786878,1736726400,6,8,Jeune,86.56,1,0,2024-08-18,1723995671,148,625.455,-94.93,12791207,0,0
M00436,P02077,U08483,TX0000789,641.14,20251113092313,Dijon,CARD,Home & Garden,36,34080.81,Dijon,Standard,20230124,Classic Cookware Set 2077,Home & Garden,686.79,4.3,985,GardenWorld 436,Home & Garden,Hauts-de-France,0.0528,20200705,9,Jeudi,Novembre,0,Morning,1,2025-11-13T09:23:13.000Z,2025-11-13,2025-11,1763025793,1762992000,5,7,Adulte,641.14,1,0,2025-04-19,1745101837,208,378.86,69.23,17923956,0,0
M00318,P03310,U06601,TX0000790,214.45,20240424174448,Reims,BANK_TRANSFER,Health,46,121691.79,Reims,VIP,20240922,Essential Blood Monitor 3310,Health,195.52,4.0,685,HealthShop 318,Health,Ile-de-France,0.0154,20210203,17,Mercredi,Avril,0,Afternoon,0,2024-04-24T17:44:48.000Z,2024-04-24,2024-04,1713980688,1713916800,7,36,Age Moyen,308.54,2,0,2024-04-21,1713717674,3,642.1241666666667,-66.6,263014,0,0
M00538,P03168,U05698,TX0000791,155.99,20241016191152,Marseille,CRYPTO,Books,39,56152.08,Marseille,Premium,20230822,Standard Comic Book 3168,Books,53.17,4.6,432,ReadMore 538,Books,Pays de la Loire,0.0344,20210928,19,Mercredi,Octobre,0,Evening,0,2024-10-16T19:11:52.000Z,2024-10-16,2024-10,1729105912,1729036800,13,22,Adulte,244.24,2,0,2024-10-14,1728945626,2,107.89136363636362,44.58,160286,1,0
M00423,P05947,U01904,TX0000792,251.25,20250408212540,Rennes,CASH,Home & Garden,45,44324.47,Rennes,Premium,20241006,Pro Lamp 5947,Home & Garden,264.46,4.7,1147,DecorShop 423,Home & Garden,Pays de la Loire,0.012,20200922,21,Mardi,Avril,0,Evening,0,2025-04-08T21:25:40.000Z,2025-04-08,2025-04,1744147540,1744070400,7,22,Age Moyen,251.25,1,0,2025-02-24,1740423665,43,283.50454545454545,-11.38,3723875,0,0
M00465,P05649,U06436,TX0000793,302.58,20250115150946,Toulouse,BANK_TRANSFER,Clothing,46,35113.11,Toulouse,Standard,20250413,Standard Dress 5649,Clothing,288.0,4.2,752,StyleShop 465,Clothing,Hauts-de-France,0.0943,20221107,15,Mercredi,Janvier,0,Afternoon,1,2025-01-15T15:09:46.000Z,2025-01-15,2025-01,1736953786,1736899200,14,18,Age Moyen,313.24,2,0,2025-01-14,1736840476,1,298.9516666666666,1.21,113310,0,0
M00254,P00872,U09999,TX0000794,113.18,20250212091516,Paris,CASH,Beauty,30,21643.44,Paris,Budget,20240331,Classic Face Cream 872,Beauty,104.34,3.5,589,BeautyWorld 254,Beauty,Nouvelle-Aquitaine,0.0942,20230325,9,Mercredi,Fevrier,0,Morning,1,2025-02-12T09:15:16.000Z,2025-02-12,2025-02,1739351716,1739318400,4,23,Adulte,1265.74,2,0,2025-02-11,1739317931,1,411.2052173913044,-72.48,33785,0,0
M00416,P05273,U01914,TX0000795,548.8,20250227203929,Paris,PAYPAL,Clothing,47,53061.87,Paris,Standard,20250312,Standard Dress 5273,Clothing,289.06,3.2,554,StyleShop 416,Clothing,Bretagne,0.0849,20170707,20,Jeudi,Fevrier,0,Evening,0,2025-02-27T20:39:29.000Z,2025-02-27,2025-02,1740688769,1740614400,8,8,Age Moyen,789.74,2,0,2025-02-23,1740334803,4,401.03,36.85,353966,0,0
M00144,P05057,U04609,TX0000796,191.88,20240519190034,Saint-Etienne,BANK_TRANSFER,Health,63,48995.54,Saint-Etienne,Standard,20240123,Classic First Aid Kit 5057,Health,176.76,4.1,1016,HealthHub 144,Health,Occitanie,0.0224,20201221,19,Dimanche,Mai,1,Evening,0,2024-05-19T19:00:34.000Z,2024-05-19,2024-05,1716145234,1716076800,3,4,Age Moyen,191.88,1,0,2024-05-09,1715274921,10,153.5225,24.98,870313,0,0
M00226,P01447,U10364,TX0000797,63.37,20250108122614,Marseille,CARD,Books,61,35368.28,Marseille,Standard,20240621,Premium Cookbook 1447,Books,62.91,3.2,1185,BookHaven 226,Books,Grand Est,0.0651,20210721,12,Mercredi,Janvier,0,Afternoon,1,2025-01-08T12:26:14.000Z,2025-01-08,2025-01,1736339174,1736294400,5,9,Age Moyen,187.99,2,0,2025-01-02,1735825017,6,137.39666666666665,-53.88,514157,0,0
M00408,P02058,U07575,TX0000798,446.76,20241128104737,Paris,CARD,Toys,37,123594.05,Paris,VIP,20240518,Standard Toy Car 2058,Toys,142.49,5.0,569,ToyLand 408,Toys,Ile-de-France,0.041,20191208,10,Jeudi,Novembre,0,Morning,1,2024-11-28T10:47:37.000Z,2024-11-28,2024-11,1732790857,1732752000,13,58,Adulte,576.22,3,0,2024-11-27,1732741355,1,143.01706896551727,212.38,49502,0,0
M00129,P02042,U09148,TX0000799,82.02,20250817143849,Nîmes,PAYPAL,Food,51,48756.51,Nîmes,Standard,20241224,Premium Tea Set 2042,Food,75.66,3.7,350,GourmetShop 129,Food,Auvergne-Rhône-Alpes,0.0148,20181121,14,Dimanche,Aout,1,Afternoon,1,2025-08-17T14:38:49.000Z,2025-08-17,2025-08,1755441529,1755388800,4,5,Age Moyen,82.02,1,0,2025-03-20,1742434677,150,498.09,-83.53,13006852,0,0
M00091,P01391,U06618,TX0000800,75.13,20250928162226,Lille,BANK_TRANSFER,Beauty,52,11068.94,Paris,Budget,20240324,Elite Nail Kit 1391,Beauty,67.28,4.9,817,CosmeticHub 91,Beauty,Grand Est,0.051,20210109,16,Dimanche,Septembre,1,Afternoon,1,2025-09-28T16:22:26.000Z,2025-09-28,2025-09,1759076546,1759017600,6,7,Age Moyen,75.13,1,0,2025-09-21,1758478087,7,264.2528571428572,-71.57,598459,0,0
M00471,P05766,U02528,TX0000801,655.96,20240704105640,Marseille,BANK_TRANSFER,Automotive,50,27418.22,Marseille,Standard,20240921,Elite Car Parts 5766,Automotive,612.79,3.6,141,AutoShop 471,Automotive,Auvergne-Rhône-Alpes,0.0342,20191216,10,Jeudi,Juillet,0,Morning,1,2024-07-04T10:56:40.000Z,2024-07-04,2024-07,1720090600,1720051200,8,12,Age Moyen,2541.84,1,0,2024-05-30,1717059191,35,361.95166666666665,81.23,3031409,0,0
M00471,P02301,U01373,TX0000802,1365.77,20240515054733,Paris,PAYPAL,Automotive,68,70006.07,Paris,Premium,20250202,Classic Roof Rack 2301,Automotive,1273.71,4.0,233,AutoShop 471,Automotive,Auvergne-Rhône-Alpes,0.0342,20191216,5,Mercredi,Mai,0,Night,0,2024-05-15T05:47:33.000Z,2024-05-15,2024-05,1715752053,1715731200,2,24,Senior,1429.1,2,0,2024-05-14,1715664193,1,748.0575,82.58,87860,1,0
M00409,P05141,U06245,TX0000803,19.3,20251213181903,Paris,CASH,Books,60,75839.59,Paris,Premium,20241016,Standard Atlas 5141,Books,19.08,3.5,1197,BookCorner 409,Books,Occitanie,0.0426,20210301,18,Samedi,Decembre,1,Evening,0,2025-12-13T18:19:03.000Z,2025-12-13,2025-12,1765649943,1765584000,18,20,Age Moyen,19.3,1,0,2025-09-25,1758810567,79,180.08150000000003,-89.28,6839376,0,0
M00129,P00493,U05395,TX0000804,41.33,20240822113651,Villeurbanne,CASH,Food,24,29519.32,Lyon,Budget,20240928,Premium Chocolate Box 493,Food,14.46,3.2,816,GourmetShop 129,Food,Auvergne-Rhône-Alpes,0.0148,20181121,11,Jeudi,Aout,0,Morning,1,2024-08-22T11:36:51.000Z,2024-08-22,2024-08,1724326611,1724284800,5,6,Jeune,80.29,2,0,2024-08-17,1723914429,5,44.10666666666666,-6.3,412182,0,0
M00150,P02232,U10992,TX0000805,36.12,20241115081922,Lyon,PAYPAL,Toys,47,66278.23,Lyon,Premium,20230104,Pro Board Game 2232,Toys,32.68,2.0,692,PlayShop 150,Toys,Hauts-de-France,0.0238,20220515,8,Vendredi,Novembre,0,Morning,0,2024-11-15T08:19:22.000Z,2024-11-15,2024-11,1731658762,1731628800,17,22,Age Moyen,36.12,1,0,2024-11-07,1731001967,8,465.50772727272727,-92.24,656795,0,0
M00330,P02282,U10445,TX0000806,29.22,20250905140536,Bordeaux,BANK_TRANSFER,Books,54,79281.6,Bordeaux,VIP,20230417,Elite Atlas 2282,Books,30.59,3.6,532,LibraryShop 330,Books,Occitanie,0.089,20170805,14,Vendredi,Septembre,0,Afternoon,1,2025-09-05T14:05:36.000Z,2025-09-05,2025-09,1757081136,1757030400,24,36,Age Moyen,53.44,2,0,2025-09-02,1756809196,3,432.0741666666666,-93.24,271940,0,0
M00483,P01962,U01813,TX0000807,15.78,20241229083555,Rennes,CARD,Health,69,117056.05,Rennes,VIP,20240327,Elite Blood Monitor 1962,Health,15.05,4.1,8,WellnessStore 483,Health,Nouvelle-Aquitaine,0.0838,20180624,8,Dimanche,Decembre,1,Morning,0,2024-12-29T08:35:55.000Z,2024-12-29,2024-12,1735461355,1735430400,35,36,Senior,174.24,1,0,2024-12-18,1734516487,11,462.2730555555555,-96.59,944868,0,0
M00571,P00336,U03531,TX0000808,407.43,20241209151520,Saint-Etienne,PAYPAL,Sports,55,75253.18,Saint-Etienne,Premium,20230411,Elite Backpack 336,Sports,404.16,3.6,1081,FitnessShop 571,Sports,Bretagne,0.0863,20180514,15,Lundi,Decembre,0,Afternoon,1,2024-12-09T15:15:20.000Z,2024-12-09,2024-12,1733757320,1733702400,1,31,Age Moyen,407.43,1,0,,,,710.2680645161288,-42.64,,0,0
M00423,P03292,U03522,TX0000809,34.76,20241126071214,Strasbourg,CARD,Home & Garden,,,,Inconnu,,Elite Lamp 3292,Home & Garden,35.79,2.0,1041,DecorShop 423,Home & Garden,Pays de la Loire,0.012,20200922,7,Mardi,Novembre,0,Morning,0,2024-11-26T07:12:14.000Z,2024-11-26,2024-11,1732605134,1732579200,24,24,Inconnu,34.76,1,0,2024-11-11,1731358915,15,460.7929166666666,-92.46,1246219,0,0
M00144,P02727,U03011,TX0000810,112.96,20241204210710,Paris,PAYPAL,Health,52,59799.96,Paris,Premium,20231114,Pro Scale 2727,Health,101.15,5.0,893,HealthHub 144,Health,Occitanie,0.0224,20201221,21,Mercredi,Decembre,0,Evening,0,2024-12-04T21:07:10.000Z,2024-12-04,2024-12,1733346430,1733270400,29,32,Age Moyen,2646.06,2,0,2024-12-02,1733142878,2,325.56125000000003,-65.3,203552,0,0
M00214,P02684,U97832,TX0000811,63.07,20240110225220,Lyon,CASH,Books,,,,Inconnu,,Classic Novel 2684,Books,59.69,3.2,774,ReadMore 214,Books,Ile-de-France,0.0528,20220802,22,Mercredi,Janvier,0,Night,0,2024-01-10T22:52:20.000Z,2024-01-10,2024-01,1704927140,1704844800,1,1,Inconnu,63.07,1,0,,,,63.07,0.0,,1,0
M00360,P05740,U05438,TX0000812,317.33,20240602152724,Toulouse,PAYPAL,Home & Garden,38,178008.92,Toulouse,VIP,20230520,Elite Cookware Set 5740,Home & Garden,288.24,3.5,107,GardenWorld 360,Home & Garden,Provence-Alpes-Côte d'Azur,0.0592,20210803,15,Dimanche,Juin,1,Afternoon,1,2024-06-02T15:27:24.000Z,2024-06-02,2024-06,1717342044,1717286400,19,29,Adulte,5343.18,3,0,2024-06-02,1717325030,0,794.7106896551726,-60.07,17014,0,0
M00582,P05714,U05879,TX0000813,39.66,20250220202049,Toulouse,BANK_TRANSFER,Books,43,33365.03,Toulouse,Standard,20250907,Standard Novel 5714,Books,37.88,2.1,263,BookHaven 582,Books,Hauts-de-France,0.0629,20220516,20,Jeudi,Fevrier,0,Evening,0,2025-02-20T20:20:49.000Z,2025-02-20,2025-02,1740082849,1740009600,18,18,Adulte,39.66,1,0,2025-02-06,1738858557,14,301.12277777777774,-86.83,1224292,0,0
M00329,P03042,U04559,TX0000814,1039.83,20240418160500,Paris,PAYPAL,Electronics,46,49393.07,Paris,Premium,20230602,Elite Tablet 3042,Electronics,1001.67,3.4,1003,DigitalHub 329,Electronics,Pays de la Loire,0.0772,20190405,16,Jeudi,Avril,0,Afternoon,1,2024-04-18T16:05:00.000Z,2024-04-18,2024-04,1713456300,1713398400,4,17,Age Moyen,1627.55,3,0,2024-04-14,1713123312,4,279.74294117647065,271.71,332988,0,0
M00550,P02134,U07828,TX0000815,35.28,20241107120919,Rennes,BANK_TRANSFER,Health,42,76926.42,Rennes,Premium,20230621,Premium First Aid Kit 2134,Health,38.03,2.3,579,VitalShop 550,Health,Ile-de-France,0.0313,20171130,12,Jeudi,Novembre,0,Afternoon,1,2024-11-07T12:09:19.000Z,2024-11-07,2024-11,1730981359,1730937600,2,23,Adulte,87.12,2,0,2024-11-03,1730649679,4,184.35565217391306,-80.86,331680,0,0
M00375,P05065,U05134,TX0000816,485.16,20241204114739,Lyon,CARD,Sports,59,46060.64,Lyon,Standard,20241124,Premium Running Shoes 5065,Sports,145.7,2.6,1053,FitnessShop 375,Sports,Inconnu,0.0416,20211205,11,Mercredi,Decembre,0,Morning,1,2024-12-04T11:47:39.000Z,2024-12-04,2024-12,1733312859,1733270400,3,14,Age Moyen,1204.32,2,0,2024-12-02,1733176764,2,433.29571428571427,11.97,136095,0,0
M00092,P00803,U03306,TX0000817,728.11,20241022102223,Lille,CARD,Sports,54,129123.69,Lille,VIP,20240116,Premium Backpack 803,Sports,378.31,4.0,1139,SportHub 92,Sports,Ile-de-France,0.0978,20171205,10,Mardi,Octobre,0,Morning,1,2024-10-22T10:22:23.000Z,2024-10-22,2024-10,1729592543,1729555200,38,54,Age Moyen,1008.01,3,0,2024-10-20,1729422549,2,772.9594444444444,-5.8,169994,0,0
M00376,P02435,U03430,TX0000818,125.95,20240209211118,Reims,CARD,Food,48,43836.84,Reims,Standard,20241122,Standard Olive Oil 2435,Food,62.45,2.6,235,FoodMart 376,Food,Normandie,0.0618,20221219,21,Vendredi,Fevrier,0,Evening,0,2024-02-09T21:11:18.000Z,2024-02-09,2024-02,1707513078,1707436800,3,14,Age Moyen,1164.77,2,0,2024-02-08,1707400416,1,483.72357142857146,-73.96,112662,0,0
M00277,P00028,U11743,TX0000819,920.2,20250218184714,Grenoble,CARD,Automotive,47,94305.62,Grenoble,VIP,20240213,Elite Roof Rack 28,Automotive,889.27,4.6,546,AutoShop 277,Automotive,Occitanie,0.0299,20171121,18,Mardi,Fevrier,0,Evening,0,2025-02-18T18:47:14.000Z,2025-02-18,2025-02,1739904434,1739836800,10,50,Age Moyen,1084.94,2,0,2025-02-14,1739566031,4,442.1541999999998,108.12,338403,0,0
M00507,P01386,U04582,TX0000820,217.03,20250714104330,Nice,PAYPAL,Electronics,27,31798.28,Nice,Standard,20250831,Elite Headphones 1386,Electronics,201.32,2.9,806,GadgetShop 507,Electronics,Ile-de-France,0.0769,20200626,10,Lundi,Juillet,0,Morning,1,2025-07-14T10:43:30.000Z,2025-07-14,2025-07,1752489810,1752451200,5,12,Adulte,613.88,2,0,2025-07-10,1752161278,4,542.5058333333333,-59.99,328532,0,0
M00457,P01082,U02385,TX0000821,12.16,20241109163524,Strasbourg,CASH,Toys,61,15371.79,Strasbourg,Budget,20250619,,,,,,ToyLand 457,Toys,Normandie,0.0662,20210601,16,Samedi,Novembre,1,Afternoon,1,2024-11-09T16:35:24.000Z,2024-11-09,2024-11,1731170124,1731110400,5,9,Age Moyen,294.13,3,0,2024-11-07,1730990566,2,240.25,-94.94,179558,0,0
M00569,P00906,U02353,TX0000822,15.39,20240223160312,Paris,BANK_TRANSFER,Health,29,15893.35,Paris,Budget,20230218,Standard Vitamins 906,Health,14.2,4.1,673,VitalShop 569,Health,Ile-de-France,0.0949,20180919,16,Vendredi,Fevrier,0,Afternoon,1,2024-02-23T16:03:12.000Z,2024-02-23,2024-02,1708704192,1708646400,4,5,Adulte,15.39,1,0,2024-01-30,1706653887,24,181.458,-91.52,2050305,0,0
M00361,P01691,U07690,TX0000823,178.73,20250108194058,Le Havre,PAYPAL,Health,32,26838.21,Grenoble,Budget,20250109,Standard First Aid Kit 1691,Health,191.37,3.6,542,WellnessStore 361,Health,Grand Est,0.0901,20170702,19,Mercredi,Janvier,0,Evening,0,2025-01-08T19:40:58.000Z,2025-01-08,2025-01,1736365258,1736294400,11,11,Adulte,210.2,2,0,2025-01-07,1736236878,1,119.09636363636365,50.07,128380,0,0
M00458,P04535,U03378,TX0000824,500.74,20250102111953,Rennes,BANK_TRANSFER,Home & Garden,27,66091.13,Rennes,Premium,20250512,Elite Cookware Set 4535,Home & Garden,485.05,2.3,456,DecorShop 458,Home & Garden,Normandie,0.0772,20210108,11,Jeudi,Janvier,0,Morning,1,2025-01-02T11:19:53.000Z,2025-01-02,2025-01,1735816793,1735776000,12,16,Adulte,500.74,1,0,2024-06-27,1719500174,189,356.86875000000003,40.31,16316619,0,0
M00150,P04289,U09258,TX0000825,151.68,20240314132317,Villeurbanne,CARD,Toys,33,68987.72,Paris,Premium,20241004,Elite Action Figure 4289,Toys,73.34,3.4,368,PlayShop 150,Toys,Hauts-de-France,0.0238,20220515,13,Jeudi,Mars,0,Afternoon,1,2024-03-14T13:23:17.000Z,2024-03-14,2024-03,1710422597,1710374400,4,27,Adulte,415.56,3,0,2024-03-11,1710148179,3,122.26074074074076,24.06,274418,0,0
M00036,P03584,U08151,TX0000826,511.08,20241110175605,Dijon,PAYPAL,Sports,60,117937.68,,VIP,20240711,Standard Tennis Racket 3584,Sports,510.52,3.5,246,SportHub 36,Sports,Hauts-de-France,0.0711,20220223,17,Dimanche,Novembre,1,Afternoon,0,2024-11-10T17:56:05.000Z,2024-11-10,2024-11,1731261365,1731196800,23,50,Age Moyen,511.08,1,0,2024-11-03,1730630395,7,297.39239999999995,71.85,630970,0,0
M00514,P05500,U06207,TX0000827,120.24,20240614181421,Paris,CARD,Health,50,102678.7,Paris,VIP,20250105,Premium Scale 5500,Health,120.49,4.3,1158,WellnessStore 514,Health,Pays de la Loire,0.0147,20210829,18,Vendredi,Juin,0,Evening,0,2024-06-14T18:14:21.000Z,2024-06-14,2024-06,1718388861,1718323200,29,38,Age Moyen,284.13,3,0,2024-06-12,1718219785,2,161.81026315789475,-25.69,169076,0,0
M00461,P02637,U07673,TX0000828,458.85,20250414162658,Nice,BANK_TRANSFER,Sports,39,45753.05,Nice,Standard,20240219,Premium Running Shoes 2637,Sports,451.46,5.0,539,SportHub 461,Sports,Ile-de-France,0.0411,20211026,16,Lundi,Avril,0,Afternoon,1,2025-04-14T16:26:58.000Z,2025-04-14,2025-04,1744648018,1744588800,11,12,Adulte,755.55,2,0,2025-04-08,1744130968,6,351.4283333333333,30.57,517050,0,0
M00450,P00815,U08974,TX0000829,218.32,20241023030539,Marseille,PAYPAL,Clothing,27,33658.28,Marseille,Standard,20250226,Elite T-Shirt 815,Clothing,241.92,3.8,708,TrendyWear 450,Clothing,Pays de la Loire,0.0277,20200513,3,Mercredi,Octobre,0,Night,0,2024-10-23T03:05:39.000Z,2024-10-23,2024-10,1729652739,1729641600,3,24,Adulte,218.32,1,0,2024-10-07,1728280035,16,326.08000000000004,-33.05,1372704,1,0
M00311,P05323,U06643,TX0000830,124.67,20241024111729,Montpellier,CASH,Beauty,28,47734.53,Montpellier,Premium,20230315,Premium Nail Kit 5323,Beauty,114.33,4.1,329,CosmeticHub 311,Beauty,Hauts-de-France,0.0276,20200720,11,Jeudi,Octobre,0,Morning,1,2024-10-24T11:17:29.000Z,2024-10-24,2024-10,1729768649,1729728000,9,32,Adulte,535.36,2,0,2024-10-19,1729328983,5,301.98249999999996,-58.72,439666,0,0
M00360,P00179,U09046,TX0000831,586.69,20250419062347,Toulon,PAYPAL,Home & Garden,29,55334.74,Lyon,Premium,20241113,Standard Sofa 179,Home & Garden,554.58,3.0,776,GardenWorld 360,Home & Garden,Provence-Alpes-Côte d'Azur,0.0592,20210803,6,Samedi,Avril,1,Morning,0,2025-04-19T06:23:47.000Z,2025-04-19,2025-04,1745043827,1745020800,10,25,Adulte,586.69,1,0,2025-04-10,1744322940,9,612.6816,-4.24,720887,0,0
M00356,P03089,U07634,TX0000832,493.36,20250812130133,Bordeaux,CARD,Sports,39,128521.51,Bordeaux,VIP,20241012,Pro Yoga Mat 3089,Sports,515.61,3.4,497,SportHub 356,Sports,Normandie,0.0514,20170703,13,Mardi,Aout,0,Afternoon,1,2025-08-12T13:01:33.000Z,2025-08-12,2025-08,1755003693,1754956800,42,45,Adulte,507.04,2,0,2025-08-09,1754773249,3,401.05755555555567,23.01,230444,0,0
M00471,P00146,U01147,TX0000833,320.35,20250828065322,Marseille,CASH,Automotive,42,79329.27,Marseille,Premium,20230305,Premium Oil Filter 146,Automotive,308.25,3.7,983,AutoShop 471,Automotive,Auvergne-Rhône-Alpes,0.0342,20191216,6,Jeudi,Aout,0,Morning,0,2025-08-28T06:53:22.000Z,2025-08-28,2025-08,1756364002,1756339200,16,27,Adulte,3057.47,3,0,2025-08-25,1756122819,3,717.651111111111,-55.36,241183,0,0
M00127,P03045,U11349,TX0000834,86.76,20240521221735,Lille,CARD,Sports,46,74977.45,Lille,Premium,20230121,Classic Yoga Mat 3045,Sports,90.56,2.2,387,SportZone 127,Sports,Auvergne-Rhône-Alpes,0.0369,20170522,22,Mardi,Mai,0,Night,0,2024-05-21T22:17:35.000Z,2024-05-21,2024-05,1716329855,1716249600,19,50,Age Moyen,1569.63,3,0,2024-05-20,1716221561,1,533.2714000000003,-83.73,108294,1,0
M00041,P03516,U02706,TX0000835,1572.79,20250523194342,,BANK_TRANSFER,Automotive,32,48873.96,Nice,Premium,20231101,Standard Tyre Set 3516,Automotive,1410.94,4.9,483,AutoCenter 41,Automotive,Nouvelle-Aquitaine,0.0171,20221224,19,Vendredi,Mai,0,Evening,0,2025-05-23T19:43:42.000Z,2025-05-23,2025-05,1748029422,1747958400,24,26,Adulte,1940.32,3,0,2025-05-21,1747859679,2,271.435,479.44,169743,1,0
M00576,P00221,U03775,TX0000836,37.2,20241007131423,Toulon,PAYPAL,Books,24,137682.26,Toulon,VIP,20231206,Elite Comic Book 221,Books,34.47,3.9,482,ReadMore 576,Books,Ile-de-France,0.0266,20180329,13,Lundi,Octobre,0,Afternoon,1,2024-10-07T13:14:23.000Z,2024-10-07,2024-10,1728306863,1728259200,32,46,Jeune,1770.92,2,0,2024-10-02,1727862494,5,432.52478260869555,-91.4,444369,0,0
M00213,P04008,U11994,TX0000837,59.78,20250123202250,Rennes,PAYPAL,Food,71,66123.32,Rennes,Premium,20250131,Elite Olive Oil 4008,Food,59.28,4.7,1147,FoodMart 213,Food,Grand Est,0.0481,20170326,20,Jeudi,Janvier,0,Evening,0,2025-01-23T20:22:50.000Z,2025-01-23,2025-01,1737663770,1737590400,6,13,Senior,916.67,2,0,2025-01-21,1737488906,2,289.0153846153847,-79.32,174864,0,0
M00482,P05079,U02761,TX0000838,577.67,20251025232449,Paris,CARD,Sports,56,25288.21,Paris,Budget,20240913,Classic Running Shoes 5079,Sports,528.18,2.9,68,SportZone 482,Sports,Nouvelle-Aquitaine,0.0241,20230112,23,Samedi,Octobre,1,Night,0,2025-10-25T23:24:49.000Z,2025-10-25,2025-10,1761434689,1761350400,8,8,Age Moyen,755.48,2,0,2025-10-21,1761018496,4,196.38875000000002,194.15,416193,1,0
M00463,P02581,U04583,TX0000839,2279.42,20240630224130,Bordeaux,PAYPAL,Electronics,50,77220.45,Bordeaux,VIP,20230415,Premium Camera 2581,Electronics,2072.19,4.6,1045,ElectroWorld 463,Electronics,Auvergne-Rhône-Alpes,0.0446,20171007,22,Dimanche,Juin,1,Night,0,2024-06-30T22:41:30.000Z,2024-06-30,2024-06,1719787290,1719705600,8,28,Age Moyen,2279.42,1,0,2024-06-23,1719159344,7,379.2171428571428,501.09,627946,2,1
M00169,P03033,U09512,TX0000840,64.0,20241107055848,Nantes,PAYPAL,Books,49,58924.55,Nantes,Premium,20231203,Premium Biography 3033,Books,58.59,4.4,886,BookHaven 169,Books,Ile-de-France,0.0656,20190419,5,Jeudi,Novembre,0,Night,0,2024-11-07T05:58:48.000Z,2024-11-07,2024-11,1730959128,1730937600,13,26,Age Moyen,1989.96,3,0,2024-11-02,1730574050,5,286.03807692307697,-77.63,385078,1,0
M00413,P00843,U09411,TX0000841,952.9,20250806082821,Angers,CARD,Automotive,61,83010.69,Angers,Premium,20241012,Premium Car Battery 843,Automotive,960.63,3.2,475,AutoCenter 413,Automotive,Occitanie,0.0275,20220122,8,Mercredi,Aout,0,Morning,0,2025-08-06T08:28:21.000Z,2025-08-06,2025-08,1754468901,1754438400,1,6,Age Moyen,952.9,1,0,,,,495.6316666666667,92.26,,0,0
M00448,P02914,U02089,TX0000842,1954.34,20240709141640,Strasbourg,BANK_TRANSFER,Electronics,16,42629.86,Strasbourg,Premium,20250423,Premium Smart TV 2914,Electronics,2113.66,4.7,650,GadgetShop 448,Electronics,Pays de la Loire,0.0614,20190702,14,Mardi,Juillet,0,Afternoon,1,2024-07-09T14:16:40.000Z,2024-07-09,2024-07,1720534600,1720483200,14,23,Jeune,2111.01,2,0,2024-07-08,1720478463,1,1027.9834782608698,90.11,56137,0,0
M00162,P03703,U07945,TX0000843,808.12,20240715151814,Dijon,PAYPAL,Clothing,27,39929.64,Dijon,Premium,20230614,Standard Jeans 3703,Clothing,260.94,3.4,614,TrendyWear 162,Clothing,Ile-de-France,0.0465,20230322,15,Lundi,Juillet,0,Afternoon,1,2024-07-15T15:18:14.000Z,2024-07-15,2024-07,1721056694,1721001600,13,23,Adulte,866.99,2,0,2024-07-12,1720803243,3,239.85652173913047,236.92,253451,0,0
M00348,P02529,U04373,TX0000844,39.92,20250603152615,Paris,BANK_TRANSFER,Food,47,60735.34,Paris,Premium,20250312,Classic Tea Set 2529,Food,37.48,3.2,160,GourmetShop 348,Food,Auvergne-Rhône-Alpes,0.0669,20200625,15,Mardi,Juin,0,Afternoon,1,2025-06-03T15:26:15.000Z,2025-06-03,2025-06,1748964375,1748908800,9,24,Age Moyen,39.92,1,0,2024-11-26,1732635856,189,190.53874999999996,-79.05,16328519,0,0
M00522,P02851,U05650,TX0000845,290.76,20240722205339,Rennes,CARD,Home & Garden,36,149921.97,,VIP,20250401,Essential Garden Chair 2851,Home & Garden,308.26,3.6,64,GardenWorld 522,Home & Garden,Auvergne-Rhône-Alpes,0.0203,20170704,20,Lundi,Juillet,0,Evening,0,2024-07-22T20:53:39.000Z,2024-07-22,2024-07,1721681619,1721606400,12,54,Adulte,290.76,1,0,2024-07-14,1720986982,8,563.5142592592592,-48.4,694637,0,0
M00406,P05369,U06794,TX0000846,26.29,20250608185620,Lille,BANK_TRANSFER,Home & Garden,61,89287.45,Lille,Premium,20250912,Essential Rug 5369,Home & Garden,24.99,1.0,382,HomeStyle 406,Home & Garden,Provence-Alpes-Côte d'Azur,0.0263,20180719,18,Dimanche,Juin,1,Evening,0,2025-06-08T18:56:20.000Z,2025-06-08,2025-06,1749408980,1749340800,7,12,Age Moyen,1204.39,2,0,2025-06-03,1748954363,5,605.5483333333333,-95.66,454617,0,0
M00537,P05383,U00395,TX0000847,22.57,20241005081340,Paris,BANK_TRANSFER,Home & Garden,25,114023.63,Angers,VIP,20241217,Classic Rug 5383,Home & Garden,24.7,2.5,175,GardenWorld 537,Home & Garden,Bretagne,0.0776,20191119,8,Samedi,Octobre,1,Morning,0,2024-10-05T08:13:40.000Z,2024-10-05,2024-10,1728116020,1728086400,49,54,Jeune,756.5,3,0,2024-10-04,1728051342,1,369.5464814814815,-93.89,64678,0,0
M00214,P04233,U01262,TX0000848,41.14,20240611182406,Lille,BANK_TRANSFER,Books,46,16448.81,Lille,Standard,20230907,Classic Cookbook 4233,Books,19.52,2.5,753,ReadMore 214,Books,Ile-de-France,0.0528,20220802,18,Mardi,Juin,0,Evening,0,2024-06-11T18:24:06.000Z,2024-06-11,2024-06,1718130246,1718064000,1,14,Age Moyen,41.14,1,0,,,,81.57785714285716,-49.57,,0,0
M00069,P01906,U10642,TX0000849,104.37,20240113135238,Nantes,BANK_TRANSFER,Home & Garden,36,47773.88,Nantes,Standard,20230726,Elite Lamp 1906,Home & Garden,102.85,1.8,1016,DecorShop 69,Home & Garden,Pays de la Loire,0.0598,20180102,13,Samedi,Janvier,1,Afternoon,1,2024-01-13T13:52:38.000Z,2024-01-13,2024-01,1705153958,1705104000,1,7,Adulte,104.37,1,0,,,,260.4485714285714,-59.93,,0,0
M00262,P05379,U10847,TX0000850,1839.9,20250518143507,Strasbourg,PAYPAL,Electronics,44,110705.58,Strasbourg,VIP,20240429,Pro Laptop 5379,Electronics,1904.11,3.7,255,GadgetShop 262,Electronics,Provence-Alpes-Côte d'Azur,0.0943,20230617,14,Dimanche,Mai,1,Afternoon,1,2025-05-18T14:35:07.000Z,2025-05-18,2025-05,1747578907,1747526400,12,39,Adulte,2081.64,3,0,2025-05-16,1747407265,2,367.8792307692309,400.14,171642,1,0
M00434,P02929,U00505,TX0000851,89.54,20241213104811,Marseille,CARD,Clothing,52,90018.13,Marseille,Premium,20240904,Essential Jeans 2929,Clothing,93.43,3.8,70,ClothingHub 434,Clothing,Ile-de-France,0.0178,20170223,10,Vendredi,Decembre,0,Morning,1,2024-12-13T10:48:11.000Z,2024-12-13,2024-12,1734086891,1734048000,9,16,Age Moyen,511.91,2,0,2024-12-09,1733735459,4,301.22875,-70.28,351432,0,0
M00184,P03015,U06476,TX0000852,233.05,20241207161327,Le Havre,CARD,Health,46,116821.41,Le Havre,VIP,20250925,Classic First Aid Kit 3015,Health,108.55,3.9,185,HealthShop 184,Health,Grand Est,0.0775,20190921,16,Samedi,Decembre,1,Afternoon,1,2024-12-07T16:13:27.000Z,2024-12-07,2024-12,1733588007,1733529600,40,60,Age Moyen,606.48,3,0,2024-12-06,1733524636,1,382.48066666666654,-39.07,63371,0,0
M00576,P00753,U06152,TX0000853,32.56,20240616215106,Toulouse,CRYPTO,Books,45,69641.73,Toulouse,Premium,20230811,Classic Textbook 753,Books,31.52,3.7,1005,ReadMore 576,Books,Ile-de-France,0.0266,20180329,21,Dimanche,Juin,1,Evening,0,2024-06-16T21:51:06.000Z,2024-06-16,2024-06,1718574666,1718496000,17,29,Age Moyen,79.96,2,0,2024-06-10,1718022463,6,222.05620689655177,-85.34,552203,1,0
M00048,P01451,U00203,TX0000854,440.19,20251229105038,Paris,CASH,Sports,41,72389.18,Paris,Premium,20250111,Premium Dumbbells 1451,Sports,478.64,3.7,572,ActiveWear 48,Sports,Inconnu,0.0352,20180326,10,Lundi,Decembre,0,Morning,1,2025-12-29T10:50:38.000Z,2025-12-29,2025-12,1767005438,1766966400,16,16,Adulte,2198.49,2,0,2025-12-29,1767003211,0,274.516875,60.35,2227,0,0
M00539,P03252,U01869,TX0000855,1509.58,20240906134853,Marseille,CARD,Automotive,51,67128.84,Marseille,VIP,20230623,Standard Dash Cam 3252,Automotive,1522.05,3.3,807,AutoShop 539,Automotive,Ile-de-France,0.0499,20230319,13,Vendredi,Septembre,0,Afternoon,1,2024-09-06T13:48:53.000Z,2024-09-06,2024-09,1725630533,1725580800,8,42,Age Moyen,1509.58,1,0,2024-08-29,1724964310,8,239.592619047619,530.06,666223,1,0
M00346,P03828,U11858,TX0000856,21.21,20251120074617,Bordeaux,BANK_TRANSFER,Toys,61,48289.15,Bordeaux,Premium,20241001,Elite Action Figure 3828,Toys,22.19,2.8,188,ToyHub 346,Toys,Grand Est,0.033,20200321,7,Jeudi,Novembre,0,Morning,0,2025-11-20T07:46:17.000Z,2025-11-20,2025-11,1763624777,1763596800,10,11,Age Moyen,21.21,1,0,2025-11-03,1762167014,17,281.91181818181815,-92.48,1457763,0,0
M00081,P03161,U04733,TX0000857,54.18,20240606171338,Villeurbanne,BANK_TRANSFER,Toys,26,60936.02,Villeurbanne,Premium,20250310,Standard Building Blocks 3161,Toys,56.73,2.9,577,ToyHub 81,Toys,Auvergne-Rhône-Alpes,0.0137,20230221,17,Jeudi,Juin,0,Afternoon,0,2024-06-06T17:13:38.000Z,2024-06-06,2024-06,1717694018,1717632000,2,29,Adulte,151.73,1,0,2024-06-06,1717633065,0,282.56965517241383,-80.83,60953,0,0
M00438,P01314,U02045,TX0000858,1023.03,20250205141334,Strasbourg,PAYPAL,Automotive,62,53769.76,Strasbourg,Premium,20250116,Elite Oil Filter 1314,Automotive,978.18,3.3,1018,MotorHub 438,Automotive,Hauts-de-France,0.0126,20220430,14,Mercredi,Fevrier,0,Afternoon,1,2025-02-05T14:13:34.000Z,2025-02-05,2025-02,1738764814,1738713600,1,13,Age Moyen,1023.03,1,0,,,,312.2915384615384,227.59,,0,0
M00435,P05861,U10817,TX0000859,66.9,20240831093707,Paris,CRYPTO,Food,18,126118.68,Paris,VIP,20241230,Premium Olive Oil 5861,Food,68.34,3.8,410,FoodHub 435,Food,Auvergne-Rhône-Alpes,0.0394,20170812,9,Samedi,Aout,1,Morning,1,2024-08-31T09:37:07.000Z,2024-08-31,2024-08,1725097027,1725062400,23,42,Jeune,280.51,3,0,2024-08-29,1724939435,2,474.83857142857147,-85.91,157592,1,0
M00585,P02050,U04630,TX0000860,122.7,20240528200902,Strasbourg,CASH,Clothing,25,22791.39,Strasbourg,Standard,20230220,Essential Jacket 2050,Clothing,120.58,2.0,739,StyleShop 585,Clothing,Ile-de-France,0.0194,20170512,20,Mardi,Mai,0,Evening,0,2024-05-28T20:09:02.000Z,2024-05-28,2024-05,1716926942,1716854400,7,11,Jeune,122.7,1,0,2024-05-09,1715273397,19,245.03909090909093,-49.93,1653545,0,0
M00207,P05977,U11992,TX0000861,26.89,20251015100759,Saint-Etienne,CARD,Health,63,33045.28,Reims,Standard,20231224,Elite Blood Monitor 5977,Health,26.15,2.9,849,HealthHub 207,Health,Bretagne,0.0664,20221015,10,Mercredi,Octobre,0,Morning,1,2025-10-15T10:07:59.000Z,2025-10-15,2025-10,1760522879,1760486400,2,2,Age Moyen,79.86,2,0,2025-10-14,1760461617,1,39.93,-32.66,61262,0,0
M00344,P01884,U05964,TX0000862,18.39,20240730230753,Dijon,CRYPTO,Beauty,,,,Inconnu,,Pro Face Cream 1884,Beauty,18.08,3.4,427,BeautyCorner 344,Beauty,Nouvelle-Aquitaine,0.036,20220612,23,Mardi,Juillet,0,Night,0,2024-07-30T23:07:53.000Z,2024-07-30,2024-07,1722380873,1722297600,8,30,Inconnu,1644.14,3,0,2024-07-29,1722256724,1,271.1783333333333,-93.22,124149,2,1
M00061,P02619,U03205,TX0000863,57.98,20240529201502,Paris,BANK_TRANSFER,Books,41,29782.23,Paris,Premium,20250403,Essential Novel 2619,Books,61.8,4.6,1033,BookHaven 61,Books,Auvergne-Rhône-Alpes,0.0913,20210903,20,Mercredi,Mai,0,Evening,0,2024-05-29T20:15:02.000Z,2024-05-29,2024-05,1717013702,1716940800,6,28,Adulte,80.27,1,0,2024-05-29,1717010726,0,114.3792857142857,-49.31,2976,0,0
M00462,P01966,U10035,TX0000864,333.88,20250516075557,Le Havre,CARD,Beauty,53,41959.24,Le Havre,Premium,20250119,Elite Nail Kit 1966,Beauty,158.71,3.5,302,CosmeticHub 462,Beauty,Ile-de-France,0.086,20170728,7,Vendredi,Mai,0,Morning,0,2025-05-16T07:55:57.000Z,2025-05-16,2025-05,1747382157,1747353600,36,42,Age Moyen,651.77,2,0,2025-05-12,1747042823,4,413.88,-19.33,339334,0,0
M00246,P02147,U07842,TX0000865,156.51,20250619225147,Le Havre,BANK_TRANSFER,Toys,29,77614.16,,Premium,20231219,Elite Action Figure 2147,Toys,71.86,3.3,623,KidsWorld 246,Toys,Nouvelle-Aquitaine,0.0167,20210112,22,Jeudi,Juin,0,Night,0,2025-06-19T22:51:47.000Z,2025-06-19,2025-06,1750373507,1750291200,14,14,Adulte,156.51,1,0,2025-06-09,1749438095,10,201.30214285714288,-22.25,935412,1,0
M00346,P01721,U05884,TX0000866,31.76,20250401154126,Saint-Etienne,CARD,Toys,57,31721.89,Saint-Etienne,Budget,20250605,Elite Puzzle 1721,Toys,29.54,2.3,162,ToyHub 346,Toys,Grand Est,0.033,20200321,15,Mardi,Avril,0,Afternoon,1,2025-04-01T15:41:26.000Z,2025-04-01,2025-04,1743522086,1743465600,9,10,Age Moyen,737.87,6,1,2025-03-31,1743425919,1,176.048,-81.96,96167,0,0
M00481,P02918,U07520,TX0000867,48.08,20241228210107,Lyon,CARD,Health,45,35925.34,Lyon,Premium,20230215,Elite Thermometer 2918,Health,51.13,2.7,1,HealthShop 481,Health,Auvergne-Rhône-Alpes,0.0551,20220413,21,Samedi,Decembre,1,Evening,0,2024-12-28T21:01:07.000Z,2024-12-28,2024-12,1735419667,1735344000,22,27,Age Moyen,176.17,2,0,2024-12-23,1734947584,5,193.53555555555556,-75.16,472083,0,0
M00253,P01256,U03640,TX0000868,23.06,20250607011617,Nantes,PAYPAL,Health,31,87261.02,Nantes,VIP,20231212,Pro First Aid Kit 1256,Health,21.37,2.7,1025,HealthShop 253,Health,Grand Est,0.0358,20180709,1,Samedi,Juin,1,Night,0,2025-06-07T01:16:17.000Z,2025-06-07,2025-06,1749258977,1749254400,31,46,Adulte,1644.67,3,0,2025-06-02,1748853669,5,322.3289130434782,-92.85,405308,1,0
M00060,P03760,U06538,TX0000869,59.96,20240717182138,Paris,PAYPAL,Toys,48,59065.4,Paris,Premium,20230619,Elite Building Blocks 3760,Toys,58.42,3.7,1043,KidsWorld 60,Toys,Inconnu,0.0361,20200227,18,Mercredi,Juillet,0,Evening,0,2024-07-17T18:21:38.000Z,2024-07-17,2024-07,1721240498,1721174400,4,16,Age Moyen,1533.2,2,0,2024-07-12,1720809262,5,595.708125,-89.93,431236,0,0
M00537,P01599,U11088,TX0000870,141.97,20250924072722,Lyon,BANK_TRANSFER,Home & Garden,39,29854.56,Lyon,Budget,20250108,Pro Lamp 1599,Home & Garden,146.62,3.2,949,GardenWorld 537,Home & Garden,Bretagne,0.0776,20191119,7,Mercredi,Septembre,0,Morning,0,2025-09-24T07:27:22.000Z,2025-09-24,2025-09,1758698842,1758672000,3,4,Adulte,1596.4,2,0,2025-09-20,1758391375,4,584.4225,-75.71,307467,0,0
M00191,P02063,U03018,TX0000871,9.49,20241124024640,Marseille,PAYPAL,Automotive,21,30863.62,Marseille,Premium,20250401,,,,,,MotorHub 191,Automotive,Ile-de-France,0.0593,20181120,2,Dimanche,Novembre,1,Night,0,2024-11-24T02:46:40.000Z,2024-11-24,2024-11,1732416400,1732406400,17,22,Jeune,545.46,2,0,2024-11-20,1732099266,4,404.81000000000006,-97.66,317134,1,0
M00023,P04922,U08205,TX0000872,37.25,20240521152106,Rennes,PAYPAL,Food,42,113047.26,Rennes,VIP,20241216,Essential Coffee Pack 4922,Food,33.37,3.4,732,GourmetShop 23,Food,Bretagne,0.0684,20220517,15,Mardi,Mai,0,Afternoon,1,2024-05-21T15:21:06.000Z,2024-05-21,2024-05,1716304866,1716249600,10,44,Adulte,508.07,3,0,2024-05-20,1716199056,1,491.91931818181814,-92.43,105810,0,0
M00205,P02584,U09560,TX0000873,167.97,20250310070735,Nice,PAYPAL,Toys,22,54847.96,Nice,Premium,20240606,Elite Building Blocks 2584,Toys,156.76,3.9,1194,PlayShop 205,Toys,Occitanie,0.0271,20181007,7,Lundi,Mars,0,Morning,0,2025-03-10T07:07:35.000Z,2025-03-10,2025-03,1741590455,1741564800,2,21,Jeune,205.33,2,0,2025-03-07,1741317579,3,333.62619047619046,-49.65,272876,0,0
M00147,P03102,U01869,TX0000874,9.49,20241013073711,Marseille,PAYPAL,Books,51,67128.84,Marseille,VIP,20230623,Essential Comic Book 3102,Books,9.0,3.6,320,ReadMore 147,Books,Nouvelle-Aquitaine,0.0843,20220404,7,Dimanche,Octobre,1,Morning,0,2024-10-13T07:37:11.000Z,2024-10-13,2024-10,1728805031,1728777600,18,42,Age Moyen,9.49,1,0,2024-10-05,1728157926,8,239.592619047619,-96.04,647105,0,0
M00376,P02257,U01532,TX0000875,3.74,20250211225202,Paris,CARD,Food,71,78290.29,Paris,VIP,20240213,Pro Coffee Pack 2257,Food,3.64,3.1,407,FoodMart 376,Food,Normandie,0.0618,20221219,22,Mardi,Fevrier,0,Night,0,2025-02-11T22:52:02.000Z,2025-02-11,2025-02,1739314322,1739232000,25,37,Senior,264.92,2,0,2025-02-10,1739194790,1,211.6664864864865,-98.23,119532,1,0
M00250,P05390,U08781,TX0000876,67.48,20240720183530,Paris,CARD,Beauty,,,,Inconnu,,Classic Nail Kit 5390,Beauty,74.62,3.6,788,GlowShop 250,Beauty,Ile-de-France,0.0275,20180718,18,Samedi,Juillet,1,Evening,0,2024-07-20T18:35:30.000Z,2024-07-20,2024-07,1721500530,1721433600,6,12,Inconnu,67.48,1,0,2024-07-10,1720619675,10,394.0983333333334,-82.88,880855,0,0
M00593,P02472,U10728,TX0000877,723.38,20241215203803,Strasbourg,CARD,Electronics,37,105618.14,Strasbourg,VIP,20230323,Standard Smart TV 2472,Electronics,726.37,4.4,956,DigitalHub 593,Electronics,Nouvelle-Aquitaine,0.0294,20180411,20,Dimanche,Decembre,1,Evening,0,2024-12-15T20:38:03.000Z,2024-12-15,2024-12,1734295083,1734220800,34,42,Adulte,1877.17,3,0,2024-12-12,1734016243,3,1119.547142857143,-35.39,278840,0,0
M00276,P00414,U10788,TX0000878,249.69,20241013181215,Lille,PAYPAL,Clothing,38,83970.25,Lille,Premium,20240531,Elite Jacket 414,Clothing,243.56,4.6,1074,StyleShop 276,Clothing,Ile-de-France,0.0275,20230303,18,Dimanche,Octobre,1,Evening,0,2024-10-13T18:12:15.000Z,2024-10-13,2024-10,1728843135,1728777600,4,29,Adulte,2356.19,4,0,2024-10-12,1728732960,1,513.6965517241379,-51.39,110175,0,0
M00012,P03236,U11740,TX0000879,20.41,20241106035228,Toulouse,CARD,Toys,43,29508.22,Toulouse,Standard,20230303,Pro Board Game 3236,Toys,10.22,2.7,703,PlayShop 12,Toys,Occitanie,0.0123,20221003,3,Mercredi,Novembre,0,Night,0,2024-11-06T03:52:28.000Z,2024-11-06,2024-11,1730865148,1730851200,5,7,Adulte,20.41,1,0,2024-06-13,1718269799,146,386.67571428571426,-94.72,12595349,1,0
M00581,P02794,U11411,TX0000880,321.32,20240214202539,Paris,PAYPAL,Sports,27,123136.57,Paris,VIP,20230920,Standard Backpack 2794,Sports,336.71,5.0,318,SportZone 581,Sports,Hauts-de-France,0.054,20180223,20,Mercredi,Fevrier,0,Evening,0,2024-02-14T20:25:39.000Z,2024-02-14,2024-02,1707942339,1707868800,4,23,Adulte,505.55,2,0,2024-02-14,1707896311,0,247.25782608695653,29.95,46028,0,0
M00470,P01184,U01601,TX0000881,75.0,20240409121926,Lille,CRYPTO,Food,59,40273.31,Lille,Standard,20241002,Essential Pasta Box 1184,Food,73.54,3.6,523,GourmetShop 470,Food,Nouvelle-Aquitaine,0.0886,20210223,12,Mardi,Avril,0,Afternoon,1,2024-04-09T12:19:26.000Z,2024-04-09,2024-04,1712665166,1712620800,7,22,Age Moyen,75.0,1,0,2024-04-01,1711963655,8,351.4140909090909,-78.66,701511,1,0
M00258,P03159,U09922,TX0000882,975.19,20240804194131,Rennes,PAYPAL,Electronics,48,19795.11,Rennes,Budget,20250127,Classic Smartphone 3159,Electronics,1036.94,3.3,1011,DigitalHub 258,Electronics,Provence-Alpes-Côte d'Azur,0.0181,20200407,19,Dimanche,Aout,1,Evening,0,2024-08-04T19:41:31.000Z,2024-08-04,2024-08,1722800491,1722729600,1,4,Age Moyen,975.19,1,0,,,,263.355,270.29,,0,0
M00225,P03256,U08475,TX0000883,1559.91,20241223101459,Le Havre,BANK_TRANSFER,Electronics,48,24019.05,Lille,Budget,20230425,Elite Camera 3256,Electronics,1533.31,2.3,1079,TechStore 225,Electronics,Grand Est,0.0755,20201014,10,Lundi,Decembre,0,Morning,1,2024-12-23T10:14:59.000Z,2024-12-23,2024-12,1734948899,1734912000,6,7,Age Moyen,1559.91,1,0,2024-07-30,1722343590,146,324.34000000000003,380.95,12605309,1,0
M00513,P04743,U09512,TX0000884,251.46,20240809011301,Nantes,PAYPAL,Home & Garden,49,58924.55,Nantes,Premium,20231203,Classic Lamp 4743,Home & Garden,260.72,4.4,112,HomeStyle 513,Home & Garden,Ile-de-France,0.0379,20200826,1,Vendredi,Aout,0,Night,0,2024-08-09T01:13:01.000Z,2024-08-09,2024-08,1723165981,1723161600,2,26,Age Moyen,799.91,2,0,2024-08-05,1722881768,4,286.03807692307697,-12.09,284213,1,0
M00308,P04936,U04106,TX0000885,94.09,20240905184026,Nîmes,CARD,Toys,40,58875.33,Nîmes,Premium,20230810,Essential Building Blocks 4936,Toys,85.46,2.0,539,PlayShop 308,Toys,Auvergne-Rhône-Alpes,0.059,20201027,18,Jeudi,Septembre,0,Evening,0,2024-09-05T18:40:26.000Z,2024-09-05,2024-09,1725561626,1725494400,18,27,Adulte,94.09,1,0,2024-05-26,1716755470,102,213.362962962963,-55.9,8806156,0,0
M00549,P04379,U07883,TX0000886,375.95,20251213133129,Marseille,BANK_TRANSFER,Sports,46,70068.05,Marseille,Premium,20250905,Premium Tennis Racket 4379,Sports,412.19,3.1,557,ActiveWear 549,Sports,Occitanie,0.0813,20170903,13,Samedi,Decembre,1,Afternoon,1,2025-12-13T13:31:29.000Z,2025-12-13,2025-12,1765632689,1765584000,32,34,Age Moyen,382.14,1,0,2025-07-23,1753277957,143,314.4105882352942,19.57,12354732,0,0
M00456,P00568,U08330,TX0000887,1841.22,20250630053523,Dijon,CARD,Automotive,18,56453.42,Dijon,VIP,20230325,Essential Car Battery 568,Automotive,891.24,5.0,111,AutoShop 456,Automotive,Nouvelle-Aquitaine,0.0162,20210608,5,Lundi,Juin,0,Night,0,2025-06-30T05:35:23.000Z,2025-06-30,2025-06,1751261723,1751241600,29,39,Jeune,22132.28,2,0,2025-06-24,1750781190,6,832.2420512820513,121.24,480533,1,0
M00433,P04268,U07162,TX0000888,556.36,20250323174737,Paris,CRYPTO,Automotive,68,83385.88,Paris,Premium,20240204,Essential Car Parts 4268,Automotive,558.22,4.2,1110,AutoShop 433,Automotive,Grand Est,0.0138,20210726,17,Dimanche,Mars,1,Afternoon,0,2025-03-23T17:47:37.000Z,2025-03-23,2025-03,1742752057,1742688000,23,24,Senior,584.13,2,0,2025-03-19,1742404262,4,282.81708333333336,96.72,347795,1,0
M00396,P05949,U10828,TX0000889,29.34,20241019193357,Lyon,CASH,Books,16,39292.87,Lyon,Standard,20250322,Elite Cookbook 5949,Books,27.2,3.6,475,BookHaven 396,Books,Nouvelle-Aquitaine,0.0702,20220623,19,Samedi,Octobre,1,Evening,0,2024-10-19T19:33:57.000Z,2024-10-19,2024-10,1729366437,1729296000,6,12,Jeune,52.45,2,0,2024-10-16,1729100306,3,387.89500000000004,-92.44,266131,0,0
M00482,P01470,U11236,TX0000890,74.94,20240706083902,Paris,PAYPAL,Sports,39,16664.22,Paris,Budget,20250601,Elite Backpack 1470,Sports,68.74,2.7,141,SportZone 482,Sports,Nouvelle-Aquitaine,0.0241,20230112,8,Samedi,Juillet,1,Morning,0,2024-07-06T08:39:02.000Z,2024-07-06,2024-07,1720255142,1720224000,1,8,Adulte,74.94,1,0,,,,313.8337499999999,-76.12,,0,0
M00333,P02816,U07530,TX0000891,70.71,20240914151250,Montpellier,PAYPAL,Toys,49,51913.69,Toulouse,Premium,20230901,Standard Puzzle 2816,Toys,69.79,3.9,870,ToyHub 333,Toys,Nouvelle-Aquitaine,0.0635,20230319,15,Samedi,Septembre,1,Afternoon,1,2024-09-14T15:12:50.000Z,2024-09-14,2024-09,1726326770,1726272000,20,39,Age Moyen,70.71,1,0,2024-09-05,1725564133,9,277.2979487179486,-74.5,762637,0,0
M00283,P01708,U10678,TX0000892,259.89,20250220083600,Paris,CARD,Home & Garden,35,96392.27,Marseille,VIP,20250513,,Home & Garden,257.94,2.9,532,HomeCenter 283,Home & Garden,Auvergne-Rhône-Alpes,0.0706,20190715,8,Jeudi,Fevrier,0,Morning,0,2025-02-20T08:36:00.000Z,2025-02-20,2025-02,1740040560,1740009600,4,26,Adulte,259.89,1,0,2025-02-12,1739359862,8,394.7753846153846,-34.17,680698,0,0
M00442,P02722,U04485,TX0000893,424.03,20250223183919,Nîmes,BANK_TRANSFER,Home & Garden,46,36288.02,Nîmes,Standard,20250306,Classic Garden Chair 2722,Home & Garden,387.63,2.5,753,GardenWorld 442,Home & Garden,Nouvelle-Aquitaine,0.0287,20180501,18,Dimanche,Fevrier,1,Evening,0,2025-02-23T18:39:19.000Z,2025-02-23,2025-02,1740335959,1740268800,1,14,Age Moyen,424.03,1,0,,,,239.6042857142857,76.97,,0,0
M00069,P01392,U04614,TX0000894,374.14,20250427125705,Grenoble,CARD,Home & Garden,43,9000.0,Grenoble,VIP,20250613,Elite Lamp 1392,Home & Garden,359.18,3.6,649,DecorShop 69,Home & Garden,Pays de la Loire,0.0598,20180102,12,Dimanche,Avril,1,Afternoon,1,2025-04-27T12:57:05.000Z,2025-04-27,2025-04,1745758625,1745712000,22,30,Adulte,2291.65,3,0,2025-04-25,1745539689,2,576.8286666666667,-35.14,218936,0,0
M00413,P00798,U07528,TX0000895,1159.56,20240329141652,Rennes,CASH,Automotive,66,33289.05,,Standard,20240605,Essential Car Battery 798,Automotive,1052.12,3.5,394,AutoCenter 413,Automotive,Occitanie,0.0275,20220122,14,Vendredi,Mars,0,Afternoon,1,2024-03-29T14:16:52.000Z,2024-03-29,2024-03,1711721812,1711670400,4,8,Senior,1159.56,1,0,2024-03-22,1711068690,7,525.9487499999999,120.47,653122,0,0
M00261,P05553,U06828,TX0000896,95.49,20250825153736,Strasbourg,CARD,Beauty,64,60371.6,Strasbourg,Premium,20230617,Essential Lipstick 5553,Beauty,96.11,3.6,511,BeautyCorner 261,Beauty,Hauts-de-France,0.0654,20201001,15,Lundi,Aout,0,Afternoon,1,2025-08-25T15:37:36.000Z,2025-08-25,2025-08,1756136256,1756080000,18,19,Age Moyen,95.49,1,0,2025-08-11,1754947793,14,153.02157894736843,-37.6,1188463,0,0
M00149,P02169,U04137,TX0000897,1338.94,20250323082018,Paris,PAYPAL,Electronics,55,44252.3,Paris,Premium,20240120,Premium Smartphone 2169,Electronics,1205.77,1.3,651,DigitalHub 149,Electronics,Normandie,0.0608,20221202,8,Dimanche,Mars,1,Morning,0,2025-03-23T08:20:18.000Z,2025-03-23,2025-03,1742718018,1742688000,16,18,Age Moyen,1593.86,2,0,2025-03-19,1742390474,4,250.2138888888889,435.12,327544,1,0
M00519,P01416,U04388,TX0000898,277.11,20251216093613,Strasbourg,CARD,Automotive,31,88816.79,Strasbourg,Premium,20250808,Premium Oil Filter 1416,Automotive,252.67,2.9,255,CarParts 519,Automotive,Occitanie,0.0351,20230513,9,Mardi,Decembre,0,Morning,1,2025-12-16T09:36:13.000Z,2025-12-16,2025-12,1765877773,1765843200,19,19,Adulte,358.37,3,0,2025-12-11,1765440876,5,185.9105263157895,49.06,436897,0,0
M00158,P05618,U00098,TX0000899,1313.23,20250520101951,Toulouse,PAYPAL,Electronics,66,126625.18,Toulouse,VIP,20230430,Essential Smartphone 5618,Electronics,1448.89,3.3,291,ElectroWorld 158,Electronics,Nouvelle-Aquitaine,0.0131,20190615,10,Mardi,Mai,0,Morning,1,2025-05-20T10:19:51.000Z,2025-05-20,2025-05,1747736391,1747699200,31,34,Senior,2654.57,3,0,2025-05-18,1747602737,2,1421.0214705882354,-7.59,133654,0,0
M00236,P00391,U04061,TX0000900,370.65,20250904105911,Grenoble,CARD,Sports,19,40274.18,Marseille,Standard,20230710,Elite Bicycle Helmet 391,Sports,410.1,3.2,68,SportZone 236,Sports,Ile-de-France,0.0887,20200330,10,Jeudi,Septembre,0,Morning,1,2025-09-04T10:59:11.000Z,2025-09-04,2025-09,1756983551,1756944000,25,30,Jeune,370.65,1,0,2025-04-21,1745269850,136,391.5300000000001,-5.33,11713701,0,0
M00186,P04189,U07398,TX0000901,8.01,20250130224858,Paris,CASH,Beauty,42,142028.68,Paris,VIP,20230511,Elite Face Cream 4189,Beauty,7.82,2.3,140,GlowShop 186,Beauty,Nouvelle-Aquitaine,0.0327,20180828,22,Jeudi,Janvier,0,Night,0,2025-01-30T22:48:58.000Z,2025-01-30,2025-01,1738277338,1738195200,12,35,Adulte,1294.16,2,0,2025-01-25,1737820266,5,380.02857142857135,-97.89,457072,1,0
M00366,P00974,U02742,TX0000902,124.85,20250415200739,Toulouse,BANK_TRANSFER,Beauty,,,,Inconnu,,Classic Nail Kit 974,Beauty,136.66,4.9,287,,Inconnu,Inconnu,,,20,Mardi,Avril,0,Evening,0,2025-04-15T20:07:39.000Z,2025-04-15,2025-04,1744747659,1744675200,12,16,Inconnu,124.85,1,0,2024-10-28,1730142687,169,658.414375,-81.04,14604972,0,0
M00220,P00059,U06669,TX0000903,565.91,20250602092218,Lille,CASH,Sports,48,69438.43,Lille,Premium,20240813,Essential Running Shoes 59,Sports,294.51,3.7,1048,SportHub 220,Sports,Provence-Alpes-Côte d'Azur,0.0644,20190817,9,Lundi,Juin,0,Morning,1,2025-06-02T09:22:18.000Z,2025-06-02,2025-06,1748856138,1748822400,18,21,Age Moyen,565.91,1,0,2025-04-27,1745776599,36,407.29095238095243,38.94,3079539,0,0
M00412,P05894,U01032,TX0000904,194.62,20241003224524,Nice,CASH,Health,39,44606.97,Nice,Premium,20250220,Elite Vitamins 5894,Health,195.47,3.4,944,HealthShop 412,Health,Auvergne-Rhône-Alpes,0.0125,20200125,22,Jeudi,Octobre,0,Night,0,2024-10-03T22:45:24.000Z,2024-10-03,2024-10,1727995524,1727913600,10,18,Adulte,448.46,2,0,2024-09-28,1727527443,5,302.9644444444445,-35.76,468081,1,0
M00218,P01364,U04781,TX0000905,32.86,20240218083134,Nîmes,CARD,Books,54,37134.94,Nîmes,Standard,20250512,Standard Biography 1364,Books,31.29,2.8,291,BookCorner 218,Books,Normandie,0.0168,20210203,8,Dimanche,Fevrier,1,Morning,0,2024-02-18T08:31:34.000Z,2024-02-18,2024-02,1708245094,1708214400,10,23,Age Moyen,632.24,6,1,2024-02-17,1708186331,1,286.29913043478257,-88.52,58763,0,0
M00408,P02621,U05336,TX0000906,88.82,20240222065412,Bordeaux,PAYPAL,Toys,65,29053.73,Bordeaux,Budget,20230824,Standard Puzzle 2621,Toys,44.95,1.7,631,ToyLand 408,Toys,Ile-de-France,0.041,20191208,6,Jeudi,Fevrier,0,Morning,0,2024-02-22T06:54:12.000Z,2024-02-22,2024-02,1708584852,1708560000,6,11,Senior,410.78,2,0,2024-02-19,1708368460,3,104.0590909090909,-14.64,216392,0,0
M00042,P03440,U04279,TX0000907,1332.24,20251202150215,Marseille,PAYPAL,Automotive,51,23341.8,Marseille,Standard,20231212,Classic Roof Rack 3440,Automotive,1266.46,4.5,675,AutoShop 42,Automotive,Ile-de-France,0.0518,20201110,15,Mardi,Decembre,0,Afternoon,1,2025-12-02T15:02:15.000Z,2025-12-02,2025-12,1764687735,1764633600,2,6,Age Moyen,1332.24,1,0,2025-11-22,1763838410,10,656.7583333333334,102.85,849325,0,0
M00081,P01655,U06375,TX0000908,47.97,20240424085822,Nantes,CASH,Toys,49,56029.35,Nantes,Standard,20231129,Pro Action Figure 1655,Toys,50.09,3.9,1115,ToyHub 81,Toys,Auvergne-Rhône-Alpes,0.0137,20230221,8,Mercredi,Avril,0,Morning,0,2024-04-24T08:58:22.000Z,2024-04-24,2024-04,1713949102,1713916800,5,7,Age Moyen,87.41,2,0,2024-04-22,1713802375,2,31.852857142857143,50.6,146727,0,0
M00075,P05182,U07530,TX0000909,48.84,20240823194332,Toulouse,PAYPAL,Health,49,51913.69,Toulouse,Premium,20230901,Standard Vitamins 5182,Health,45.05,1.8,508,HealthHub 75,Health,Ile-de-France,0.0469,20190209,19,Vendredi,Aout,0,Evening,0,2024-08-23T19:43:32.000Z,2024-08-23,2024-08,1724442212,1724371200,15,39,Age Moyen,199.65,2,0,2024-08-23,1724435879,0,277.2979487179486,-82.39,6333,0,0
M00280,P01623,U07537,TX0000910,201.26,20250324124013,Bordeaux,CASH,Health,18,37678.1,Angers,Standard,20250105,Essential Massage Gun 1623,Health,192.24,4.1,701,HealthHub 280,Health,Provence-Alpes-Côte d'Azur,0.09,20171003,12,Lundi,Mars,0,Afternoon,1,2025-03-24T12:40:13.000Z,2025-03-24,2025-03,1742820013,1742774400,2,5,Jeune,201.26,1,0,2025-03-10,1741592987,14,181.686,10.77,1227026,0,0
M00429,P02394,U00446,TX0000911,71.06,20240809082836,Lyon,CARD,Home & Garden,42,63581.74,Lyon,Premium,20230805,Essential Lamp 2394,Home & Garden,76.8,3.9,1031,HomeCenter 429,Home & Garden,Grand Est,0.0272,20200409,8,Vendredi,Aout,0,Morning,0,2024-08-09T08:28:36.000Z,2024-08-09,2024-08,1723192116,1723161600,11,14,Adulte,120.88,1,0,2024-07-23,1721748144,17,230.325,-69.15,1443972,0,0
M00230,P00750,U01945,TX0000912,112.71,20240616091327,Lyon,CRYPTO,Health,24,62402.51,Lyon,VIP,20250219,Pro Scale 750,Health,103.8,2.4,650,HealthShop 230,Health,Nouvelle-Aquitaine,0.014,20210115,9,Dimanche,Juin,1,Morning,1,2024-06-16T09:13:27.000Z,2024-06-16,2024-06,1718529207,1718496000,3,24,Jeune,191.11,2,0,2024-06-15,1718467185,1,134.56166666666664,-16.24,62022,1,0
M00301,P01860,U02654,TX0000913,13.13,20250718115844,Bordeaux,CARD,Toys,50,45102.07,Grenoble,Premium,20230121,Standard Toy Car 1860,Toys,14.18,2.8,831,PlayShop 301,Toys,Occitanie,0.0184,20170623,11,Vendredi,Juillet,0,Morning,1,2025-07-18T11:58:44.000Z,2025-07-18,2025-07,1752839924,1752796800,18,19,Age Moyen,13.13,1,0,2025-07-11,1752263167,7,231.45000000000002,-94.33,576757,0,0
M00259,P01437,U01872,TX0000915,242.42,20250911114043,Paris,BANK_TRANSFER,Clothing,37,116729.65,Paris,VIP,20250208,Pro Scarf 1437,Clothing,262.55,5.0,889,ClothingHub 259,Clothing,Ile-de-France,0.0986,20230122,11,Jeudi,Septembre,0,Morning,1,2025-09-11T11:40:43.000Z,2025-09-11,2025-09,1757590843,1757548800,1,5,Adulte,242.42,1,0,,,,1105.944,-78.08,,0,0
M00378,P03017,U02985,TX0000916,34.16,20241203130651,Marseille,CARD,Toys,29,122736.47,Marseille,VIP,20230623,Standard Action Figure 3017,Toys,32.04,3.6,1167,PlayShop 378,Toys,Bretagne,0.025,20181006,13,Mardi,Decembre,0,Afternoon,1,2024-12-03T13:06:51.000Z,2024-12-03,2024-12,1733231211,1733184000,32,36,Adulte,34.16,1,0,2024-08-28,1724841927,97,525.4972222222224,-93.5,8389284,0,0
M00230,P05320,U04915,TX0000917,131.42,20240803111351,Lyon,CASH,Health,55,131218.32,Lyon,VIP,20230601,Elite Thermometer 5320,Health,144.7,2.4,457,HealthShop 230,Health,Nouvelle-Aquitaine,0.014,20210115,11,Samedi,Aout,1,Morning,1,2024-08-03T11:13:51.000Z,2024-08-03,2024-08,1722683631,1722643200,2,39,Age Moyen,1170.03,2,0,2024-08-01,1722505869,2,419.5610256410256,-68.68,177762,0,0
M00596,P01033,U05225,TX0000918,817.77,20241114062245,Toulouse,PAYPAL,Home & Garden,33,75183.7,Toulouse,Premium,20230327,Classic Garden Chair 1033,Home & Garden,783.99,3.3,1099,HomeCenter 596,Home & Garden,Normandie,0.0151,20230429,6,Jeudi,Novembre,0,Morning,0,2024-11-14T06:22:45.000Z,2024-11-14,2024-11,1731565365,1731542400,15,17,Adulte,2887.75,2,0,2024-11-12,1731409562,2,570.0917647058824,43.45,155803,0,0
M00560,P02484,U11976,TX0000919,374.68,20240526122009,Montpellier,BANK_TRANSFER,Health,24,49424.68,Montpellier,Premium,20230930,Pro Massage Gun 2484,Health,168.66,3.8,480,VitalShop 560,Health,Ile-de-France,0.0903,20170920,12,Dimanche,Mai,1,Afternoon,1,2024-05-26T12:20:09.000Z,2024-05-26,2024-05,1716726009,1716681600,2,14,Jeune,466.94,1,0,2024-05-16,1715869074,10,178.4314285714286,109.99,856935,0,0
M00153,P00900,U00357,TX0000920,18.67,20250222181424,Montpellier,CARD,Books,59,115506.34,Montpellier,VIP,20231017,Elite Atlas 900,Books,19.45,2.2,495,LibraryShop 153,Books,Provence-Alpes-Côte d'Azur,0.0376,20201003,18,Samedi,Fevrier,1,Evening,0,2025-02-22T18:14:24.000Z,2025-02-22,2025-02,1740248064,1740182400,7,22,Age Moyen,114.32,2,0,2025-02-22,1740233878,0,277.51000000000005,-93.27,14186,0,0
M00018,P02825,U11549,TX0000921,1205.42,20241101084205,Nice,CARD,Automotive,25,65405.84,Nice,VIP,20240513,Pro Car Battery 2825,Automotive,660.43,3.5,731,CarParts 18,Automotive,Ile-de-France,0.0894,20170516,8,Vendredi,Novembre,0,Morning,0,2024-11-01T08:42:05.000Z,2024-11-01,2024-11,1730450525,1730419200,8,53,Jeune,1205.42,1,0,2024-10-25,1729850689,7,250.37849056603767,381.44,599836,1,0
M00192,P03109,U01611,TX0000922,145.37,20240126182937,Grenoble,BANK_TRANSFER,Clothing,50,76341.6,Grenoble,Premium,20250507,Pro Jeans 3109,Clothing,44.98,3.7,679,ClothingHub 192,Clothing,Provence-Alpes-Côte d'Azur,0.0784,20200421,18,Vendredi,Janvier,0,Evening,0,2024-01-26T18:29:37.000Z,2024-01-26,2024-01,1706293777,1706227200,5,15,Age Moyen,432.36,2,0,2024-01-25,1706142378,1,211.23933333333332,-31.18,151399,0,0
M00119,P00483,U05964,TX0000923,101.32,20241126115659,Dijon,CASH,Beauty,,,,Inconnu,,Premium Face Cream 483,Beauty,99.74,4.3,475,GlowShop 119,Beauty,Auvergne-Rhône-Alpes,0.0406,20220627,11,Mardi,Novembre,0,Morning,1,2024-11-26T11:56:59.000Z,2024-11-26,2024-11,1732622219,1732579200,14,30,Inconnu,267.3,1,0,2024-11-18,1731973034,8,271.1783333333333,-62.64,649185,0,0
M00533,P03656,U01215,TX0000924,147.76,20240913100458,Paris,PAYPAL,Toys,42,74873.18,Paris,Premium,20230927,Essential Doll 3656,Toys,134.63,3.8,1188,ToyLand 533,Toys,Hauts-de-France,0.0203,20200323,10,Vendredi,Septembre,0,Morning,1,2024-09-13T10:04:58.000Z,2024-09-13,2024-09,1726221898,1726185600,13,20,Adulte,378.01,2,0,2024-09-08,1725795452,5,183.353,-19.41,426446,0,0
M00052,P00846,U08800,TX0000925,82.58,20240501201307,Paris,PAYPAL,Food,16,131362.25,Marseille,VIP,20240421,Premium Olive Oil 846,Food,83.06,5.0,59,FoodMart 52,Food,Auvergne-Rhône-Alpes,0.0629,20220907,20,Mercredi,Mai,0,Evening,0,2024-05-01T20:13:07.000Z,2024-05-01,2024-05,1714594387,1714521600,2,24,Jeune,252.83,1,0,2024-05-01,1714560265,0,273.8845833333334,-69.85,34122,0,0
M00195,P05849,U11321,TX0000926,412.17,20241125113238,Nantes,CRYPTO,Sports,38,133257.85,Nantes,VIP,20240311,Pro Yoga Mat 5849,Sports,444.69,3.6,1115,SportHub 195,Sports,Hauts-de-France,0.044,20230202,11,Lundi,Novembre,0,Morning,1,2024-11-25T11:32:38.000Z,2024-11-25,2024-11,1732534358,1732492800,21,22,Adulte,412.17,1,0,2024-11-17,1731879281,8,489.2545454545454,-15.76,655077,1,0
M00432,P00277,U04206,TX0000927,1219.62,20240726142813,Le Havre,PAYPAL,Automotive,41,23210.27,Le Havre,Budget,20250710,Pro Tyre Set 277,Automotive,1092.07,4.8,868,MotorHub 432,Automotive,Occitanie,0.054,20221026,14,Vendredi,Juillet,0,Afternoon,1,2024-07-26T14:28:13.000Z,2024-07-26,2024-07,1722004093,1721952000,3,5,Adulte,1219.62,1,0,2024-07-13,1720874079,13,1057.364,15.35,1130014,0,0
M00229,P04406,U02811,TX0000928,1913.86,20240328190513,Paris,BANK_TRANSFER,Electronics,45,20799.48,Paris,Budget,20250223,Elite Smart TV 4406,Electronics,1877.01,3.5,712,GadgetShop 229,Electronics,Provence-Alpes-Côte d'Azur,0.0813,20210502,19,Jeudi,Mars,0,Evening,0,2024-03-28T19:05:13.000Z,2024-03-28,2024-03,1711652713,1711584000,5,9,Age Moyen,2249.9,3,0,2024-03-25,1711350153,3,727.3088888888889,163.14,302560,0,0
M00504,P03615,U01805,TX0000929,22.16,20241105072723,Reims,CASH,Clothing,26,55679.72,Reims,Premium,20240519,Premium Sneakers 3615,Clothing,22.17,3.1,292,FashionStore 504,Clothing,Grand Est,0.027,20210514,7,Mardi,Novembre,0,Morning,0,2024-11-05T07:27:23.000Z,2024-11-05,2024-11,1730791643,1730764800,1,9,Adulte,333.81,1,0,,,,347.9977777777778,-93.63,,0,0
M00079,P02494,U06644,TX0000930,254.82,20250126194928,Grenoble,PAYPAL,Clothing,49,52172.3,Grenoble,Standard,20240929,Pro Sneakers 2494,Clothing,231.3,3.6,203,StyleShop 79,Clothing,Ile-de-France,0.0454,20230604,19,Dimanche,Janvier,1,Evening,0,2025-01-26T19:49:28.000Z,2025-01-26,2025-01,1737920968,1737849600,3,15,Age Moyen,390.37,1,0,2025-01-26,1737897910,0,202.06066666666663,26.11,23058,0,0
M00104,P02802,U05713,TX0000931,55.72,20240514170532,Strasbourg,CARD,Toys,41,42611.06,Strasbourg,Standard,20230331,Standard Board Game 2802,Toys,59.36,2.9,881,ToyLand 104,Toys,Auvergne-Rhône-Alpes,0.0732,20170213,17,Mardi,Mai,0,Afternoon,0,2024-05-14T17:05:32.000Z,2024-05-14,2024-05,1715706332,1715644800,2,11,Adulte,55.72,1,0,2024-05-05,1714902102,9,102.43818181818182,-45.61,804230,0,0
M00436,P03686,U07193,TX0000932,107.79,20250323184114,Paris,CARD,Home & Garden,49,102030.47,Paris,Premium,20230603,Elite Rug 3686,Home & Garden,108.54,2.2,745,GardenWorld 436,Home & Garden,Hauts-de-France,0.0528,20200705,18,Dimanche,Mars,1,Evening,0,2025-03-23T18:41:14.000Z,2025-03-23,2025-03,1742755274,1742688000,18,24,Age Moyen,107.79,1,0,2025-03-15,1742065640,8,491.2412500000002,-78.06,689634,0,0
M00049,P01562,U04216,TX0000933,137.37,20250127100812,Toulouse,BANK_TRANSFER,Sports,36,41081.15,Toulouse,Standard,20231210,Essential Yoga Mat 1562,Sports,152.07,3.1,671,ActiveWear 49,Sports,Auvergne-Rhône-Alpes,0.0341,20230524,10,Lundi,Janvier,0,Morning,1,2025-01-27T10:08:12.000Z,2025-01-27,2025-01,1737972492,1737936000,11,24,Adulte,137.37,1,0,2024-12-29,1735462927,29,179.52374999999998,-23.48,2509565,0,0
M00059,P04835,U05505,TX0000934,2887.37,20240630154016,Strasbourg,CARD,Automotive,33,63034.5,Strasbourg,Premium,20241226,Premium Car Parts 4835,Automotive,1384.34,4.3,238,AutoCenter 59,Automotive,Bretagne,0.0421,20200410,15,Dimanche,Juin,1,Afternoon,1,2024-06-30T15:40:16.000Z,2024-06-30,2024-06,1719762016,1719705600,9,22,Adulte,2887.37,1,0,2024-06-20,1718892176,10,941.1254545454543,206.8,869840,0,0
M00465,P02542,U05650,TX0000935,211.7,20250327023032,Rennes,PAYPAL,Clothing,36,149921.97,,VIP,20250401,Elite Sneakers 2542,Clothing,216.53,3.9,894,StyleShop 465,Clothing,Hauts-de-France,0.0943,20221107,2,Jeudi,Mars,0,Night,0,2025-03-27T02:30:32.000Z,2025-03-27,2025-03,1743042632,1743033600,40,54,Adulte,253.57,2,0,2025-03-26,1743004075,1,563.5142592592592,-62.43,38557,1,0
M00420,P02235,U11676,TX0000936,224.4,20250621080248,Paris,CRYPTO,Home & Garden,49,31804.31,Paris,Standard,20250224,Classic Cookware Set 2235,Home & Garden,224.7,3.4,900,HomeStyle 420,Home & Garden,Hauts-de-France,0.0927,20211201,8,Samedi,Juin,1,Morning,0,2025-06-21T08:02:48.000Z,2025-06-21,2025-06,1750492968,1750464000,11,16,Age Moyen,280.17,2,0,2025-06-15,1749983116,6,769.946875,-70.86,509852,1,0
M00300,P05836,U11026,TX0000937,10.17,20250805130014,Nantes,PAYPAL,Food,40,58059.98,Nantes,Standard,20230928,Standard Olive Oil 5836,Food,10.51,3.3,855,FoodHub 300,Food,Ile-de-France,0.0998,20170703,13,Mardi,Aout,0,Afternoon,1,2025-08-05T13:00:14.000Z,2025-08-05,2025-08,1754398814,1754352000,4,13,Adulte,10.17,1,0,2025-05-23,1748031906,74,277.50846153846146,-96.34,6366908,0,0
M00376,P05058,U07906,TX0000938,20.18,20250425155718,Lyon,BANK_TRANSFER,Food,47,59335.96,Lyon,Premium,20250412,Elite Chocolate Box 5058,Food,19.02,1.4,1181,FoodMart 376,Food,Normandie,0.0618,20221219,15,Vendredi,Avril,0,Afternoon,1,2025-04-25T15:57:18.000Z,2025-04-25,2025-04,1745596638,1745539200,32,38,Age Moyen,20.18,1,0,2025-04-17,1744933407,8,234.2526315789474,-91.39,663231,0,0
M00257,P03350,U01877,TX0000939,43.27,20250609111056,Rennes,CARD,Toys,74,79746.42,Rennes,Premium,20240130,Classic Action Figure 3350,Toys,47.55,3.2,821,KidsWorld 257,Toys,Auvergne-Rhône-Alpes,0.0369,20220516,11,Lundi,Juin,0,Morning,1,2025-06-09T11:10:56.000Z,2025-06-09,2025-06,1749467456,1749427200,7,20,Senior,151.39,3,0,2025-06-04,1749041509,5,361.03350000000006,-88.01,425947,0,0
M00258,P00344,U02411,TX0000940,1927.69,20251127105633,Marseille,CASH,Electronics,46,128383.88,Marseille,VIP,20231106,Essential Laptop 344,Electronics,1758.58,3.6,434,DigitalHub 258,Electronics,Provence-Alpes-Côte d'Azur,0.0181,20200407,10,Jeudi,Novembre,0,Morning,1,2025-11-27T10:56:33.000Z,2025-11-27,2025-11,1764240993,1764201600,41,50,Age Moyen,2245.01,3,0,2025-11-26,1764146248,1,792.8886000000001,143.12,94745,0,0
M00115,P01528,U11502,TX0000941,101.62,20240415151556,Reims,BANK_TRANSFER,Health,16,25464.11,Reims,Standard,20240226,Standard Scale 1528,Health,51.79,2.3,948,WellnessStore 115,Health,Occitanie,0.043,20170331,15,Lundi,Avril,0,Afternoon,1,2024-04-15T15:15:56.000Z,2024-04-15,2024-04,1713194156,1713139200,2,7,Jeune,101.62,1,0,2024-04-02,1712053362,13,116.47428571428573,-12.75,1140794,0,0
M00420,P00413,U06487,TX0000942,284.41,20250907181352,Lille,BANK_TRANSFER,Home & Garden,48,19844.45,Lille,Budget,20250527,Standard Garden Chair 413,Home & Garden,309.16,2.4,30,HomeStyle 420,Home & Garden,Hauts-de-France,0.0927,20211201,18,Dimanche,Septembre,1,Evening,0,2025-09-07T18:13:52.000Z,2025-09-07,2025-09,1757268832,1757203200,9,12,Age Moyen,416.65,2,0,2025-09-04,1756987687,3,146.51666666666668,94.11,281145,0,0
M00520,P02385,U10582,TX0000943,586.04,20240925122007,Lyon,PAYPAL,Electronics,23,72590.49,Lyon,Premium,20250906,Classic Camera 2385,Electronics,543.74,3.8,1101,TechStore 520,Electronics,Hauts-de-France,0.0951,20220413,12,Mercredi,Septembre,0,Afternoon,1,2024-09-25T12:20:07.000Z,2024-09-25,2024-09,1727266807,1727222400,3,14,Jeune,1569.0,2,0,2024-09-20,1726837470,5,300.8557142857143,94.79,429337,0,0
M00024,P02202,U07796,TX0000944,193.37,20240406181459,Strasbourg,BANK_TRANSFER,Health,45,10236.59,Strasbourg,Budget,20240123,Essential Massage Gun 2202,Health,91.13,3.9,736,HealthHub 24,Health,Auvergne-Rhône-Alpes,0.0871,20180131,18,Samedi,Avril,1,Evening,0,2024-04-06T18:14:59.000Z,2024-04-06,2024-04,1712427299,1712361600,1,5,Age Moyen,193.37,1,0,,,,545.8219999999999,-64.57,,0,0
M00471,P00415,U00596,TX0000945,1207.22,20250212111223,Toulon,BANK_TRANSFER,Automotive,25,48329.29,Toulon,Standard,20230923,Pro Car Parts 415,Automotive,1263.15,3.0,673,AutoShop 471,Automotive,Auvergne-Rhône-Alpes,0.0342,20191216,11,Mercredi,Fevrier,0,Morning,1,2025-02-12T11:12:23.000Z,2025-02-12,2025-02,1739358743,1739318400,5,14,Jeune,1207.22,1,0,2025-01-19,1737314175,24,744.3678571428571,62.18,2044568,0,0
M00069,P03167,U02476,TX0000946,626.95,20250513082420,Nice,CRYPTO,Home & Garden,31,91033.94,Nice,VIP,20231017,Elite Plant Pot 3167,Home & Garden,574.4,3.0,530,DecorShop 69,Home & Garden,Pays de la Loire,0.0598,20180102,8,Mardi,Mai,0,Morning,0,2025-05-13T08:24:20.000Z,2025-05-13,2025-05,1747124660,1747094400,35,55,Adulte,829.21,2,0,2025-05-10,1746900905,3,566.6274545454546,10.65,223755,1,0
M00353,P03112,U11755,TX0000947,131.88,20251020220838,Paris,CARD,Toys,42,25780.2,Paris,Budget,20240314,Classic Building Blocks 3112,Toys,128.67,4.3,844,ToyHub 353,Toys,Auvergne-Rhône-Alpes,0.0558,20190621,22,Lundi,Octobre,0,Night,0,2025-10-20T22:08:38.000Z,2025-10-20,2025-10,1760998118,1760918400,4,4,Adulte,531.45,2,0,2025-10-14,1760459898,6,191.7475,-31.22,538220,1,0
M00396,P04852,U11273,TX0000948,14.36,20251226202723,Paris,PAYPAL,Books,25,39478.31,Paris,Standard,20250104,Standard Novel 4852,Books,15.18,3.4,435,BookHaven 396,Books,Nouvelle-Aquitaine,0.0702,20220623,20,Vendredi,Decembre,0,Evening,0,2025-12-26T20:27:23.000Z,2025-12-26,2025-12,1766780843,1766707200,6,6,Jeune,74.42,3,0,2025-12-23,1766482993,3,164.47166666666666,-91.27,297850,0,0
M00552,P03851,U11837,TX0000949,45.97,20250311205114,Nice,CARD,Food,24,71719.74,Nice,Premium,20250126,Pro Cheese Platter 3851,Food,44.33,3.0,579,FoodMart 552,Food,Nouvelle-Aquitaine,0.0845,20200101,20,Mardi,Mars,0,Evening,0,2025-03-11T20:51:14.000Z,2025-03-11,2025-03,1741726274,1741651200,2,25,Jeune,3367.99,2,0,2025-03-06,1741235136,5,332.7127999999999,-86.18,491138,0,0
M00422,P03054,U02849,TX0000951,163.3,20241226160728,Bordeaux,CARD,Food,64,17746.2,Bordeaux,Budget,20231224,Elite Coffee Pack 3054,Food,80.42,4.6,721,FoodMart 422,Food,Occitanie,0.0342,20190130,16,Jeudi,Decembre,0,Afternoon,1,2024-12-26T16:07:28.000Z,2024-12-26,2024-12,1735229248,1735171200,3,4,Age Moyen,163.3,1,0,2024-12-14,1734211570,12,286.03000000000003,-42.91,1017678,0,0
M00276,P04462,U10787,TX0000952,294.18,20250228172217,Grenoble,CARD,Clothing,49,26348.36,Grenoble,Budget,20250222,Classic Dress 4462,Clothing,287.51,2.7,403,StyleShop 276,Clothing,Ile-de-France,0.0275,20230303,17,Vendredi,Fevrier,0,Afternoon,0,2025-02-28T17:22:17.000Z,2025-02-28,2025-02,1740763337,1740700800,8,11,Age Moyen,399.88,2,0,2025-02-25,1740469418,3,97.91272727272727,200.45,293919,0,0
M00390,P03647,U03006,TX0000953,1497.95,20250505112339,Paris,CRYPTO,Automotive,49,71108.75,Paris,Premium,20230115,Essential Oil Filter 3647,Automotive,706.38,2.9,707,,Inconnu,Inconnu,,,11,Lundi,Mai,0,Morning,1,2025-05-05T11:23:39.000Z,2025-05-05,2025-05,1746444219,1746403200,12,25,Age Moyen,4017.68,2,0,2025-05-03,1746261456,2,541.418,176.67,182763,1,0
M00033,P05842,U06451,TX0000954,1433.95,20241109062309,Villeurbanne,CARD,Electronics,28,18465.73,Nantes,Budget,20241109,Standard Smartphone 5842,Electronics,1546.27,4.4,601,DigitalHub 33,Electronics,Inconnu,0.0715,20220922,6,Samedi,Novembre,1,Morning,0,2024-11-09T06:23:09.000Z,2024-11-09,2024-11,1731133389,1731110400,8,10,Adulte,3109.44,2,0,2024-11-06,1730918748,3,678.506,111.34,214641,0,0
M00050,P00813,U10461,TX0000955,123.77,20240428175848,Strasbourg,BANK_TRANSFER,Beauty,29,19461.84,Strasbourg,Budget,20250309,Pro Perfume 813,Beauty,133.52,5.0,705,CosmeticHub 50,Beauty,Provence-Alpes-Côte d'Azur,0.0187,20180220,17,Dimanche,Avril,1,Afternoon,0,2024-04-28T17:58:48.000Z,2024-04-28,2024-04,1714327128,1714262400,4,11,Adulte,192.16,2,0,2024-04-26,1714146471,2,518.8636363636365,-76.15,180657,0,0
M00075,P04075,U00644,TX0000956,38.93,20250829190318,Paris,BANK_TRANSFER,Health,54,149086.69,Paris,VIP,20230702,Premium Massage Gun 4075,Health,43.1,3.3,854,HealthHub 75,Health,Ile-de-France,0.0469,20190209,19,Vendredi,Aout,0,Evening,0,2025-08-29T19:03:18.000Z,2025-08-29,2025-08,1756494198,1756425600,30,39,Age Moyen,639.98,3,0,2025-08-29,1756473757,0,185.5825641025641,-79.02,20441,0,0
M00358,P00317,U10482,TX0000957,67.49,20251206134059,Le Havre,CARD,Food,31,87998.62,Le Havre,Premium,20240311,Elite Pasta Box 317,Food,65.83,4.0,1166,GourmetShop 358,Food,Bretagne,0.0926,20210513,13,Samedi,Decembre,1,Afternoon,1,2025-12-06T13:40:59.000Z,2025-12-06,2025-12,1765028459,1764979200,14,17,Adulte,67.49,1,0,2025-11-23,1763926863,13,332.33235294117645,-79.69,1101596,0,0
M00410,P05996,U03459,TX0000958,67.13,20241107154948,Nîmes,CRYPTO,Toys,53,43348.6,Paris,Premium,20230708,,,,,,ToyHub 410,Toys,Nouvelle-Aquitaine,0.0447,20181008,15,Jeudi,Novembre,0,Afternoon,1,2024-11-07T15:49:48.000Z,2024-11-07,2024-11,1730994588,1730937600,12,24,Age Moyen,4554.2,2,0,2024-11-06,1730903374,1,731.0583333333334,-90.82,91214,1,0
M00076,P05240,U10798,TX0000959,24.49,20240404203927,Saint-Etienne,CARD,Health,45,102485.91,Saint-Etienne,VIP,20240201,Pro Scale 5240,Health,25.24,2.7,1010,HealthShop 76,Health,Pays de la Loire,0.0852,20201222,20,Jeudi,Avril,0,Evening,0,2024-04-04T20:39:27.000Z,2024-04-04,2024-04,1712263167,1712188800,16,45,Age Moyen,24.49,1,0,2024-03-25,1711376169,10,191.26844444444444,-87.2,886998,0,0
M00124,P04098,U09709,TX0000960,171.96,20241122160845,Marseille,CARD,Health,38,64088.03,Marseille,Premium,20250901,Premium Scale 4098,Health,173.21,3.8,986,WellnessStore 124,Health,Grand Est,0.0871,20230409,16,Vendredi,Novembre,0,Afternoon,1,2024-11-22T16:08:45.000Z,2024-11-22,2024-11,1732291725,1732233600,10,19,Adulte,609.32,4,0,2024-11-20,1732102561,2,223.35052631578947,-23.01,189164,0,0
M00094,P05032,U07925,TX0000961,566.69,20250109194549,Bordeaux,PAYPAL,Home & Garden,34,49494.75,Bordeaux,Premium,20240626,Elite Sofa 5032,Home & Garden,628.27,3.5,630,HomeStyle 94,Home & Garden,Hauts-de-France,0.039,20220905,19,Jeudi,Janvier,0,Evening,0,2025-01-09T19:45:49.000Z,2025-01-09,2025-01,1736451949,1736380800,10,18,Adulte,566.69,1,0,2025-01-01,1735759374,8,686.4122222222221,-17.44,692575,0,0
M00292,P00849,U05049,TX0000962,284.8,20251027194336,Lille,CARD,Electronics,20,56101.76,,Premium,20230824,Essential Camera 849,Electronics,314.72,2.7,476,GadgetShop 292,Electronics,Ile-de-France,0.0133,20220130,19,Lundi,Octobre,0,Evening,0,2025-10-27T19:43:36.000Z,2025-10-27,2025-10,1761594216,1761523200,15,15,Jeune,508.1,2,0,2025-10-24,1761329843,3,713.4213333333332,-60.08,264373,0,0
M00076,P00496,U11471,TX0000963,216.42,20250909212029,Grenoble,PAYPAL,Health,38,57097.57,Grenoble,Premium,20250220,,Health,211.86,4.7,201,HealthShop 76,Health,Pays de la Loire,0.0852,20201222,21,Mardi,Septembre,0,Evening,0,2025-09-09T21:20:29.000Z,2025-09-09,2025-09,1757452829,1757376000,34,35,Adulte,441.87,3,0,2025-09-08,1757363149,1,237.70142857142855,-8.95,89680,0,0
M00153,P04561,U01830,TX0000965,30.98,20240508071716,Nice,CASH,Books,45,40850.09,Nice,Standard,20250619,Premium Novel 4561,Books,31.83,2.7,563,LibraryShop 153,Books,Provence-Alpes-Côte d'Azur,0.0376,20201003,7,Mercredi,Mai,0,Morning,0,2024-05-08T07:17:16.000Z,2024-05-08,2024-05,1715152636,1715126400,8,18,Age Moyen,30.98,1,0,2024-04-18,1713465525,20,188.245,-83.54,1687111,0,0
M00584,P00410,U11835,TX0000966,1091.06,20250316224121,Paris,BANK_TRANSFER,Electronics,48,89481.4,Paris,VIP,20230821,Essential Headphones 410,Electronics,1159.53,3.7,103,GadgetShop 584,Electronics,Bretagne,0.0121,20170914,22,Dimanche,Mars,1,Night,0,2025-03-16T22:41:21.000Z,2025-03-16,2025-03,1742164881,1742083200,52,56,Age Moyen,1131.94,2,0,2025-03-11,1741699851,5,302.925,260.17,465030,1,0
M00346,P04121,U02168,TX0000967,128.23,20240227114358,Lyon,PAYPAL,Toys,69,63478.85,Lyon,VIP,20240712,Elite Board Game 4121,Toys,140.84,4.3,875,ToyHub 346,Toys,Grand Est,0.033,20200321,11,Mardi,Fevrier,0,Morning,1,2024-02-27T11:43:58.000Z,2024-02-27,2024-02,1709034238,1708992000,6,63,Senior,268.36,2,0,2024-02-25,1708848568,2,197.06761904761896,-34.93,185670,0,0
M00417,P01857,U07043,TX0000968,379.25,20240311211240,Reims,CARD,Sports,58,137711.52,Reims,VIP,20250728,Pro Tennis Racket 1857,Sports,411.38,3.4,634,SportHub 417,Sports,Bretagne,0.0194,20210930,21,Lundi,Mars,0,Evening,0,2024-03-11T21:12:40.000Z,2024-03-11,2024-03,1710191560,1710115200,9,46,Age Moyen,379.25,1,0,2024-02-19,1708351856,21,290.3097826086956,30.64,1839704,0,0
M00335,P02742,U03607,TX0000969,774.21,20240704194143,Paris,PAYPAL,Automotive,61,17539.64,Paris,Budget,20241007,Pro Car Parts 2742,Automotive,842.05,2.9,26,AutoShop 335,Automotive,Nouvelle-Aquitaine,0.0138,20180320,19,Jeudi,Juillet,0,Evening,0,2024-07-04T19:41:43.000Z,2024-07-04,2024-07,1720122103,1720051200,3,9,Age Moyen,774.21,1,0,2024-05-11,1715427388,54,319.5888888888889,142.25,4694715,0,0
M00408,P00263,U03501,TX0000970,10.97,20250512133745,Nantes,CASH,Toys,21,48434.69,Nantes,Premium,20230220,Pro Building Blocks 263,Toys,11.64,2.9,88,ToyLand 408,Toys,Ile-de-France,0.041,20191208,13,Lundi,Mai,0,Afternoon,1,2025-05-12T13:37:45.000Z,2025-05-12,2025-05,1747057065,1747008000,36,37,Jeune,279.93,3,0,2025-05-11,1747006849,1,186.32054054054052,-94.11,50216,0,0
M00278,P02213,U10627,TX0000971,523.25,20241129114300,Bordeaux,CARD,Clothing,31,46787.05,Bordeaux,Standard,20241222,Classic Scarf 2213,Clothing,276.11,3.7,606,StyleShop 278,Clothing,Occitanie,0.0509,20210723,11,Vendredi,Novembre,0,Morning,1,2024-11-29T11:43:00.000Z,2024-11-29,2024-11,1732880580,1732838400,13,13,Adulte,716.06,2,0,2024-11-27,1732690269,2,442.92461538461544,18.14,190311,0,0
M00305,P02904,U07522,TX0000972,179.0,20241229080611,Villeurbanne,CARD,Food,49,11111.25,Villeurbanne,Standard,20250826,Classic Tea Set 2904,Food,80.47,3.2,27,GourmetShop 305,Food,Occitanie,0.0211,20180217,8,Dimanche,Decembre,1,Morning,0,2024-12-29T08:06:11.000Z,2024-12-29,2024-12,1735459571,1735430400,9,11,Age Moyen,179.0,1,0,2024-12-19,1734575662,10,157.04272727272726,13.98,883909,0,0
M00597,P02733,U10517,TX0000973,570.18,20240619180732,Angers,PAYPAL,Home & Garden,27,81941.45,Angers,VIP,20241001,Pro Sofa 2733,Home & Garden,521.79,3.5,1149,DecorShop 597,Home & Garden,Provence-Alpes-Côte d'Azur,0.0688,20230518,18,Mercredi,Juin,0,Evening,0,2024-06-19T18:07:32.000Z,2024-06-19,2024-06,1718820452,1718755200,18,69,Adulte,653.34,2,0,2024-06-16,1718535111,3,420.4672463768115,35.61,285341,0,0
M00265,P01690,U06950,TX0000974,68.58,20240203192025,Rennes,CARD,Beauty,42,55830.8,Rennes,Premium,20230105,Elite Serum 1690,Beauty,62.59,2.2,61,GlowShop 265,Beauty,Hauts-de-France,0.0787,20210707,19,Samedi,Fevrier,1,Evening,0,2024-02-03T19:20:25.000Z,2024-02-03,2024-02,1706988025,1706918400,1,23,Adulte,68.58,1,0,,,,380.8552173913043,-81.99,,0,0
M00326,P01918,U04591,TX0000975,73.9,20250712201134,Toulouse,CARD,Food,16,32699.96,Toulouse,Standard,20230409,Premium Tea Set 1918,Food,75.82,3.2,575,FoodHub 326,Food,Hauts-de-France,0.0996,20190524,20,Samedi,Juillet,1,Evening,0,2025-07-12T20:11:34.000Z,2025-07-12,2025-07,1752351094,1752278400,2,7,Jeune,73.9,1,0,2025-07-05,1751745428,7,372.0971428571429,-80.14,605666,0,0
M00383,P00632,U07310,TX0000976,268.65,20240609132345,Marseille,CARD,Sports,36,77014.94,Marseille,Premium,20230208,Elite Yoga Mat 632,Sports,262.95,3.6,807,ActiveWear 383,Sports,Ile-de-France,0.0728,20220408,13,Dimanche,Juin,1,Afternoon,1,2024-06-09T13:23:45.000Z,2024-06-09,2024-06,1717939425,1717891200,11,23,Adulte,612.14,2,0,2024-06-07,1717744427,2,615.451304347826,-56.35,194998,0,0
M00354,P04492,U03094,TX0000977,223.89,20251013125905,Marseille,CASH,Sports,40,156450.17,Nice,VIP,20240821,Standard Running Shoes 4492,Sports,107.53,4.0,710,ActiveWear 354,Sports,Hauts-de-France,0.0536,20210512,12,Lundi,Octobre,0,Afternoon,1,2025-10-13T12:59:05.000Z,2025-10-13,2025-10,1760360345,1760313600,30,34,Adulte,223.89,1,0,2025-07-25,1753470254,80,249.81558823529417,-10.38,6890091,0,0
M00216,P05939,U05818,TX0000978,885.5,20250121133018,Nantes,CRYPTO,Automotive,22,12913.07,Nantes,Budget,20240628,Essential Tyre Set 5939,Automotive,978.26,1.9,343,AutoShop 216,Automotive,Ile-de-France,0.0956,20211006,13,Mardi,Janvier,0,Afternoon,1,2025-01-21T13:30:18.000Z,2025-01-21,2025-01,1737466218,1737417600,1,3,Jeune,885.5,1,0,,,,361.9066666666667,144.68,,1,0
M00540,P02238,U05907,TX0000979,49.91,20240122151248,Villeurbanne,CARD,Books,28,17293.79,Marseille,Budget,20240117,Elite Cookbook 2238,Books,25.6,3.2,710,ReadMore 540,Books,Auvergne-Rhône-Alpes,0.0661,20230209,15,Lundi,Janvier,0,Afternoon,1,2024-01-22T15:12:48.000Z,2024-01-22,2024-01,1705936368,1705881600,1,11,Adulte,49.91,1,0,,,,248.29090909090908,-79.9,,0,0
M00026,P03305,U01556,TX0000980,148.57,20250825093321,Paris,CASH,Beauty,16,48626.41,Paris,VIP,20231125,Standard Serum 3305,Beauty,133.3,2.7,732,BeautyWorld 26,Beauty,Auvergne-Rhône-Alpes,0.0659,20190326,9,Lundi,Aout,0,Morning,1,2025-08-25T09:33:21.000Z,2025-08-25,2025-08,1756114401,1756080000,7,21,Jeune,225.01,1,0,2025-08-25,1756083569,0,173.10380952380945,-14.17,30832,0,0
M00238,P05883,U01876,TX0000981,28.42,20250721092649,Dijon,CARD,Books,39,41572.43,Dijon,Premium,20231203,Standard Novel 5883,Books,15.27,2.8,857,ReadMore 238,Books,Ile-de-France,0.0973,20170531,9,Lundi,Juillet,0,Morning,1,2025-07-21T09:26:49.000Z,2025-07-21,2025-07,1753090009,1753056000,14,27,Adulte,1257.69,2,0,2025-07-21,1753056876,0,231.61074074074074,-87.73,33133,0,0
M00056,P05016,U00545,TX0000982,90.64,20250313040025,Paris,CARD,Beauty,27,17900.35,Paris,Premium,20240112,Classic Perfume 5016,Beauty,88.12,3.4,930,GlowShop 56,Beauty,Provence-Alpes-Côte d'Azur,0.0647,20200714,4,Jeudi,Mars,0,Night,0,2025-03-13T04:00:25.000Z,2025-03-13,2025-03,1741838425,1741824000,9,20,Adulte,991.74,2,0,2025-03-12,1741805774,1,118.06049999999998,-23.23,32651,1,0
M00497,P05896,U09104,TX0000983,518.01,20250715212933,Toulouse,CRYPTO,Sports,29,31694.73,Toulouse,Premium,20240726,Pro Bicycle Helmet 5896,Sports,531.67,4.0,1015,FitnessShop 497,Sports,Inconnu,0.0488,20220926,21,Mardi,Juillet,0,Evening,0,2025-07-15T21:29:33.000Z,2025-07-15,2025-07,1752614973,1752537600,25,32,Adulte,710.93,2,0,2025-07-13,1752427439,2,325.1696875,59.3,187534,1,0
M00505,P03522,U01992,TX0000984,777.0,20250828191829,Lille,CASH,Automotive,18,13293.81,Lille,Budget,20240416,Essential Roof Rack 3522,Automotive,756.53,4.2,594,MotorHub 505,Automotive,Ile-de-France,0.0936,20210604,19,Jeudi,Aout,0,Evening,0,2025-08-28T19:18:29.000Z,2025-08-28,2025-08,1756408709,1756339200,3,3,Jeune,777.0,1,0,2025-06-01,1748772191,88,335.83666666666664,131.36,7636518,0,0
M00260,P00615,U10291,TX0000985,42.02,20250319173107,Villeurbanne,CARD,Clothing,16,66306.75,Nantes,Premium,20250614,Classic T-Shirt 615,Clothing,42.93,3.5,446,TrendyWear 260,Clothing,Ile-de-France,0.0549,20200728,17,Mercredi,Mars,0,Afternoon,0,2025-03-19T17:31:07.000Z,2025-03-19,2025-03,1742405467,1742342400,1,17,Jeune,42.02,1,0,,,,212.11117647058825,-80.19,,0,0
M00356,P00857,U08016,TX0000986,1297.05,20251221130411,Toulouse,CARD,Sports,33,70766.64,Toulouse,Premium,20241126,Pro Tennis Racket 857,Sports,393.31,3.3,296,SportHub 356,Sports,Normandie,0.0514,20170703,13,Dimanche,Decembre,1,Afternoon,1,2025-12-21T13:04:11.000Z,2025-12-21,2025-12,1766322251,1766275200,15,15,Adulte,1855.69,4,0,2025-12-18,1766020761,3,618.3786666666667,109.75,301490,0,0
M00476,P05515,U10712,TX0000987,1750.44,20250829002833,Toulouse,CASH,Electronics,22,24078.58,Toulouse,Budget,20250907,Premium Laptop 5515,Electronics,1707.13,2.8,15,TechStore 476,Electronics,Nouvelle-Aquitaine,0.0875,20220108,0,Vendredi,Aout,0,Night,0,2025-08-29T00:28:33.000Z,2025-08-29,2025-08,1756427313,1756425600,7,7,Jeune,1750.44,1,0,2025-01-22,1737584597,219,500.8442857142857,249.5,18842716,1,0
M00490,P01183,U04610,TX0000988,9.11,20240711211914,Le Havre,CARD,Food,19,43200.36,Dijon,Standard,20240923,Elite Pasta Box 1183,Food,9.43,3.3,424,GourmetShop 490,Food,Nouvelle-Aquitaine,0.0709,20170328,21,Jeudi,Juillet,0,Evening,0,2024-07-11T21:19:14.000Z,2024-07-11,2024-07,1720732754,1720656000,2,5,Jeune,9.11,1,0,2024-06-19,1718800079,22,438.582,-97.92,1932675,0,0
M00478,P04666,U03427,TX0000989,316.35,20241226211205,Montpellier,CASH,Electronics,59,14369.47,Montpellier,Budget,20230205,,Electronics,343.42,3.5,1117,GadgetShop 478,Electronics,Bretagne,0.0824,20180411,21,Jeudi,Decembre,0,Evening,0,2024-12-26T21:12:05.000Z,2024-12-26,2024-12,1735247525,1735171200,3,11,Age Moyen,316.35,1,0,2024-09-30,1727713685,87,630.0763636363636,-49.79,7533840,0,0
M00218,P03163,U11636,TX0000990,56.22,20240719083852,Montpellier,CRYPTO,Books,24,120649.78,Montpellier,VIP,20250627,Classic Cookbook 3163,Books,52.76,4.2,540,BookCorner 218,Books,Normandie,0.0168,20210203,8,Vendredi,Juillet,0,Morning,0,2024-07-19T08:38:52.000Z,2024-07-19,2024-07,1721378332,1721347200,4,12,Jeune,1333.97,1,0,2024-07-09,1720547857,10,591.7033333333333,-90.5,830475,1,0
M00113,P00516,U11722,TX0000991,123.0,20250603202213,Paris,PAYPAL,Health,,,,Inconnu,,Premium Massage Gun 516,Health,115.94,3.4,924,HealthHub 113,Health,Nouvelle-Aquitaine,0.0646,20201108,20,Mardi,Juin,0,Evening,0,2025-06-03T20:22:13.000Z,2025-06-03,2025-06,1748982133,1748908800,24,51,Inconnu,1038.93,2,0,2025-06-02,1748904065,1,535.2152941176472,-77.02,78068,0,0
M00041,P03482,U10727,TX0000992,649.62,20250209200944,Nice,PAYPAL,Automotive,57,65700.18,Lille,Premium,20241207,Premium Car Parts 3482,Automotive,659.08,3.3,299,AutoCenter 41,Automotive,Nouvelle-Aquitaine,0.0171,20221224,20,Dimanche,Fevrier,1,Evening,0,2025-02-09T20:09:44.000Z,2025-02-09,2025-02,1739131784,1739059200,17,21,Age Moyen,649.62,1,0,2025-01-28,1738074530,12,718.3833333333336,-9.57,1057254,0,0
M00493,P05061,U10011,TX0000993,207.4,20240801105933,Paris,CARD,Health,34,25269.97,Paris,Standard,20230203,Essential First Aid Kit 5061,Health,216.66,4.3,152,VitalShop 493,Health,Hauts-de-France,0.0301,20170602,10,Jeudi,Aout,0,Morning,1,2024-08-01T10:59:33.000Z,2024-08-01,2024-08,1722509973,1722470400,1,16,Adulte,207.4,1,0,,,,222.804375,-6.91,,0,0
M00099,P02963,U01532,TX0000994,261.18,20250210133950,Paris,CARD,Automotive,71,78290.29,Paris,VIP,20240213,Classic Car Battery 2963,Automotive,248.6,1.3,293,AutoCenter 99,Automotive,Ile-de-France,0.0664,20191216,13,Lundi,Fevrier,0,Afternoon,1,2025-02-10T13:39:50.000Z,2025-02-10,2025-02,1739194790,1739145600,24,37,Senior,672.09,2,0,2025-02-04,1738704692,6,211.6664864864865,23.39,490098,0,0
M00342,P00723,U10784,TX0000995,23.39,20250928174347,Reims,CRYPTO,Food,29,74054.8,Reims,Premium,20250506,Standard Cheese Platter 723,Food,24.47,2.7,564,FoodMart 342,Food,Auvergne-Rhône-Alpes,0.0947,20180620,17,Dimanche,Septembre,1,Afternoon,0,2025-09-28T17:43:47.000Z,2025-09-28,2025-09,1759081427,1759017600,14,14,Adulte,23.39,1,0,2025-09-19,1758308402,9,193.1057142857143,-87.89,773025,1,0
M00597,P03832,U08060,TX0000996,729.98,20251229222651,Montpellier,PAYPAL,Home & Garden,30,54542.66,Montpellier,Standard,20231201,Standard Rug 3832,Home & Garden,656.98,4.8,69,DecorShop 597,Home & Garden,Provence-Alpes-Côte d'Azur,0.0688,20230518,22,Lundi,Decembre,0,Night,0,2025-12-29T22:26:51.000Z,2025-12-29,2025-12,1767047211,1766966400,16,16,Adulte,773.18,2,0,2025-12-23,1766458620,6,776.918125,-6.04,588591,1,0
M00462,P02697,U01884,TX0000997,108.42,20241014033255,Nantes,PAYPAL,Beauty,28,110714.31,Nantes,VIP,20231007,Elite Serum 2697,Beauty,119.94,3.0,718,CosmeticHub 462,Beauty,Ile-de-France,0.086,20170728,3,Lundi,Octobre,0,Night,0,2024-10-14T03:32:55.000Z,2024-10-14,2024-10,1728876775,1728864000,10,35,Adulte,227.52,2,0,2024-10-09,1728505167,5,264.9751428571428,-59.08,371608,1,0
M00298,P01776,U08682,TX0000998,1704.44,20250219204433,Angers,CARD,Electronics,43,79775.02,Bordeaux,Premium,20250612,Premium Camera 1776,Electronics,1621.46,3.8,1102,GadgetShop 298,Electronics,Nouvelle-Aquitaine,0.078,20181114,20,Mercredi,Fevrier,0,Evening,0,2025-02-19T20:44:33.000Z,2025-02-19,2025-02,1739997873,1739923200,17,25,Adulte,1704.44,1,0,2025-02-09,1739093709,10,1273.8248000000003,33.8,904164,0,0
M00176,P00893,U04988,TX0000999,31.17,20250114193104,Villeurbanne,CRYPTO,Toys,51,62804.39,Villeurbanne,Premium,20250919,Standard Puzzle 893,Toys,33.07,2.0,652,ToyHub 176,Toys,Occitanie,0.0117,20181123,19,Mardi,Janvier,0,Evening,0,2025-01-14T19:31:04.000Z,2025-01-14,2025-01,1736883064,1736812800,6,12,Age Moyen,94.81,1,0,2025-01-14,1736881927,0,77.05666666666667,-59.55,1137,1,0
M00436,P04402,U05503,TX0001000,383.86,20240525140120,Villeurbanne,CARD,Home & Garden,48,26205.28,Villeurbanne,Standard,20240313,Elite Cookware Set 4402,Home & Garden,348.49,2.9,404,GardenWorld 436,Home & Garden,Hauts-de-France,0.0528,20200705,14,Samedi,Mai,1,Afternoon,1,2024-05-25T14:01:20.000Z,2024-05-25,2024-05,1716645680,1716595200,3,11,Age Moyen,383.86,1,0,2024-05-11,1715423965,14,319.7845454545454,20.04,1221715,0,0
M00501,P03364,U03112,TX0001001,12.81,20241109183351,Paris,BANK_TRANSFER,Beauty,54,89629.67,Paris,VIP,20240702,Classic Nail Kit 3364,Beauty,12.29,1.8,689,CosmeticHub 501,Beauty,Nouvelle-Aquitaine,0.0771,20211203,18,Samedi,Novembre,1,Evening,0,2024-11-09T18:33:51.000Z,2024-11-09,2024-11,1731177231,1731110400,22,41,Age Moyen,136.04,3,0,2024-11-07,1731015041,2,177.30536585365854,-92.78,162190,0,0
M00404,P05015,U05593,TX0001002,124.99,20240511164424,Nantes,CARD,Beauty,38,35952.89,Grenoble,Premium,20230216,Pro Shampoo 5015,Beauty,123.97,3.6,730,,Inconnu,Inconnu,,,16,Samedi,Mai,1,Afternoon,1,2024-05-11T16:44:24.000Z,2024-05-11,2024-05,1715445864,1715385600,4,16,Adulte,183.8,1,0,2024-05-11,1715444194,0,193.58375,-35.43,1670,0,0
M00404,P05892,U01964,TX0001003,60.1,20250210181608,Reims,CARD,Beauty,26,95839.69,Montpellier,Premium,20240531,Pro Lipstick 5892,Beauty,64.91,3.1,400,,Inconnu,Inconnu,,,18,Lundi,Fevrier,0,Evening,0,2025-02-10T18:16:08.000Z,2025-02-10,2025-02,1739211368,1739145600,21,24,Adulte,151.27,2,0,2025-02-06,1738861275,4,338.99125,-82.27,350093,0,0
M00384,P02030,U06287,TX0001004,133.45,20240609192504,Paris,PAYPAL,Clothing,65,28308.93,Paris,Standard,20231011,Standard T-Shirt 2030,Clothing,146.65,4.6,8,StyleShop 384,Clothing,Ile-de-France,0.0874,20200829,19,Dimanche,Juin,1,Evening,0,2024-06-09T19:25:04.000Z,2024-06-09,2024-06,1717961104,1717891200,3,11,Senior,219.14,2,0,2024-06-09,1717930545,0,121.53727272727274,9.8,30559,0,0
M00107,P04741,U03339,TX0001005,67.12,20240420074901,Lille,CASH,Books,47,44895.65,Lille,Standard,20240710,Classic Textbook 4741,Books,59.98,3.4,538,BookHaven 107,Books,Ile-de-France,0.0288,20200830,7,Samedi,Avril,1,Morning,0,2024-04-20T07:49:01.000Z,2024-04-20,2024-04,1713599341,1713571200,2,11,Age Moyen,118.61,2,0,2024-04-14,1713137705,6,84.80000000000001,-20.85,461636,0,0
M00057,P00035,U11100,TX0001006,251.1,20241122173442,Paris,CARD,Sports,54,93760.04,Grenoble,VIP,20230703,Essential Tennis Racket 35,Sports,237.49,2.8,1039,SportZone 57,Sports,Auvergne-Rhône-Alpes,0.0294,20210714,17,Vendredi,Novembre,0,Afternoon,0,2024-11-22T17:34:42.000Z,2024-11-22,2024-11,1732296882,1732233600,20,50,Age Moyen,312.73,1,0,2024-11-22,1732279135,0,375.3521999999999,-33.1,17747,0,0
M00233,P01633,U07535,TX0001007,230.01,20240515123953,Bordeaux,CARD,Automotive,50,28453.56,Bordeaux,Budget,20250813,Essential Dash Cam 1633,Automotive,214.59,2.5,909,CarParts 233,Automotive,Auvergne-Rhône-Alpes,0.017,20190425,12,Mercredi,Mai,0,Afternoon,1,2024-05-15T12:39:53.000Z,2024-05-15,2024-05,1715776793,1715731200,1,7,Age Moyen,230.01,1,0,,,,284.59714285714284,-19.18,,0,0
M00206,P02908,U04266,TX0001008,198.98,20240516150701,Nice,BANK_TRANSFER,Electronics,32,53550.56,Nice,Standard,20231228,Pro Camera 2908,Electronics,182.23,2.0,639,DigitalHub 206,Electronics,Ile-de-France,0.0458,20180220,15,Jeudi,Mai,0,Afternoon,1,2024-05-16T15:07:01.000Z,2024-05-16,2024-05,1715872021,1715817600,5,12,Adulte,198.98,1,0,2024-04-19,1713545898,27,875.8125,-77.28,2326123,0,0
M00460,P00454,U03753,TX0001009,787.6,20250208175526,Paris,BANK_TRANSFER,Home & Garden,42,47527.19,Paris,Standard,20241016,Elite Lamp 454,Home & Garden,795.39,4.4,820,DecorShop 460,Home & Garden,Pays de la Loire,0.0458,20230118,17,Samedi,Fevrier,1,Afternoon,0,2025-02-08T17:55:26.000Z,2025-02-08,2025-02,1739037326,1738972800,5,9,Adulte,787.6,1,0,2025-01-22,1737554426,17,487.6433333333333,61.51,1482900,0,0
M00465,P05649,U02749,TX0001010,308.41,20250129122619,Lille,CARD,Clothing,22,42787.49,Le Havre,Standard,20241112,Standard Dress 5649,Clothing,288.0,4.2,752,StyleShop 465,Clothing,Hauts-de-France,0.0943,20221107,12,Mercredi,Janvier,0,Afternoon,1,2025-01-29T12:26:19.000Z,2025-01-29,2025-01,1738153579,1738108800,4,6,Jeune,308.41,1,0,2025-01-15,1736942075,14,199.88166666666666,54.3,1211504,0,0
M00566,P01753,U09117,TX0001011,1714.54,20250303141405,Marseille,CRYPTO,Electronics,16,45186.44,Nice,Standard,20250302,Classic Smart TV 1753,Electronics,1712.02,3.4,680,DigitalHub 566,Electronics,Hauts-de-France,0.0772,20181126,14,Lundi,Mars,0,Afternoon,1,2025-03-03T14:14:05.000Z,2025-03-03,2025-03,1741011245,1740960000,4,8,Jeune,3032.0,2,0,2025-03-01,1740817532,2,872.86375,96.43,193713,1,0
M00090,P05396,U02985,TX0001012,15.96,20240819205913,Marseille,BANK_TRANSFER,Books,29,122736.47,Marseille,VIP,20230623,Standard Textbook 5396,Books,14.7,2.4,1059,BookHaven 90,Books,Normandie,0.0209,20220428,20,Lundi,Aout,0,Evening,0,2024-08-19T20:59:13.000Z,2024-08-19,2024-08,1724101153,1724025600,27,36,Adulte,441.91,2,0,2024-08-17,1723884175,2,525.4972222222224,-96.96,216978,0,0
M00132,P05370,U01386,TX0001013,89.91,20251114192633,Paris,CARD,Beauty,40,39918.61,Paris,Standard,20241226,Standard Serum 5370,Beauty,96.62,3.4,1141,BeautyWorld 132,Beauty,Inconnu,0.0466,20220323,19,Vendredi,Novembre,0,Evening,0,2025-11-14T19:26:33.000Z,2025-11-14,2025-11,1763148393,1763078400,13,13,Adulte,248.97,2,0,2025-11-11,1762878582,3,83.51076923076923,7.66,269811,0,0
M00052,P05608,U02104,TX0001014,37.46,20240806184349,Reims,CARD,Food,27,51089.16,Reims,Premium,20240321,Premium Tea Set 5608,Food,36.3,4.4,249,FoodMart 52,Food,Auvergne-Rhône-Alpes,0.0629,20220907,18,Mardi,Aout,0,Evening,0,2024-08-06T18:43:49.000Z,2024-08-06,2024-08,1722969829,1722902400,8,15,Adulte,70.2,2,0,2024-08-01,1722539203,5,101.52933333333334,-63.1,430626,0,0
M00075,P00441,U07687,TX0001015,43.31,20240509131011,Paris,BANK_TRANSFER,Health,,,,Inconnu,,Elite Thermometer 441,Health,39.69,2.1,112,HealthHub 75,Health,Ile-de-France,0.0469,20190209,13,Jeudi,Mai,0,Afternoon,1,2024-05-09T13:10:11.000Z,2024-05-09,2024-05,1715260211,1715212800,4,5,Inconnu,43.31,1,0,2024-04-29,1714385968,10,195.76600000000002,-77.88,874243,0,0
M00141,P04300,U00682,TX0001016,96.45,20250826213142,Paris,BANK_TRANSFER,Food,58,37473.89,Paris,Premium,20230116,Essential Olive Oil 4300,Food,86.39,5.0,709,FoodMart 141,Food,Auvergne-Rhône-Alpes,0.049,20181207,21,Mardi,Aout,0,Evening,0,2025-08-26T21:31:42.000Z,2025-08-26,2025-08,1756243902,1756166400,10,14,Age Moyen,96.45,1,0,2025-08-14,1755200637,12,385.81857142857143,-75.0,1043265,0,0
M00153,P04561,U06178,TX0001017,67.23,20240830043054,Marseille,BANK_TRANSFER,Books,59,72038.98,Paris,Premium,20230516,Premium Novel 4561,Books,31.83,2.7,563,LibraryShop 153,Books,Provence-Alpes-Côte d'Azur,0.0376,20201003,4,Vendredi,Aout,0,Night,0,2024-08-30T04:30:54.000Z,2024-08-30,2024-08,1724992254,1724976000,17,17,Age Moyen,280.96,2,0,2024-08-28,1724843590,2,861.1852941176469,-92.19,148664,1,0
M00351,P05657,U02057,TX0001018,1384.57,20250714191240,Strasbourg,CARD,Electronics,48,93902.27,Strasbourg,Premium,20230830,Premium Smartphone 5657,Electronics,1435.28,2.8,304,GadgetShop 351,Electronics,Ile-de-France,0.0617,20201026,19,Lundi,Juillet,0,Evening,0,2025-07-14T19:12:40.000Z,2025-07-14,2025-07,1752520360,1752451200,20,28,Age Moyen,1392.69,2,0,2025-07-08,1752003211,6,454.94464285714287,204.34,517149,0,0
M00267,P03907,U05326,TX0001019,535.3,20250404170422,Toulouse,PAYPAL,Sports,22,39073.05,Toulouse,Standard,20250716,Elite Bicycle Helmet 3907,Sports,494.11,3.4,91,SportZone 267,Sports,Ile-de-France,0.0694,20220420,17,Vendredi,Avril,0,Afternoon,0,2025-04-04T17:04:22.000Z,2025-04-04,2025-04,1743786262,1743724800,5,7,Jeune,535.3,1,0,2025-01-01,1735733296,93,1131.9685714285715,-52.71,8052966,0,0
M00503,P00465,U07322,TX0001020,259.94,20240408205730,Toulouse,PAYPAL,Clothing,52,38642.03,Toulouse,Standard,20240312,,,,,,ClothingHub 503,Clothing,Occitanie,0.0787,20190209,20,Lundi,Avril,0,Evening,0,2024-04-08T20:57:30.000Z,2024-04-08,2024-04,1712609850,1712534400,5,8,Age Moyen,259.94,1,0,2024-03-30,1711790183,9,451.51875,-42.43,819667,0,0
M00536,P00090,U09396,TX0001021,84.32,20241004211228,Nice,CARD,Food,56,132365.45,Reims,VIP,20250316,Pro Olive Oil 90,Food,46.19,5.0,1035,FreshMarket 536,Food,Ile-de-France,0.0248,20200813,21,Vendredi,Octobre,0,Evening,0,2024-10-04T21:12:28.000Z,2024-10-04,2024-10,1728076348,1728000000,25,51,Age Moyen,225.56,3,0,2024-10-02,1727898282,2,233.1862745098039,-63.84,178066,0,0
M00288,P00127,U08092,TX0001022,94.33,20240923173234,Montpellier,CRYPTO,Beauty,56,45836.07,Montpellier,Standard,20241112,Essential Lipstick 127,Beauty,90.14,2.1,964,BeautyWorld 288,Beauty,Ile-de-France,0.0149,20230410,17,Lundi,Septembre,0,Afternoon,0,2024-09-23T17:32:34.000Z,2024-09-23,2024-09,1727112754,1727049600,8,9,Age Moyen,94.33,1,0,2024-09-11,1726091345,12,739.52,-87.24,1021409,1,0
M00023,P01063,U01684,TX0001023,26.03,20250913172810,Reims,BANK_TRANSFER,Food,34,17556.42,,Budget,20240304,Essential Cheese Platter 1063,Food,27.05,3.5,936,GourmetShop 23,Food,Bretagne,0.0684,20220517,17,Samedi,Septembre,1,Afternoon,0,2025-09-13T17:28:10.000Z,2025-09-13,2025-09,1757784490,1757721600,3,3,Adulte,26.03,1,0,2025-09-04,1757015472,9,56.32,-53.78,769018,0,0
M00173,P01982,U03978,TX0001024,376.78,20250605143450,Nice,CASH,Toys,42,104084.3,Nice,VIP,20240612,Standard Puzzle 1982,Toys,121.62,3.8,966,PlayShop 173,Toys,Auvergne-Rhône-Alpes,0.0114,20171225,14,Jeudi,Juin,0,Afternoon,1,2025-06-05T14:34:50.000Z,2025-06-05,2025-06,1749134090,1749081600,9,23,Adulte,699.08,2,0,2025-05-30,1748614348,6,442.19086956521744,-14.79,519742,0,0
M00228,P04537,U05350,TX0001025,39.05,20250808173431,Toulouse,CARD,Toys,55,64860.34,Toulouse,Premium,20230826,Pro Toy Car 4537,Toys,36.08,2.8,935,PlayShop 228,Toys,Nouvelle-Aquitaine,0.044,20230722,17,Vendredi,Aout,0,Afternoon,0,2025-08-08T17:34:31.000Z,2025-08-08,2025-08,1754674471,1754611200,22,36,Age Moyen,80.93,2,0,2025-08-03,1754222890,5,412.59777777777776,-90.54,451581,0,0
M00485,P04314,U01211,TX0001026,23.84,20251229080241,Lyon,BANK_TRANSFER,Beauty,67,93577.52,Lyon,VIP,20240104,Premium Sneakers 4314,Clothing,171.46,3.3,226,BeautyWorld 485,Beauty,Auvergne-Rhône-Alpes,0.0141,20191229,8,Lundi,Decembre,0,Morning,0,2025-12-29T08:02:41.000Z,2025-12-29,2025-12,1766995361,1766966400,38,38,Senior,181.78,2,0,2025-12-29,1766995272,0,479.03447368421047,-95.02,89,1,0
M00105,P02332,U02287,TX0001027,66.55,20240730144910,Montpellier,PAYPAL,Food,33,22978.37,Montpellier,Budget,20240805,Standard Tea Set 2332,Food,62.23,3.2,313,FreshMarket 105,Food,Grand Est,0.0473,20230630,14,Mardi,Juillet,0,Afternoon,1,2024-07-30T14:49:10.000Z,2024-07-30,2024-07,1722350950,1722297600,3,8,Adulte,1067.52,2,0,2024-07-26,1721984365,4,683.435,-90.26,366585,0,0
M00198,P03035,U11189,TX0001028,488.43,20240529121906,Lyon,CARD,Sports,57,78138.0,Lyon,Premium,20230118,Classic Bicycle Helmet 3035,Sports,464.47,3.0,1069,ActiveWear 198,Sports,Bretagne,0.0673,20211228,12,Mercredi,Mai,0,Afternoon,1,2024-05-29T12:19:06.000Z,2024-05-29,2024-05,1716985146,1716940800,6,17,Age Moyen,488.43,1,0,2024-05-14,1715690202,15,321.51882352941186,51.91,1294944,0,0
M00492,P00699,U07162,TX0001029,107.3,20250314181807,Paris,CARD,Beauty,68,83385.88,Paris,Premium,20240204,Premium Shampoo 699,Beauty,115.82,3.9,951,CosmeticHub 492,Beauty,Hauts-de-France,0.0761,20181008,18,Vendredi,Mars,0,Evening,0,2025-03-14T18:18:07.000Z,2025-03-14,2025-03,1741976287,1741910400,21,24,Senior,229.93,2,0,2025-03-10,1741595789,4,282.81708333333336,-62.06,380498,0,0
M00525,P05757,U05207,TX0001030,741.06,20241010101153,Paris,CARD,Automotive,28,40912.24,Paris,Standard,20230906,Essential Car Battery 5757,Automotive,698.74,4.1,405,AutoShop 525,Automotive,Bretagne,0.0879,20220723,10,Jeudi,Octobre,0,Morning,1,2024-10-10T10:11:53.000Z,2024-10-10,2024-10,1728555113,1728518400,9,15,Adulte,3360.92,2,0,2024-10-05,1728117325,5,1006.1693333333334,-26.35,437788,0,0
M00239,P03022,U07069,TX0001031,109.46,20251227184511,Nice,BANK_TRANSFER,Beauty,21,118670.44,Nice,VIP,20240324,Classic Lipstick 3022,Beauty,113.44,4.7,909,BeautyWorld 239,Beauty,Nouvelle-Aquitaine,0.0434,20200321,18,Samedi,Decembre,1,Evening,0,2025-12-27T18:45:11.000Z,2025-12-27,2025-12,1766861111,1766793600,22,23,Jeune,142.94,2,0,2025-12-22,1766388283,5,285.0117391304348,-61.59,472828,0,0
M00102,P05280,U06972,TX0001032,241.51,20250809193131,Marseille,CARD,Home & Garden,40,91589.91,Marseille,VIP,20240430,Standard Sofa 5280,Home & Garden,266.27,3.6,770,HomeStyle 102,Home & Garden,Ile-de-France,0.079,20201011,19,Samedi,Aout,1,Evening,0,2025-08-09T19:31:31.000Z,2025-08-09,2025-08,1754767891,1754697600,23,43,Adulte,1107.08,2,0,2025-08-05,1754391159,4,332.7793023255814,-27.43,376732,0,0
M00044,P02609,U00193,TX0001033,73.86,20250105095906,Marseille,CARD,Health,50,50013.98,Marseille,Standard,20240627,Standard First Aid Kit 2609,Health,72.14,2.7,382,HealthShop 44,Health,Pays de la Loire,0.0817,20221130,9,Dimanche,Janvier,1,Morning,1,2025-01-05T09:59:06.000Z,2025-01-05,2025-01,1736071146,1736035200,2,11,Age Moyen,376.72,2,0,2025-01-01,1735712164,4,370.7018181818182,-80.08,358982,0,0
M00328,P04982,U01653,TX0001034,183.17,20240918080815,Saint-Etienne,CASH,Health,65,25765.87,Saint-Etienne,Budget,20240605,Premium Scale 4982,Health,98.25,3.5,1102,HealthHub 328,Health,Inconnu,0.0874,20210608,8,Mercredi,Septembre,0,Morning,0,2024-09-18T08:08:15.000Z,2024-09-18,2024-09,1726646895,1726617600,3,4,Senior,183.17,1,0,2024-07-08,1720410214,72,105.2325,74.06,6236681,0,0
M00390,P02090,U10743,TX0001035,45.0,20240113132802,Lyon,BANK_TRANSFER,Automotive,33,35259.22,Lyon,Premium,20240327,Standard Car Battery 2090,Automotive,22.29,2.6,891,,Inconnu,Inconnu,,,13,Samedi,Janvier,1,Afternoon,1,2024-01-13T13:28:02.000Z,2024-01-13,2024-01,1705152482,1705104000,1,7,Adulte,45.0,1,0,,,,547.1857142857143,-91.78,,0,0
M00351,P04489,U01353,TX0001036,773.37,20250228062330,Toulouse,CARD,Electronics,16,29083.08,Toulouse,Budget,20241029,Elite Camera 4489,Electronics,695.27,3.5,608,GadgetShop 351,Electronics,Ile-de-France,0.0617,20201026,6,Vendredi,Fevrier,0,Morning,0,2025-02-28T06:23:30.000Z,2025-02-28,2025-02,1740723810,1740700800,2,5,Jeune,773.37,1,0,2024-12-05,1733386407,85,452.35599999999994,70.96,7337403,0,0
M00141,P00704,U10572,TX0001037,6.87,20240812094810,Toulouse,CARD,Food,20,60557.14,Toulouse,Premium,20250118,Standard Cheese Platter 704,Food,7.22,3.3,0,FoodMart 141,Food,Auvergne-Rhône-Alpes,0.049,20181207,9,Lundi,Aout,0,Morning,1,2024-08-12T09:48:10.000Z,2024-08-12,2024-08,1723456090,1723420800,2,9,Jeune,19.42,2,0,2024-08-09,1723232388,3,108.31444444444445,-93.66,223702,0,0
M00015,P05479,U00281,TX0001038,47.14,20250810192018,Paris,BANK_TRANSFER,Books,50,128355.2,Paris,VIP,20231010,Essential Atlas 5479,Books,52.11,4.8,568,ReadMore 15,Books,Provence-Alpes-Côte d'Azur,0.0964,20220407,19,Dimanche,Aout,1,Evening,0,2025-08-10T19:20:18.000Z,2025-08-10,2025-08,1754853618,1754784000,17,30,Age Moyen,47.14,1,0,2025-08-02,1754136198,8,102.88099999999999,-54.18,717420,0,0
M00421,P02083,U01716,TX0001039,64.64,20240324141504,Nantes,CARD,Food,32,57585.2,Nantes,Standard,20240406,Premium Coffee Pack 2083,Food,65.0,3.3,391,FreshMarket 421,Food,Nouvelle-Aquitaine,0.017,20210508,14,Dimanche,Mars,1,Afternoon,1,2024-03-24T14:15:04.000Z,2024-03-24,2024-03,1711289704,1711238400,6,21,Adulte,64.64,1,0,2024-03-14,1710455324,10,128.37999999999997,-49.65,834380,0,0
M00179,P02473,U07575,TX0001040,98.72,20251101183612,Paris,CARD,Food,37,123594.05,Paris,VIP,20240518,Essential Chocolate Box 2473,Food,89.12,3.0,509,FoodMart 179,Food,Ile-de-France,0.0728,20210404,18,Samedi,Novembre,1,Evening,0,2025-11-01T18:36:12.000Z,2025-11-01,2025-11,1762022172,1761955200,51,58,Adulte,98.72,1,0,2025-06-24,1750790847,130,143.01706896551727,-30.97,11231325,0,0
M00395,P01272,U01214,TX0001041,462.29,20250505060133,Paris,CRYPTO,Home & Garden,41,32522.37,Paris,Budget,20241008,,Home & Garden,473.1,4.1,670,HomeCenter 395,Home & Garden,Auvergne-Rhône-Alpes,0.0158,20191214,6,Lundi,Mai,0,Morning,0,2025-05-05T06:01:33.000Z,2025-05-05,2025-05,1746424893,1746403200,14,15,Adulte,462.29,1,0,2025-03-25,1742903661,41,663.6466666666668,-30.34,3521232,1,0
M00051,P04575,U02836,TX0001042,104.6,20250216104600,Reims,PAYPAL,Toys,41,63191.15,Reims,Premium,20250726,Classic Doll 4575,Toys,33.37,3.7,198,ToyLand 51,Toys,Grand Est,0.0783,20180311,10,Dimanche,Fevrier,1,Morning,1,2025-02-16T10:46:00.000Z,2025-02-16,2025-02,1739702760,1739664000,4,20,Adulte,393.08,2,0,2025-02-11,1739299524,5,121.655,-14.02,403236,0,0
M00206,P01259,U02116,TX0001043,1424.71,20240502160419,Lille,CARD,Electronics,41,51313.56,Lille,Premium,20241005,Essential Tablet 1259,Electronics,1424.21,4.0,520,DigitalHub 206,Electronics,Ile-de-France,0.0458,20180220,16,Jeudi,Mai,0,Afternoon,1,2024-05-02T16:04:19.000Z,2024-05-02,2024-05,1714665859,1714608000,16,29,Adulte,2051.38,1,0,2024-05-02,1714665481,0,1161.6831034482761,22.64,378,0,0
M00582,P05714,U02299,TX0001044,37.85,20240713200504,Paris,BANK_TRANSFER,Books,16,36202.83,Paris,Budget,20250618,Standard Novel 5714,Books,37.88,2.1,263,BookHaven 582,Books,Hauts-de-France,0.0629,20220516,20,Samedi,Juillet,1,Evening,0,2024-07-13T20:05:04.000Z,2024-07-13,2024-07,1720901104,1720828800,2,3,Jeune,63.45,2,0,2024-07-10,1720655276,3,32.800000000000004,15.4,245828,0,0
M00033,P05842,U01836,TX0001045,1553.04,20250105205445,Nantes,CARD,Electronics,57,56319.77,Nantes,Premium,20230305,Standard Smartphone 5842,Electronics,1546.27,4.4,601,DigitalHub 33,Electronics,Inconnu,0.0715,20220922,20,Dimanche,Janvier,1,Evening,0,2025-01-05T20:54:45.000Z,2025-01-05,2025-01,1736110485,1736035200,10,29,Age Moyen,3470.22,4,0,2025-01-05,1736069749,0,459.33344827586205,238.11,40736,0,0
M00388,P02714,U09364,TX0001046,745.91,20240422123753,Paris,CASH,Home & Garden,,,,Inconnu,,Classic Rug 2714,Home & Garden,744.85,4.4,712,HomeCenter 388,Home & Garden,Provence-Alpes-Côte d'Azur,0.0926,20200910,12,Lundi,Avril,0,Afternoon,1,2024-04-22T12:37:53.000Z,2024-04-22,2024-04,1713789473,1713744000,5,18,Inconnu,2671.48,1,0,2024-04-22,1713777053,0,331.10833333333335,125.28,12420,0,0
M00276,P02743,U03132,TX0001047,104.8,20240624003336,Nice,CARD,Clothing,32,92501.11,Nice,VIP,20241216,Pro Sneakers 2743,Clothing,112.07,4.6,1000,StyleShop 276,Clothing,Ile-de-France,0.0275,20230303,0,Lundi,Juin,0,Night,0,2024-06-24T00:33:36.000Z,2024-06-24,2024-06,1719189216,1719187200,26,36,Adulte,407.55,2,0,2024-06-20,1718908140,4,215.40444444444447,-51.35,281076,1,0
M00243,P02691,U00670,TX0001048,555.17,20250730141130,Rennes,BANK_TRANSFER,Electronics,20,50435.29,Rennes,VIP,20240625,Elite Laptop 2691,Electronics,597.09,4.4,199,GadgetShop 243,Electronics,Pays de la Loire,0.0487,20180123,14,Mercredi,Juillet,0,Afternoon,1,2025-07-30T14:11:30.000Z,2025-07-30,2025-07,1753884690,1753833600,17,38,Jeune,2239.36,2,0,2025-07-27,1753636830,3,764.0139473684209,-27.34,247860,0,0
M00228,P01624,U01461,TX0001049,89.22,20240714202626,Montpellier,CASH,Toys,68,38764.01,Montpellier,Premium,20230927,Standard Building Blocks 1624,Toys,83.99,3.6,655,PlayShop 228,Toys,Nouvelle-Aquitaine,0.044,20230722,20,Dimanche,Juillet,1,Evening,0,2024-07-14T20:26:26.000Z,2024-07-14,2024-07,1720988786,1720915200,3,14,Senior,459.85,2,0,2024-07-12,1720785697,2,333.96357142857147,-73.28,203089,0,0
M00129,P00493,U03016,TX0001051,14.17,20241005060659,Paris,PAYPAL,Food,58,48762.41,Paris,Standard,20240313,Premium Chocolate Box 493,Food,14.46,3.2,816,GourmetShop 129,Food,Auvergne-Rhône-Alpes,0.0148,20181121,6,Samedi,Octobre,1,Morning,0,2024-10-05T06:06:59.000Z,2024-10-05,2024-10,1728108419,1728086400,2,8,Age Moyen,14.17,1,0,2024-09-26,1727319276,9,1097.4112499999999,-98.71,789143,0,0
M00066,P04691,U03898,TX0001052,384.85,20251122111811,Nantes,BANK_TRANSFER,Clothing,41,22816.26,Nantes,Budget,20240317,Elite Dress 4691,Clothing,198.47,4.4,250,ClothingHub 66,Clothing,Hauts-de-France,0.0695,20190122,11,Samedi,Novembre,1,Morning,1,2025-11-22T11:18:11.000Z,2025-11-22,2025-11,1763810291,1763769600,1,1,Adulte,384.85,1,0,,,,384.85,0.0,,0,0
M00049,P02483,U03819,TX0001053,139.44,20241229093326,Saint-Etienne,BANK_TRANSFER,Sports,43,71487.02,Saint-Etienne,VIP,20230726,Premium Yoga Mat 2483,Sports,132.86,4.3,831,ActiveWear 49,Sports,Auvergne-Rhône-Alpes,0.0341,20230524,9,Dimanche,Decembre,1,Morning,1,2024-12-29T09:33:26.000Z,2024-12-29,2024-12,1735464806,1735430400,16,51,Adulte,503.66,4,0,2024-12-27,1735324524,2,309.7752941176471,-54.99,140282,0,0
M00124,P02512,U08027,TX0001054,145.59,20241004105930,Nice,CRYPTO,Health,16,46551.38,Paris,Standard,20250503,Classic Scale 2512,Health,147.67,4.3,156,WellnessStore 124,Health,Grand Est,0.0871,20230409,10,Vendredi,Octobre,0,Morning,1,2024-10-04T10:59:30.000Z,2024-10-04,2024-10,1728039570,1728000000,10,12,Jeune,145.59,1,0,2024-09-27,1727455090,7,489.0566666666667,-70.23,584480,1,0
M00504,P03487,U04911,TX0001055,31.32,20240404211826,Montpellier,BANK_TRANSFER,Clothing,39,40631.63,Montpellier,Standard,20230901,Premium Jeans 3487,Clothing,32.89,1.5,843,FashionStore 504,Clothing,Grand Est,0.027,20210514,21,Jeudi,Avril,0,Evening,0,2024-04-04T21:18:26.000Z,2024-04-04,2024-04,1712265506,1712188800,3,9,Adulte,31.32,1,0,2024-03-25,1711383444,10,239.08111111111117,-86.9,882062,0,0
M00035,P00708,U04925,TX0001056,276.87,20250114124355,Dijon,CRYPTO,Sports,43,89719.66,Dijon,VIP,20230716,Pro Tennis Racket 708,Sports,299.86,1.7,199,ActiveWear 35,Sports,Hauts-de-France,0.0286,20180923,12,Mardi,Janvier,0,Afternoon,1,2025-01-14T12:43:55.000Z,2025-01-14,2025-01,1736858635,1736812800,46,50,Adulte,496.69,3,0,2025-01-10,1736492423,4,730.5822000000001,-62.1,366212,1,0
M00160,P01987,U04686,TX0001057,3264.26,20250705102057,Montpellier,PAYPAL,Automotive,51,115874.34,Montpellier,VIP,20250609,Premium Car Battery 1987,Automotive,1583.1,4.6,487,AutoCenter 160,Automotive,Ile-de-France,0.0642,20230706,10,Samedi,Juillet,1,Morning,1,2025-07-05T10:20:57.000Z,2025-07-05,2025-07,1751710857,1751673600,30,36,Age Moyen,3993.46,2,0,2025-07-01,1751403185,4,849.8522222222223,284.1,307672,0,0
M00221,P00845,U00682,TX0001058,94.33,20250501130536,Paris,PAYPAL,Food,58,37473.89,Paris,Premium,20230116,Pro Cheese Platter 845,Food,87.55,3.3,1089,GourmetShop 221,Food,Ile-de-France,0.0649,20191103,13,Jeudi,Mai,0,Afternoon,1,2025-05-01T13:05:36.000Z,2025-05-01,2025-05,1746104736,1746057600,4,14,Age Moyen,94.33,1,0,2025-04-19,1745102321,12,385.81857142857143,-75.55,1002415,0,0
M00174,P04877,U01269,TX0001059,97.22,20250329020008,Paris,BANK_TRANSFER,Toys,39,128637.64,Paris,VIP,20250704,Classic Building Blocks 4877,Toys,88.83,2.7,154,KidsWorld 174,Toys,Grand Est,0.0261,20211212,2,Samedi,Mars,1,Night,0,2025-03-29T02:00:08.000Z,2025-03-29,2025-03,1743213608,1743206400,35,48,Adulte,712.95,2,0,2025-03-24,1742843648,5,355.0033333333333,-72.61,369960,1,0
M00186,P03816,U08176,TX0001060,85.65,20251020163441,Nice,PAYPAL,Beauty,19,46039.05,Nice,Standard,20230816,Elite Serum 3816,Beauty,80.89,2.6,335,GlowShop 186,Beauty,Nouvelle-Aquitaine,0.0327,20180828,16,Lundi,Octobre,0,Afternoon,1,2025-10-20T16:34:41.000Z,2025-10-20,2025-10,1760978081,1760918400,11,12,Jeune,459.49,3,0,2025-10-17,1760729850,3,393.08916666666664,-78.21,248231,0,0
M00408,P01722,U08723,TX0001061,17.22,20250528185349,Grenoble,CASH,Toys,69,52582.15,Grenoble,Premium,20250319,Pro Toy Car 1722,Toys,15.53,3.3,341,ToyLand 408,Toys,Ile-de-France,0.041,20191208,18,Mercredi,Mai,0,Evening,0,2025-05-28T18:53:49.000Z,2025-05-28,2025-05,1748458429,1748390400,25,25,Senior,17.22,1,0,2025-05-20,1747758742,8,298.90399999999994,-94.24,699687,0,0
M00129,P00493,U11459,TX0001062,14.39,20250913211518,Lyon,BANK_TRANSFER,Food,36,30546.34,Lyon,Standard,20240624,Premium Chocolate Box 493,Food,14.46,3.2,816,GourmetShop 129,Food,Auvergne-Rhône-Alpes,0.0148,20181121,21,Samedi,Septembre,1,Evening,0,2025-09-13T21:15:18.000Z,2025-09-13,2025-09,1757798118,1757721600,10,12,Adulte,162.97,3,0,2025-09-11,1757597873,2,136.99749999999997,-89.5,200245,0,0
M00163,P02523,U01945,TX0001063,26.39,20241109205048,Lyon,PAYPAL,Books,24,62402.51,Lyon,VIP,20250219,Classic Biography 2523,Books,26.49,4.5,940,LibraryShop 163,Books,Nouvelle-Aquitaine,0.0105,20210831,20,Samedi,Novembre,1,Evening,0,2024-11-09T20:50:48.000Z,2024-11-09,2024-11,1731185448,1731110400,21,24,Jeune,506.84,3,0,2024-11-09,1731168071,0,134.56166666666664,-80.39,17377,0,0
M00296,P02059,U05415,TX0001064,35.3,20241010192424,Nîmes,CARD,Food,44,102868.85,Saint-Etienne,Premium,20240118,Pro Chocolate Box 2059,Food,37.71,2.2,365,FoodMart 296,Food,Occitanie,0.0953,20191002,19,Jeudi,Octobre,0,Evening,0,2024-10-10T19:24:24.000Z,2024-10-10,2024-10,1728588264,1728518400,8,20,Adulte,35.3,1,0,2024-09-26,1727373787,14,217.18650000000002,-83.75,1214477,0,0
M00140,P05945,U11577,TX0001065,288.69,20240629195639,Villeurbanne,CARD,Clothing,30,28312.54,Villeurbanne,Standard,20231021,Premium Jeans 5945,Clothing,260.12,3.9,855,TrendyWear 140,Clothing,Nouvelle-Aquitaine,0.0711,20171119,19,Samedi,Juin,1,Evening,0,2024-06-29T19:56:39.000Z,2024-06-29,2024-06,1719690999,1719619200,9,18,Adulte,543.3,2,0,2024-06-28,1719544011,1,279.2033333333334,3.4,146988,0,0
M00013,P05512,U02904,TX0001066,246.74,20240427100718,Reims,CARD,Clothing,16,44231.27,Reims,Premium,20250226,Classic Scarf 5512,Clothing,242.29,4.7,955,ClothingHub 13,Clothing,Bretagne,0.0571,20170720,10,Samedi,Avril,1,Morning,1,2024-04-27T10:07:18.000Z,2024-04-27,2024-04,1714212438,1714176000,9,13,Jeune,287.93,2,0,2024-04-26,1714109305,1,412.51846153846145,-40.19,103133,0,0
M00126,P03898,U06725,TX0001067,35.96,20250822111923,Paris,CARD,Food,46,53082.58,Paris,Premium,20240825,Standard Coffee Pack 3898,Food,33.6,3.7,90,FoodHub 126,Food,Ile-de-France,0.0834,20180813,11,Vendredi,Aout,0,Morning,1,2025-08-22T11:19:23.000Z,2025-08-22,2025-08,1755861563,1755820800,7,21,Age Moyen,90.41,2,0,2025-08-18,1755505158,4,257.1061904761905,-86.01,356405,0,0
M00274,P01534,U00830,TX0001068,80.32,20240121141634,Reims,CASH,Toys,22,9921.04,Reims,Budget,20250906,Pro Board Game 1534,Toys,25.46,2.7,825,PlayShop 274,Toys,Normandie,0.0647,20210216,14,Dimanche,Janvier,1,Afternoon,1,2024-01-21T14:16:34.000Z,2024-01-21,2024-01,1705846594,1705795200,5,13,Jeune,501.58,4,0,2024-01-20,1705773943,1,130.48769230769233,-38.45,72651,0,0
M00230,P05320,U05820,TX0001069,157.34,20251203145145,Villeurbanne,CARD,Health,34,26826.6,Villeurbanne,Standard,20230821,Elite Thermometer 5320,Health,144.7,2.4,457,HealthShop 230,Health,Nouvelle-Aquitaine,0.014,20210115,14,Mercredi,Decembre,0,Afternoon,1,2025-12-03T14:51:45.000Z,2025-12-03,2025-12,1764773505,1764720000,5,7,Adulte,944.71,3,0,2025-12-01,1764588527,2,192.1057142857143,-18.1,184978,0,0
M00596,P01033,U01869,TX0001070,837.75,20250308080002,Marseille,BANK_TRANSFER,Home & Garden,51,67128.84,Marseille,VIP,20230623,Classic Garden Chair 1033,Home & Garden,783.99,3.3,1099,HomeCenter 596,Home & Garden,Normandie,0.0151,20230429,8,Samedi,Mars,1,Morning,0,2025-03-08T08:00:02.000Z,2025-03-08,2025-03,1741420802,1741392000,31,42,Age Moyen,837.75,1,0,2024-11-27,1732748257,101,239.592619047619,249.66,8672545,0,0
M00133,P00470,U07480,TX0001071,610.02,20241216185928,Paris,CASH,Home & Garden,43,27232.95,Nice,Budget,20241104,Classic Cookware Set 470,Home & Garden,567.98,3.8,46,DecorShop 133,Home & Garden,Ile-de-France,0.0107,20220913,18,Lundi,Decembre,0,Evening,0,2024-12-16T18:59:28.000Z,2024-12-16,2024-12,1734375568,1734307200,1,7,Adulte,610.02,1,0,,,,371.06000000000006,64.4,,0,0
M00533,P05878,U09849,TX0001072,145.3,20250218072546,Marseille,CRYPTO,Toys,48,94819.82,Marseille,VIP,20241115,Premium Building Blocks 5878,Toys,133.7,4.6,1154,ToyLand 533,Toys,Hauts-de-France,0.0203,20200323,7,Mardi,Fevrier,0,Morning,0,2025-02-18T07:25:46.000Z,2025-02-18,2025-02,1739863546,1739836800,51,51,Age Moyen,1728.33,3,0,2025-02-13,1739464382,5,385.38627450980385,-62.3,399164,1,0
M00220,P04297,U11349,TX0001073,5353.9,20250407000336,Angers,CRYPTO,Sports,46,74977.45,Lille,Premium,20230121,Elite Tennis Racket 4297,Sports,476.42,5.0,385,SportHub 220,Sports,Provence-Alpes-Côte d'Azur,0.0644,20190817,0,Lundi,Avril,0,Night,0,2025-04-07T00:03:36.000Z,2025-04-07,2025-04,1743984216,1743984000,32,50,Age Moyen,5871.47,1,0,2025-01-30,1738268730,67,533.2714000000003,903.97,5715486,3,1
M00334,P05499,U03145,TX0001074,153.55,20250417174153,Saint-Etienne,CARD,Beauty,20,64784.89,Saint-Etienne,Premium,20240208,Standard Serum 5499,Beauty,152.6,4.6,215,BeautyCorner 334,Beauty,Ile-de-France,0.0195,20230212,17,Jeudi,Avril,0,Afternoon,0,2025-04-17T17:41:53.000Z,2025-04-17,2025-04,1744911713,1744848000,34,40,Jeune,1147.57,2,0,2025-04-11,1744367394,6,224.55124999999998,-31.62,544319,0,0
M00261,P04910,U00351,TX0001075,90.81,20240906080014,Lyon,CARD,Beauty,59,23367.28,Toulouse,Standard,20230312,Standard Perfume 4910,Beauty,85.51,3.0,778,BeautyCorner 261,Beauty,Hauts-de-France,0.0654,20201001,8,Vendredi,Septembre,0,Morning,0,2024-09-06T08:00:14.000Z,2024-09-06,2024-09,1725609614,1725580800,10,12,Age Moyen,90.81,1,0,2024-08-08,1723148818,29,142.32333333333335,-36.19,2460796,0,0
M00032,P00040,U08643,TX0001076,4.8,20250411085230,Paris,CARD,Books,55,34306.22,Paris,Premium,20240701,Classic Biography 40,Books,5.2,3.1,665,LibraryShop 32,Books,Grand Est,0.0941,20201122,8,Vendredi,Avril,0,Morning,0,2025-04-11T08:52:30.000Z,2025-04-11,2025-04,1744361550,1744329600,2,9,Age Moyen,4.8,1,0,2025-04-01,1743526482,10,189.05333333333334,-97.46,835068,0,0
M00446,P01320,U10374,TX0001077,362.8,20251217185336,Paris,CRYPTO,Home & Garden,63,34310.95,Paris,Standard,20241111,Pro Sofa 1320,Home & Garden,176.44,2.3,253,DecorShop 446,Home & Garden,Normandie,0.0539,20230305,18,Mercredi,Decembre,0,Evening,0,2025-12-17T18:53:36.000Z,2025-12-17,2025-12,1765997616,1765929600,6,6,Age Moyen,362.8,1,0,2025-12-04,1764857486,13,482.55,-24.82,1140130,1,0
M00439,P05734,U04889,TX0001078,270.72,20240119202300,Marseille,CARD,Toys,31,16105.74,Marseille,Budget,20230730,Elite Action Figure 5734,Toys,128.05,4.8,497,ToyLand 439,Toys,Provence-Alpes-Côte d'Azur,0.0999,20190526,20,Vendredi,Janvier,0,Evening,0,2024-01-19T20:23:00.000Z,2024-01-19,2024-01,1705695780,1705622400,1,5,Adulte,270.72,1,0,,,,186.568,45.11,,0,0
M00353,P01647,U10290,TX0001079,281.2,20250414162155,Montpellier,CARD,Toys,42,58760.38,Montpellier,Premium,20230117,Standard Building Blocks 1647,Toys,126.51,3.9,642,ToyHub 353,Toys,Auvergne-Rhône-Alpes,0.0558,20190621,16,Lundi,Avril,0,Afternoon,1,2025-04-14T16:21:55.000Z,2025-04-14,2025-04,1744647715,1744588800,21,27,Adulte,1004.26,2,0,2025-04-12,1744442371,2,663.0981481481482,-57.59,205344,0,0
M00594,P04436,U07922,TX0001080,418.76,20250212105346,Lille,CASH,Sports,37,62436.85,Lille,Premium,20230214,Standard Backpack 4436,Sports,459.02,4.6,1031,SportZone 594,Sports,Ile-de-France,0.022,20170223,10,Mercredi,Fevrier,0,Morning,1,2025-02-12T10:53:46.000Z,2025-02-12,2025-02,1739357626,1739318400,16,16,Adulte,489.37,2,0,2025-02-09,1739098546,3,494.02250000000004,-15.23,259080,0,0
M00106,P04679,U04509,TX0001081,10.29,20240824105522,Lyon,PAYPAL,Health,49,20836.06,Lyon,Budget,20250405,Essential First Aid Kit 4679,Health,9.73,1.4,418,VitalShop 106,Health,Ile-de-France,0.0782,20201019,10,Samedi,Aout,1,Morning,1,2024-08-24T10:55:22.000Z,2024-08-24,2024-08,1724496922,1724457600,11,16,Age Moyen,140.2,2,0,2024-08-23,1724435090,1,125.62999999999998,-91.81,61832,0,0
M00163,P04306,U07317,TX0001082,36.35,20251014104027,Villeurbanne,PAYPAL,Books,80,75724.41,Villeurbanne,Premium,20250719,Standard Biography 4306,Books,16.32,2.5,465,LibraryShop 163,Books,Nouvelle-Aquitaine,0.0105,20210831,10,Mardi,Octobre,0,Morning,1,2025-10-14T10:40:27.000Z,2025-10-14,2025-10,1760438427,1760400000,6,8,Senior,129.59,3,0,2025-10-09,1760041506,5,153.74375,-76.36,396921,0,0
M00388,P04411,U07200,TX0001083,508.55,20240411143901,Strasbourg,CASH,Home & Garden,40,34201.86,Strasbourg,Standard,20250212,Essential Lamp 4411,Home & Garden,468.07,3.5,614,HomeCenter 388,Home & Garden,Provence-Alpes-Côte d'Azur,0.0926,20200910,14,Jeudi,Avril,0,Afternoon,1,2024-04-11T14:39:01.000Z,2024-04-11,2024-04,1712846341,1712793600,11,19,Adulte,667.63,2,0,2024-04-08,1712585026,3,270.9952631578947,87.66,261315,0,0
M00440,P00635,U07270,TX0001084,93.2,20240527162717,Nice,CARD,Clothing,32,62514.38,Nice,Premium,20250124,Elite Dress 635,Clothing,95.2,3.0,640,ClothingHub 440,Clothing,Ile-de-France,0.0534,20220101,16,Lundi,Mai,0,Afternoon,1,2024-05-27T16:27:17.000Z,2024-05-27,2024-05,1716827237,1716768000,18,31,Adulte,93.2,1,0,2024-05-14,1715667092,13,234.4596774193549,-60.25,1160145,0,0
M00324,P01799,U06044,TX0001085,75.2,20250605132603,Grenoble,CARD,Food,39,58518.12,,Premium,20250307,Pro Chocolate Box 1799,Food,25.29,4.3,1089,FoodMart 324,Food,Grand Est,0.0257,20210708,13,Jeudi,Juin,0,Afternoon,1,2025-06-05T13:26:03.000Z,2025-06-05,2025-06,1749129963,1749081600,16,18,Adulte,75.2,1,0,2025-01-15,1736954528,141,150.09277777777774,-49.9,12175435,0,0
M00498,P04905,U09465,TX0001086,177.73,20251015184133,Toulon,CASH,Sports,16,59968.89,Toulon,Premium,20250524,Pro Yoga Mat 4905,Sports,64.74,3.2,32,SportZone 498,Sports,Provence-Alpes-Côte d'Azur,0.0737,20220325,18,Mercredi,Octobre,0,Evening,0,2025-10-15T18:41:33.000Z,2025-10-15,2025-10,1760553693,1760486400,24,24,Jeune,177.73,1,0,2025-10-07,1759867140,8,694.4279166666666,-74.41,686553,0,0
M00082,P00023,U00089,TX0001087,170.94,20250501120141,Paris,BANK_TRANSFER,Sports,26,46210.55,Paris,Standard,20240329,Classic Backpack 23,Sports,189.85,2.7,931,ActiveWear 82,Sports,Normandie,0.0366,20181027,12,Jeudi,Mai,0,Afternoon,1,2025-05-01T12:01:41.000Z,2025-05-01,2025-05,1746100901,1746057600,6,9,Adulte,323.6,3,0,2025-04-29,1745921079,2,124.88333333333334,36.88,179822,0,0
M00340,P00467,U08894,TX0001088,54.05,20241214082206,Paris,BANK_TRANSFER,Sports,54,13934.97,Paris,Budget,20250817,Premium Tennis Racket 467,Sports,52.55,2.6,580,SportZone 340,Sports,Ile-de-France,0.0293,20221206,8,Samedi,Decembre,1,Morning,0,2024-12-14T08:22:06.000Z,2024-12-14,2024-12,1734164526,1734134400,4,12,Age Moyen,406.18,2,0,2024-12-13,1734075372,1,320.05749999999995,-83.11,89154,0,0
M00577,P96581,U09707,TX0001089,39.91,20240815173344,Toulouse,CRYPTO,Books,31,29794.83,Toulouse,Standard,20231006,,,,,,LibraryShop 577,Books,Hauts-de-France,0.0355,20210603,17,Jeudi,Aout,0,Afternoon,0,2024-08-15T17:33:44.000Z,2024-08-15,2024-08,1723743224,1723680000,4,10,Adulte,39.91,1,0,2024-08-04,1722778534,11,95.816,-58.35,964690,1,0
M00138,P05549,U00260,TX0001090,43.78,20250206084234,Saint-Etienne,CASH,Toys,32,98707.34,Saint-Etienne,VIP,20240208,Standard Board Game 5549,Toys,45.99,2.0,18,PlayShop 138,Toys,Provence-Alpes-Côte d'Azur,0.0972,20210127,8,Jeudi,Fevrier,0,Morning,0,2025-02-06T08:42:34.000Z,2025-02-06,2025-02,1738831354,1738800000,31,44,Adulte,43.78,1,0,2025-01-25,1737849438,12,148.92477272727277,-70.6,981916,0,0
M00393,P02265,U03329,TX0001091,426.38,20250505115250,Nîmes,CARD,Sports,51,73919.64,,VIP,20250528,Premium Yoga Mat 2265,Sports,392.83,3.3,904,SportHub 393,Sports,Ile-de-France,0.099,20210921,11,Lundi,Mai,0,Morning,1,2025-05-05T11:52:50.000Z,2025-05-05,2025-05,1746445970,1746403200,19,29,Age Moyen,920.24,2,0,2025-05-02,1746203267,3,328.8755172413793,29.65,242703,0,0
M00422,P03054,U05296,TX0001092,89.09,20250525163203,Montpellier,PAYPAL,Food,,,,Inconnu,,Elite Coffee Pack 3054,Food,80.42,4.6,721,FoodMart 422,Food,Occitanie,0.0342,20190130,16,Dimanche,Mai,1,Afternoon,1,2025-05-25T16:32:03.000Z,2025-05-25,2025-05,1748190723,1748131200,4,13,Inconnu,89.09,1,0,2025-05-11,1746985351,14,378.6492307692308,-76.47,1205372,0,0
M00083,P03081,U08043,TX0001093,1327.99,20250924054234,Strasbourg,CARD,Automotive,36,29688.24,Strasbourg,Budget,20240928,Classic Car Parts 3081,Automotive,1445.16,3.7,242,MotorHub 83,Automotive,Bretagne,0.027,20180703,5,Mercredi,Septembre,0,Night,0,2025-09-24T05:42:34.000Z,2025-09-24,2025-09,1758692554,1758672000,5,5,Adulte,1327.99,1,0,2025-09-04,1756977493,20,773.874,71.6,1715061,1,0
M00270,P05330,U00064,TX0001094,126.53,20240120143456,Angers,CARD,Clothing,38,48416.8,Angers,Standard,20241119,Elite Scarf 5330,Clothing,128.12,3.4,153,FashionStore 270,Clothing,Ile-de-France,0.0766,20170206,14,Samedi,Janvier,1,Afternoon,1,2024-01-20T14:34:56.000Z,2024-01-20,2024-01,1705761296,1705708800,4,22,Adulte,1833.93,2,0,2024-01-20,1705736189,0,337.5168181818182,-62.51,25107,0,0
M00507,P02172,U01195,TX0001095,2092.42,20240917090752,Lille,PAYPAL,Electronics,38,55559.97,Nantes,Premium,20250826,Essential Smart TV 2172,Electronics,1880.32,3.9,326,GadgetShop 507,Electronics,Ile-de-France,0.0769,20200626,9,Mardi,Septembre,0,Morning,1,2024-09-17T09:07:52.000Z,2024-09-17,2024-09,1726564072,1726531200,7,17,Adulte,2372.45,2,0,2024-09-17,1726558402,0,754.7988235294116,177.22,5670,0,0
M00398,P00938,U09396,TX0001096,1397.68,20240722213751,Reims,CARD,Automotive,56,132365.45,Reims,VIP,20250316,Pro Tyre Set 938,Automotive,1348.63,3.5,349,CarParts 398,Automotive,Bretagne,0.0858,20181104,21,Lundi,Juillet,0,Evening,0,2024-07-22T21:37:51.000Z,2024-07-22,2024-07,1721684271,1721606400,13,51,Age Moyen,1575.27,2,0,2024-07-22,1721675692,0,233.1862745098039,499.38,8579,1,0
M00145,P02381,U07628,TX0001097,77.51,20250329074839,Toulon,CRYPTO,Food,37,33809.29,Toulon,Standard,20230608,Premium Olive Oil 2381,Food,72.8,4.6,698,FoodHub 145,Food,Occitanie,0.0648,20210110,7,Samedi,Mars,1,Morning,0,2025-03-29T07:48:39.000Z,2025-03-29,2025-03,1743234519,1743206400,9,16,Adulte,187.95,2,0,2025-03-25,1742932817,4,239.4575000000001,-67.63,301702,1,0
M00495,P01065,U08966,TX0001098,99.04,20240809111808,Nice,CARD,Toys,29,37086.79,Nice,Budget,20231204,Premium Doll 1065,Toys,96.02,2.8,638,KidsWorld 495,Toys,Nouvelle-Aquitaine,0.044,20180504,11,Vendredi,Aout,0,Morning,1,2024-08-09T11:18:08.000Z,2024-08-09,2024-08,1723202288,1723161600,1,17,Adulte,111.74,1,0,,,,69.05235294117647,43.43,,0,0
M00521,P05709,U04256,TX0001099,203.92,20241031022502,Montpellier,CASH,Health,60,39770.94,Montpellier,Standard,20240125,Premium Massage Gun 5709,Health,195.05,3.9,400,HealthHub 521,Health,Normandie,0.0223,20210318,2,Jeudi,Octobre,0,Night,0,2024-10-31T02:25:02.000Z,2024-10-31,2024-10,1730341502,1730332800,13,15,Age Moyen,599.85,2,0,2024-10-27,1730055117,4,827.1186666666666,-75.35,286385,1,0
M00335,P00481,U08205,TX0001100,1006.31,20250710074432,Rennes,PAYPAL,Automotive,42,113047.26,Rennes,VIP,20241216,Elite Dash Cam 481,Automotive,973.4,3.5,998,AutoShop 335,Automotive,Nouvelle-Aquitaine,0.0138,20180320,7,Jeudi,Juillet,0,Morning,0,2025-07-10T07:44:32.000Z,2025-07-10,2025-07,1752133472,1752105600,39,44,Adulte,1501.37,3,0,2025-07-07,1751903351,3,491.91931818181814,104.57,230121,0,0
M00025,P03846,U04303,TX0001101,51.63,20240214182141,Lyon,PAYPAL,Food,47,86914.6,Lyon,Premium,20250825,Standard Chocolate Box 3846,Food,26.31,2.6,491,GourmetShop 25,Food,Ile-de-France,0.0506,20170227,18,Mercredi,Fevrier,0,Evening,0,2024-02-14T18:21:41.000Z,2024-02-14,2024-02,1707934901,1707868800,4,40,Age Moyen,792.95,4,0,2024-02-13,1707818844,1,507.506,-89.83,116057,0,0
M00124,P02617,U07112,TX0001103,44.49,20240424081519,Toulouse,CARD,Health,56,63986.3,Toulouse,Premium,20240323,Premium First Aid Kit 2617,Health,48.31,2.7,848,WellnessStore 124,Health,Grand Est,0.0871,20230409,8,Mercredi,Avril,0,Morning,0,2024-04-24T08:15:19.000Z,2024-04-24,2024-04,1713946519,1713916800,4,9,Age Moyen,2105.81,2,0,2024-04-19,1713527611,5,544.0144444444445,-91.82,418908,0,0
M00579,P05913,U07079,TX0001104,80.16,20250313165759,Toulouse,PAYPAL,Beauty,46,61370.26,Toulouse,Premium,20240106,Premium Face Cream 5913,Beauty,36.87,3.0,217,CosmeticHub 579,Beauty,Pays de la Loire,0.0656,20200129,16,Jeudi,Mars,0,Afternoon,1,2025-03-13T16:57:59.000Z,2025-03-13,2025-03,1741885079,1741824000,23,24,Age Moyen,80.16,1,0,2025-03-03,1741004629,10,109.53166666666665,-26.82,880450,0,0
M00251,P03952,U09823,TX0001105,36.11,20250419180842,Lille,CARD,Automotive,56,97525.43,Lille,Premium,20241220,Elite Roof Rack 3952,Automotive,32.67,2.7,393,CarParts 251,Automotive,Auvergne-Rhône-Alpes,0.0682,20210518,18,Samedi,Avril,1,Evening,0,2025-04-19T18:08:42.000Z,2025-04-19,2025-04,1745086122,1745020800,24,31,Age Moyen,36.11,1,0,2025-04-12,1744440767,7,107.22870967741936,-66.32,645355,0,0
M00561,P03319,U05158,TX0001106,570.89,20251204154539,Marseille,PAYPAL,Home & Garden,69,76371.87,Marseille,VIP,20250113,Elite Lamp 3319,Home & Garden,523.4,3.5,993,DecorShop 561,Home & Garden,Hauts-de-France,0.0282,20191023,15,Jeudi,Decembre,0,Afternoon,1,2025-12-04T15:45:39.000Z,2025-12-04,2025-12,1764863139,1764806400,7,13,Senior,570.89,1,0,2025-09-17,1758123737,78,369.80000000000007,54.38,6739402,0,0
M00173,P01375,U03294,TX0001107,85.21,20241109152413,Lyon,CRYPTO,Toys,26,125844.53,Lyon,VIP,20230926,Premium Board Game 1375,Toys,86.57,3.5,990,PlayShop 173,Toys,Auvergne-Rhône-Alpes,0.0114,20171225,15,Samedi,Novembre,1,Afternoon,1,2024-11-09T15:24:13.000Z,2024-11-09,2024-11,1731165853,1731110400,15,21,Adulte,132.64,2,0,2024-11-03,1730654662,6,173.1790476190476,-50.8,511191,1,0
M00221,P05302,U06282,TX0001108,29.3,20240219105349,Lille,CRYPTO,Food,34,29545.5,Lille,Budget,20240510,Standard Chocolate Box 5302,Food,28.57,3.5,526,GourmetShop 221,Food,Ile-de-France,0.0649,20191103,10,Lundi,Fevrier,0,Morning,1,2024-02-19T10:53:49.000Z,2024-02-19,2024-02,1708340029,1708300800,2,9,Adulte,29.3,1,0,2024-02-08,1707413017,11,524.1188888888889,-94.41,927012,1,0
M00051,P04575,U06502,TX0001109,31.64,20251110233346,Nice,CASH,Toys,36,91164.61,Nice,Premium,20231230,Classic Doll 4575,Toys,33.37,3.7,198,ToyLand 51,Toys,Grand Est,0.0783,20180311,23,Lundi,Novembre,0,Night,0,2025-11-10T23:33:46.000Z,2025-11-10,2025-11,1762817626,1762732800,14,16,Adulte,31.64,1,0,2025-02-12,1739347623,271,161.14874999999998,-80.37,23470003,1,0
M00421,P02671,U03980,TX0001110,5.96,20251019172528,Strasbourg,CASH,Food,50,113914.49,Strasbourg,VIP,20250701,Classic Tea Set 2671,Food,6.6,3.0,677,FreshMarket 421,Food,Nouvelle-Aquitaine,0.017,20210508,17,Dimanche,Octobre,1,Afternoon,0,2025-10-19T17:25:28.000Z,2025-10-19,2025-10,1760894728,1760832000,33,52,Age Moyen,2254.11,3,0,2025-10-15,1760552873,4,963.8898076923075,-99.38,341855,0,0
M00543,P03955,U09628,TX0001111,27.11,20241019114248,Lyon,CARD,Books,30,136430.83,Lyon,VIP,20250514,Pro Biography 3955,Books,29.94,4.2,529,LibraryShop 543,Books,Normandie,0.0834,20190824,11,Samedi,Octobre,1,Morning,1,2024-10-19T11:42:48.000Z,2024-10-19,2024-10,1729338168,1729296000,12,43,Adulte,207.53,2,0,2024-10-14,1728908024,5,622.8158139534884,-95.65,430144,0,0
M00068,P02008,U04433,TX0001113,1283.18,20240503180506,Lyon,CARD,Electronics,52,80146.01,Lyon,VIP,20230111,Premium Headphones 2008,Electronics,1254.23,4.0,661,GadgetShop 68,Electronics,Occitanie,0.0337,20230126,18,Vendredi,Mai,0,Evening,0,2024-05-03T18:05:06.000Z,2024-05-03,2024-05,1714759506,1714694400,7,61,Age Moyen,1283.18,1,0,2024-04-23,1713877087,10,740.9583606557377,73.18,882419,0,0
M00515,P02013,U09537,TX0001114,24.26,20250713015701,Saint-Etienne,CRYPTO,Books,47,29640.08,Lille,Standard,20230808,Elite Biography 2013,Books,26.56,5.0,27,BookCorner 515,Books,Grand Est,0.0258,20170831,1,Dimanche,Juillet,1,Night,0,2025-07-13T01:57:01.000Z,2025-07-13,2025-07,1752371821,1752364800,8,9,Age Moyen,56.99,2,0,2025-07-12,1752360623,1,48.56666666666666,-50.05,11198,2,1
M00247,P00651,U02355,TX0001115,1325.62,20240324124126,Saint-Etienne,PAYPAL,Electronics,51,29865.22,Saint-Etienne,Standard,20230314,Essential Smartphone 651,Electronics,1361.53,3.7,1187,GadgetShop 247,Electronics,Grand Est,0.0349,20230622,12,Dimanche,Mars,1,Afternoon,1,2024-03-24T12:41:26.000Z,2024-03-24,2024-03,1711284086,1711238400,7,13,Age Moyen,1325.62,1,0,2024-03-13,1710358960,11,1219.8876923076919,8.67,925126,0,0
M00259,P02694,U00040,TX0001116,146.02,20240201150113,Bordeaux,CARD,Clothing,40,17552.41,Bordeaux,Budget,20240227,Classic Jacket 2694,Clothing,161.39,2.2,70,ClothingHub 259,Clothing,Ile-de-France,0.0986,20230122,15,Jeudi,Fevrier,0,Afternoon,1,2024-02-01T15:01:13.000Z,2024-02-01,2024-02,1706799673,1706745600,1,4,Adulte,146.02,1,0,,,,174.9575,-16.54,,0,0
M00171,P03859,U11365,TX0001117,119.33,20250422145622,Lille,CARD,Beauty,50,48771.99,Lille,Standard,20250122,Essential Shampoo 3859,Beauty,115.58,4.4,514,CosmeticHub 171,Beauty,Grand Est,0.0625,20230221,14,Mardi,Avril,0,Afternoon,1,2025-04-22T14:56:22.000Z,2025-04-22,2025-04,1745333782,1745280000,5,12,Age Moyen,119.33,1,0,2025-04-03,1743694702,19,154.0575,-22.54,1639080,0,0
M00328,P04982,U01631,TX0001118,293.38,20250829081341,Toulon,CASH,Health,27,33416.23,Toulon,Standard,20240703,Premium Scale 4982,Health,98.25,3.5,1102,HealthHub 328,Health,Inconnu,0.0874,20210608,8,Vendredi,Aout,0,Morning,0,2025-08-29T08:13:41.000Z,2025-08-29,2025-08,1756455221,1756425600,9,11,Adulte,293.38,1,0,2025-08-17,1755448824,12,128.99090909090907,127.44,1006397,0,0
M00383,P02951,U03343,TX0001119,114.66,20250303124155,Nice,PAYPAL,Sports,39,72721.46,Nice,Premium,20240201,Classic Backpack 2951,Sports,111.77,2.7,547,ActiveWear 383,Sports,Ile-de-France,0.0728,20220408,12,Lundi,Mars,0,Afternoon,1,2025-03-03T12:41:55.000Z,2025-03-03,2025-03,1741005715,1740960000,1,14,Adulte,114.66,1,0,,,,502.6942857142858,-77.19,,0,0
M00036,P04574,U10335,TX0001120,71.23,20250329113033,Toulouse,CARD,Sports,69,40238.13,Toulouse,Standard,20240615,Premium Backpack 4574,Sports,35.35,3.9,454,SportHub 36,Sports,Hauts-de-France,0.0711,20220223,11,Samedi,Mars,1,Morning,1,2025-03-29T11:30:33.000Z,2025-03-29,2025-03,1743247833,1743206400,12,29,Senior,71.23,1,0,2025-03-08,1741473229,21,345.00793103448274,-79.35,1774604,0,0
M00418,P03779,U02017,TX0001121,52.11,20251110133618,Bordeaux,CARD,Automotive,50,110619.25,Bordeaux,VIP,20250807,Essential Dash Cam 3779,Automotive,53.01,1.5,13,AutoShop 418,Automotive,Grand Est,0.0839,20230718,13,Lundi,Novembre,0,Afternoon,1,2025-11-10T13:36:18.000Z,2025-11-10,2025-11,1762781778,1762732800,19,22,Age Moyen,175.08,2,0,2025-11-07,1762505621,3,708.675,-92.65,276157,0,0
M00251,P05592,U02879,TX0001122,20.43,20241227163711,Paris,CASH,Automotive,,,,Inconnu,,Standard Tyre Set 5592,Automotive,20.26,3.3,462,CarParts 251,Automotive,Auvergne-Rhône-Alpes,0.0682,20210518,16,Vendredi,Decembre,0,Afternoon,1,2024-12-27T16:37:11.000Z,2024-12-27,2024-12,1735317431,1735257600,6,11,Inconnu,642.19,1,0,2024-12-27,1735286822,0,205.21999999999997,-90.04,30609,0,0
M00546,P02563,U11639,TX0001123,47.11,20250918094832,Nice,CASH,Health,51,36351.96,Nice,Standard,20230324,Standard First Aid Kit 2563,Health,43.88,4.0,51,VitalShop 546,Health,Occitanie,0.0556,20210304,9,Jeudi,Septembre,0,Morning,1,2025-09-18T09:48:32.000Z,2025-09-18,2025-09,1758188912,1758153600,11,12,Age Moyen,47.11,1,0,2025-09-06,1757120828,12,188.35000000000002,-74.99,1068084,0,0
M00102,P00543,U05197,TX0001124,51.32,20250106113722,Paris,PAYPAL,Home & Garden,24,35767.03,Paris,Standard,20250210,,,,,,HomeStyle 102,Home & Garden,Ile-de-France,0.079,20201011,11,Lundi,Janvier,0,Morning,1,2025-01-06T11:37:22.000Z,2025-01-06,2025-01,1736163442,1736121600,1,12,Jeune,51.32,1,0,,,,217.32166666666663,-76.39,,0,0
M00346,P05951,U01008,TX0001125,146.4,20240605101019,Marseille,CARD,Toys,52,151555.24,Marseille,VIP,20230630,Classic Puzzle 5951,Toys,132.39,3.2,391,ToyHub 346,Toys,Grand Est,0.033,20200321,10,Mercredi,Juin,0,Morning,1,2024-06-05T10:10:19.000Z,2024-06-05,2024-06,1717582219,1717545600,17,37,Age Moyen,146.4,1,0,2024-02-26,1708979372,100,350.00540540540544,-58.17,8602847,0,0
M00239,P01012,U08490,TX0001126,41.75,20240603115450,Paris,BANK_TRANSFER,Beauty,61,67267.75,Paris,VIP,20230407,Elite Face Cream 1012,Beauty,42.55,2.8,449,BeautyWorld 239,Beauty,Nouvelle-Aquitaine,0.0434,20200321,11,Lundi,Juin,0,Morning,1,2024-06-03T11:54:50.000Z,2024-06-03,2024-06,1717415690,1717372800,3,52,Age Moyen,227.51,2,0,2024-06-03,1717401092,0,164.12211538461537,-74.56,14598,0,0
M00560,P01498,U08295,TX0001127,158.15,20250317152453,Lille,CARD,Health,31,63460.37,Lille,Premium,20240118,Standard Massage Gun 1498,Health,146.43,4.7,20,VitalShop 560,Health,Ile-de-France,0.0903,20170920,15,Lundi,Mars,0,Afternoon,1,2025-03-17T15:24:53.000Z,2025-03-17,2025-03,1742225093,1742169600,26,33,Adulte,158.15,1,0,2025-03-05,1741205972,12,203.2772727272727,-22.2,1019121,0,0
M00057,P05020,U09492,TX0001128,152.23,20250711173429,Rennes,PAYPAL,Sports,46,51724.68,Rennes,Standard,20240430,Elite Backpack 5020,Sports,163.92,2.6,141,SportZone 57,Sports,Auvergne-Rhône-Alpes,0.0294,20210714,17,Vendredi,Juillet,0,Afternoon,0,2025-07-11T17:34:29.000Z,2025-07-11,2025-07,1752255269,1752192000,1,5,Age Moyen,152.23,1,0,,,,884.5800000000002,-82.79,,0,0
M00576,P05078,U11183,TX0001129,11.91,20251224171344,Paris,CASH,Books,65,56801.37,Paris,Standard,20240429,Premium Cookbook 5078,Books,11.17,2.8,297,ReadMore 576,Books,Ile-de-France,0.0266,20180329,17,Mercredi,Decembre,0,Afternoon,0,2025-12-24T17:13:44.000Z,2025-12-24,2025-12,1766596424,1766534400,3,4,Senior,161.56,2,0,2025-12-18,1766090640,6,99.1075,-87.98,505784,0,0
M00036,P04574,U09486,TX0001130,36.05,20240920150901,Reims,CRYPTO,Sports,51,49419.46,Reims,Premium,20240507,Premium Backpack 4574,Sports,35.35,3.9,454,SportHub 36,Sports,Hauts-de-France,0.0711,20220223,15,Vendredi,Septembre,0,Afternoon,1,2024-09-20T15:09:01.000Z,2024-09-20,2024-09,1726844941,1726790400,4,9,Age Moyen,135.45,1,0,2024-09-20,1726796619,0,281.9422222222222,-87.21,48322,1,0
M00494,P02641,U00632,TX0001131,194.26,20251104052340,Montpellier,CASH,Books,32,21213.28,Montpellier,Budget,20250420,Pro Comic Book 2641,Books,58.94,4.0,282,ReadMore 494,Books,Occitanie,0.0946,20201104,5,Mardi,Novembre,0,Night,0,2025-11-04T05:23:40.000Z,2025-11-04,2025-11,1762233820,1762214400,1,1,Adulte,194.26,1,0,,,,194.26,0.0,,1,0
M00525,P05643,U01651,TX0001132,1374.62,20250912231035,Saint-Etienne,CRYPTO,Automotive,31,53105.81,Lyon,Premium,20250410,Pro Car Battery 5643,Automotive,1272.53,2.9,912,AutoShop 525,Automotive,Bretagne,0.0879,20220723,23,Vendredi,Septembre,0,Night,0,2025-09-12T23:10:35.000Z,2025-09-12,2025-09,1757718635,1757635200,12,15,Adulte,1395.98,2,0,2025-09-09,1757437542,3,509.63999999999993,169.72,281093,2,1
M00512,P01393,U09623,TX0001133,38.9,20251123081756,Toulouse,CASH,Books,51,49003.01,Toulouse,Premium,20241217,Standard Cookbook 1393,Books,20.98,2.5,1194,BookCorner 512,Books,Grand Est,0.0437,20220727,8,Dimanche,Novembre,1,Morning,0,2025-11-23T08:17:56.000Z,2025-11-23,2025-11,1763885876,1763856000,15,17,Age Moyen,952.08,1,0,2025-11-07,1762520150,16,303.35411764705884,-87.18,1365726,0,0
M00093,P01041,U06413,TX0001134,115.81,20250324173810,Paris,BANK_TRANSFER,Health,51,94825.17,Paris,VIP,20240914,Standard Scale 1041,Health,120.94,2.9,371,HealthHub 93,Health,Provence-Alpes-Côte d'Azur,0.0303,20191223,17,Lundi,Mars,0,Afternoon,0,2025-03-24T17:38:10.000Z,2025-03-24,2025-03,1742837890,1742774400,21,39,Age Moyen,115.81,1,0,2025-03-14,1741962462,10,205.81743589743596,-43.73,875428,0,0
M00381,P02437,U05902,TX0001135,78.59,20250606234321,Montpellier,BANK_TRANSFER,Food,41,42371.73,Montpellier,Standard,20240831,Standard Chocolate Box 2437,Food,24.33,3.9,670,FreshMarket 381,Food,Hauts-de-France,0.015,20180905,23,Vendredi,Juin,0,Night,0,2025-06-06T23:43:21.000Z,2025-06-06,2025-06,1749253401,1749168000,11,11,Adulte,78.59,1,0,2025-01-09,1736425461,148,237.88363636363638,-66.96,12827940,1,0
M00030,P05350,U01532,TX0001136,6.93,20241004153650,Paris,CARD,Food,71,78290.29,Paris,VIP,20240213,Essential Olive Oil 5350,Food,6.78,3.2,631,FreshMarket 30,Food,Nouvelle-Aquitaine,0.0827,20220911,15,Vendredi,Octobre,0,Afternoon,1,2024-10-04T15:36:50.000Z,2024-10-04,2024-10,1728056210,1728000000,16,37,Senior,80.6,2,0,2024-10-02,1727885514,2,211.6664864864865,-96.73,170696,0,0
M00263,P05833,U09280,TX0001137,66.17,20250815014632,Lyon,CARD,Health,32,30808.45,Lyon,Premium,20241202,Premium Massage Gun 5833,Health,60.56,3.1,130,VitalShop 263,Health,Grand Est,0.0408,20170913,1,Vendredi,Aout,0,Night,0,2025-08-15T01:46:32.000Z,2025-08-15,2025-08,1755222392,1755216000,9,17,Adulte,417.22,2,0,2025-08-12,1754987920,3,214.75117647058823,-69.19,234472,1,0
M00092,P01293,U05788,TX0001138,435.85,20240922071334,Strasbourg,BANK_TRANSFER,Sports,35,63174.59,Strasbourg,Premium,20250622,Essential Backpack 1293,Sports,408.49,5.0,738,SportHub 92,Sports,Ile-de-France,0.0978,20171205,7,Dimanche,Septembre,1,Morning,0,2024-09-22T07:13:34.000Z,2024-09-22,2024-09,1726989214,1726963200,10,27,Adulte,435.85,1,0,2024-09-10,1725995128,12,508.68,-14.32,994086,0,0
M00211,P05438,U04998,TX0001139,155.56,20241125203611,Toulouse,CARD,Food,28,90778.49,Toulouse,Premium,20250609,Elite Coffee Pack 5438,Food,50.58,3.1,985,FoodMart 211,Food,Nouvelle-Aquitaine,0.0234,20171221,20,Lundi,Novembre,0,Evening,0,2024-11-25T20:36:11.000Z,2024-11-25,2024-11,1732566971,1732492800,21,21,Adulte,365.83,3,0,2024-11-24,1732440541,1,139.2547619047619,11.71,126430,0,0
M00421,P00226,U02635,TX0001140,89.64,20240704062531,Marseille,CARD,Food,49,119063.17,Marseille,VIP,20240405,Pro Pasta Box 226,Food,86.23,4.1,641,FreshMarket 421,Food,Nouvelle-Aquitaine,0.017,20210508,6,Jeudi,Juillet,0,Morning,0,2024-07-04T06:25:31.000Z,2024-07-04,2024-07,1720074331,1720051200,3,22,Age Moyen,264.51,2,0,2024-07-03,1719997821,1,87.97409090909092,1.89,76510,0,0
M00231,P03021,U10739,TX0001141,751.95,20241023064143,Villeurbanne,CARD,Electronics,32,113397.28,Nice,VIP,20231116,Classic Tablet 3021,Electronics,720.25,4.2,88,GadgetShop 231,Electronics,Bretagne,0.0814,20230123,6,Mercredi,Octobre,0,Morning,0,2024-10-23T06:41:43.000Z,2024-10-23,2024-10,1729665703,1729641600,49,57,Adulte,2997.94,2,0,2024-10-21,1729477896,2,811.4119298245614,-7.33,187807,0,0
M00169,P00435,U00929,TX0001142,36.51,20240515135641,Bordeaux,CARD,Books,20,32603.0,Bordeaux,Standard,20250826,Essential Biography 435,Books,40.24,4.4,545,BookHaven 169,Books,Ile-de-France,0.0656,20190419,13,Mercredi,Mai,0,Afternoon,1,2024-05-15T13:56:41.000Z,2024-05-15,2024-05,1715781401,1715731200,15,24,Jeune,36.51,1,0,2024-04-26,1714134489,19,498.4300000000001,-92.67,1646912,0,0
M00262,P01006,U04772,TX0001143,10532.38,20250206044124,Montpellier,CRYPTO,Electronics,47,134799.3,Saint-Etienne,VIP,20250202,Essential Tablet 1006,Electronics,1483.23,3.9,122,GadgetShop 262,Electronics,Provence-Alpes-Côte d'Azur,0.0943,20230617,4,Jeudi,Fevrier,0,Night,0,2025-02-06T04:41:24.000Z,2025-02-06,2025-02,1738816884,1738800000,39,52,Age Moyen,14772.58,2,0,2025-02-01,1738405409,5,1362.999230769231,672.74,411475,3,1
M00449,P02430,U01144,TX0001144,29.49,20240107081155,Lyon,CASH,Toys,36,118116.86,Lyon,VIP,20250302,Elite Board Game 2430,Toys,15.91,3.3,838,ToyHub 449,Toys,Occitanie,0.0378,20181210,8,Dimanche,Janvier,1,Morning,0,2024-01-07T08:11:55.000Z,2024-01-07,2024-01,1704615115,1704585600,2,29,Adulte,414.15,2,0,2024-01-02,1704204246,5,265.22,-88.88,410869,0,0
M00244,P03157,U09378,TX0001145,1106.41,20240219235530,Lyon,CARD,Automotive,41,91935.01,Lyon,Premium,20231019,Standard Tyre Set 3157,Automotive,1151.38,4.4,934,AutoCenter 244,Automotive,Grand Est,0.0285,20221116,23,Lundi,Fevrier,0,Night,0,2024-02-19T23:55:30.000Z,2024-02-19,2024-02,1708386930,1708300800,1,24,Adulte,1106.41,1,0,,,,396.6333333333334,178.95,,1,0
M00089,P01932,U03722,TX0001146,55.54,20251202201347,Angers,CASH,Books,20,23461.84,Angers,Budget,20240523,Essential Atlas 1932,Books,53.48,3.7,823,LibraryShop 89,Books,Auvergne-Rhône-Alpes,0.0371,20210411,20,Mardi,Decembre,0,Evening,0,2025-12-02T20:13:47.000Z,2025-12-02,2025-12,1764706427,1764633600,10,10,Jeune,55.54,1,0,2024-12-23,1734939064,344,246.03599999999997,-77.43,29767363,0,0
M00490,P03532,U05710,TX0001147,48.16,20251115165144,Nîmes,PAYPAL,Food,36,21538.74,Nice,Budget,20230115,Premium Coffee Pack 3532,Food,53.1,4.5,456,GourmetShop 490,Food,Nouvelle-Aquitaine,0.0709,20170328,16,Samedi,Novembre,1,Afternoon,1,2025-11-15T16:51:44.000Z,2025-11-15,2025-11,1763225504,1763164800,3,4,Adulte,48.16,1,0,2025-04-16,1744830779,213,77.8725,-38.16,18394725,0,0
M00236,P00587,U11140,TX0001148,543.54,20240815090021,Lyon,CASH,Sports,45,77352.18,Lyon,VIP,20231019,Essential Bicycle Helmet 587,Sports,488.01,4.1,923,SportZone 236,Sports,Ile-de-France,0.0887,20200330,9,Jeudi,Aout,0,Morning,1,2024-08-15T09:00:21.000Z,2024-08-15,2024-08,1723712421,1723680000,22,63,Age Moyen,543.54,1,0,2024-08-01,1722495550,14,517.2830158730159,5.08,1216871,0,0
M00571,P01916,U04760,TX0001149,244.43,20250806102703,Montpellier,CRYPTO,Sports,52,127536.46,Montpellier,VIP,20241208,Elite Bicycle Helmet 1916,Sports,242.73,4.3,1191,FitnessShop 571,Sports,Bretagne,0.0863,20180514,10,Mercredi,Aout,0,Morning,1,2025-08-06T10:27:03.000Z,2025-08-06,2025-08,1754476023,1754438400,1,23,Age Moyen,244.43,1,0,,,,426.75260869565216,-42.72,,1,0
M00234,P03489,U06572,TX0001150,78.49,20250919090326,Paris,BANK_TRANSFER,Food,56,13504.77,Paris,Budget,20240521,Elite Tea Set 3489,Food,81.65,3.7,795,FoodMart 234,Food,Normandie,0.0965,20210212,9,Vendredi,Septembre,0,Morning,1,2025-09-19T09:03:26.000Z,2025-09-19,2025-09,1758272606,1758240000,5,5,Age Moyen,78.49,1,0,2024-10-25,1729851289,329,59.742000000000004,31.38,28421317,0,0
M00218,P02182,U03580,TX0001151,27.69,20240522202347,Strasbourg,CARD,Books,53,102429.14,Strasbourg,VIP,20250120,Elite Textbook 2182,Books,27.72,1.9,293,BookCorner 218,Books,Normandie,0.0168,20210203,20,Mercredi,Mai,0,Evening,0,2024-05-22T20:23:47.000Z,2024-05-22,2024-05,1716409427,1716336000,6,41,Age Moyen,27.69,1,0,2024-05-14,1715711617,8,432.699756097561,-93.6,697810,0,0
M00430,P01450,U08402,TX0001152,66.06,20241220150256,Strasbourg,CRYPTO,Toys,28,101674.31,Paris,VIP,20241028,,Toys,65.9,2.9,37,PlayShop 430,Toys,Hauts-de-France,0.0751,20170830,15,Vendredi,Decembre,0,Afternoon,1,2024-12-20T15:02:56.000Z,2024-12-20,2024-12,1734706976,1734652800,29,47,Adulte,1694.04,3,0,2024-12-20,1734661001,0,409.79,-83.88,45975,1,0
M00233,P01633,U01821,TX0001153,234.82,20240705162141,Paris,CRYPTO,Automotive,33,14399.71,Paris,Budget,20240619,Essential Dash Cam 1633,Automotive,214.59,2.5,909,CarParts 233,Automotive,Auvergne-Rhône-Alpes,0.017,20190425,16,Vendredi,Juillet,0,Afternoon,1,2024-07-05T16:21:41.000Z,2024-07-05,2024-07,1720196501,1720137600,2,11,Adulte,234.82,1,0,2024-05-23,1716491077,43,668.8000000000001,-64.89,3705424,1,0
M00248,P01739,U05390,TX0001154,238.62,20250712115732,Marseille,CARD,Clothing,46,52146.71,Marseille,Premium,20241214,Elite Jacket 1739,Clothing,222.82,2.5,198,ClothingHub 248,Clothing,Auvergne-Rhône-Alpes,0.0373,20201025,11,Samedi,Juillet,1,Morning,1,2025-07-12T11:57:32.000Z,2025-07-12,2025-07,1752321452,1752278400,12,14,Age Moyen,434.15,2,0,2025-07-06,1751810255,6,266.1714285714286,-10.35,511197,0,0
M00088,P05516,U04765,TX0001155,174.5,20240214200239,Lyon,CARD,Food,46,38007.82,Lyon,Premium,20241205,Elite Tea Set 5516,Food,81.87,3.1,569,FoodHub 88,Food,Ile-de-France,0.0394,20180603,20,Mercredi,Fevrier,0,Evening,0,2024-02-14T20:02:39.000Z,2024-02-14,2024-02,1707940959,1707868800,2,18,Age Moyen,192.58,1,0,2024-02-05,1707117430,9,341.34444444444443,-48.88,823529,0,0
M00364,P00058,U06232,TX0001156,214.39,20241114112203,Nice,PAYPAL,Sports,55,53119.13,Toulouse,Standard,20250426,Pro Dumbbells 58,Sports,224.45,4.0,831,FitnessShop 364,Sports,Ile-de-France,0.0123,20171229,11,Jeudi,Novembre,0,Morning,1,2024-11-14T11:22:03.000Z,2024-11-14,2024-11,1731583323,1731542400,1,15,Age Moyen,276.25,1,0,,,,298.69733333333335,-28.23,,0,0
M00539,P04042,U04770,TX0001157,1461.64,20240304090156,Angers,PAYPAL,Automotive,39,69437.62,Angers,Premium,20241208,Classic Dash Cam 4042,Automotive,1491.56,4.4,1052,AutoShop 539,Automotive,Ile-de-France,0.0499,20230319,9,Lundi,Mars,0,Morning,1,2024-03-04T09:01:56.000Z,2024-03-04,2024-03,1709542916,1709510400,1,8,Adulte,1498.39,1,0,,,,354.08125,312.8,,1,0
M00082,P02115,U07710,TX0001158,35.3,20240601184157,Nice,PAYPAL,Sports,32,35511.71,Le Havre,Standard,20240504,Classic Bicycle Helmet 2115,Sports,31.73,2.0,905,ActiveWear 82,Sports,Normandie,0.0366,20181027,18,Samedi,Juin,1,Evening,0,2024-06-01T18:41:57.000Z,2024-06-01,2024-06,1717267317,1717200000,1,9,Adulte,35.3,1,0,,,,187.79333333333335,-81.2,,0,0
M00315,P05309,U04955,TX0001159,117.94,20250629100218,Paris,CARD,Electronics,37,15616.05,Paris,Budget,20231205,Premium Tablet 5309,Electronics,110.71,1.7,541,TechStore 315,Electronics,Occitanie,0.0904,20170302,10,Dimanche,Juin,1,Morning,1,2025-06-29T10:02:18.000Z,2025-06-29,2025-06,1751191338,1751155200,13,13,Adulte,117.94,1,0,2025-06-09,1749496190,20,589.6953846153846,-80.0,1695148,0,0
M00124,P03258,U04535,TX0001160,216.27,20251010231506,Nice,CARD,Health,49,49567.58,Nice,Standard,20240130,Elite Blood Monitor 3258,Health,198.69,3.4,616,WellnessStore 124,Health,Grand Est,0.0871,20230409,23,Vendredi,Octobre,0,Night,0,2025-10-10T23:15:06.000Z,2025-10-10,2025-10,1760138106,1760054400,8,12,Age Moyen,216.27,1,0,2025-08-24,1756029592,47,573.84,-62.31,4108514,1,0
M00223,P00539,U05199,TX0001161,168.21,20240318112312,Strasbourg,CARD,Automotive,53,102097.25,Strasbourg,VIP,20241129,Essential Oil Filter 539,Automotive,176.89,1.7,339,AutoShop 223,Automotive,Ile-de-France,0.0833,20211215,11,Lundi,Mars,0,Morning,1,2024-03-18T11:23:12.000Z,2024-03-18,2024-03,1710760992,1710720000,4,30,Age Moyen,1146.0,4,0,2024-03-17,1710673559,1,614.3810000000001,-72.62,87433,0,0
M00216,P00119,U01858,TX0001162,505.47,20250121205040,Paris,CRYPTO,Automotive,34,27801.57,Paris,Standard,20230712,Pro Roof Rack 119,Automotive,461.56,3.6,454,AutoShop 216,Automotive,Ile-de-France,0.0956,20211006,20,Mardi,Janvier,0,Evening,0,2025-01-21T20:50:40.000Z,2025-01-21,2025-01,1737492640,1737417600,7,11,Adulte,505.47,1,0,2024-10-29,1730182179,84,555.170909090909,-8.95,7310461,1,0
M00353,P01155,U09889,TX0001163,56.97,20250208151010,Toulouse,PAYPAL,Toys,36,114802.11,Toulouse,VIP,20250530,Elite Puzzle 1155,Toys,53.6,2.3,960,ToyHub 353,Toys,Auvergne-Rhône-Alpes,0.0558,20190621,15,Samedi,Fevrier,1,Afternoon,1,2025-02-08T15:10:10.000Z,2025-02-08,2025-02,1739027410,1738972800,13,23,Adulte,594.85,3,0,2025-02-06,1738833680,2,240.90304347826088,-76.35,193730,0,0
M00363,P04483,U05380,TX0001164,109.25,20250403131041,Paris,BANK_TRANSFER,Beauty,39,53171.64,Paris,Standard,20250508,Classic Nail Kit 4483,Beauty,103.26,5.0,792,BeautyCorner 363,Beauty,Hauts-de-France,0.0323,20210806,13,Jeudi,Avril,0,Afternoon,1,2025-04-03T13:10:41.000Z,2025-04-03,2025-04,1743685841,1743638400,13,18,Adulte,109.25,1,0,2024-11-30,1732980218,124,585.5233333333333,-81.34,10705623,0,0
M00531,P05715,U03742,TX0001165,1057.46,20240310174505,Montpellier,BANK_TRANSFER,Electronics,18,41937.22,Montpellier,Standard,20250912,Elite Camera 5715,Electronics,1009.22,4.2,1078,GadgetShop 531,Electronics,Occitanie,0.0851,20230614,17,Dimanche,Mars,1,Afternoon,0,2024-03-10T17:45:05.000Z,2024-03-10,2024-03,1710092705,1710028800,3,10,Jeune,1124.7,2,0,2024-03-06,1709740014,4,551.776,91.65,352691,0,0
M00331,P01973,U00774,TX0001166,141.7,20241126160454,Lyon,CARD,Health,30,48113.26,Lyon,Standard,20250608,Classic Blood Monitor 1973,Health,156.48,3.9,681,HealthShop 331,Health,Ile-de-France,0.068,20220428,16,Mardi,Novembre,0,Afternoon,1,2024-11-26T16:04:54.000Z,2024-11-26,2024-11,1732637094,1732579200,8,11,Adulte,1315.65,1,0,2024-11-26,1732582137,0,258.2890909090908,-45.14,54957,0,0
M00193,P03012,U00755,TX0001167,128.98,20240209185430,Nice,CASH,Toys,49,40387.21,Rennes,Premium,20250518,Essential Action Figure 3012,Toys,118.96,3.2,186,ToyLand 193,Toys,Ile-de-France,0.0191,20200825,18,Vendredi,Fevrier,0,Evening,0,2024-02-09T18:54:30.000Z,2024-02-09,2024-02,1707504870,1707436800,3,10,Age Moyen,712.49,3,0,2024-02-07,1707324479,2,739.044,-82.55,180391,0,0
M00040,P02948,U10997,TX0001168,124.33,20250714012621,Lille,PAYPAL,Beauty,49,48800.64,Lille,Standard,20240830,Standard Perfume 2948,Beauty,135.37,3.6,569,CosmeticHub 40,Beauty,Grand Est,0.0267,20181019,1,Lundi,Juillet,0,Night,0,2025-07-14T01:26:21.000Z,2025-07-14,2025-07,1752456381,1752451200,13,16,Age Moyen,1596.0,2,0,2025-07-11,1752223239,3,261.12125,-52.39,233142,1,0
M00193,P02866,U08170,TX0001169,30.31,20250730161351,Lille,PAYPAL,Toys,46,64049.81,Lille,VIP,20241007,Classic Toy Car 2866,Toys,30.79,2.5,663,ToyLand 193,Toys,Ile-de-France,0.0191,20200825,16,Mercredi,Juillet,0,Afternoon,1,2025-07-30T16:13:51.000Z,2025-07-30,2025-07,1753892031,1753833600,44,60,Age Moyen,260.92,2,0,2025-07-30,1753870539,0,141.98250000000002,-78.65,21492,0,0
M00295,P01427,U09345,TX0001170,1166.55,20241205133123,Marseille,CARD,Automotive,68,72526.29,Marseille,Premium,20230704,Premium Dash Cam 1427,Automotive,1282.77,3.3,275,AutoCenter 295,Automotive,Nouvelle-Aquitaine,0.0172,20190904,13,Jeudi,Decembre,0,Afternoon,1,2024-12-05T13:31:23.000Z,2024-12-05,2024-12,1733405483,1733356800,7,23,Senior,1260.59,2,0,2024-12-01,1733065145,4,620.4682608695651,88.01,340338,0,0
M00066,P03567,U01642,TX0001171,596.38,20240225005515,Le Havre,CARD,Clothing,20,14679.57,Le Havre,Premium,20240513,Premium Dress 3567,Clothing,315.04,4.9,637,ClothingHub 66,Clothing,Hauts-de-France,0.0695,20190122,0,Dimanche,Fevrier,1,Night,0,2024-02-25T00:55:15.000Z,2024-02-25,2024-02,1708822515,1708819200,6,22,Jeune,1095.32,3,0,2024-02-24,1708733550,1,406.03136363636366,46.88,88965,1,0
M00137,P05950,U07190,TX0001172,40.26,20241202030828,Villeurbanne,CARD,Home & Garden,34,92763.41,Villeurbanne,VIP,20230411,Standard Cookware Set 5950,Home & Garden,40.39,3.2,721,DecorShop 137,Home & Garden,Bretagne,0.048,20230104,3,Lundi,Decembre,0,Night,0,2024-12-02T03:08:28.000Z,2024-12-02,2024-12,1733108908,1733097600,14,48,Adulte,73.24,2,0,2024-11-26,1732638809,6,154.00729166666662,-73.86,470099,1,0
M00176,P04983,U07408,TX0001173,61.79,20240722155346,Strasbourg,BANK_TRANSFER,Toys,16,58388.45,Strasbourg,Premium,20240801,Essential Action Figure 4983,Toys,56.58,3.1,39,ToyHub 176,Toys,Occitanie,0.0117,20181123,15,Lundi,Juillet,0,Afternoon,1,2024-07-22T15:53:46.000Z,2024-07-22,2024-07,1721663626,1721606400,9,22,Jeune,941.89,2,0,2024-07-17,1721243104,5,645.4663636363636,-90.43,420522,0,0
M00144,P00558,U06650,TX0001174,40.29,20240708112358,Nantes,PAYPAL,Health,29,50841.2,Nantes,Premium,20230222,Classic Blood Monitor 558,Health,41.44,1.7,1102,HealthHub 144,Health,Occitanie,0.0224,20201221,11,Lundi,Juillet,0,Morning,1,2024-07-08T11:23:58.000Z,2024-07-08,2024-07,1720437838,1720396800,1,36,Adulte,40.29,1,0,,,,280.9561111111111,-85.66,,0,0
M00264,P05069,U02052,TX0001175,556.76,20240829123717,Saint-Etienne,CARD,Home & Garden,54,31369.73,Saint-Etienne,Budget,20230813,Essential Rug 5069,Home & Garden,602.24,2.2,191,DecorShop 264,Home & Garden,Normandie,0.0599,20230128,12,Jeudi,Aout,0,Afternoon,1,2024-08-29T12:37:17.000Z,2024-08-29,2024-08,1724935037,1724889600,5,8,Age Moyen,732.6,3,0,2024-08-26,1724695822,3,345.8525,60.98,239215,0,0
M00524,P01177,U01049,TX0001176,50.79,20250622101727,Villeurbanne,CARD,Food,74,46025.38,Marseille,Premium,20250311,Premium Tea Set 1177,Food,45.99,3.2,1072,GourmetShop 524,Food,Bretagne,0.0973,20201116,10,Dimanche,Juin,1,Morning,1,2025-06-22T10:17:27.000Z,2025-06-22,2025-06,1750587447,1750550400,6,19,Senior,1414.9,2,0,2025-06-16,1750100527,6,297.4484210526316,-82.92,486920,0,0
M00575,P00983,U09232,TX0001177,875.3,20240121140656,Angers,CASH,Electronics,45,23196.96,Nice,Standard,20250307,Premium Laptop 983,Electronics,955.99,2.4,14,DigitalHub 575,Electronics,Normandie,0.0515,20200806,14,Dimanche,Janvier,1,Afternoon,1,2024-01-21T14:06:56.000Z,2024-01-21,2024-01,1705846016,1705795200,2,17,Age Moyen,875.3,1,0,2024-01-14,1705239999,7,623.4276470588236,40.4,606017,0,0
M00457,P01576,U05607,TX0001178,65.41,20251227082724,Marseille,CASH,Toys,46,96949.28,Marseille,VIP,20240613,Pro Doll 1576,Toys,62.73,3.2,632,ToyLand 457,Toys,Normandie,0.0662,20210601,8,Samedi,Decembre,1,Morning,0,2025-12-27T08:27:24.000Z,2025-12-27,2025-12,1766824044,1766793600,7,7,Age Moyen,325.02,4,0,2025-12-25,1766671591,2,274.9785714285714,-76.21,152453,0,0
M00354,P05569,U03052,TX0001179,338.86,20250415114158,Toulouse,BANK_TRANSFER,Sports,31,39148.7,Paris,Premium,20241017,Standard Bicycle Helmet 5569,Sports,372.11,4.9,151,ActiveWear 354,Sports,Hauts-de-France,0.0536,20210512,11,Mardi,Avril,0,Morning,1,2025-04-15T11:41:58.000Z,2025-04-15,2025-04,1744717318,1744675200,12,16,Adulte,433.47,1,0,2025-04-03,1743710888,12,350.3625,-3.28,1006430,0,0
M00580,P00164,U04583,TX0001180,289.76,20240717030251,Bordeaux,CASH,Clothing,50,77220.45,Bordeaux,VIP,20230415,Elite Sneakers 164,Clothing,265.17,5.0,949,StyleShop 580,Clothing,Grand Est,0.0631,20190622,3,Mercredi,Juillet,0,Night,0,2024-07-17T03:02:51.000Z,2024-07-17,2024-07,1721185371,1721174400,12,28,Age Moyen,400.41,2,0,2024-07-14,1720954022,3,379.2171428571428,-23.59,231349,1,0
M00176,P05130,U11181,TX0001181,27.49,20251123180923,Angers,PAYPAL,Toys,,,,Inconnu,,Standard Building Blocks 5130,Toys,28.69,2.4,1072,ToyHub 176,Toys,Occitanie,0.0117,20181123,18,Dimanche,Novembre,1,Evening,0,2025-11-23T18:09:23.000Z,2025-11-23,2025-11,1763921363,1763856000,2,6,Inconnu,97.31,2,0,2025-11-22,1763825269,1,196.79166666666666,-86.03,96094,0,0
M00376,P00188,U05582,TX0001182,14.58,20250311185622,Marseille,CASH,Food,70,11665.18,Marseille,VIP,20240928,Standard Cheese Platter 188,Food,13.37,2.1,910,FoodMart 376,Food,Normandie,0.0618,20221219,18,Mardi,Mars,0,Evening,0,2025-03-11T18:56:22.000Z,2025-03-11,2025-03,1741719382,1741651200,19,40,Senior,862.26,3,0,2025-03-10,1741600749,1,243.74975000000003,-94.02,118633,0,0
M00590,P05436,U10681,TX0001183,15.02,20240717202408,Bordeaux,BANK_TRANSFER,Health,31,30997.06,Paris,Budget,20250108,Standard Thermometer 5436,Health,16.11,2.5,944,HealthShop 590,Health,Auvergne-Rhône-Alpes,0.0445,20201005,20,Mercredi,Juillet,0,Evening,0,2024-07-17T20:24:08.000Z,2024-07-17,2024-07,1721247848,1721174400,1,6,Adulte,15.02,1,0,,,,147.01333333333332,-89.78,,0,0
M00410,P01509,U08066,TX0001184,322.14,20241016194048,Lyon,CARD,Toys,46,9000.0,Lyon,Budget,20230212,Standard Toy Car 1509,Toys,158.8,3.5,976,ToyHub 410,Toys,Nouvelle-Aquitaine,0.0447,20181008,19,Mercredi,Octobre,0,Evening,0,2024-10-16T19:40:48.000Z,2024-10-16,2024-10,1729107648,1729036800,3,13,Age Moyen,402.73,2,0,2024-10-10,1728581115,6,379.2284615384616,-15.05,526533,0,0
M00216,P05543,U11290,TX0001185,817.47,20241208190008,Marseille,CARD,Automotive,16,25505.72,Marseille,Budget,20231024,Standard Oil Filter 5543,Automotive,731.65,3.4,1012,AutoShop 216,Automotive,Ile-de-France,0.0956,20211006,19,Dimanche,Decembre,1,Evening,0,2024-12-08T19:00:08.000Z,2024-12-08,2024-12,1733684408,1733616000,2,4,Jeune,817.47,1,0,2024-09-30,1727726999,69,843.9949999999999,-3.14,5957409,0,0
M00444,P05919,U09181,TX0001186,1281.03,20240628094703,Strasbourg,BANK_TRANSFER,Automotive,56,48301.67,Strasbourg,Premium,20230411,Elite Car Parts 5919,Automotive,1194.43,2.5,780,AutoCenter 444,Automotive,Auvergne-Rhône-Alpes,0.0521,20171106,9,Vendredi,Juin,0,Morning,1,2024-06-28T09:47:03.000Z,2024-06-28,2024-06,1719568023,1719532800,9,13,Age Moyen,1316.26,2,0,2024-06-24,1719250618,4,1596.0053846153846,-19.74,317405,0,0
M00560,P05024,U02129,TX0001187,39.53,20240728222203,Le Havre,PAYPAL,Health,33,39441.39,Le Havre,Standard,20241117,Elite Vitamins 5024,Health,42.87,2.3,1048,VitalShop 560,Health,Ile-de-France,0.0903,20170920,22,Dimanche,Juillet,1,Night,0,2024-07-28T22:22:03.000Z,2024-07-28,2024-07,1722205323,1722124800,4,11,Adulte,2214.99,3,0,2024-07-27,1722109039,1,345.58363636363646,-88.56,96284,1,0
M00570,P05211,U01706,TX0001188,80.64,20250112090509,Toulouse,CASH,Beauty,34,43697.43,Toulouse,Standard,20230707,Premium Shampoo 5211,Beauty,84.54,2.2,945,CosmeticHub 570,Beauty,Occitanie,0.0778,20200923,9,Dimanche,Janvier,1,Morning,1,2025-01-12T09:05:09.000Z,2025-01-12,2025-01,1736672709,1736640000,2,4,Adulte,148.03,2,0,2025-01-07,1736241149,5,116.76999999999998,-30.94,431560,0,0
M00350,P05105,U05803,TX0001189,144.95,20240426214808,Lyon,CARD,Health,59,75313.83,Lyon,Premium,20230512,Essential Scale 5105,Health,139.05,3.3,513,HealthShop 350,Health,Hauts-de-France,0.0452,20190707,21,Vendredi,Avril,0,Evening,0,2024-04-26T21:48:08.000Z,2024-04-26,2024-04,1714168088,1714089600,5,26,Age Moyen,224.27,1,0,2024-04-26,1714158663,0,265.9019230769231,-45.49,9425,0,0
M00039,P01645,U08995,TX0001190,17.8,20250908154054,Saint-Etienne,CARD,Health,36,47317.63,Saint-Etienne,Standard,20241128,,,,,,HealthShop 39,Health,Grand Est,0.0297,20180613,15,Lundi,Septembre,0,Afternoon,1,2025-09-08T15:40:54.000Z,2025-09-08,2025-09,1757346054,1757289600,1,6,Adulte,17.8,1,0,,,,63.185,-71.83,,0,0
M00595,P04736,U09331,TX0001191,167.12,20240806153823,Paris,CRYPTO,Health,41,102385.59,Paris,VIP,20240124,Pro Massage Gun 4736,Health,169.53,3.6,1102,HealthShop 595,Health,Ile-de-France,0.0372,20220402,15,Mardi,Aout,0,Afternoon,1,2024-08-06T15:38:23.000Z,2024-08-06,2024-08,1722958703,1722902400,27,65,Adulte,613.0,4,0,2024-08-04,1722762767,2,260.83461538461535,-35.93,195936,1,0
M00451,P05286,U09009,TX0001192,10.17,20250817154613,Paris,BANK_TRANSFER,Sports,32,21502.47,Paris,Standard,20241227,Classic Bicycle Helmet 5286,Sports,9.17,1.0,737,SportZone 451,Sports,Normandie,0.0286,20220928,15,Dimanche,Aout,1,Afternoon,1,2025-08-17T15:46:13.000Z,2025-08-17,2025-08,1755445573,1755388800,5,15,Adulte,431.54,3,0,2025-08-16,1755316617,1,234.38199999999998,-95.66,128956,0,0
M00173,P03174,U05417,TX0001193,69.44,20250504083153,Lyon,PAYPAL,Toys,40,53810.93,Lyon,Standard,20240618,Elite Doll 3174,Toys,69.47,2.2,598,PlayShop 173,Toys,Auvergne-Rhône-Alpes,0.0114,20171225,8,Dimanche,Mai,1,Morning,0,2025-05-04T08:31:53.000Z,2025-05-04,2025-05,1746347513,1746316800,11,15,Adulte,161.01,2,0,2025-05-02,1746214516,2,1212.1146666666666,-94.27,132997,0,0
M00561,P03785,U10143,TX0001194,2616.91,20250222082549,Toulon,CRYPTO,Home & Garden,53,94621.94,,VIP,20250602,Elite Garden Chair 3785,Home & Garden,834.13,4.8,340,DecorShop 561,Home & Garden,Hauts-de-France,0.0282,20191023,8,Samedi,Fevrier,1,Morning,0,2025-02-22T08:25:49.000Z,2025-02-22,2025-02,1740212749,1740182400,26,28,Age Moyen,4290.9,2,0,2025-02-19,1740004112,3,532.5339285714284,391.41,208637,2,1
M00522,P01989,U07190,TX0001195,87.15,20241217110107,Villeurbanne,CRYPTO,Home & Garden,34,92763.41,Villeurbanne,VIP,20230411,Classic Garden Chair 1989,Home & Garden,84.72,2.3,333,GardenWorld 522,Home & Garden,Auvergne-Rhône-Alpes,0.0203,20170704,11,Mardi,Decembre,0,Morning,1,2024-12-17T11:01:07.000Z,2024-12-17,2024-12,1734433267,1734393600,17,48,Adulte,94.82,2,0,2024-12-12,1734008858,5,154.00729166666662,-43.41,424409,1,0
M00205,P02584,U00155,TX0001196,144.91,20250822184537,Paris,BANK_TRANSFER,Toys,51,58396.88,Paris,Premium,20250825,Elite Building Blocks 2584,Toys,156.76,3.9,1194,PlayShop 205,Toys,Occitanie,0.0271,20181007,18,Vendredi,Aout,0,Evening,0,2025-08-22T18:45:37.000Z,2025-08-22,2025-08,1755888337,1755820800,36,37,Age Moyen,144.91,1,0,2025-08-14,1755195017,8,692.8594594594596,-79.09,693320,0,0
M00324,P01056,U02860,TX0001197,46.07,20240226103641,Rennes,BANK_TRANSFER,Food,19,53943.37,Rennes,Premium,20241119,Pro Tea Set 1056,Food,44.34,4.6,497,FoodMart 324,Food,Grand Est,0.0257,20210708,10,Lundi,Fevrier,0,Morning,1,2024-02-26T10:36:41.000Z,2024-02-26,2024-02,1708943801,1708905600,9,23,Jeune,46.07,1,0,2024-02-17,1708209842,9,192.8234782608696,-76.11,733959,0,0
M00392,P05932,U04285,TX0001198,1704.11,20241031042404,Montpellier,PAYPAL,Electronics,36,24569.05,Montpellier,Standard,20231227,Elite Smartphone 5932,Electronics,1723.39,3.3,1042,TechStore 392,Electronics,Occitanie,0.0913,20220317,4,Jeudi,Octobre,0,Night,0,2024-10-31T04:24:04.000Z,2024-10-31,2024-10,1730348644,1730332800,5,9,Adulte,1983.42,2,0,2024-10-29,1730245089,2,955.1344444444445,78.42,103555,1,0
M00577,P02390,U05312,TX0001199,43.22,20251025113717,Strasbourg,CASH,Books,54,60532.88,Strasbourg,Premium,20241128,Standard Comic Book 2390,Books,42.9,3.5,456,LibraryShop 577,Books,Hauts-de-France,0.0355,20210603,11,Samedi,Octobre,1,Morning,1,2025-10-25T11:37:17.000Z,2025-10-25,2025-10,1761392237,1761350400,16,17,Age Moyen,78.32,2,0,2025-10-22,1761133440,3,121.06823529411764,-64.3,258797,0,0
M00120,P05770,U10951,TX0001200,53.53,20240321105926,Paris,PAYPAL,Food,47,111476.49,Paris,VIP,20230324,Elite Olive Oil 5770,Food,52.24,4.3,834,FoodMart 120,Food,Pays de la Loire,0.0257,20230422,10,Jeudi,Mars,0,Morning,1,2024-03-21T10:59:26.000Z,2024-03-21,2024-03,1711018766,1710979200,6,52,Age Moyen,105.41,2,0,2024-03-17,1710668873,4,150.89499999999998,-64.53,349893,0,0
M00143,P01997,U07654,TX0001201,24.99,20240805163236,Paris,PAYPAL,Automotive,,,,Inconnu,,Essential Roof Rack 1997,Automotive,25.06,3.1,345,MotorHub 143,Automotive,Nouvelle-Aquitaine,0.0529,20210204,16,Lundi,Aout,0,Afternoon,1,2024-08-05T16:32:36.000Z,2024-08-05,2024-08,1722875556,1722816000,6,8,Inconnu,781.66,2,0,2024-08-02,1722605400,3,637.9549999999999,-96.08,270156,0,0
M00134,P04544,U06065,TX0001202,48.52,20250623020042,Bordeaux,BANK_TRANSFER,Books,68,113942.44,Dijon,VIP,20230302,Premium Comic Book 4544,Books,51.36,4.2,776,BookHaven 134,Books,Nouvelle-Aquitaine,0.0125,20191120,2,Lundi,Juin,0,Night,0,2025-06-23T02:00:42.000Z,2025-06-23,2025-06,1750644042,1750636800,32,48,Senior,67.35,2,0,2025-06-17,1750184702,6,473.5508333333335,-89.75,459340,1,0
M00411,P00680,U04901,TX0001203,418.49,20250731185517,Angers,CASH,Sports,16,79788.02,Angers,Premium,20230206,Elite Backpack 680,Sports,377.6,3.4,157,SportZone 411,Sports,Grand Est,0.0322,20200611,18,Jeudi,Juillet,0,Evening,0,2025-07-31T18:55:17.000Z,2025-07-31,2025-07,1753988117,1753920000,6,10,Jeune,582.69,2,0,2025-07-29,1753759426,2,573.448,-27.02,228691,0,0
M00054,P02995,U08586,TX0001204,2914.78,20250526023403,Rennes,BANK_TRANSFER,Electronics,32,62377.23,Rennes,Premium,20250719,Pro Laptop 2995,Electronics,1336.14,3.7,889,ElectroWorld 54,Electronics,Nouvelle-Aquitaine,0.0114,20191119,2,Lundi,Mai,0,Night,0,2025-05-26T02:34:03.000Z,2025-05-26,2025-05,1748226843,1748217600,19,34,Adulte,3350.6,2,0,2025-05-25,1748183508,1,538.4891176470588,441.29,43335,2,1
M00023,P02317,U08584,TX0001205,50.85,20240330061025,Nantes,CRYPTO,Food,40,66480.04,Nantes,Premium,20240101,Pro Olive Oil 2317,Food,53.87,2.7,1110,GourmetShop 23,Food,Bretagne,0.0684,20220517,6,Samedi,Mars,1,Morning,0,2024-03-30T06:10:25.000Z,2024-03-30,2024-03,1711779025,1711756800,4,4,Adulte,1309.4,2,0,2024-03-26,1711474707,4,339.41999999999996,-85.02,304318,1,0
M00171,P00581,U02437,TX0001206,101.74,20251208123904,Marseille,CARD,Beauty,16,73279.46,Marseille,Premium,20240122,Pro Nail Kit 581,Beauty,46.71,2.6,635,CosmeticHub 171,Beauty,Grand Est,0.0625,20230221,12,Lundi,Decembre,0,Afternoon,1,2025-12-08T12:39:04.000Z,2025-12-08,2025-12,1765197544,1765152000,2,6,Jeune,626.76,2,0,2025-12-02,1764669111,6,114.58166666666666,-11.21,528433,0,0
M00203,P04716,U07110,TX0001207,502.35,20240730095647,Lille,PAYPAL,Sports,29,80085.16,Lille,Premium,20240124,Standard Running Shoes 4716,Sports,525.29,4.0,254,SportHub 203,Sports,Hauts-de-France,0.044,20190927,9,Mardi,Juillet,0,Morning,1,2024-07-30T09:56:47.000Z,2024-07-30,2024-07,1722333407,1722297600,6,15,Adulte,502.35,1,0,2024-07-18,1721321147,12,765.1946666666666,-34.35,1012260,0,0
M00051,P02275,U00081,TX0001208,38.84,20250917201645,Rennes,CARD,Toys,66,109491.81,Rennes,VIP,20231212,Essential Puzzle 2275,Toys,35.5,2.7,1110,ToyLand 51,Toys,Grand Est,0.0783,20180311,20,Mercredi,Septembre,0,Evening,0,2025-09-17T20:16:45.000Z,2025-09-17,2025-09,1758140205,1758067200,29,31,Senior,45.61,2,0,2025-09-14,1757844371,3,487.1532258064516,-92.03,295834,0,0
M00001,P04854,U11540,TX0001209,17.45,20240623060221,Lyon,CARD,Books,34,42053.64,Lyon,Standard,20240608,Elite Comic Book 4854,Books,18.24,3.7,627,BookHaven 1,Books,Bretagne,0.0682,20220821,6,Dimanche,Juin,1,Morning,0,2024-06-23T06:02:21.000Z,2024-06-23,2024-06,1719122541,1719100800,9,22,Adulte,28.49,2,0,2024-06-19,1718819371,4,143.52681818181816,-87.84,303170,0,0
M00197,P05789,U00105,TX0001210,685.49,20241125165353,Lyon,PAYPAL,Electronics,70,42784.65,Lyon,Standard,20250520,Classic Smartphone 5789,Electronics,743.43,4.7,866,TechStore 197,Electronics,Ile-de-France,0.0487,20200515,16,Lundi,Novembre,0,Afternoon,1,2024-11-25T16:53:53.000Z,2024-11-25,2024-11,1732553633,1732492800,3,6,Senior,685.49,1,0,2024-11-11,1731361585,14,1161.6316666666667,-40.99,1192048,0,0
M00193,P02866,U05231,TX0001211,33.77,20250122165924,Le Havre,BANK_TRANSFER,Toys,30,59123.93,Le Havre,Premium,20231005,Classic Toy Car 2866,Toys,30.79,2.5,663,ToyLand 193,Toys,Ile-de-France,0.0191,20200825,16,Mercredi,Janvier,0,Afternoon,1,2025-01-22T16:59:24.000Z,2025-01-22,2025-01,1737565164,1737504000,12,19,Adulte,63.45,1,0,2025-01-14,1736865866,8,314.29315789473685,-89.26,699298,0,0
M00443,P05495,U09995,TX0001212,64.17,20250222122142,Paris,PAYPAL,Beauty,32,49361.77,Paris,VIP,20240307,Premium Lipstick 5495,Beauty,68.65,2.8,287,BeautyCorner 443,Beauty,Nouvelle-Aquitaine,0.0533,20190214,12,Samedi,Fevrier,1,Afternoon,1,2025-02-22T12:21:42.000Z,2025-02-22,2025-02,1740226902,1740182400,14,37,Adulte,541.09,2,0,2025-02-17,1739765485,5,491.4732432432433,-86.94,461417,0,0
M00142,P01140,U08796,TX0001213,103.9,20250806170713,Montpellier,BANK_TRANSFER,Toys,53,31381.68,Marseille,Standard,20240823,Elite Doll 1140,Toys,97.03,4.0,951,KidsWorld 142,Toys,Bretagne,0.0683,20230219,17,Mercredi,Aout,0,Afternoon,0,2025-08-06T17:07:13.000Z,2025-08-06,2025-08,1754500033,1754438400,9,13,Age Moyen,103.9,1,0,2025-07-25,1753416435,12,120.37307692307692,-13.69,1083598,0,0
M00183,P05721,U07179,TX0001214,203.02,20240823131911,Paris,CARD,Automotive,44,19572.38,Paris,Standard,20240414,Classic Tyre Set 5721,Automotive,194.37,3.1,246,CarParts 183,Automotive,Nouvelle-Aquitaine,0.0763,20170427,13,Vendredi,Aout,0,Afternoon,1,2024-08-23T13:19:11.000Z,2024-08-23,2024-08,1724419151,1724371200,2,18,Adulte,203.02,1,0,2024-08-13,1723569725,10,650.0627777777777,-68.77,849426,0,0
M00352,P01235,U05200,TX0001215,722.63,20250216185400,Nantes,PAYPAL,Home & Garden,23,39249.2,Nantes,Premium,20230531,Standard Sofa 1235,Home & Garden,759.54,3.6,519,HomeStyle 352,Home & Garden,Hauts-de-France,0.0143,20170214,18,Dimanche,Fevrier,1,Evening,0,2025-02-16T18:54:00.000Z,2025-02-16,2025-02,1739732040,1739664000,4,32,Jeune,1239.82,1,0,2025-02-16,1739700544,0,701.2734375,3.05,31496,0,0
M00203,P05921,U11591,TX0001216,439.69,20240911143103,Le Havre,CASH,Sports,33,80357.48,Paris,Premium,20250729,Classic Yoga Mat 5921,Sports,483.46,4.0,308,SportHub 203,Sports,Hauts-de-France,0.044,20190927,14,Mercredi,Septembre,0,Afternoon,1,2024-09-11T14:31:03.000Z,2024-09-11,2024-09,1726065063,1726012800,10,24,Adulte,937.58,5,1,2024-09-10,1725977392,1,252.6370833333333,74.04,87671,0,0
M00160,P03390,U02310,TX0001217,563.46,20250525125114,Marseille,CARD,Automotive,37,138814.24,Marseille,VIP,20231026,Pro Car Parts 3390,Automotive,569.04,3.7,274,AutoCenter 160,Automotive,Ile-de-France,0.0642,20230706,12,Dimanche,Mai,1,Afternoon,1,2025-05-25T12:51:14.000Z,2025-05-25,2025-05,1748177474,1748131200,28,29,Adulte,735.05,1,0,2025-05-18,1747568878,7,501.0831034482757,12.45,608596,0,0
M00544,P04948,U08586,TX0001218,924.68,20250426200256,Rennes,CARD,Automotive,32,62377.23,Rennes,Premium,20250719,Elite Tyre Set 4948,Automotive,860.77,3.5,77,AutoCenter 544,Automotive,Occitanie,0.0282,20221004,20,Samedi,Avril,1,Evening,0,2025-04-26T20:02:56.000Z,2025-04-26,2025-04,1745697776,1745625600,12,34,Adulte,1290.16,3,0,2025-04-23,1745386931,3,538.4891176470588,71.72,310845,0,0
M00462,P00185,U11037,TX0001219,107.84,20251228110843,Marseille,PAYPAL,Beauty,32,64350.25,Paris,VIP,20240716,Pro Nail Kit 185,Beauty,53.84,3.2,492,CosmeticHub 462,Beauty,Ile-de-France,0.086,20170728,11,Dimanche,Decembre,1,Morning,1,2025-12-28T11:08:43.000Z,2025-12-28,2025-12,1766920123,1766880000,7,7,Adulte,3762.76,4,0,2025-12-27,1766860562,1,596.9785714285715,-81.94,59561,0,0
M00126,P01127,U03654,TX0001220,41.32,20240727083325,Villeurbanne,CASH,Food,45,74244.47,Villeurbanne,VIP,20250406,Classic Tea Set 1127,Food,14.03,1.6,330,FoodHub 126,Food,Ile-de-France,0.0834,20180813,8,Samedi,Juillet,1,Morning,0,2024-07-27T08:33:25.000Z,2024-07-27,2024-07,1722069205,1722038400,12,26,Age Moyen,138.91,2,0,2024-07-24,1721816149,3,147.2303846153846,-71.94,253056,0,0
M00288,P02152,U08302,TX0001221,50.72,20250623092527,Paris,CARD,Beauty,26,57168.41,Paris,Premium,20240906,Classic Serum 2152,Beauty,49.13,2.0,734,BeautyWorld 288,Beauty,Ile-de-France,0.0149,20230410,9,Lundi,Juin,0,Morning,1,2025-06-23T09:25:27.000Z,2025-06-23,2025-06,1750670727,1750636800,17,19,Adulte,50.72,1,0,2025-06-13,1749800568,10,131.03263157894733,-61.29,870159,0,0
M00286,P03876,U06350,TX0001222,58.55,20250719164902,Toulouse,BANK_TRANSFER,Books,35,60231.54,Toulouse,Premium,20240608,Classic Cookbook 3876,Books,60.71,3.9,985,BookCorner 286,Books,Pays de la Loire,0.0458,20191226,16,Samedi,Juillet,1,Afternoon,1,2025-07-19T16:49:02.000Z,2025-07-19,2025-07,1752943742,1752883200,15,21,Adulte,94.02,2,0,2025-07-18,1752818866,1,383.96761904761905,-84.75,124876,0,0
M00390,P03062,U09124,TX0001223,1342.34,20250212082759,Nice,BANK_TRANSFER,Automotive,36,19150.8,Nice,Standard,20250812,,Automotive,1314.1,3.7,716,,Inconnu,Inconnu,,,8,Mercredi,Fevrier,0,Morning,0,2025-02-12T08:27:59.000Z,2025-02-12,2025-02,1739348879,1739318400,6,9,Adulte,1342.34,1,0,2025-02-04,1738665465,8,808.968888888889,65.93,683414,0,0
M00545,P02024,U00953,TX0001224,189.84,20250530094956,Toulouse,CARD,Electronics,16,66032.47,Toulouse,Premium,20240313,Essential Smartphone 2024,Electronics,178.12,4.7,649,GadgetShop 545,Electronics,Auvergne-Rhône-Alpes,0.0731,20170629,9,Vendredi,Mai,0,Morning,1,2025-05-30T09:49:56.000Z,2025-05-30,2025-05,1748598596,1748563200,8,14,Jeune,361.63,2,0,2025-05-30,1748574314,0,429.28499999999997,-55.78,24282,0,0
M00002,P05399,U08154,TX0001225,43.27,20250831155739,Nice,BANK_TRANSFER,Books,62,26667.57,Nice,Standard,20230313,Pro Comic Book 5399,Books,44.88,4.6,385,BookCorner 2,Books,Nouvelle-Aquitaine,0.0615,20230330,15,Dimanche,Aout,1,Afternoon,1,2025-08-31T15:57:39.000Z,2025-08-31,2025-08,1756655859,1756598400,23,25,Age Moyen,43.27,1,0,2025-08-02,1754137928,29,338.5964000000001,-87.22,2517931,0,0
M00326,P01918,U06298,TX0001226,69.53,20250121063534,Dijon,CARD,Food,42,46360.67,Montpellier,Premium,20240531,Premium Tea Set 1918,Food,75.82,3.2,575,FoodHub 326,Food,Hauts-de-France,0.0996,20190524,6,Mardi,Janvier,0,Morning,0,2025-01-21T06:35:34.000Z,2025-01-21,2025-01,1737441334,1737417600,17,28,Adulte,69.53,1,0,2024-12-27,1735330250,25,187.83107142857142,-62.98,2111084,0,0
M00129,P01803,U04615,TX0001227,21.66,20240422111014,Dijon,CASH,Food,38,21862.16,Dijon,Budget,20230225,Standard Pasta Box 1803,Food,20.59,2.6,1103,GourmetShop 129,Food,Auvergne-Rhône-Alpes,0.0148,20181121,11,Lundi,Avril,0,Morning,1,2024-04-22T11:10:14.000Z,2024-04-22,2024-04,1713784214,1713744000,5,13,Adulte,21.66,1,0,2024-04-11,1712842738,11,505.2638461538462,-95.71,941476,0,0
M00003,P04756,U01650,TX0001228,162.42,20250611170553,Rennes,PAYPAL,Health,44,92660.99,Paris,VIP,20230710,Classic Blood Monitor 4756,Health,177.69,4.0,898,VitalShop 3,Health,Ile-de-France,0.0173,20190910,17,Mercredi,Juin,0,Afternoon,0,2025-06-11T17:05:53.000Z,2025-06-11,2025-06,1749661553,1749600000,49,50,Adulte,401.5,3,0,2025-06-10,1749579676,1,316.9004,-48.75,81877,0,0
M00554,P00180,U02794,TX0001229,1257.55,20241122120324,Bordeaux,PAYPAL,Automotive,42,62143.57,Bordeaux,Premium,20241204,Pro Oil Filter 180,Automotive,1386.79,4.7,1000,MotorHub 554,Automotive,Auvergne-Rhône-Alpes,0.0458,20190324,12,Vendredi,Novembre,0,Afternoon,1,2024-11-22T12:03:24.000Z,2024-11-22,2024-11,1732277004,1732233600,4,23,Adulte,1257.55,1,0,2024-11-11,1731313472,11,404.5969565217391,210.82,963532,0,0
M00094,P02366,U07853,TX0001230,753.12,20240227134051,Paris,CRYPTO,Home & Garden,24,54126.79,Paris,VIP,20240123,Premium Sofa 2366,Home & Garden,696.69,3.6,1005,HomeStyle 94,Home & Garden,Hauts-de-France,0.039,20220905,13,Mardi,Fevrier,0,Afternoon,1,2024-02-27T13:40:51.000Z,2024-02-27,2024-02,1709041251,1708992000,20,38,Jeune,753.12,1,0,2024-02-19,1708327917,8,401.99500000000006,87.35,713334,1,0
M00464,P04498,U01179,TX0001231,317.88,20240711200856,Strasbourg,PAYPAL,Home & Garden,27,25990.81,Strasbourg,Budget,20230901,Essential Sofa 4498,Home & Garden,287.78,3.7,1102,HomeCenter 464,Home & Garden,Provence-Alpes-Côte d'Azur,0.0732,20220116,20,Jeudi,Juillet,0,Evening,0,2024-07-11T20:08:56.000Z,2024-07-11,2024-07,1720728536,1720656000,2,5,Adulte,317.88,1,0,2024-06-24,1719236801,17,269.99999999999994,17.73,1491735,0,0
M00518,P02497,U11222,TX0001232,18.19,20250314150523,Paris,BANK_TRANSFER,Books,43,119566.88,Paris,VIP,20241229,Pro Novel 2497,Books,19.75,3.0,133,ReadMore 518,Books,Provence-Alpes-Côte d'Azur,0.0163,20220604,15,Vendredi,Mars,0,Afternoon,1,2025-03-14T15:05:23.000Z,2025-03-14,2025-03,1741964723,1741910400,8,50,Adulte,1426.12,4,0,2025-03-13,1741853748,1,537.1068,-96.61,110975,0,0
M00591,P00988,U11876,TX0001233,51.84,20240914060146,Saint-Etienne,PAYPAL,Toys,19,72434.85,Saint-Etienne,Premium,20231215,Pro Action Figure 988,Toys,57.53,2.7,1165,ToyLand 591,Toys,Ile-de-France,0.0995,20170909,6,Samedi,Septembre,1,Morning,0,2024-09-14T06:01:46.000Z,2024-09-14,2024-09,1726293706,1726272000,2,15,Jeune,196.95,1,0,2024-09-01,1725212208,13,98.07399999999998,-47.14,1081498,0,0
M00335,P02711,U03132,TX0001234,1552.52,20240125105600,Nice,CARD,Automotive,32,92501.11,Nice,VIP,20241216,Elite Tyre Set 2711,Automotive,779.11,3.5,236,AutoShop 335,Automotive,Nouvelle-Aquitaine,0.0138,20180320,10,Jeudi,Janvier,0,Morning,1,2024-01-25T10:56:00.000Z,2024-01-25,2024-01,1706180160,1706140800,4,36,Adulte,1575.85,2,0,2024-01-23,1706036635,2,215.40444444444447,620.75,143525,1,0
M00030,P02809,U05977,TX0001235,11.41,20251101110918,Nantes,PAYPAL,Food,38,27381.8,Nantes,Budget,20231105,Essential Chocolate Box 2809,Food,6.28,3.2,298,FreshMarket 30,Food,Nouvelle-Aquitaine,0.0827,20220911,11,Samedi,Novembre,1,Morning,1,2025-11-01T11:09:18.000Z,2025-11-01,2025-11,1761995358,1761955200,7,8,Adulte,11.41,1,0,2025-09-30,1759239164,32,121.15125,-90.58,2756194,0,0
M00062,P02983,U03668,TX0001236,79.93,20250415092427,Toulouse,PAYPAL,Beauty,34,97582.27,Toulouse,VIP,20240908,Essential Nail Kit 2983,Beauty,87.73,3.4,177,GlowShop 62,Beauty,Hauts-de-France,0.075,20190320,9,Mardi,Avril,0,Morning,1,2025-04-15T09:24:27.000Z,2025-04-15,2025-04,1744709067,1744675200,11,31,Adulte,585.52,3,0,2025-04-11,1744400467,4,141.3677419354839,-43.46,308600,0,0
M00445,P05716,U06064,TX0001237,62.52,20250327194533,Toulouse,CASH,Food,40,58419.45,Toulouse,Premium,20230304,Elite Coffee Pack 5716,Food,61.04,3.5,286,FoodHub 445,Food,Ile-de-France,0.078,20180109,19,Jeudi,Mars,0,Evening,0,2025-03-27T19:45:33.000Z,2025-03-27,2025-03,1743104733,1743033600,6,13,Adulte,62.52,1,0,2025-03-11,1741706579,16,72.22538461538461,-13.44,1398154,0,0
M00263,P01371,U08195,TX0001238,122.38,20240711122649,Grenoble,BANK_TRANSFER,Health,46,37176.55,Grenoble,Premium,20241104,Premium Thermometer 1371,Health,123.19,2.6,542,VitalShop 263,Health,Grand Est,0.0408,20170913,12,Jeudi,Juillet,0,Afternoon,1,2024-07-11T12:26:49.000Z,2024-07-11,2024-07,1720700809,1720656000,12,20,Age Moyen,609.61,4,0,2024-07-10,1720615228,1,169.54950000000002,-27.82,85581,0,0
M00577,P05798,U11443,TX0001239,98.2,20250412073022,Lille,PAYPAL,Books,58,39432.61,Lille,Standard,20241217,Classic Textbook 5798,Books,31.1,4.1,1011,LibraryShop 577,Books,Hauts-de-France,0.0355,20210603,7,Samedi,Avril,1,Morning,0,2025-04-12T07:30:22.000Z,2025-04-12,2025-04,1744443022,1744416000,1,5,Age Moyen,98.2,1,0,,,,424.02,-76.84,,0,0
M00424,P00411,U11363,TX0001240,34.69,20241020221050,Montpellier,CARD,Food,,,,Inconnu,,Essential Olive Oil 411,Food,38.46,2.7,911,FreshMarket 424,Food,Provence-Alpes-Côte d'Azur,0.0823,20220324,22,Dimanche,Octobre,1,Night,0,2024-10-20T22:10:50.000Z,2024-10-20,2024-10,1729462250,1729382400,14,30,Inconnu,34.69,1,0,2024-10-01,1727802370,19,101.45666666666665,-65.81,1659880,1,0
M00440,P02594,U07699,TX0001241,256.92,20240812092503,Paris,CARD,Clothing,65,78192.52,Paris,Premium,20240529,Pro Scarf 2594,Clothing,252.72,3.8,416,ClothingHub 440,Clothing,Ile-de-France,0.0534,20220101,9,Lundi,Aout,0,Morning,1,2024-08-12T09:25:03.000Z,2024-08-12,2024-08,1723454703,1723420800,9,26,Senior,373.66,2,0,2024-08-08,1723124207,4,217.19076923076926,18.29,330496,0,0
M00279,P04627,U07385,TX0001242,647.15,20250531151440,Montpellier,CRYPTO,Automotive,48,103386.81,Toulouse,VIP,20250504,Standard Dash Cam 4627,Automotive,675.77,2.1,67,MotorHub 279,Automotive,Grand Est,0.0348,20180111,15,Samedi,Mai,1,Afternoon,1,2025-05-31T15:14:40.000Z,2025-05-31,2025-05,1748704480,1748649600,33,40,Age Moyen,665.17,2,0,2025-05-27,1748342214,4,348.4825000000002,85.71,362266,1,0
M00076,P02710,U10585,TX0001243,39.37,20250204073835,Paris,PAYPAL,Health,57,44285.68,Paris,Premium,20240606,Premium Thermometer 2710,Health,38.27,2.3,151,HealthShop 76,Health,Pays de la Loire,0.0852,20201222,7,Mardi,Fevrier,0,Morning,0,2025-02-04T07:38:35.000Z,2025-02-04,2025-02,1738654715,1738627200,6,19,Age Moyen,1420.3,3,0,2025-02-03,1738612057,1,204.20052631578943,-80.72,42658,0,0
M00195,P03495,U09849,TX0001244,157.05,20240902081921,Marseille,PAYPAL,Sports,48,94819.82,Marseille,VIP,20241115,Pro Running Shoes 3495,Sports,166.38,3.0,325,SportHub 195,Sports,Hauts-de-France,0.044,20230202,8,Lundi,Septembre,0,Morning,0,2024-09-02T08:19:21.000Z,2024-09-02,2024-09,1725265161,1725235200,30,51,Age Moyen,1150.43,2,0,2024-08-31,1725131435,2,385.38627450980385,-59.25,133726,0,0
M00133,P01963,U02867,TX0001245,86.34,20240402091610,Toulouse,CASH,Home & Garden,42,75115.81,Toulouse,Premium,20231127,Essential Plant Pot 1963,Home & Garden,80.26,2.2,118,DecorShop 133,Home & Garden,Ile-de-France,0.0107,20220913,9,Mardi,Avril,0,Morning,1,2024-04-02T09:16:10.000Z,2024-04-02,2024-04,1712049370,1712016000,1,26,Adulte,86.34,1,0,,,,588.1657692307693,-85.32,,0,0
M00285,P02248,U00499,TX0001246,43.52,20240418203523,Montpellier,BANK_TRANSFER,Health,28,33793.49,Montpellier,Standard,20240424,Pro First Aid Kit 2248,Health,40.59,3.4,604,HealthHub 285,Health,Bretagne,0.0776,20220227,20,Jeudi,Avril,0,Evening,0,2024-04-18T20:35:23.000Z,2024-04-18,2024-04,1713472523,1713398400,6,8,Adulte,43.52,1,0,2024-04-11,1712837157,7,254.86375,-82.92,635366,0,0
M00246,P02147,U06039,TX0001247,70.5,20250202064320,Lyon,CARD,Toys,18,69053.63,Lyon,Premium,20240818,Elite Action Figure 2147,Toys,71.86,3.3,623,KidsWorld 246,Toys,Nouvelle-Aquitaine,0.0167,20210112,6,Dimanche,Fevrier,1,Morning,0,2025-02-02T06:43:20.000Z,2025-02-02,2025-02,1738478600,1738454400,11,22,Jeune,70.5,1,0,2024-12-26,1735231430,38,242.56545454545457,-70.94,3247170,0,0
M00581,P04232,U08175,TX0001248,42.89,20250422195102,Lyon,CASH,Sports,66,155662.0,Rennes,VIP,20241125,,,,,,SportZone 581,Sports,Hauts-de-France,0.054,20180223,19,Mardi,Avril,0,Evening,0,2025-04-22T19:51:02.000Z,2025-04-22,2025-04,1745351462,1745280000,27,28,Senior,42.89,1,0,2025-04-11,1744396711,11,315.55821428571426,-86.41,954751,0,0
M00220,P02912,U05312,TX0001249,516.79,20241009143926,Angers,CRYPTO,Sports,54,60532.88,Strasbourg,Premium,20241128,Premium Tennis Racket 2912,Sports,472.9,4.3,1078,SportHub 220,Sports,Provence-Alpes-Côte d'Azur,0.0644,20190817,14,Mercredi,Octobre,0,Afternoon,1,2024-10-09T14:39:26.000Z,2024-10-09,2024-10,1728484766,1728432000,1,17,Age Moyen,516.79,1,0,,,,121.06823529411764,326.86,,2,1
M00284,P01977,U05228,TX0001250,961.33,20250117222150,Paris,BANK_TRANSFER,Electronics,41,64888.74,Paris,Premium,20250118,Premium Tablet 1977,Electronics,911.18,3.4,1014,GadgetShop 284,Electronics,Hauts-de-France,0.0346,20181129,22,Vendredi,Janvier,0,Night,0,2025-01-17T22:21:50.000Z,2025-01-17,2025-01,1737152510,1737072000,3,37,Adulte,1414.01,2,0,2025-01-11,1736586945,6,233.9427027027027,310.93,565565,2,1
M00552,P03480,U04027,TX0001251,76.95,20240719021244,Nantes,CASH,Food,54,33436.84,Nantes,Standard,20250708,Classic Tea Set 3480,Food,75.0,3.4,837,FoodMart 552,Food,Nouvelle-Aquitaine,0.0845,20200101,2,Vendredi,Juillet,0,Night,0,2024-07-19T02:12:44.000Z,2024-07-19,2024-07,1721355164,1721347200,9,11,Age Moyen,219.71,1,0,2024-06-19,1718824444,30,162.98909090909092,-52.79,2530720,1,0
M00255,P01740,U05649,TX0001252,1258.06,20240511123206,Nantes,CASH,Automotive,22,62065.23,Nantes,Premium,20240118,Essential Dash Cam 1740,Automotive,1275.98,5.0,474,AutoCenter 255,Automotive,Normandie,0.0237,20170520,12,Samedi,Mai,1,Afternoon,1,2024-05-11T12:32:06.000Z,2024-05-11,2024-05,1715430726,1715385600,4,17,Jeune,3468.06,3,0,2024-05-09,1715269791,2,535.3370588235294,135.0,160935,0,0
M00169,P03213,U04046,TX0001253,25.42,20251121155340,Bordeaux,BANK_TRANSFER,Books,33,115816.47,Bordeaux,VIP,20240123,Essential Novel 3213,Books,25.56,3.2,534,BookHaven 169,Books,Ile-de-France,0.0656,20190419,15,Vendredi,Novembre,0,Afternoon,1,2025-11-21T15:53:40.000Z,2025-11-21,2025-11,1763740420,1763683200,3,14,Adulte,42.7,2,0,2025-11-17,1763412811,4,132.32857142857145,-80.79,327609,0,0
M00494,P04807,U08621,TX0001254,10.85,20240421122309,Le Havre,CRYPTO,Books,35,42310.14,Le Havre,Standard,20240115,Essential Biography 4807,Books,10.48,3.8,733,ReadMore 494,Books,Occitanie,0.0946,20201104,12,Dimanche,Avril,1,Afternoon,1,2024-04-21T12:23:09.000Z,2024-04-21,2024-04,1713702189,1713657600,3,9,Adulte,10.85,1,0,2024-04-13,1713007700,8,67.02666666666667,-83.81,694489,1,0
M00388,P05088,U10311,TX0001255,941.14,20250722115724,Bordeaux,BANK_TRANSFER,Home & Garden,31,33697.56,Bordeaux,Standard,20250508,Essential Sofa 5088,Home & Garden,844.02,3.9,147,HomeCenter 388,Home & Garden,Provence-Alpes-Côte d'Azur,0.0926,20200910,11,Mardi,Juillet,0,Morning,1,2025-07-22T11:57:24.000Z,2025-07-22,2025-07,1753185444,1753142400,13,17,Adulte,941.14,1,0,2025-07-08,1752005429,14,198.56117647058824,373.98,1180015,1,0
M00317,P04013,U06951,TX0001256,1099.51,20250915182458,Marseille,CARD,Automotive,39,68755.0,Marseille,Premium,20230428,Elite Car Parts 4013,Automotive,1141.21,3.9,177,AutoShop 317,Automotive,Ile-de-France,0.0301,20210711,18,Lundi,Septembre,0,Evening,0,2025-09-15T18:24:58.000Z,2025-09-15,2025-09,1757960698,1757894400,21,24,Adulte,1161.33,1,0,2025-09-02,1756804543,13,294.1304166666667,273.82,1156155,0,0
M00301,P03744,U09237,TX0001257,26.28,20250725124914,Nîmes,CRYPTO,Toys,53,66924.94,Nîmes,VIP,20241117,Standard Puzzle 3744,Toys,24.56,1.9,1124,PlayShop 301,Toys,Occitanie,0.0184,20170623,12,Vendredi,Juillet,0,Afternoon,1,2025-07-25T12:49:14.000Z,2025-07-25,2025-07,1753447754,1753401600,13,20,Age Moyen,108.13,1,0,2025-07-15,1752623157,10,210.3605,-87.51,824597,1,0
M00533,P03656,U02336,TX0001258,130.25,20250515194303,Paris,CARD,Toys,47,23294.06,Paris,Budget,20230120,Essential Doll 3656,Toys,134.63,3.8,1188,ToyLand 533,Toys,Hauts-de-France,0.0203,20200323,19,Jeudi,Mai,0,Evening,0,2025-05-15T19:43:03.000Z,2025-05-15,2025-05,1747338183,1747267200,13,15,Age Moyen,130.25,1,0,2025-01-31,1738358862,104,131.26533333333336,-0.77,8979321,0,0
M00596,P04088,U08726,TX0001259,325.54,20240401085205,Paris,PAYPAL,Home & Garden,53,62687.13,Paris,Premium,20230111,Pro Sofa 4088,Home & Garden,309.37,2.1,195,HomeCenter 596,Home & Garden,Normandie,0.0151,20230429,8,Lundi,Avril,0,Morning,0,2024-04-01T08:52:05.000Z,2024-04-01,2024-04,1711961525,1711929600,1,33,Age Moyen,343.5,1,0,,,,304.76424242424247,6.82,,0,0
M00309,P03505,U01481,TX0001260,1056.46,20241118130412,Marseille,PAYPAL,Home & Garden,36,113765.06,Marseille,VIP,20250620,Standard Garden Chair 3505,Home & Garden,352.08,2.3,691,GardenWorld 309,Home & Garden,Nouvelle-Aquitaine,0.097,20210929,13,Lundi,Novembre,0,Afternoon,1,2024-11-18T13:04:12.000Z,2024-11-18,2024-11,1731935052,1731888000,13,21,Adulte,1816.04,4,0,2024-11-15,1731687790,3,412.50047619047626,156.11,247262,0,0
M00577,P03811,U11463,TX0001261,44.68,20250614084857,Toulouse,BANK_TRANSFER,Books,28,37498.05,Toulouse,Standard,20230110,Pro Novel 3811,Books,21.09,3.2,770,LibraryShop 577,Books,Hauts-de-France,0.0355,20210603,8,Samedi,Juin,1,Morning,0,2025-06-14T08:48:57.000Z,2025-06-14,2025-06,1749890937,1749859200,13,16,Adulte,44.68,1,0,2025-06-06,1749220513,8,1021.9187500000002,-95.63,670424,0,0
M00387,P05084,U07259,TX0001262,204.01,20250327193644,Paris,PAYPAL,Automotive,39,72785.77,Paris,Premium,20250730,Pro Dash Cam 5084,Automotive,199.57,2.3,1104,AutoCenter 387,Automotive,Pays de la Loire,0.0615,20170514,19,Jeudi,Mars,0,Evening,0,2025-03-27T19:36:44.000Z,2025-03-27,2025-03,1743104204,1743033600,10,25,Adulte,204.01,1,0,2025-03-04,1741129187,23,925.2243999999998,-77.95,1975017,0,0
M00165,P05292,U03702,TX0001263,1018.47,20240722160501,Rennes,CRYPTO,Automotive,18,60895.8,Rennes,Premium,20241210,Premium Tyre Set 5292,Automotive,1010.66,3.3,1032,MotorHub 165,Automotive,Auvergne-Rhône-Alpes,0.0943,20171213,16,Lundi,Juillet,0,Afternoon,1,2024-07-22T16:05:01.000Z,2024-07-22,2024-07,1721664301,1721606400,14,15,Jeune,2083.72,2,0,2024-07-19,1721430975,3,471.2200000000001,116.13,233326,1,0
M00363,P00965,U06708,TX0001264,82.46,20240214140703,Paris,CASH,Beauty,16,88396.0,Paris,Premium,20240609,Standard Shampoo 965,Beauty,80.56,4.1,300,BeautyCorner 363,Beauty,Hauts-de-France,0.0323,20210806,14,Mercredi,Fevrier,0,Afternoon,1,2024-02-14T14:07:03.000Z,2024-02-14,2024-02,1707919623,1707868800,7,15,Jeune,95.18,2,0,2024-02-12,1707736333,2,131.34266666666667,-37.22,183290,0,0
M00386,P05891,U05674,TX0001265,8.28,20251205182046,Paris,CARD,Books,38,24496.88,Paris,Budget,20231028,Classic Cookbook 5891,Books,8.93,3.6,151,LibraryShop 386,Books,Nouvelle-Aquitaine,0.0956,20200414,18,Vendredi,Decembre,0,Evening,0,2025-12-05T18:20:46.000Z,2025-12-05,2025-12,1764958846,1764892800,13,15,Adulte,8.28,1,0,2025-08-21,1755776374,106,225.908,-96.33,9182472,0,0
M00283,P00715,U04925,TX0001266,74.14,20240520101630,Dijon,CRYPTO,Home & Garden,43,89719.66,Dijon,VIP,20230716,Classic Rug 715,Home & Garden,77.85,1.2,799,HomeCenter 283,Home & Garden,Auvergne-Rhône-Alpes,0.0706,20190715,10,Lundi,Mai,0,Morning,1,2024-05-20T10:16:30.000Z,2024-05-20,2024-05,1716200190,1716163200,19,50,Adulte,661.77,3,0,2024-05-17,1715976158,3,730.5822000000001,-89.85,224032,1,0
M00009,P03989,U06425,TX0001267,379.74,20241031170549,Paris,PAYPAL,Health,56,102591.42,Paris,VIP,20250813,Classic Scale 3989,Health,179.23,3.0,209,VitalShop 9,Health,Nouvelle-Aquitaine,0.0627,20180107,17,Jeudi,Octobre,0,Afternoon,0,2024-10-31T17:05:49.000Z,2024-10-31,2024-10,1730394349,1730332800,27,43,Age Moyen,943.15,2,0,2024-10-30,1730277644,1,245.24255813953488,54.84,116705,0,0
M00155,P03100,U00655,TX0001268,159.24,20240823175155,Paris,CARD,Clothing,58,61383.35,Paris,Premium,20230530,Premium Dress 3100,Clothing,145.08,3.3,709,FashionStore 155,Clothing,Occitanie,0.0864,20190904,17,Vendredi,Aout,0,Afternoon,0,2024-08-23T17:51:55.000Z,2024-08-23,2024-08,1724435515,1724371200,18,26,Age Moyen,552.26,3,0,2024-08-22,1724335294,1,519.5819230769231,-69.35,100221,0,0
M00173,P01375,U09368,TX0001269,78.77,20250628174737,Paris,BANK_TRANSFER,Toys,74,103266.11,Paris,VIP,20240817,Premium Board Game 1375,Toys,86.57,3.5,990,PlayShop 173,Toys,Auvergne-Rhône-Alpes,0.0114,20171225,17,Samedi,Juin,1,Afternoon,0,2025-06-28T17:47:37.000Z,2025-06-28,2025-06,1751132857,1751068800,11,42,Senior,278.15,1,0,2025-06-09,1749467141,19,933.8995238095238,-91.57,1665716,0,0
M00006,P02271,U02266,TX0001270,228.09,20250718201806,Nantes,CASH,Home & Garden,41,50098.05,Nantes,Standard,20231213,Elite Rug 2271,Home & Garden,214.92,3.6,361,HomeStyle 6,Home & Garden,Grand Est,0.0751,20221005,20,Vendredi,Juillet,0,Evening,0,2025-07-18T20:18:06.000Z,2025-07-18,2025-07,1752869886,1752796800,10,10,Adulte,228.09,1,0,2025-07-04,1751647180,14,699.473,-67.39,1222706,0,0
M00370,P02445,U04218,TX0001271,1009.47,20240221230206,Paris,CASH,Automotive,16,68993.04,Paris,Premium,20250811,Classic Roof Rack 2445,Automotive,1106.46,3.8,893,MotorHub 370,Automotive,Ile-de-France,0.052,20190610,23,Mercredi,Fevrier,0,Night,0,2024-02-21T23:02:06.000Z,2024-02-21,2024-02,1708556526,1708473600,3,20,Jeune,1311.27,3,0,2024-02-19,1708378982,2,520.5089999999999,93.94,177544,1,0
M00548,P02683,U05015,TX0001272,35.95,20250816110131,Lyon,BANK_TRANSFER,Books,51,73206.0,Lyon,Premium,20250309,,,,,,LibraryShop 548,Books,Bretagne,0.022,20180705,11,Samedi,Aout,1,Morning,1,2025-08-16T11:01:31.000Z,2025-08-16,2025-08,1755342091,1755302400,24,33,Age Moyen,55.69,2,0,2025-08-13,1755079211,3,210.790606060606,-82.95,262880,0,0
M00329,P05722,U02886,TX0001273,459.69,20241113103336,Bordeaux,BANK_TRANSFER,Electronics,56,24480.41,Bordeaux,Standard,20250530,Premium Camera 5722,Electronics,480.61,1.7,26,DigitalHub 329,Electronics,Pays de la Loire,0.0772,20190405,10,Mercredi,Novembre,0,Morning,1,2024-11-13T10:33:36.000Z,2024-11-13,2024-11,1731494016,1731456000,1,9,Age Moyen,459.69,1,0,,,,957.7733333333332,-52.0,,0,0
M00153,P04305,U03775,TX0001274,18.67,20240614070608,Toulon,PAYPAL,Books,24,137682.26,Toulon,VIP,20231206,Standard Comic Book 4305,Books,19.66,3.8,1125,LibraryShop 153,Books,Provence-Alpes-Côte d'Azur,0.0376,20201003,7,Vendredi,Juin,0,Morning,0,2024-06-14T07:06:08.000Z,2024-06-14,2024-06,1718348768,1718323200,27,46,Jeune,450.79,4,0,2024-06-12,1718208607,2,432.52478260869555,-95.68,140161,0,0
M00049,P02292,U06377,TX0001275,336.76,20250121225428,Marseille,CARD,Sports,58,20318.97,Marseille,Budget,20241201,Pro Backpack 2292,Sports,316.3,3.4,994,ActiveWear 49,Sports,Auvergne-Rhône-Alpes,0.0341,20230524,22,Mardi,Janvier,0,Night,0,2025-01-21T22:54:28.000Z,2025-01-21,2025-01,1737500068,1737417600,2,10,Age Moyen,336.76,1,0,2025-01-06,1736195422,15,316.00800000000004,6.57,1304646,1,0
M00234,P01300,U01527,TX0001276,73.53,20250903105412,Angers,PAYPAL,Food,27,68940.92,Angers,VIP,20250627,Elite Tea Set 1300,Food,74.2,4.8,210,FoodMart 234,Food,Normandie,0.0965,20210212,10,Mercredi,Septembre,0,Morning,1,2025-09-03T10:54:12.000Z,2025-09-03,2025-09,1756896852,1756857600,25,30,Adulte,183.17,2,0,2025-09-01,1756757903,2,222.88333333333335,-67.01,138949,0,0
M00069,P03512,U01673,TX0001277,463.2,20240327120705,Paris,PAYPAL,Home & Garden,48,75482.09,Paris,VIP,20240427,Pro Garden Chair 3512,Home & Garden,506.84,2.4,1060,DecorShop 69,Home & Garden,Pays de la Loire,0.0598,20180102,12,Mercredi,Mars,0,Afternoon,1,2024-03-27T12:07:05.000Z,2024-03-27,2024-03,1711541225,1711497600,3,35,Age Moyen,1916.4,2,0,2024-03-21,1711044623,6,810.8394285714285,-42.87,496602,0,0
M96420,P05299,U06008,TX0001278,20.53,20250704195125,Paris,CARD,Food,33,17845.17,Paris,Budget,20230415,Pro Olive Oil 5299,Food,20.43,2.9,1080,,Inconnu,Inconnu,,,19,Vendredi,Juillet,0,Evening,0,2025-07-04T19:51:25.000Z,2025-07-04,2025-07,1751658685,1751587200,1,2,Adulte,20.53,1,0,,,,487.815,-95.79,,0,0
M00154,P00402,U00964,TX0001279,224.51,20241014125322,Nîmes,BANK_TRANSFER,Health,38,92059.24,Strasbourg,Premium,20240421,Essential Scale 402,Health,204.94,3.9,131,WellnessStore 154,Health,Provence-Alpes-Côte d'Azur,0.0522,20200812,12,Lundi,Octobre,0,Afternoon,1,2024-10-14T12:53:22.000Z,2024-10-14,2024-10,1728910402,1728864000,13,28,Adulte,1624.06,3,0,2024-10-13,1728816006,1,627.1817857142859,-64.2,94396,0,0
M00472,P03529,U04236,TX0001281,615.67,20240506213233,Montpellier,CRYPTO,Home & Garden,47,102811.99,Nice,VIP,20250427,Premium Rug 3529,Home & Garden,610.63,3.5,195,GardenWorld 472,Home & Garden,Auvergne-Rhône-Alpes,0.0942,20230502,21,Lundi,Mai,0,Evening,0,2024-05-06T21:32:33.000Z,2024-05-06,2024-05,1715031153,1714953600,9,45,Age Moyen,1698.24,5,1,2024-05-05,1714936094,1,226.6162222222222,171.68,95059,1,0
M00202,P01351,U00820,TX0001283,93.95,20250802163929,Toulouse,CARD,Toys,61,25477.17,Toulouse,Premium,20250629,Classic Puzzle 1351,Toys,95.71,4.5,406,ToyLand 202,Toys,Nouvelle-Aquitaine,0.0486,20170225,16,Samedi,Aout,1,Afternoon,1,2025-08-02T16:39:29.000Z,2025-08-02,2025-08,1754152769,1754092800,6,13,Age Moyen,2542.03,2,0,2025-08-02,1754141061,0,372.05846153846153,-74.75,11708,0,0
M00332,P01540,U10124,TX0001284,90.79,20251116202854,Lyon,CRYPTO,Food,48,40263.43,Lyon,Premium,20230518,Premium Chocolate Box 1540,Food,89.73,4.2,225,FreshMarket 332,Food,Inconnu,0.0429,20190717,20,Dimanche,Novembre,1,Evening,0,2025-11-16T20:28:54.000Z,2025-11-16,2025-11,1763324934,1763251200,9,15,Age Moyen,242.69,2,0,2025-11-16,1763322002,0,326.7706666666666,-72.22,2932,1,0
M00222,P02443,U06018,TX0001285,188.2,20250804201303,Nice,CASH,Beauty,40,42147.29,Nice,Premium,20241030,Essential Face Cream 2443,Beauty,88.96,3.4,958,BeautyCorner 222,Beauty,Nouvelle-Aquitaine,0.0867,20200403,20,Lundi,Aout,0,Evening,0,2025-08-04T20:13:03.000Z,2025-08-04,2025-08,1754338383,1754265600,14,17,Adulte,1380.9,2,0,2025-08-04,1754322737,0,371.42294117647054,-49.33,15646,0,0
M00500,P05358,U06942,TX0001286,246.75,20241128212142,Angers,CARD,Home & Garden,32,44760.71,Strasbourg,Standard,20240523,Elite Garden Chair 5358,Home & Garden,266.39,3.3,752,HomeStyle 500,Home & Garden,Ile-de-France,0.0492,20210401,21,Jeudi,Novembre,0,Evening,0,2024-11-28T21:21:42.000Z,2024-11-28,2024-11,1732828902,1732752000,12,13,Adulte,1589.98,2,0,2024-11-26,1732635067,2,326.04076923076923,-24.32,193835,0,0
M00266,P02319,U10365,TX0001287,846.84,20241106092035,Toulon,CARD,Electronics,29,110073.7,Toulon,VIP,20240328,Pro Smart TV 2319,Electronics,847.13,3.7,725,ElectroWorld 266,Electronics,Normandie,0.0147,20220323,9,Mercredi,Novembre,0,Morning,1,2024-11-06T09:20:35.000Z,2024-11-06,2024-11,1730884835,1730851200,19,49,Adulte,1015.51,2,0,2024-11-01,1730502441,5,263.8902040816326,220.91,382394,0,0
M00050,P01900,U06859,TX0001288,95.2,20241007183641,Nice,PAYPAL,Beauty,16,139999.47,Nice,VIP,20241110,Pro Face Cream 1900,Beauty,96.44,1.8,6,CosmeticHub 50,Beauty,Provence-Alpes-Côte d'Azur,0.0187,20180220,18,Lundi,Octobre,0,Evening,0,2024-10-07T18:36:41.000Z,2024-10-07,2024-10,1728326201,1728259200,15,39,Jeune,504.97,2,0,2024-10-06,1728206110,1,172.8582051282051,-44.93,120091,0,0
M00206,P03661,U02723,TX0001289,1535.63,20251101183055,Toulon,PAYPAL,Electronics,17,71593.21,Toulon,VIP,20230107,Elite Smartphone 3661,Electronics,1572.77,2.6,519,DigitalHub 206,Electronics,Ile-de-France,0.0458,20180220,18,Samedi,Novembre,1,Evening,0,2025-11-01T18:30:55.000Z,2025-11-01,2025-11,1762021855,1761955200,17,28,Jeune,3229.75,3,0,2025-10-30,1761863705,2,630.905357142857,143.4,158150,0,0
M00440,P02468,U11870,TX0001290,44.99,20240102120700,Nîmes,CARD,Clothing,37,68401.17,Nîmes,Premium,20230614,,,,,,ClothingHub 440,Clothing,Ile-de-France,0.0534,20220101,12,Mardi,Janvier,0,Afternoon,1,2024-01-02T12:07:00.000Z,2024-01-02,2024-01,1704197220,1704153600,2,27,Adulte,334.06,2,0,2024-01-01,1704141727,1,287.7988888888888,-84.37,55493,0,0
M00008,P02331,U04098,TX0001291,244.72,20250527212911,Nîmes,PAYPAL,Sports,,,,Inconnu,,Essential Dumbbells 2331,Sports,234.91,2.9,604,SportHub 8,Sports,Pays de la Loire,0.0432,20170412,21,Mardi,Mai,0,Evening,0,2025-05-27T21:29:11.000Z,2025-05-27,2025-05,1748381351,1748304000,27,36,Inconnu,1182.23,3,0,2025-05-26,1748277599,1,430.7280555555555,-43.18,103752,0,0
M00424,P00411,U08626,TX0001292,38.14,20240729173602,Montpellier,PAYPAL,Food,42,30664.01,Montpellier,Standard,20240909,Essential Olive Oil 411,Food,38.46,2.7,911,FreshMarket 424,Food,Provence-Alpes-Côte d'Azur,0.0823,20220324,17,Lundi,Juillet,0,Afternoon,0,2024-07-29T17:36:02.000Z,2024-07-29,2024-07,1722274562,1722211200,6,17,Adulte,38.14,1,0,2024-07-09,1720522467,20,1394.3511764705881,-97.26,1752095,0,0
M00057,P01304,U01511,TX0001293,78.5,20250211180752,Le Havre,PAYPAL,Sports,34,48966.26,Le Havre,Premium,20230514,Classic Yoga Mat 1304,Sports,74.32,1.9,1036,SportZone 57,Sports,Auvergne-Rhône-Alpes,0.0294,20210714,18,Mardi,Fevrier,0,Evening,0,2025-02-11T18:07:52.000Z,2025-02-11,2025-02,1739297272,1739232000,4,24,Adulte,78.5,1,0,2024-11-27,1732729557,76,718.9,-89.08,6567715,0,0
M00580,P05753,U06414,TX0001294,229.15,20250102191649,Marseille,BANK_TRANSFER,Clothing,27,66693.95,Marseille,Premium,20230717,Elite T-Shirt 5753,Clothing,204.73,4.7,296,StyleShop 580,Clothing,Grand Est,0.0631,20190622,19,Jeudi,Janvier,0,Evening,0,2025-01-02T19:16:49.000Z,2025-01-02,2025-01,1735845409,1735776000,8,21,Adulte,330.6,3,0,2024-12-31,1735612968,2,117.22190476190475,95.48,232441,0,0
M00378,P04466,U10175,TX0001295,67.91,20251226152613,Paris,CASH,Toys,24,30126.76,Paris,Standard,20230502,Pro Action Figure 4466,Toys,71.32,3.9,301,PlayShop 378,Toys,Bretagne,0.025,20181006,15,Vendredi,Decembre,0,Afternoon,1,2025-12-26T15:26:13.000Z,2025-12-26,2025-12,1766762773,1766707200,11,13,Jeune,67.91,1,0,2025-11-29,1764432613,27,650.5246153846153,-89.56,2330160,0,0
M00084,P00377,U02818,TX0001296,1689.67,20250318094232,Montpellier,PAYPAL,Electronics,28,27527.78,Montpellier,Budget,20230128,Classic Laptop 377,Electronics,1608.99,4.2,481,ElectroWorld 84,Electronics,Nouvelle-Aquitaine,0.0795,20210928,9,Mardi,Mars,0,Morning,1,2025-03-18T09:42:32.000Z,2025-03-18,2025-03,1742290952,1742256000,3,9,Adulte,1689.67,1,0,2025-03-11,1741728898,7,486.3299999999999,247.43,562054,0,0
M00429,P04601,U10841,TX0001298,64.27,20250225145556,Paris,PAYPAL,Home & Garden,41,62760.83,Paris,Premium,20240620,Premium Garden Chair 4601,Home & Garden,69.89,1.9,799,HomeCenter 429,Home & Garden,Grand Est,0.0272,20200409,14,Mardi,Fevrier,0,Afternoon,1,2025-02-25T14:55:56.000Z,2025-02-25,2025-02,1740495356,1740441600,3,19,Adulte,105.36,2,0,2025-02-23,1740335505,2,342.7531578947369,-81.25,159851,0,0
M00259,P00298,U04048,TX0001299,177.58,20240624161148,Marseille,CARD,Clothing,48,44912.38,Marseille,Premium,20250902,Premium Scarf 298,Clothing,177.82,3.8,245,ClothingHub 259,Clothing,Ile-de-France,0.0986,20230122,16,Lundi,Juin,0,Afternoon,1,2024-06-24T16:11:48.000Z,2024-06-24,2024-06,1719245508,1719187200,4,19,Age Moyen,948.46,2,0,2024-06-18,1718733916,6,685.4805263157895,-74.09,511592,0,0
M00262,P02758,U01094,TX0001300,1398.1,20251207084304,Strasbourg,BANK_TRANSFER,Electronics,43,103605.08,Strasbourg,Premium,20231122,Premium Tablet 2758,Electronics,1434.79,3.3,1177,GadgetShop 262,Electronics,Provence-Alpes-Côte d'Azur,0.0943,20230617,8,Dimanche,Decembre,1,Morning,0,2025-12-07T08:43:04.000Z,2025-12-07,2025-12,1765096984,1765065600,35,38,Adulte,2990.46,2,0,2025-12-06,1765026946,1,777.0771052631578,79.92,70038,0,0
M00549,P04597,U10567,TX0001302,458.63,20240820204425,Marseille,BANK_TRANSFER,Sports,40,16726.81,Marseille,Budget,20230424,Elite Tennis Racket 4597,Sports,214.81,3.3,210,ActiveWear 549,Sports,Occitanie,0.0813,20170903,20,Mardi,Aout,0,Evening,0,2024-08-20T20:44:25.000Z,2024-08-20,2024-08,1724186665,1724112000,2,4,Adulte,458.63,1,0,2024-08-12,1723466088,8,579.7900000000001,-20.9,720577,0,0
M00132,P05060,U09971,TX0001303,169.92,20250629215946,Toulouse,CARD,Beauty,34,47260.52,Toulouse,Standard,20240201,Classic Face Cream 5060,Beauty,157.07,5.0,998,BeautyWorld 132,Beauty,Inconnu,0.0466,20220323,21,Dimanche,Juin,1,Evening,0,2025-06-29T21:59:46.000Z,2025-06-29,2025-06,1751234386,1751155200,4,10,Adulte,933.64,2,0,2025-06-23,1750714577,6,639.633,-73.43,519809,0,0
M00552,P04721,U06408,TX0001304,31.9,20240316115412,Strasbourg,PAYPAL,Food,49,12513.14,Strasbourg,Budget,20230201,Premium Cheese Platter 4721,Food,33.31,3.4,524,FoodMart 552,Food,Nouvelle-Aquitaine,0.0845,20200101,11,Samedi,Mars,1,Morning,1,2024-03-16T11:54:12.000Z,2024-03-16,2024-03,1710590052,1710547200,2,20,Age Moyen,31.9,1,0,2024-03-04,1709578688,12,200.23399999999998,-84.07,1011364,0,0
M00350,P01818,U06708,TX0001305,195.78,20241206130742,Paris,BANK_TRANSFER,Health,16,88396.0,Paris,Premium,20240609,Classic Scale 1818,Health,211.86,4.7,1072,HealthShop 350,Health,Hauts-de-France,0.0452,20190707,13,Vendredi,Decembre,0,Afternoon,1,2024-12-06T13:07:42.000Z,2024-12-06,2024-12,1733490462,1733443200,12,15,Jeune,195.78,1,0,2024-08-19,1724099460,109,131.34266666666667,49.06,9391002,0,0
M00256,P04257,U06904,TX0001306,191.07,20251027182926,Grenoble,PAYPAL,Health,49,13499.92,Grenoble,Budget,20240811,Essential Blood Monitor 4257,Health,193.17,4.5,712,VitalShop 256,Health,Auvergne-Rhône-Alpes,0.0211,20180228,18,Lundi,Octobre,0,Evening,0,2025-10-27T18:29:26.000Z,2025-10-27,2025-10,1761589766,1761523200,4,4,Age Moyen,191.07,1,0,2025-10-15,1760555817,12,370.6125,-48.44,1033949,0,0
M00291,P01473,U02387,TX0001307,1020.54,20241201235232,Nice,CARD,Electronics,45,116988.58,Nice,VIP,20230910,Pro Laptop 1473,Electronics,942.7,3.3,277,TechStore 291,Electronics,Occitanie,0.0973,20181001,23,Dimanche,Decembre,1,Night,0,2024-12-01T23:52:32.000Z,2024-12-01,2024-12,1733097152,1733011200,1,37,Age Moyen,1020.54,1,0,,,,221.56378378378375,360.61,,2,1
M00315,P02376,U00678,TX0001308,1976.89,20240603162205,Marseille,CASH,Electronics,54,71550.33,Reims,Premium,20240824,Premium Tablet 2376,Electronics,2144.8,5.0,395,TechStore 315,Electronics,Occitanie,0.0904,20170302,16,Lundi,Juin,0,Afternoon,1,2024-06-03T16:22:05.000Z,2024-06-03,2024-06,1717431725,1717372800,13,20,Age Moyen,2881.39,2,0,2024-06-02,1717329944,1,1142.3215000000002,73.06,101781,0,0
M00282,P03751,U00847,TX0001309,891.5,20240311044811,Paris,CARD,Automotive,39,19757.23,Paris,Budget,20240229,,,,,,CarParts 282,Automotive,Occitanie,0.0217,20170814,4,Lundi,Mars,0,Night,0,2024-03-11T04:48:11.000Z,2024-03-11,2024-03,1710132491,1710115200,1,10,Adulte,891.5,1,0,,,,242.252,268.01,,1,0
M00372,P03568,U00818,TX0001310,263.58,20250628074407,Saint-Etienne,PAYPAL,Clothing,39,65133.85,,Premium,20230202,Pro Jacket 3568,Clothing,249.13,5.0,393,ClothingHub 372,Clothing,Ile-de-France,0.0729,20190501,7,Samedi,Juin,1,Morning,0,2025-06-28T07:44:07.000Z,2025-06-28,2025-06,1751096647,1751068800,29,29,Adulte,395.5,2,0,2025-06-23,1750702156,5,320.74931034482756,-17.82,394491,0,0
M00554,P04626,U04596,TX0001311,796.69,20250725155609,Bordeaux,CARD,Automotive,36,44222.76,Bordeaux,Premium,20250923,Essential Car Parts 4626,Automotive,712.67,2.9,313,MotorHub 554,Automotive,Auvergne-Rhône-Alpes,0.0458,20190324,15,Vendredi,Juillet,0,Afternoon,1,2025-07-25T15:56:09.000Z,2025-07-25,2025-07,1753458969,1753401600,20,31,Adulte,938.56,2,0,2025-07-20,1753030231,5,467.3000000000001,70.49,428738,0,0
M00068,P02008,U11676,TX0001312,2565.15,20250614123214,Nîmes,CASH,Electronics,49,31804.31,Paris,Standard,20250224,Premium Headphones 2008,Electronics,1254.23,4.0,661,GadgetShop 68,Electronics,Occitanie,0.0337,20230126,12,Samedi,Juin,1,Afternoon,1,2025-06-14T12:32:14.000Z,2025-06-14,2025-06,1749904334,1749859200,9,16,Age Moyen,10402.1,6,1,2025-06-13,1749817894,1,769.946875,233.16,86440,0,0
M00547,P04009,U08933,TX0001313,21.92,20240620014452,Toulouse,CRYPTO,Health,39,58934.57,Toulouse,VIP,20240713,Elite Thermometer 4009,Health,20.58,3.1,1184,HealthShop 547,Health,Grand Est,0.0112,20170529,1,Jeudi,Juin,0,Night,0,2024-06-20T01:44:52.000Z,2024-06-20,2024-06,1718847892,1718841600,19,22,Adulte,282.03,2,0,2024-06-17,1718636884,3,311.4686363636363,-92.96,211008,2,1
M00091,P01638,U02332,TX0001314,1234.01,20240706022837,Le Havre,CRYPTO,Beauty,39,32457.7,Nantes,Standard,20250811,Premium Serum 1638,Beauty,143.41,4.8,815,CosmeticHub 91,Beauty,Grand Est,0.051,20210109,2,Samedi,Juillet,1,Night,0,2024-07-06T02:28:37.000Z,2024-07-06,2024-07,1720232917,1720224000,2,6,Adulte,1380.42,1,0,2024-05-02,1714665786,65,388.285,217.81,5567131,2,1
M00071,P04664,U11089,TX0001315,31.78,20250610130118,Paris,CARD,Home & Garden,24,28208.15,Paris,Standard,20250217,Standard Sofa 4664,Home & Garden,29.8,3.2,964,GardenWorld 71,Home & Garden,Grand Est,0.0319,20170216,13,Mardi,Juin,0,Afternoon,1,2025-06-10T13:01:18.000Z,2025-06-10,2025-06,1749560478,1749513600,4,8,Jeune,31.78,1,0,2025-03-29,1743248921,73,164.08249999999998,-80.63,6311557,0,0
M00427,P04845,U11485,TX0001316,56.26,20250605070457,Marseille,PAYPAL,Books,45,49588.58,Marseille,Premium,20250204,Elite Cookbook 4845,Books,60.41,5.0,444,,Inconnu,Inconnu,,,7,Jeudi,Juin,0,Morning,0,2025-06-05T07:04:57.000Z,2025-06-05,2025-06,1749107097,1749081600,24,40,Age Moyen,95.32,2,0,2025-06-02,1748828191,3,96.49075000000002,-41.69,278906,0,0
M00205,P05494,U03892,TX0001317,267.85,20240814193655,Montpellier,PAYPAL,Toys,33,148860.42,Montpellier,VIP,20250326,Pro Building Blocks 5494,Toys,127.68,5.0,410,PlayShop 205,Toys,Occitanie,0.0271,20181007,19,Mercredi,Aout,0,Evening,0,2024-08-14T19:36:55.000Z,2024-08-14,2024-08,1723664215,1723593600,28,69,Adulte,576.51,1,0,2024-08-07,1723073387,7,498.2271014492752,-46.24,590828,0,0
M00342,P02155,U03894,TX0001318,12.34,20240317084156,Lyon,PAYPAL,Food,41,141824.82,Lyon,VIP,20250313,Standard Pasta Box 2155,Food,13.38,2.6,396,FoodMart 342,Food,Auvergne-Rhône-Alpes,0.0947,20180620,8,Dimanche,Mars,1,Morning,0,2024-03-17T08:41:56.000Z,2024-03-17,2024-03,1710664916,1710633600,12,37,Adulte,17.8,2,0,2024-03-11,1710197218,6,97.33864864864864,-87.32,467698,0,0
M00074,P04738,U04922,TX0001319,31.07,20241112171729,Marseille,CARD,Clothing,45,58886.47,Marseille,Premium,20230823,Standard Scarf 4738,Clothing,31.46,2.2,251,StyleShop 74,Clothing,Occitanie,0.0512,20210110,17,Mardi,Novembre,0,Afternoon,0,2024-11-12T17:17:29.000Z,2024-11-12,2024-11,1731431849,1731369600,3,26,Age Moyen,157.53,2,0,2024-11-08,1731106691,4,362.676923076923,-91.43,325158,0,0
M00563,P03227,U00880,TX0001320,16.18,20241211205700,Montpellier,CASH,Toys,40,72343.67,Montpellier,Premium,20250101,Elite Toy Car 3227,Toys,16.93,3.1,637,ToyLand 563,Toys,Inconnu,0.0811,20170630,20,Mercredi,Decembre,0,Evening,0,2024-12-11T20:57:00.000Z,2024-12-11,2024-12,1733950620,1733875200,9,17,Adulte,608.24,2,0,2024-12-05,1733410395,6,307.74705882352947,-94.74,540225,0,0
M00053,P01899,U11309,TX0001321,17.24,20240907193759,Angers,PAYPAL,Books,28,58299.32,Angers,VIP,20240218,Standard Biography 1899,Books,17.49,3.9,645,BookHaven 53,Books,Ile-de-France,0.0331,20200712,19,Samedi,Septembre,1,Evening,0,2024-09-07T19:37:59.000Z,2024-09-07,2024-09,1725737879,1725667200,24,34,Adulte,754.61,3,0,2024-09-06,1725642841,1,216.41558823529408,-92.03,95038,0,0
M00207,P00585,U08037,TX0001322,107.14,20250711115120,Montpellier,CARD,Health,37,94427.31,Montpellier,VIP,20241107,Pro Scale 585,Health,108.76,2.5,7,HealthHub 207,Health,Bretagne,0.0664,20221015,11,Vendredi,Juillet,0,Morning,1,2025-07-11T11:51:20.000Z,2025-07-11,2025-07,1752234680,1752192000,37,50,Adulte,256.38,1,0,2025-07-04,1751631831,7,150.20960000000002,-28.67,602849,0,0
M00051,P04865,U01965,TX0001323,412.04,20241205214905,Rennes,CRYPTO,Toys,55,114324.69,Rennes,VIP,20240515,Standard Board Game 4865,Toys,150.65,4.3,620,ToyLand 51,Toys,Grand Est,0.0783,20180311,21,Jeudi,Decembre,0,Evening,0,2024-12-05T21:49:05.000Z,2024-12-05,2024-12,1733435345,1733356800,31,56,Age Moyen,3046.13,3,0,2024-12-05,1733387985,0,513.9932142857143,-19.84,47360,1,0
M00259,P03871,U08720,TX0001324,159.68,20240416133912,Grenoble,CARD,Clothing,22,102706.24,Paris,VIP,20230929,Elite Jacket 3871,Clothing,158.02,3.5,105,ClothingHub 259,Clothing,Ile-de-France,0.0986,20230122,13,Mardi,Avril,0,Afternoon,1,2024-04-16T13:39:12.000Z,2024-04-16,2024-04,1713274752,1713225600,3,30,Jeune,199.76,2,0,2024-04-11,1712832349,5,207.3406666666666,-22.99,442403,0,0
M00006,P00920,U11025,TX0001325,60.46,20250213094031,Nantes,BANK_TRANSFER,Home & Garden,62,17021.64,Nantes,Budget,20250226,Essential Lamp 920,Home & Garden,54.04,3.0,407,HomeStyle 6,Home & Garden,Grand Est,0.0751,20221005,9,Jeudi,Fevrier,0,Morning,1,2025-02-13T09:40:31.000Z,2025-02-13,2025-02,1739439631,1739404800,3,6,Age Moyen,60.46,1,0,2024-07-06,1720295380,222,245.11999999999998,-75.33,19144251,0,0
M00241,P04418,U00828,TX0001326,124.89,20241214082917,Nantes,CARD,Beauty,37,41701.47,Nantes,Premium,20240106,Pro Nail Kit 4418,Beauty,128.4,3.4,288,CosmeticHub 241,Beauty,Provence-Alpes-Côte d'Azur,0.0162,20210615,8,Samedi,Decembre,1,Morning,0,2024-12-14T08:29:17.000Z,2024-12-14,2024-12,1734164957,1734134400,10,19,Adulte,124.89,1,0,2024-12-05,1733433192,9,1266.5142105263158,-90.14,731765,0,0
M00301,P03744,U01804,TX0001327,80.89,20241022072502,Toulouse,CARD,Toys,29,29660.3,Toulouse,Budget,20241129,Standard Puzzle 3744,Toys,24.56,1.9,1124,PlayShop 301,Toys,Occitanie,0.0184,20170623,7,Mardi,Octobre,0,Morning,0,2024-10-22T07:25:02.000Z,2024-10-22,2024-10,1729581902,1729555200,8,9,Adulte,208.71,2,0,2024-10-20,1729440599,2,87.85,-7.92,141303,0,0
M00333,P05978,U10063,TX0001328,137.78,20240713172322,Nîmes,PAYPAL,Toys,16,110621.29,Nîmes,VIP,20240806,Essential Toy Car 5978,Toys,142.57,4.7,870,ToyHub 333,Toys,Nouvelle-Aquitaine,0.0635,20230319,17,Samedi,Juillet,1,Afternoon,0,2024-07-13T17:23:22.000Z,2024-07-13,2024-07,1720891402,1720828800,22,53,Jeune,1105.89,4,0,2024-07-11,1720732402,2,443.78830188679234,-68.95,159000,0,0
M00529,P04410,U01833,TX0001329,649.08,20240626173609,Bordeaux,CARD,Electronics,47,17426.27,Bordeaux,Budget,20240913,,,,,,GadgetShop 529,Electronics,Ile-de-France,0.0812,20220414,17,Mercredi,Juin,0,Afternoon,0,2024-06-26T17:36:09.000Z,2024-06-26,2024-06,1719423369,1719360000,2,6,Age Moyen,649.08,1,0,2024-06-19,1718826555,7,227.30666666666664,185.55,596814,0,0
M00149,P05408,U03980,TX0001330,603.34,20250919091016,Strasbourg,PAYPAL,Electronics,50,113914.49,Strasbourg,VIP,20250701,Classic Headphones 5408,Electronics,581.61,2.2,963,DigitalHub 149,Electronics,Normandie,0.0608,20221202,9,Vendredi,Septembre,0,Morning,1,2025-09-19T09:10:16.000Z,2025-09-19,2025-09,1758273016,1758240000,27,52,Age Moyen,10247.92,4,0,2025-09-18,1758221079,1,963.8898076923075,-37.41,51937,0,0
M00213,P04978,U11284,TX0001331,62.91,20241207173345,Paris,BANK_TRANSFER,Food,37,130501.38,Paris,VIP,20250128,Premium Tea Set 4978,Food,63.54,4.0,79,FoodMart 213,Food,Grand Est,0.0481,20170326,17,Samedi,Decembre,1,Afternoon,0,2024-12-07T17:33:45.000Z,2024-12-07,2024-12,1733592825,1733529600,1,19,Adulte,62.91,1,0,,,,352.89578947368426,-82.17,,0,0
M00108,P00485,U08885,TX0001332,99.34,20250427150016,Nantes,BANK_TRANSFER,Health,69,136917.85,Strasbourg,VIP,20230218,Classic Thermometer 485,Health,105.87,3.5,134,HealthHub 108,Health,Ile-de-France,0.0723,20210222,15,Dimanche,Avril,1,Afternoon,1,2025-04-27T15:00:16.000Z,2025-04-27,2025-04,1745766016,1745712000,65,65,Senior,799.12,3,0,2025-04-24,1745513607,3,329.8013846153847,-69.88,252409,0,0
M00092,P04882,U09333,TX0001333,215.09,20250223174501,Paris,BANK_TRANSFER,Sports,32,41115.75,Paris,Standard,20230919,Elite Yoga Mat 4882,Sports,231.58,2.4,1038,SportHub 92,Sports,Ile-de-France,0.0978,20171205,17,Dimanche,Fevrier,1,Afternoon,0,2025-02-23T17:45:01.000Z,2025-02-23,2025-02,1740332701,1740268800,1,17,Adulte,215.09,1,0,,,,471.36470588235295,-54.37,,0,0
M00308,P03896,U09322,TX0001334,9.13,20250129183457,Lyon,PAYPAL,Toys,16,18938.65,Lyon,Budget,20241212,Standard Building Blocks 3896,Toys,8.69,2.0,398,PlayShop 308,Toys,Auvergne-Rhône-Alpes,0.059,20201027,18,Mercredi,Janvier,0,Evening,0,2025-01-29T18:34:57.000Z,2025-01-29,2025-01,1738175697,1738108800,4,8,Jeune,1670.9,2,0,2025-01-25,1737831196,4,267.3237500000001,-96.58,344501,0,0
M00115,P05110,U04311,TX0001335,16.22,20250308161656,Reims,PAYPAL,Health,40,78627.34,Reims,Premium,20250307,Premium First Aid Kit 5110,Health,15.76,4.3,674,WellnessStore 115,Health,Occitanie,0.043,20170331,16,Samedi,Mars,1,Afternoon,1,2025-03-08T16:16:56.000Z,2025-03-08,2025-03,1741450616,1741392000,13,19,Adulte,35.41,1,0,2025-03-08,1741418154,0,128.91421052631577,-87.42,32462,0,0
M00193,P01831,U03302,TX0001336,221.91,20240801184002,Bordeaux,CASH,Toys,59,69544.06,Bordeaux,VIP,20230329,Premium Toy Car 1831,Toys,123.03,3.3,612,ToyLand 193,Toys,Ile-de-France,0.0191,20200825,18,Jeudi,Aout,0,Evening,0,2024-08-01T18:40:02.000Z,2024-08-01,2024-08,1722537602,1722470400,41,72,Age Moyen,333.59,1,0,2024-08-01,1722503941,0,438.21694444444455,-49.36,33661,0,0
M00589,P01008,U05435,TX0001337,29.84,20250902192829,Nice,PAYPAL,Books,39,38844.97,Nîmes,Standard,20230801,Standard Textbook 1008,Books,29.83,4.1,276,BookHaven 589,Books,Auvergne-Rhône-Alpes,0.0527,20180604,19,Mardi,Septembre,0,Evening,0,2025-09-02T19:28:29.000Z,2025-09-02,2025-09,1756841309,1756771200,1,8,Adulte,29.84,1,0,,,,974.38375,-96.94,,0,0
M00501,P03364,U02688,TX0001338,12.92,20250204161643,Lille,CRYPTO,Beauty,48,87850.25,Lille,VIP,20240920,Classic Nail Kit 3364,Beauty,12.29,1.8,689,CosmeticHub 501,Beauty,Nouvelle-Aquitaine,0.0771,20211203,16,Mardi,Fevrier,0,Afternoon,1,2025-02-04T16:16:43.000Z,2025-02-04,2025-02,1738685803,1738627200,37,56,Age Moyen,1407.72,2,0,2025-02-02,1738519801,2,474.64160714285725,-97.28,166002,1,0
M00083,P04663,U07024,TX0001339,780.79,20250126172225,Grenoble,BANK_TRANSFER,Automotive,60,43953.49,Villeurbanne,Premium,20241130,Premium Tyre Set 4663,Automotive,706.75,2.9,500,MotorHub 83,Automotive,Bretagne,0.027,20180703,17,Dimanche,Janvier,1,Afternoon,0,2025-01-26T17:22:25.000Z,2025-01-26,2025-01,1737912145,1737849600,14,25,Age Moyen,780.79,1,0,2025-01-10,1736482024,16,423.73280000000005,84.26,1430121,0,0
M00203,P03438,U11035,TX0001340,331.95,20240427205540,Nice,CARD,Sports,46,25791.72,Nice,Standard,20241004,Premium Bicycle Helmet 3438,Sports,337.14,4.8,759,SportHub 203,Sports,Hauts-de-France,0.044,20190927,20,Samedi,Avril,1,Evening,0,2024-04-27T20:55:40.000Z,2024-04-27,2024-04,1714251340,1714176000,8,9,Age Moyen,331.95,1,0,2024-03-17,1710636717,41,281.3955555555555,17.97,3614623,0,0
M00485,P02579,U00766,TX0001341,49.27,20250818232812,Reims,CARD,Beauty,31,125338.26,Marseille,VIP,20240325,Premium Shampoo 2579,Beauty,46.59,3.8,163,BeautyWorld 485,Beauty,Auvergne-Rhône-Alpes,0.0141,20191229,23,Lundi,Aout,0,Night,0,2025-08-18T23:28:12.000Z,2025-08-18,2025-08,1755559692,1755475200,33,42,Adulte,1843.21,2,0,2025-08-18,1755509740,0,240.46952380952388,-79.51,49952,1,0
M00118,P01674,U01214,TX0001342,17.09,20240113210744,Paris,CRYPTO,Books,41,32522.37,Paris,Budget,20241008,Pro Biography 1674,Books,16.61,2.1,916,BookHaven 118,Books,Hauts-de-France,0.0868,20220531,21,Samedi,Janvier,1,Evening,0,2024-01-13T21:07:44.000Z,2024-01-13,2024-01,1705180064,1705104000,2,15,Adulte,17.09,1,0,2024-01-02,1704183856,11,663.6466666666668,-97.42,996208,1,0
M00228,P05773,U10940,TX0001343,78.97,20250517124846,Lille,CARD,Toys,23,25601.97,Toulouse,Budget,20230820,Standard Puzzle 5773,Toys,86.52,4.0,1000,PlayShop 228,Toys,Nouvelle-Aquitaine,0.044,20230722,12,Samedi,Mai,1,Afternoon,1,2025-05-17T12:48:46.000Z,2025-05-17,2025-05,1747486126,1747440000,7,10,Jeune,114.08,2,0,2025-05-11,1746984503,6,683.922,-88.45,501623,0,0
M00141,P00705,U01175,TX0001344,64.99,20241027004733,Paris,CARD,Food,49,86904.03,Paris,VIP,20230415,Elite Olive Oil 705,Food,69.77,3.5,1194,FoodMart 141,Food,Auvergne-Rhône-Alpes,0.049,20181207,0,Dimanche,Octobre,1,Night,0,2024-10-27T00:47:33.000Z,2024-10-27,2024-10,1729990053,1729987200,5,16,Age Moyen,234.03,1,0,2024-10-13,1728808491,14,422.1925,-84.61,1181562,1,0
M00353,P05853,U07351,TX0001345,80.65,20240723153739,Lyon,CARD,Toys,56,150323.56,Lyon,VIP,20230824,Elite Building Blocks 5853,Toys,76.33,4.1,59,ToyHub 353,Toys,Auvergne-Rhône-Alpes,0.0558,20190621,15,Mardi,Juillet,0,Afternoon,1,2024-07-23T15:37:39.000Z,2024-07-23,2024-07,1721749059,1721692800,10,51,Age Moyen,80.65,1,0,2024-07-16,1721154075,7,475.2288235294118,-83.03,594984,0,0
M00055,P01462,U05915,TX0001346,22.98,20240627222919,Nice,CARD,Books,22,42069.09,Nice,Premium,20250316,Premium Cookbook 1462,Books,21.6,2.5,587,BookCorner 55,Books,Auvergne-Rhône-Alpes,0.0184,20170405,22,Jeudi,Juin,0,Night,0,2024-06-27T22:29:19.000Z,2024-06-27,2024-06,1719527359,1719446400,8,28,Jeune,807.77,2,0,2024-06-27,1719517956,0,813.0667857142854,-97.17,9403,1,0
M00557,P03318,U01503,TX0001347,1626.65,20250502145217,Lyon,CASH,Electronics,55,42767.55,Lyon,Standard,20230227,Essential Headphones 3318,Electronics,1803.1,4.0,406,GadgetShop 557,Electronics,Normandie,0.067,20201005,14,Vendredi,Mai,0,Afternoon,1,2025-05-02T14:52:17.000Z,2025-05-02,2025-05,1746197537,1746144000,1,5,Age Moyen,1626.65,1,0,,,,624.838,160.33,,0,0
M00102,P04992,U03329,TX0001348,474.38,20250919083155,Nîmes,CARD,Home & Garden,51,73919.64,,VIP,20250528,Standard Plant Pot 4992,Home & Garden,483.16,2.9,527,HomeStyle 102,Home & Garden,Ile-de-France,0.079,20201011,8,Vendredi,Septembre,0,Morning,0,2025-09-19T08:31:55.000Z,2025-09-19,2025-09,1758270715,1758240000,27,29,Age Moyen,474.38,1,0,2025-09-12,1757693140,7,328.8755172413793,44.24,577575,0,0
M00560,P01597,U01052,TX0001349,206.59,20240601215229,Nantes,CASH,Health,61,179930.96,Nantes,VIP,20240908,Standard First Aid Kit 1597,Health,206.05,4.1,176,VitalShop 560,Health,Ile-de-France,0.0903,20170920,21,Samedi,Juin,1,Evening,0,2024-06-01T21:52:29.000Z,2024-06-01,2024-06,1717278749,1717200000,11,34,Age Moyen,252.41,2,0,2024-05-31,1717180078,1,242.90911764705882,-14.95,98671,0,0
M00315,P04676,U04002,TX0001350,499.36,20251110210902,Marseille,CARD,Electronics,51,111173.5,Marseille,VIP,20250114,Essential Smartphone 4676,Electronics,511.64,2.5,518,TechStore 315,Electronics,Occitanie,0.0904,20170302,21,Lundi,Novembre,0,Evening,0,2025-11-10T21:09:02.000Z,2025-11-10,2025-11,1762808942,1762732800,61,64,Age Moyen,681.66,2,0,2025-11-06,1762441022,4,787.5874999999999,-36.6,367920,0,0
M00128,P03864,U03816,TX0001351,10.96,20251228172039,Nantes,CASH,Food,17,114622.2,Nantes,VIP,20250316,Standard Tea Set 3864,Food,10.23,4.0,528,FoodHub 128,Food,Bretagne,0.0724,20200101,17,Dimanche,Decembre,1,Afternoon,0,2025-12-28T17:20:39.000Z,2025-12-28,2025-12,1766942439,1766880000,12,13,Jeune,235.89,2,0,2025-12-27,1766824401,1,173.95,-93.7,118038,0,0
M00465,P02191,U07786,TX0001352,627.62,20240705222452,Paris,BANK_TRANSFER,Clothing,70,77710.72,Paris,Premium,20250320,Pro Dress 2191,Clothing,313.34,3.3,621,StyleShop 465,Clothing,Hauts-de-France,0.0943,20221107,22,Vendredi,Juillet,0,Night,0,2024-07-05T22:24:52.000Z,2024-07-05,2024-07,1720218292,1720137600,7,27,Senior,696.47,2,0,2024-07-05,1720204618,0,300.15777777777777,109.1,13674,1,0
M00393,P01350,U01042,TX0001353,68.09,20250822094202,Paris,BANK_TRANSFER,Sports,44,51565.54,Paris,Standard,20240715,Standard Yoga Mat 1350,Sports,70.48,2.5,460,SportHub 393,Sports,Ile-de-France,0.099,20210921,9,Vendredi,Aout,0,Morning,1,2025-08-22T09:42:02.000Z,2025-08-22,2025-08,1755855722,1755820800,5,12,Adulte,68.09,1,0,2025-08-06,1754499298,16,453.7875000000001,-85.0,1356424,0,0
M00537,P04197,U01495,TX0001354,261.4,20250918193500,Paris,BANK_TRANSFER,Home & Garden,58,9786.53,Paris,Budget,20250305,Essential Lamp 4197,Home & Garden,243.88,3.6,596,GardenWorld 537,Home & Garden,Bretagne,0.0776,20191119,19,Jeudi,Septembre,0,Evening,0,2025-09-18T19:35:00.000Z,2025-09-18,2025-09,1758224100,1758153600,2,3,Age Moyen,261.4,1,0,2025-09-04,1756974239,14,373.11999999999995,-29.94,1249861,0,0
M00512,P02854,U03181,TX0001355,27.37,20250323141459,Montpellier,CARD,Books,35,46205.32,Montpellier,Premium,20230322,Standard Textbook 2854,Books,26.81,3.0,369,BookCorner 512,Books,Grand Est,0.0437,20220727,14,Dimanche,Mars,1,Afternoon,1,2025-03-23T14:14:59.000Z,2025-03-23,2025-03,1742739299,1742688000,19,21,Adulte,27.37,1,0,2025-03-13,1741871610,10,118.95761904761905,-76.99,867689,0,0
M00151,P02726,U05804,TX0001356,130.09,20251214232952,Lille,PAYPAL,Home & Garden,42,25299.8,Lille,Budget,20240403,Standard Garden Chair 2726,Home & Garden,120.37,3.1,1126,DecorShop 151,Home & Garden,Ile-de-France,0.0183,20170419,23,Dimanche,Decembre,1,Night,0,2025-12-14T23:29:52.000Z,2025-12-14,2025-12,1765754992,1765670400,7,7,Adulte,139.83,2,0,2025-12-11,1765458611,3,264.9757142857143,-50.9,296381,1,0
M00162,P03093,U05120,TX0001357,139.97,20241010122438,Nice,BANK_TRANSFER,Clothing,56,31014.24,Reims,Standard,20250517,Classic Dress 3093,Clothing,153.74,3.2,194,TrendyWear 162,Clothing,Ile-de-France,0.0465,20230322,12,Jeudi,Octobre,0,Afternoon,1,2024-10-10T12:24:38.000Z,2024-10-10,2024-10,1728563078,1728518400,2,12,Age Moyen,2521.19,2,0,2024-10-09,1728468794,1,707.7391666666666,-80.22,94284,0,0
M00262,P02758,U10968,TX0001358,1473.53,20250624132844,Toulon,CARD,Electronics,46,103939.38,Toulon,Premium,20230122,Premium Tablet 2758,Electronics,1434.79,3.3,1177,GadgetShop 262,Electronics,Provence-Alpes-Côte d'Azur,0.0943,20230617,13,Mardi,Juin,0,Afternoon,1,2025-06-24T13:28:44.000Z,2025-06-24,2025-06,1750771724,1750723200,24,38,Age Moyen,1473.53,1,0,2025-06-13,1749814496,11,682.7373684210527,115.83,957228,0,0
M00176,P03640,U00460,TX0001359,21.95,20250915163224,Lyon,PAYPAL,Toys,30,31734.31,Lyon,Standard,20240828,Premium Puzzle 3640,Toys,24.05,2.8,1125,ToyHub 176,Toys,Occitanie,0.0117,20181123,16,Lundi,Septembre,0,Afternoon,1,2025-09-15T16:32:24.000Z,2025-09-15,2025-09,1757953944,1757894400,6,10,Adulte,21.95,1,0,2025-08-27,1756294707,19,157.68200000000002,-86.08,1659237,0,0
M00470,P00545,U08187,TX0001360,62.47,20240325081506,Lyon,BANK_TRANSFER,Food,31,22127.18,Lyon,Budget,20240205,Elite Chocolate Box 545,Food,62.59,5.0,336,GourmetShop 470,Food,Nouvelle-Aquitaine,0.0886,20210223,8,Lundi,Mars,0,Morning,0,2024-03-25T08:15:06.000Z,2024-03-25,2024-03,1711354506,1711324800,1,10,Adulte,78.08,1,0,,,,531.177,-88.24,,0,0
M00412,P00158,U06803,TX0001361,14.12,20241220140432,Marseille,BANK_TRANSFER,Health,31,53259.05,Marseille,Standard,20230426,Classic Blood Monitor 158,Health,13.88,2.8,300,HealthShop 412,Health,Auvergne-Rhône-Alpes,0.0125,20200125,14,Vendredi,Decembre,0,Afternoon,1,2024-12-20T14:04:32.000Z,2024-12-20,2024-12,1734703472,1734652800,14,22,Adulte,1548.59,6,1,2024-12-19,1734608443,1,266.91363636363644,-94.71,95029,0,0
M00256,P01716,U06817,TX0001362,62.84,20250411182505,Nantes,CASH,Health,35,20654.43,Nantes,Standard,20241111,Premium Thermometer 1716,Health,57.76,2.4,781,VitalShop 256,Health,Auvergne-Rhône-Alpes,0.0211,20180228,18,Vendredi,Avril,0,Evening,0,2025-04-11T18:25:05.000Z,2025-04-11,2025-04,1744395905,1744329600,7,10,Adulte,62.84,1,0,2024-11-15,1731664579,147,760.892,-91.74,12731326,0,0
M00099,P02105,U04188,TX0001363,1256.44,20250102090753,Toulouse,CARD,Automotive,53,85027.27,Toulouse,VIP,20250831,Classic Car Battery 2105,Automotive,682.26,3.7,602,AutoCenter 99,Automotive,Ile-de-France,0.0664,20191216,9,Jeudi,Janvier,0,Morning,1,2025-01-02T09:07:53.000Z,2025-01-02,2025-01,1735808873,1735776000,25,47,Age Moyen,1256.44,1,0,2024-09-30,1727720586,94,234.25170212765957,436.36,8088287,1,0
M00446,P04025,U08829,TX0001364,170.05,20241004201136,Nantes,PAYPAL,Home & Garden,46,130022.33,Nantes,VIP,20250905,Classic Garden Chair 4025,Home & Garden,166.61,1.9,719,DecorShop 446,Home & Garden,Normandie,0.0539,20230305,20,Vendredi,Octobre,0,Evening,0,2024-10-04T20:11:36.000Z,2024-10-04,2024-10,1728072696,1728000000,23,52,Age Moyen,402.64,3,0,2024-09-29,1727631600,5,146.60673076923075,15.99,441096,0,0
M00127,P00910,U01596,TX0001365,518.29,20240308074908,Paris,PAYPAL,Sports,16,104657.36,Paris,VIP,20250421,Classic Dumbbells 910,Sports,472.77,4.0,840,SportZone 127,Sports,Auvergne-Rhône-Alpes,0.0369,20170522,7,Vendredi,Mars,0,Morning,0,2024-03-08T07:49:08.000Z,2024-03-08,2024-03,1709884148,1709856000,3,35,Jeune,2511.4,2,0,2024-03-04,1709588527,4,631.074,-17.87,295621,0,0
M00384,P04237,U11599,TX0001366,138.15,20250531095916,Paris,CARD,Clothing,40,68676.23,Paris,Premium,20241221,Premium Jeans 4237,Clothing,128.59,3.4,139,StyleShop 384,Clothing,Ile-de-France,0.0874,20200829,9,Samedi,Mai,1,Morning,1,2025-05-31T09:59:16.000Z,2025-05-31,2025-05,1748685556,1748649600,13,23,Adulte,138.15,1,0,2025-05-18,1747591952,13,474.3752173913044,-70.88,1093604,0,0
M00430,P03024,U06760,TX0001367,202.14,20250907094147,Lille,CASH,Toys,30,28706.62,Lille,Budget,20250331,Classic Puzzle 3024,Toys,63.87,2.3,374,PlayShop 430,Toys,Hauts-de-France,0.0751,20170830,9,Dimanche,Septembre,1,Morning,1,2025-09-07T09:41:47.000Z,2025-09-07,2025-09,1757238107,1757203200,5,7,Adulte,202.14,1,0,2025-02-13,1739475979,206,370.01571428571435,-45.37,17762128,0,0
M00556,P01525,U00715,TX0001368,1154.98,20240424100141,Paris,PAYPAL,Electronics,27,29995.54,Paris,Premium,20250621,Classic Headphones 1525,Electronics,1064.83,4.2,1022,ElectroWorld 556,Electronics,Normandie,0.0204,20210420,10,Mercredi,Avril,0,Morning,1,2024-04-24T10:01:41.000Z,2024-04-24,2024-04,1713952901,1713916800,2,21,Adulte,1154.98,1,0,2024-04-14,1713127448,10,670.3938095238095,72.28,825453,0,0
M00035,P05933,U01881,TX0001369,89.8,20250429075750,Paris,CRYPTO,Sports,53,23277.26,Paris,Budget,20240824,Essential Dumbbells 5933,Sports,80.95,3.3,129,ActiveWear 35,Sports,Hauts-de-France,0.0286,20180923,7,Mardi,Avril,0,Morning,0,2025-04-29T07:57:50.000Z,2025-04-29,2025-04,1745913470,1745884800,6,9,Age Moyen,89.8,1,0,2025-04-17,1744923037,12,141.20333333333332,-36.4,990433,1,0
M00504,P00443,U11406,TX0001370,274.47,20240528235315,Paris,CARD,Clothing,48,79153.56,Paris,VIP,20240123,Standard Jeans 443,Clothing,263.28,4.4,1,FashionStore 504,Clothing,Grand Est,0.027,20210514,23,Mardi,Mai,0,Night,0,2024-05-28T23:53:15.000Z,2024-05-28,2024-05,1716940395,1716854400,15,23,Age Moyen,1088.78,3,0,2024-05-28,1716924913,0,256.55782608695654,6.98,15482,1,0
M00148,P05684,U11621,TX0001371,53.4,20240523075852,Lyon,PAYPAL,Beauty,16,74444.49,Lyon,Premium,20240423,Standard Face Cream 5684,Beauty,57.77,3.0,959,BeautyWorld 148,Beauty,Auvergne-Rhône-Alpes,0.0172,20200205,7,Jeudi,Mai,0,Morning,0,2024-05-23T07:58:52.000Z,2024-05-23,2024-05,1716451132,1716422400,14,18,Jeune,1056.91,6,1,2024-05-22,1716373430,1,107.71944444444443,-50.43,77702,0,0
M00140,P04934,U10840,TX0001372,12.34,20240720135823,Strasbourg,CRYPTO,Clothing,50,71027.72,Strasbourg,Premium,20250413,Pro Sneakers 4934,Clothing,13.06,2.3,302,TrendyWear 140,Clothing,Nouvelle-Aquitaine,0.0711,20171119,13,Samedi,Juillet,1,Afternoon,1,2024-07-20T13:58:23.000Z,2024-07-20,2024-07,1721483903,1721433600,20,24,Age Moyen,74.4,2,0,2024-07-14,1720943305,6,492.0933333333334,-97.49,540598,1,0
M00273,P02992,U05705,TX0001373,1754.1,20250624131849,Saint-Etienne,PAYPAL,Automotive,44,125512.86,Saint-Etienne,VIP,20240712,,,,,,,Inconnu,Inconnu,,,13,Mardi,Juin,0,Afternoon,1,2025-06-24T13:18:49.000Z,2025-06-24,2025-06,1750771129,1750723200,23,40,Adulte,2094.09,4,0,2025-06-23,1750676676,1,279.39750000000004,527.82,94453,1,0
M00100,P03435,U06488,TX0001374,172.4,20250412142853,Le Havre,PAYPAL,Clothing,35,40791.31,Strasbourg,Standard,20240629,Premium Jacket 3435,Clothing,162.98,4.4,516,StyleShop 100,Clothing,Hauts-de-France,0.0211,20180811,14,Samedi,Avril,1,Afternoon,1,2025-04-12T14:28:53.000Z,2025-04-12,2025-04,1744468133,1744416000,9,11,Adulte,172.4,1,0,2025-04-02,1743634748,10,445.29636363636365,-61.28,833385,0,0
M00102,P00100,U03522,TX0001375,257.28,20240709090545,Paris,CARD,Home & Garden,,,,Inconnu,,Standard Rug 100,Home & Garden,242.49,3.4,1015,HomeStyle 102,Home & Garden,Ile-de-France,0.079,20201011,9,Mardi,Juillet,0,Morning,1,2024-07-09T09:05:45.000Z,2024-07-09,2024-07,1720515945,1720483200,6,24,Inconnu,403.33,2,0,2024-07-04,1720116946,5,460.7929166666666,-44.17,398999,0,0
M00577,P02532,U09131,TX0001376,85.82,20240730185751,Nîmes,CASH,Books,26,33826.66,Lille,Premium,20240603,,,,,,LibraryShop 577,Books,Hauts-de-France,0.0355,20210603,18,Mardi,Juillet,0,Evening,0,2024-07-30T18:57:51.000Z,2024-07-30,2024-07,1722365871,1722297600,13,18,Adulte,928.47,3,0,2024-07-28,1722176084,2,178.25055555555556,-51.85,189787,0,0
M00147,P04598,U05015,TX0001377,58.33,20251015223404,Lyon,BANK_TRANSFER,Books,51,73206.0,Lyon,Premium,20250309,Pro Biography 4598,Books,53.19,4.9,85,ReadMore 147,Books,Nouvelle-Aquitaine,0.0843,20220404,22,Mercredi,Octobre,0,Night,0,2025-10-15T22:34:04.000Z,2025-10-15,2025-10,1760567644,1760486400,30,33,Age Moyen,223.42,2,0,2025-10-09,1760009842,6,210.790606060606,-72.33,557802,1,0
M00229,P04400,U05921,TX0001378,147.63,20240524072814,Reims,CARD,Electronics,39,25644.46,Paris,Budget,20230203,Classic Headphones 4400,Electronics,136.91,2.5,502,GadgetShop 229,Electronics,Provence-Alpes-Côte d'Azur,0.0813,20210502,7,Vendredi,Mai,0,Morning,0,2024-05-24T07:28:14.000Z,2024-05-24,2024-05,1716535694,1716508800,4,4,Adulte,147.63,1,0,2024-04-17,1713383270,37,158.0225,-6.58,3152424,0,0
M00166,P00239,U09050,TX0001379,1000.15,20240816183503,Paris,CASH,Electronics,44,56208.91,Paris,Premium,20250815,Elite Tablet 239,Electronics,1005.39,3.7,299,TechStore 166,Electronics,Ile-de-France,0.0503,20230423,18,Vendredi,Aout,0,Evening,0,2024-08-16T18:35:03.000Z,2024-08-16,2024-08,1723833303,1723766400,11,12,Adulte,1000.15,1,0,2024-08-08,1723149281,8,197.61333333333334,406.11,684022,1,0
M00086,P04218,U06422,TX0001380,66.29,20250424191511,Bordeaux,PAYPAL,Food,38,32734.81,Bordeaux,Standard,20241222,Elite Chocolate Box 4218,Food,68.53,3.0,347,FoodHub 86,Food,Normandie,0.0563,20170427,19,Jeudi,Avril,0,Evening,0,2025-04-24T19:15:11.000Z,2025-04-24,2025-04,1745522111,1745452800,7,8,Adulte,186.99,1,0,2025-04-07,1744050094,17,64.6525,2.53,1472017,0,0
M00401,P00808,U01133,TX0001381,176.19,20241016104903,Nantes,CASH,Clothing,40,20275.43,Nantes,Standard,20240321,Classic Jeans 808,Clothing,157.67,2.6,382,FashionStore 401,Clothing,Provence-Alpes-Côte d'Azur,0.061,20230509,10,Mercredi,Octobre,0,Morning,1,2024-10-16T10:49:03.000Z,2024-10-16,2024-10,1729075743,1729036800,2,12,Adulte,176.19,1,0,2024-10-04,1728067094,12,179.57000000000002,-1.88,1008649,0,0
M00370,P02644,U04293,TX0001382,773.56,20250523175338,Nantes,PAYPAL,Automotive,40,48935.0,Nantes,Premium,20230611,Classic Oil Filter 2644,Automotive,734.69,3.2,791,MotorHub 370,Automotive,Ile-de-France,0.052,20190610,17,Vendredi,Mai,0,Afternoon,0,2025-05-23T17:53:38.000Z,2025-05-23,2025-05,1748022818,1747958400,28,42,Adulte,7975.54,2,0,2025-05-23,1747964404,0,954.3830952380949,-18.95,58414,0,0
M00086,P05426,U03258,TX0001383,54.78,20240527174008,Lyon,CARD,Food,18,73294.49,Lyon,Premium,20240725,Premium Tea Set 5426,Food,58.33,3.4,524,FoodHub 86,Food,Normandie,0.0563,20170427,17,Lundi,Mai,0,Afternoon,0,2024-05-27T17:40:08.000Z,2024-05-27,2024-05,1716831608,1716768000,5,11,Jeune,90.9,1,0,2024-05-20,1716237280,7,136.91545454545457,-59.99,594328,0,0
M00192,P02043,U04112,TX0001384,67.75,20251019092200,Grenoble,CARD,Clothing,46,51430.12,Grenoble,Premium,20250403,Essential Dress 2043,Clothing,70.59,1.3,643,ClothingHub 192,Clothing,Provence-Alpes-Côte d'Azur,0.0784,20200421,9,Dimanche,Octobre,1,Morning,1,2025-10-19T09:22:00.000Z,2025-10-19,2025-10,1760865720,1760832000,11,15,Age Moyen,779.81,2,0,2025-10-19,1760841977,0,619.1666666666667,-89.06,23743,0,0
M00363,P05272,U01393,TX0001386,142.79,20240215212202,Lyon,BANK_TRANSFER,Beauty,30,25067.24,Lyon,Budget,20231127,Standard Lipstick 5272,Beauty,128.04,5.0,88,BeautyCorner 363,Beauty,Hauts-de-France,0.0323,20210806,21,Jeudi,Fevrier,0,Evening,0,2024-02-15T21:22:02.000Z,2024-02-15,2024-02,1708032122,1707955200,1,6,Adulte,142.79,1,0,,,,257.51000000000005,-44.55,,0,0
M00517,P05097,U06934,TX0001387,30.19,20251104074316,Toulon,BANK_TRANSFER,Health,16,37306.71,Toulon,Standard,20230704,Premium Massage Gun 5097,Health,16.41,3.5,241,VitalShop 517,Health,Normandie,0.065,20210526,7,Mardi,Novembre,0,Morning,0,2025-11-04T07:43:16.000Z,2025-11-04,2025-11,1762242196,1762214400,8,12,Jeune,30.19,1,0,2025-10-19,1760883785,16,100.14749999999998,-69.85,1358411,0,0
M00234,P03473,U00771,TX0001388,81.56,20250219192923,Marseille,CRYPTO,Food,55,26824.48,Marseille,Standard,20230325,Pro Tea Set 3473,Food,86.63,4.2,337,FoodMart 234,Food,Normandie,0.0965,20210212,19,Mercredi,Fevrier,0,Evening,0,2025-02-19T19:29:23.000Z,2025-02-19,2025-02,1739993363,1739923200,9,11,Age Moyen,81.56,1,0,2025-02-12,1739354832,7,602.2563636363637,-86.46,638531,1,0
M00288,P03704,U11394,TX0001389,45.17,20240117095911,Grenoble,CARD,Beauty,45,75032.88,Grenoble,Premium,20250131,Elite Perfume 3704,Beauty,42.7,2.9,920,BeautyWorld 288,Beauty,Ile-de-France,0.0149,20230410,9,Mercredi,Janvier,0,Morning,1,2024-01-17T09:59:11.000Z,2024-01-17,2024-01,1705485551,1705449600,2,11,Age Moyen,288.11,1,0,2024-01-05,1704418232,12,901.9881818181817,-94.99,1067319,0,0
M00394,P02778,U00674,TX0001390,27.21,20240125101117,Paris,PAYPAL,Books,28,49765.61,Paris,Standard,20241123,Elite Cookbook 2778,Books,24.88,2.9,1068,LibraryShop 394,Books,Hauts-de-France,0.0963,20180415,10,Jeudi,Janvier,0,Morning,1,2024-01-25T10:11:17.000Z,2024-01-25,2024-01,1706177477,1706140800,4,9,Adulte,32.59,2,0,2024-01-22,1705954232,3,46.86555555555555,-41.94,223245,0,0
M00499,P01834,U01233,TX0001391,1125.49,20241027173048,Lyon,PAYPAL,Electronics,52,140828.53,Lyon,VIP,20241227,Classic Smartphone 1834,Electronics,1229.0,1.7,35,,Inconnu,Inconnu,,,17,Dimanche,Octobre,1,Afternoon,0,2024-10-27T17:30:48.000Z,2024-10-27,2024-10,1730050248,1729987200,6,36,Age Moyen,1132.84,2,0,2024-10-25,1729870217,2,642.276388888889,75.23,180031,0,0
M00374,P01750,U06315,TX0001392,613.36,20240716132616,Toulon,BANK_TRANSFER,Home & Garden,62,106656.4,Toulon,VIP,20240420,Pro Garden Chair 1750,Home & Garden,620.83,2.6,309,DecorShop 374,Home & Garden,Auvergne-Rhône-Alpes,0.0678,20200402,13,Mardi,Juillet,0,Afternoon,1,2024-07-16T13:26:16.000Z,2024-07-16,2024-07,1721136376,1721088000,28,35,Age Moyen,728.03,2,0,2024-07-12,1720812915,4,530.3514285714284,15.65,323461,0,0
M00204,P01685,U11020,TX0001393,1973.74,20251107213403,Marseille,CARD,Electronics,21,20453.26,Marseille,Budget,20250920,Elite Tablet 1685,Electronics,1908.46,2.8,340,DigitalHub 204,Electronics,Auvergne-Rhône-Alpes,0.0541,20190826,21,Vendredi,Novembre,0,Evening,0,2025-11-07T21:34:03.000Z,2025-11-07,2025-11,1762551243,1762473600,5,6,Jeune,2023.13,2,0,2025-11-03,1762179473,4,695.9083333333333,183.62,371770,0,0
M00346,P05951,U08210,TX0001394,141.52,20240322192205,Paris,PAYPAL,Toys,46,59647.49,Paris,Premium,20250822,Classic Puzzle 5951,Toys,132.39,3.2,391,ToyHub 346,Toys,Grand Est,0.033,20200321,19,Vendredi,Mars,0,Evening,0,2024-03-22T19:22:05.000Z,2024-03-22,2024-03,1711135325,1711065600,6,18,Age Moyen,427.14,2,0,2024-03-20,1710944432,2,693.7916666666667,-79.6,190893,0,0
M00537,P01790,U01250,TX0001395,888.86,20240825160357,Nantes,PAYPAL,Home & Garden,30,58681.48,Nantes,Premium,20250119,Premium Cookware Set 1790,Home & Garden,797.32,3.0,1016,GardenWorld 537,Home & Garden,Bretagne,0.0776,20191119,16,Dimanche,Aout,1,Afternoon,1,2024-08-25T16:03:57.000Z,2024-08-25,2024-08,1724601837,1724544000,24,43,Adulte,888.86,1,0,2024-08-18,1724008374,7,573.1195348837209,55.09,593463,0,0
M00270,P05295,U06940,TX0001396,625.29,20240318021932,Montpellier,CASH,Clothing,16,23151.5,Montpellier,Budget,20240414,Essential Dress 5295,Clothing,305.83,4.5,905,FashionStore 270,Clothing,Ile-de-France,0.0766,20170206,2,Lundi,Mars,0,Night,0,2024-03-18T02:19:32.000Z,2024-03-18,2024-03,1710728372,1710720000,1,2,Jeune,625.29,1,0,,,,552.295,13.22,,1,0
M00416,P03315,U05228,TX0001397,156.93,20250819153948,Paris,CRYPTO,Clothing,41,64888.74,Paris,Premium,20250118,Essential Jacket 3315,Clothing,158.77,2.7,458,StyleShop 416,Clothing,Bretagne,0.0849,20170707,15,Mardi,Aout,0,Afternoon,1,2025-08-19T15:39:48.000Z,2025-08-19,2025-08,1755617988,1755561600,32,37,Adulte,308.52,2,0,2025-08-19,1755616300,0,233.9427027027027,-32.92,1688,1,0
M00454,P04923,U00094,TX0001398,18.34,20250507145028,Grenoble,CARD,Beauty,44,22709.19,Dijon,Budget,20230214,Premium Serum 4923,Beauty,20.16,2.2,719,BeautyCorner 454,Beauty,Ile-de-France,0.0685,20210605,14,Mercredi,Mai,0,Afternoon,1,2025-05-07T14:50:28.000Z,2025-05-07,2025-05,1746629428,1746576000,6,8,Adulte,18.34,1,0,2024-11-26,1732637087,162,313.49875,-94.15,13992341,0,0
M00041,P01625,U06520,TX0001399,209.0,20251225083447,Strasbourg,CARD,Automotive,68,116443.32,Strasbourg,VIP,20240628,Pro Tyre Set 1625,Automotive,216.18,2.6,318,AutoCenter 41,Automotive,Nouvelle-Aquitaine,0.0171,20221224,8,Jeudi,Decembre,0,Morning,0,2025-12-25T08:34:47.000Z,2025-12-25,2025-12,1766651687,1766620800,21,21,Senior,269.71,2,0,2025-12-19,1766135231,6,81.45809523809524,156.57,516456,0,0
M00147,P04598,U07992,TX0001400,52.86,20250903074922,Villeurbanne,PAYPAL,Books,21,90270.83,Villeurbanne,VIP,20250925,Pro Biography 4598,Books,53.19,4.9,85,ReadMore 147,Books,Nouvelle-Aquitaine,0.0843,20220404,7,Mercredi,Septembre,0,Morning,0,2025-09-03T07:49:22.000Z,2025-09-03,2025-09,1756885762,1756857600,2,13,Jeune,57.7,2,0,2025-09-01,1756726318,2,487.2376923076924,-89.15,159444,0,0
M00164,P04328,U01883,TX0001401,228.2,20250620112718,Nantes,CRYPTO,Clothing,40,74566.59,Nantes,VIP,20230129,Classic Jeans 4328,Clothing,230.45,4.2,811,TrendyWear 164,Clothing,Provence-Alpes-Côte d'Azur,0.0252,20191212,11,Vendredi,Juin,0,Morning,1,2025-06-20T11:27:18.000Z,2025-06-20,2025-06,1750418838,1750377600,5,30,Adulte,1791.11,2,0,2025-06-20,1750415031,0,480.7406666666666,-52.53,3807,1,0
M00351,P02569,U05766,TX0001402,1540.99,20241224181235,Lyon,CASH,Electronics,44,61921.15,Lyon,Premium,20240925,Premium Smartphone 2569,Electronics,1432.23,3.7,1143,GadgetShop 351,Electronics,Ile-de-France,0.0617,20201026,18,Mardi,Decembre,0,Evening,0,2024-12-24T18:12:35.000Z,2024-12-24,2024-12,1735063955,1734998400,9,17,Adulte,1657.1,2,0,2024-12-21,1734763381,3,669.2823529411763,130.25,300574,0,0
M00381,P04044,U01104,TX0001403,46.71,20250217031350,Lyon,BANK_TRANSFER,Food,53,28957.59,Lyon,Standard,20230411,Classic Olive Oil 4044,Food,44.33,3.1,412,FreshMarket 381,Food,Hauts-de-France,0.015,20180905,3,Lundi,Fevrier,0,Night,0,2025-02-17T03:13:50.000Z,2025-02-17,2025-02,1739762030,1739750400,10,13,Age Moyen,912.86,2,0,2025-02-17,1739761040,0,216.05692307692308,-78.38,990,1,0
M00349,P03244,U09775,TX0001404,143.2,20251117211534,Paris,CARD,Toys,49,55984.93,Paris,Premium,20240127,Standard Puzzle 3244,Toys,132.0,3.2,540,PlayShop 349,Toys,Auvergne-Rhône-Alpes,0.0996,20170611,21,Lundi,Novembre,0,Evening,0,2025-11-17T21:15:34.000Z,2025-11-17,2025-11,1763414134,1763337600,2,5,Age Moyen,374.88,2,0,2025-11-16,1763305561,1,255.36999999999998,-43.92,108573,0,0
M00028,P00408,U09456,TX0001405,468.81,20251221170645,Lyon,CRYPTO,Sports,52,121620.2,Lyon,VIP,20250320,Essential Backpack 408,Sports,493.88,4.9,988,FitnessShop 28,Sports,Hauts-de-France,0.0526,20180707,17,Dimanche,Decembre,1,Afternoon,0,2025-12-21T17:06:45.000Z,2025-12-21,2025-12,1766336805,1766275200,29,30,Age Moyen,468.81,1,0,2025-12-08,1765215337,13,611.9166666666665,-23.39,1121468,1,0
M00377,P02754,U06365,TX0001406,63.64,20240126150428,Marseille,CASH,Clothing,54,109537.43,Marseille,VIP,20240218,Standard Sneakers 2754,Clothing,61.54,2.8,157,ClothingHub 377,Clothing,Ile-de-France,0.0756,20181121,15,Vendredi,Janvier,0,Afternoon,1,2024-01-26T15:04:28.000Z,2024-01-26,2024-01,1706281468,1706227200,7,21,Age Moyen,246.42,2,0,2024-01-25,1706209671,1,509.8642857142856,-87.52,71797,0,0
M00207,P04150,U00750,TX0001407,95.2,20250822181058,Lille,CARD,Health,40,42780.77,Marseille,Standard,20241106,Pro Thermometer 4150,Health,33.14,2.6,642,HealthHub 207,Health,Bretagne,0.0664,20221015,18,Vendredi,Aout,0,Evening,0,2025-08-22T18:10:58.000Z,2025-08-22,2025-08,1755886258,1755820800,11,11,Adulte,95.2,1,0,2025-08-11,1754931924,11,224.61454545454544,-57.62,954334,0,0
M00317,P03014,U05876,TX0001408,715.57,20250707221835,Paris,CASH,Automotive,65,115307.81,Paris,VIP,20240425,Elite Roof Rack 3014,Automotive,672.73,2.4,172,AutoShop 317,Automotive,Ile-de-France,0.0301,20210711,22,Lundi,Juillet,0,Night,0,2025-07-07T22:18:35.000Z,2025-07-07,2025-07,1751926715,1751846400,26,30,Senior,2729.57,2,0,2025-07-07,1751886564,0,592.3449999999998,20.8,40151,1,0
M00446,P02170,U05879,TX0001409,1012.71,20250206161557,Toulouse,CASH,Home & Garden,43,33365.03,Toulouse,Standard,20250907,Pro Rug 2170,Home & Garden,468.55,1.8,264,DecorShop 446,Home & Garden,Normandie,0.0539,20230305,16,Jeudi,Fevrier,0,Afternoon,1,2025-02-06T16:15:57.000Z,2025-02-06,2025-02,1738858557,1738800000,17,18,Adulte,1012.71,1,0,2024-11-22,1732267773,76,301.12277777777774,236.31,6590784,0,0
M00503,P00663,U08089,TX0001410,39.65,20250422070308,Lille,CARD,Clothing,38,48923.52,Toulouse,Premium,20230829,Pro Scarf 663,Clothing,42.42,1.9,1053,ClothingHub 503,Clothing,Occitanie,0.0787,20190209,7,Mardi,Avril,0,Morning,0,2025-04-22T07:03:08.000Z,2025-04-22,2025-04,1745305388,1745280000,20,34,Adulte,39.65,1,0,2025-04-14,1744657414,8,745.9255882352942,-94.68,647974,0,0
M00167,P04319,U10326,TX0001411,878.31,20250109175556,Saint-Etienne,CASH,Electronics,23,52721.95,Saint-Etienne,Premium,20250614,Pro Camera 4319,Electronics,856.52,2.2,885,GadgetShop 167,Electronics,Pays de la Loire,0.0564,20220328,17,Jeudi,Janvier,0,Afternoon,0,2025-01-09T17:55:56.000Z,2025-01-09,2025-01,1736445356,1736380800,26,27,Jeune,2057.81,2,0,2025-01-04,1735975311,5,781.6837037037037,12.36,470045,0,0
M00400,P04333,U04336,TX0001412,44.14,20250906103227,Lille,BANK_TRANSFER,Books,78,35531.31,Lille,Standard,20240418,,,,,,BookHaven 400,Books,Auvergne-Rhône-Alpes,0.0664,20190103,10,Samedi,Septembre,1,Morning,1,2025-09-06T10:32:27.000Z,2025-09-06,2025-09,1757154747,1757116800,1,4,Senior,44.14,1,0,,,,113.2675,-61.03,,0,0
M00446,P04180,U05649,TX0001413,600.24,20240917101225,Nantes,CARD,Home & Garden,22,62065.23,Nantes,Premium,20240118,Premium Rug 4180,Home & Garden,557.83,2.3,84,DecorShop 446,Home & Garden,Normandie,0.0539,20230305,10,Mardi,Septembre,0,Morning,1,2024-09-17T10:12:25.000Z,2024-09-17,2024-09,1726567945,1726531200,10,17,Jeune,600.24,1,0,2024-09-10,1725991386,7,535.3370588235294,12.12,576559,0,0
M00338,P01610,U06990,TX0001414,58.54,20250201014642,Paris,CARD,Books,16,26433.67,Paris,Standard,20240312,Standard Cookbook 1610,Books,52.95,4.5,640,BookHaven 338,Books,Normandie,0.0641,20221219,1,Samedi,Fevrier,1,Night,0,2025-02-01T01:46:42.000Z,2025-02-01,2025-02,1738374402,1738368000,1,6,Jeune,176.68,1,0,,,,44.75333333333334,30.81,,1,0
M00117,P05804,U09092,TX0001415,143.13,20250228100935,Nice,PAYPAL,Toys,71,35502.36,Nice,Premium,20240806,Classic Toy Car 5804,Toys,136.36,4.2,786,ToyHub 117,Toys,Hauts-de-France,0.0833,20190614,10,Vendredi,Fevrier,0,Morning,1,2025-02-28T10:09:35.000Z,2025-02-28,2025-02,1740737375,1740700800,17,17,Senior,275.31,2,0,2025-02-23,1740281719,5,284.81352941176476,-49.75,455656,0,0
M00567,P04793,U04694,TX0001416,26.6,20240309200354,Toulouse,BANK_TRANSFER,Food,29,135639.25,Toulouse,VIP,20230307,Elite Pasta Box 4793,Food,27.46,2.8,1039,FreshMarket 567,Food,Ile-de-France,0.021,20200518,20,Samedi,Mars,1,Evening,0,2024-03-09T20:03:54.000Z,2024-03-09,2024-03,1710014634,1709942400,5,37,Adulte,2577.9,2,0,2024-03-04,1709587798,5,561.6672972972975,-95.26,426836,0,0
M00244,P00478,U01181,TX0001417,979.57,20250910074947,Grenoble,CARD,Automotive,47,30268.91,Grenoble,Standard,20230205,Pro Roof Rack 478,Automotive,470.85,3.1,321,AutoCenter 244,Automotive,Grand Est,0.0285,20221116,7,Mercredi,Septembre,0,Morning,0,2025-09-10T07:49:47.000Z,2025-09-10,2025-09,1757490587,1757462400,7,9,Age Moyen,979.57,1,0,2025-06-03,1748928470,99,442.6288888888889,121.31,8562117,0,0
M00105,P04463,U06976,TX0001418,40.55,20251030163244,Rennes,PAYPAL,Food,,,,Inconnu,,Pro Chocolate Box 4463,Food,39.16,3.2,305,FreshMarket 105,Food,Grand Est,0.0473,20230630,16,Jeudi,Octobre,0,Afternoon,1,2025-10-30T16:32:44.000Z,2025-10-30,2025-10,1761841964,1761782400,21,21,Inconnu,1307.61,2,0,2025-10-28,1761663740,2,240.3552380952381,-83.13,178224,0,0
M00481,P03930,U10037,TX0001419,69.55,20241017165445,Paris,CARD,Health,22,38984.36,Paris,Standard,20250908,Pro Vitamins 3930,Health,63.88,2.9,52,HealthShop 481,Health,Auvergne-Rhône-Alpes,0.0551,20220413,16,Jeudi,Octobre,0,Afternoon,1,2024-10-17T16:54:45.000Z,2024-10-17,2024-10,1729184085,1729123200,2,7,Jeune,159.89,2,0,2024-10-11,1728617791,6,922.0485714285714,-92.46,566294,0,0
M00488,P01827,U09648,TX0001420,399.42,20240528113633,Villeurbanne,CARD,Home & Garden,44,100088.95,Villeurbanne,VIP,20240428,Standard Garden Chair 1827,Home & Garden,372.78,2.9,361,DecorShop 488,Home & Garden,Nouvelle-Aquitaine,0.0682,20171107,11,Mardi,Mai,0,Morning,1,2024-05-28T11:36:33.000Z,2024-05-28,2024-05,1716896193,1716854400,6,33,Adulte,2413.69,3,0,2024-05-26,1716735576,2,494.4481818181819,-19.22,160617,0,0
M00434,P00675,U00873,TX0001421,596.28,20241030202122,Lille,CARD,Clothing,52,39980.8,Lille,Standard,20250915,Pro Jeans 675,Clothing,275.35,3.9,506,ClothingHub 434,Clothing,Ile-de-France,0.0178,20170223,20,Mercredi,Octobre,0,Evening,0,2024-10-30T20:21:22.000Z,2024-10-30,2024-10,1730319682,1730246400,13,18,Age Moyen,769.65,1,0,2024-10-30,1730297628,0,205.11055555555555,190.71,22054,0,0
M00199,P04098,U07385,TX0001422,217.01,20240928050500,Toulouse,BANK_TRANSFER,Electronics,48,103386.81,Toulouse,VIP,20250504,Premium Scale 4098,Health,173.21,3.8,986,GadgetShop 199,Electronics,Pays de la Loire,0.0562,20170529,5,Samedi,Septembre,1,Night,0,2024-09-28T05:05:00.000Z,2024-09-28,2024-09,1727499900,1727481600,23,40,Age Moyen,305.97,1,0,2024-09-28,1727499612,0,348.4825000000002,-37.73,288,2,1
M00241,P05003,U05869,TX0001423,22.59,20250515082535,Saint-Etienne,BANK_TRANSFER,Beauty,19,133191.31,Saint-Etienne,VIP,20250109,,,,,,CosmeticHub 241,Beauty,Provence-Alpes-Côte d'Azur,0.0162,20210615,8,Jeudi,Mai,0,Morning,0,2025-05-15T08:25:35.000Z,2025-05-15,2025-05,1747297535,1747267200,3,14,Jeune,1012.67,1,0,2025-05-06,1746537056,9,244.76785714285717,-90.77,760479,0,0
M00122,P04750,U09499,TX0001424,3603.41,20240828162818,Marseille,BANK_TRANSFER,Electronics,17,27960.16,Marseille,Standard,20241108,Elite Laptop 4750,Electronics,1767.79,2.8,1183,ElectroWorld 122,Electronics,Auvergne-Rhône-Alpes,0.0557,20190914,16,Mercredi,Aout,0,Afternoon,1,2024-08-28T16:28:18.000Z,2024-08-28,2024-08,1724862498,1724803200,6,21,Jeune,3603.41,1,0,2024-08-11,1723388939,17,744.897142857143,383.75,1473559,1,0
M00257,P00817,U04471,TX0001425,91.07,20250129161552,Lyon,CARD,Toys,54,11824.82,Lyon,Budget,20240210,Classic Doll 817,Toys,82.52,3.0,116,KidsWorld 257,Toys,Auvergne-Rhône-Alpes,0.0369,20220516,16,Mercredi,Janvier,0,Afternoon,1,2025-01-29T16:15:52.000Z,2025-01-29,2025-01,1738167352,1738108800,2,4,Age Moyen,91.07,1,0,2024-11-01,1730441973,89,121.40249999999999,-24.99,7725379,0,0
M00337,P01211,U08735,TX0001426,796.16,20250627152502,Dijon,CRYPTO,Home & Garden,47,14418.7,Paris,Standard,20250411,Premium Cookware Set 1211,Home & Garden,843.24,4.0,721,DecorShop 337,Home & Garden,Nouvelle-Aquitaine,0.0746,20170108,15,Vendredi,Juin,0,Afternoon,1,2025-06-27T15:25:02.000Z,2025-06-27,2025-06,1751037902,1750982400,4,12,Age Moyen,2358.15,2,0,2025-06-25,1750869657,2,542.5241666666667,46.75,168245,1,0
M00512,P02854,U06472,TX0001427,27.37,20241129191305,Paris,CARD,Books,,,,Inconnu,,Standard Textbook 2854,Books,26.81,3.0,369,BookCorner 512,Books,Grand Est,0.0437,20220727,19,Vendredi,Novembre,0,Evening,0,2024-11-29T19:13:05.000Z,2024-11-29,2024-11,1732907585,1732838400,3,15,Inconnu,27.37,1,0,2024-11-20,1732102264,9,667.3799999999999,-95.9,805321,0,0
M00529,P00311,U00515,TX0001428,1423.14,20250222170840,Nice,BANK_TRANSFER,Electronics,44,67034.32,Nice,Premium,20241205,Elite Tablet 311,Electronics,1577.86,3.7,1066,GadgetShop 529,Electronics,Ile-de-France,0.0812,20220414,17,Samedi,Fevrier,1,Afternoon,0,2025-02-22T17:08:40.000Z,2025-02-22,2025-02,1740244120,1740182400,5,21,Adulte,2764.11,2,0,2025-02-18,1739885982,4,1067.9566666666667,33.26,358138,0,0
M00515,P03943,U01405,TX0001429,30.87,20250719083022,Grenoble,CARD,Books,,,,Inconnu,,Pro Atlas 3943,Books,32.83,4.4,1095,BookCorner 515,Books,Grand Est,0.0258,20170831,8,Samedi,Juillet,1,Morning,0,2025-07-19T08:30:22.000Z,2025-07-19,2025-07,1752913822,1752883200,6,10,Inconnu,30.87,1,0,2025-07-12,1752348959,7,710.016,-95.65,564863,0,0
M00097,P04788,U09045,TX0001430,121.22,20240423150140,Nantes,CRYPTO,Toys,39,121340.96,Nantes,VIP,20231101,Pro Building Blocks 4788,Toys,126.94,3.5,657,ToyLand 97,Toys,Occitanie,0.061,20180925,15,Mardi,Avril,0,Afternoon,1,2024-04-23T15:01:40.000Z,2024-04-23,2024-04,1713884500,1713830400,19,42,Adulte,121.22,1,0,2024-04-10,1712769840,13,194.46619047619046,-37.67,1114660,1,0
M00470,P01184,U08631,TX0001431,75.27,20240929093805,Paris,PAYPAL,Food,33,64721.56,Paris,Premium,20240517,Essential Pasta Box 1184,Food,73.54,3.6,523,GourmetShop 470,Food,Nouvelle-Aquitaine,0.0886,20210223,9,Dimanche,Septembre,1,Morning,1,2024-09-29T09:38:05.000Z,2024-09-29,2024-09,1727602685,1727568000,5,15,Adulte,895.24,2,0,2024-09-29,1727574085,0,534.9386666666668,-85.93,28600,0,0
M00570,P00262,U04594,TX0001432,93.96,20240404110339,Toulouse,CARD,Beauty,44,9303.95,Toulouse,Budget,20230414,,,,,,CosmeticHub 570,Beauty,Occitanie,0.0778,20200923,11,Jeudi,Avril,0,Morning,1,2024-04-04T11:03:39.000Z,2024-04-04,2024-04,1712228619,1712188800,1,5,Adulte,93.96,1,0,,,,486.88800000000003,-80.7,,0,0
M00067,P02949,U11491,TX0001433,222.31,20251005151923,Toulon,CARD,Beauty,47,37581.61,Toulon,Standard,20240524,Premium Shampoo 2949,Beauty,121.04,4.5,435,BeautyCorner 67,Beauty,Provence-Alpes-Côte d'Azur,0.0305,20191111,15,Dimanche,Octobre,1,Afternoon,1,2025-10-05T15:19:23.000Z,2025-10-05,2025-10,1759677563,1759622400,1,5,Age Moyen,222.31,1,0,,,,556.7880000000001,-60.07,,0,0
M00420,P03297,U02225,TX0001434,861.83,20251219155448,Paris,BANK_TRANSFER,Home & Garden,84,67682.35,Paris,Premium,20250506,Classic Plant Pot 3297,Home & Garden,816.28,2.5,113,HomeStyle 420,Home & Garden,Hauts-de-France,0.0927,20211201,15,Vendredi,Decembre,0,Afternoon,1,2025-12-19T15:54:48.000Z,2025-12-19,2025-12,1766159688,1766102400,25,26,Senior,861.83,1,0,2025-12-11,1765446380,8,258.8811538461538,232.91,713308,0,0
M00319,P05475,U09214,TX0001435,50.19,20240629153554,Montpellier,CARD,Books,59,113633.54,Villeurbanne,VIP,20250809,Elite Biography 5475,Books,52.74,4.2,179,ReadMore 319,Books,Auvergne-Rhône-Alpes,0.0382,20170214,15,Samedi,Juin,1,Afternoon,1,2024-06-29T15:35:54.000Z,2024-06-29,2024-06,1719675354,1719619200,27,42,Age Moyen,271.25,3,0,2024-06-28,1719583717,1,189.6692857142857,-73.54,91637,0,0
M00332,P04611,U00796,TX0001436,27.93,20250326192013,Marseille,CASH,Food,58,60540.13,Marseille,Premium,20250822,Essential Coffee Pack 4611,Food,25.02,2.8,401,FreshMarket 332,Food,Inconnu,0.0429,20190717,19,Mercredi,Mars,0,Evening,0,2025-03-26T19:20:13.000Z,2025-03-26,2025-03,1743016813,1742947200,17,29,Age Moyen,180.74,1,0,2025-03-26,1743011703,0,146.85413793103447,-80.98,5110,0,0
M00588,P02161,U02296,TX0001437,187.83,20250701191039,Marseille,PAYPAL,Clothing,19,105531.83,Marseille,VIP,20240919,Elite Sneakers 2161,Clothing,98.48,4.2,1053,,Inconnu,Inconnu,,,19,Mardi,Juillet,0,Evening,0,2025-07-01T19:10:39.000Z,2025-07-01,2025-07,1751397039,1751328000,14,30,Jeune,187.83,1,0,2025-03-25,1742928918,98,101.89966666666668,84.33,8468121,0,0
M00007,P01548,U09998,TX0001438,5.9,20240511190312,Angers,BANK_TRANSFER,Books,24,95044.51,Lyon,VIP,20230709,Elite Novel 1548,Books,5.6,2.0,567,BookHaven 7,Books,Occitanie,0.0889,20200324,19,Samedi,Mai,1,Evening,0,2024-05-11T19:03:12.000Z,2024-05-11,2024-05,1715454192,1715385600,23,61,Jeune,5.9,1,0,2024-05-02,1714683287,9,165.95098360655734,-96.44,770905,0,0
M00543,P05002,U00157,TX0001439,37.23,20250930161912,Paris,CARD,Books,28,44883.11,Paris,VIP,20230718,Elite Cookbook 5002,Books,35.02,3.7,487,LibraryShop 543,Books,Normandie,0.0834,20190824,16,Mardi,Septembre,0,Afternoon,1,2025-09-30T16:19:12.000Z,2025-09-30,2025-09,1759249152,1759190400,19,27,Adulte,232.78,2,0,2025-09-26,1758858625,4,109.63222222222223,-66.04,390527,0,0
M00484,P05759,U05452,TX0001440,394.23,20241207093916,Nantes,PAYPAL,Home & Garden,61,73004.65,Nantes,VIP,20250919,Elite Garden Chair 5759,Home & Garden,389.65,4.4,844,DecorShop 484,Home & Garden,Auvergne-Rhône-Alpes,0.0304,20220715,9,Samedi,Decembre,1,Morning,1,2024-12-07T09:39:16.000Z,2024-12-07,2024-12,1733564356,1733529600,9,40,Age Moyen,394.23,1,0,2024-11-24,1732458548,13,277.9652500000001,41.83,1105808,0,0
M00273,P03625,U02066,TX0001441,682.36,20250914183914,Montpellier,PAYPAL,Automotive,27,62507.12,Montpellier,Premium,20231220,Classic Car Parts 3625,Automotive,733.16,5.0,642,,Inconnu,Inconnu,,,18,Dimanche,Septembre,1,Evening,0,2025-09-14T18:39:14.000Z,2025-09-14,2025-09,1757875154,1757808000,14,20,Adulte,800.67,3,0,2025-09-13,1757753154,1,282.99800000000005,141.12,122000,0,0
M00332,P03798,U11094,TX0001442,236.68,20250212143258,,CARD,Food,51,55687.22,Nantes,Premium,20240108,Premium Pasta Box 3798,Food,74.93,3.8,746,FreshMarket 332,Food,Inconnu,0.0429,20190717,14,Mercredi,Fevrier,0,Afternoon,1,2025-02-12T14:32:58.000Z,2025-02-12,2025-02,1739370778,1739318400,4,28,Age Moyen,329.66,3,0,2025-02-10,1739174679,2,205.03214285714287,15.44,196099,0,0
M00353,P05931,U00573,TX0001443,85.34,20240111163014,Saint-Etienne,CASH,Toys,36,11536.84,Saint-Etienne,Budget,20240215,Elite Toy Car 5931,Toys,79.62,3.6,310,ToyHub 353,Toys,Auvergne-Rhône-Alpes,0.0558,20190621,16,Jeudi,Janvier,0,Afternoon,1,2024-01-11T16:30:14.000Z,2024-01-11,2024-01,1704990614,1704931200,2,12,Adulte,85.34,1,0,2024-01-01,1704133509,10,259.6775,-67.14,857105,0,0
M00393,P02265,U01892,TX0001444,2630.16,20250717042552,Bordeaux,CRYPTO,Sports,51,81573.04,Lyon,Premium,20230911,Premium Yoga Mat 2265,Sports,392.83,3.3,904,SportHub 393,Sports,Ile-de-France,0.099,20210921,4,Jeudi,Juillet,0,Night,0,2025-07-17T04:25:52.000Z,2025-07-17,2025-07,1752726352,1752710400,4,16,Age Moyen,3288.82,2,0,2025-07-16,1752692309,1,384.30375000000004,584.4,34043,3,1
M00065,P02233,U07615,TX0001445,93.1,20250102235401,Lyon,BANK_TRANSFER,Toys,21,109938.23,Lyon,VIP,20230719,Classic Board Game 2233,Toys,96.82,2.2,885,PlayShop 65,Toys,Auvergne-Rhône-Alpes,0.0479,20210325,23,Jeudi,Janvier,0,Night,0,2025-01-02T23:54:01.000Z,2025-01-02,2025-01,1735862041,1735776000,43,56,Jeune,93.1,1,0,2024-09-30,1727668784,94,150.20607142857145,-38.02,8193257,1,0
M00301,P02723,U01023,TX0001446,16.77,20240811025329,Saint-Etienne,CASH,Toys,73,35640.2,Saint-Etienne,Standard,20230223,Elite Building Blocks 2723,Toys,16.73,2.9,397,PlayShop 301,Toys,Occitanie,0.0184,20170623,2,Dimanche,Aout,1,Night,0,2024-08-11T02:53:29.000Z,2024-08-11,2024-08,1723344809,1723334400,1,13,Senior,16.77,1,0,,,,241.40307692307695,-93.05,,1,0
M00148,P03900,U03609,TX0001447,26.75,20250505035455,Nice,CARD,Beauty,16,26915.29,Nice,Budget,20240327,Classic Perfume 3900,Beauty,29.49,2.5,505,BeautyWorld 148,Beauty,Auvergne-Rhône-Alpes,0.0172,20200205,3,Lundi,Mai,0,Night,0,2025-05-05T03:54:55.000Z,2025-05-05,2025-05,1746417295,1746403200,1,6,Jeune,26.75,1,0,,,,362.54,-92.62,,1,0
M00257,P01800,U00341,TX0001448,13.4,20250806121951,Toulouse,BANK_TRANSFER,Toys,66,67788.42,Toulouse,VIP,20241026,Premium Toy Car 1800,Toys,13.7,3.3,451,KidsWorld 257,Toys,Auvergne-Rhône-Alpes,0.0369,20220516,12,Mercredi,Aout,0,Afternoon,1,2025-08-06T12:19:51.000Z,2025-08-06,2025-08,1754482791,1754438400,16,23,Senior,13.4,1,0,2025-04-28,1745871282,100,305.47999999999996,-95.61,8611509,0,0
M00197,P02706,U01872,TX0001449,1333.86,20250926144004,Paris,CASH,Electronics,37,116729.65,Paris,VIP,20250208,Standard Laptop 2706,Electronics,1361.51,2.7,930,TechStore 197,Electronics,Ile-de-France,0.0487,20200515,14,Vendredi,Septembre,0,Afternoon,1,2025-09-26T14:40:04.000Z,2025-09-26,2025-09,1758897604,1758844800,5,5,Adulte,3016.29,2,0,2025-09-25,1758784260,1,1105.944,20.61,113344,0,0
M00345,P02713,U04579,TX0001450,1906.79,20250722235348,Marseille,CARD,Electronics,38,50244.82,Marseille,Standard,20250923,Classic Smart TV 2713,Electronics,1952.66,4.9,760,GadgetShop 345,Electronics,Normandie,0.0358,20200602,23,Mardi,Juillet,0,Night,0,2025-07-22T23:53:48.000Z,2025-07-22,2025-07,1753228428,1753142400,17,19,Adulte,2754.77,2,0,2025-07-16,1752682566,6,675.4326315789473,182.31,545862,1,0
M00498,P03214,U10003,TX0001451,12.31,20240512133251,Dijon,CASH,Sports,36,141793.96,Dijon,VIP,20250625,Premium Yoga Mat 3214,Sports,11.99,2.5,424,SportZone 498,Sports,Provence-Alpes-Côte d'Azur,0.0737,20220325,13,Dimanche,Mai,1,Afternoon,1,2024-05-12T13:32:51.000Z,2024-05-12,2024-05,1715520771,1715472000,33,59,Adulte,760.28,2,0,2024-05-09,1715277938,3,494.1261016949153,-97.51,242833,0,0
M00013,P04434,U06942,TX0001452,231.47,20240819124251,Strasbourg,CARD,Clothing,32,44760.71,Strasbourg,Standard,20240523,Pro Jacket 4434,Clothing,246.41,4.2,608,ClothingHub 13,Clothing,Bretagne,0.0571,20170720,12,Lundi,Aout,0,Afternoon,1,2024-08-19T12:42:51.000Z,2024-08-19,2024-08,1724071371,1724025600,6,13,Adulte,231.47,1,0,2024-06-25,1719319691,55,326.04076923076923,-29.01,4751680,0,0
M00488,P02475,U10951,TX0001453,596.92,20241110070653,Paris,BANK_TRANSFER,Home & Garden,47,111476.49,Paris,VIP,20230324,Essential Garden Chair 2475,Home & Garden,592.73,4.0,458,DecorShop 488,Home & Garden,Nouvelle-Aquitaine,0.0682,20171107,7,Dimanche,Novembre,1,Morning,0,2024-11-10T07:06:53.000Z,2024-11-10,2024-11,1731222413,1731196800,40,52,Age Moyen,668.49,3,0,2024-11-08,1731095821,2,150.89499999999998,295.59,126592,0,0
M00503,P01354,U03130,TX0001454,78.32,20240504110212,Toulouse,CARD,Clothing,46,50170.23,Toulouse,Standard,20240224,Standard Dress 1354,Clothing,83.41,2.7,480,ClothingHub 503,Clothing,Occitanie,0.0787,20190209,11,Samedi,Mai,1,Morning,1,2024-05-04T11:02:12.000Z,2024-05-04,2024-05,1714820532,1714780800,4,11,Age Moyen,78.32,1,0,2024-03-21,1711040393,44,266.1827272727272,-70.58,3780139,0,0
M00151,P00212,U08050,TX0001456,847.26,20250902103226,Toulouse,PAYPAL,Home & Garden,42,34340.76,Toulouse,Standard,20250502,,Home & Garden,381.41,3.1,595,DecorShop 151,Home & Garden,Ile-de-France,0.0183,20170419,10,Mardi,Septembre,0,Morning,1,2025-09-02T10:32:26.000Z,2025-09-02,2025-09,1756809146,1756771200,6,11,Adulte,847.26,1,0,2025-08-22,1755849082,11,175.34636363636366,383.19,960064,1,0
M00220,P04791,U08869,TX0001457,344.77,20250413121232,Paris,CRYPTO,Sports,69,62550.05,Paris,Premium,20241125,Pro Tennis Racket 4791,Sports,382.79,3.5,584,SportHub 220,Sports,Provence-Alpes-Côte d'Azur,0.0644,20190817,12,Dimanche,Avril,1,Afternoon,1,2025-04-13T12:12:32.000Z,2025-04-13,2025-04,1744546352,1744502400,18,25,Senior,1032.11,2,0,2025-04-12,1744464040,1,363.4704000000001,-5.14,82312,1,0
M00228,P05177,U08829,TX0001458,103.86,20241231084926,Nantes,PAYPAL,Toys,46,130022.33,Nantes,VIP,20250905,Classic Doll 5177,Toys,102.06,2.0,177,PlayShop 228,Toys,Nouvelle-Aquitaine,0.044,20230722,8,Mardi,Decembre,0,Morning,0,2024-12-31T08:49:26.000Z,2024-12-31,2024-12,1735634966,1735603200,37,52,Age Moyen,113.9,2,0,2024-12-28,1735395317,3,146.60673076923075,-29.16,239649,0,0
M00006,P00920,U01618,TX0001459,51.43,20250221110544,Grenoble,PAYPAL,Home & Garden,43,76377.76,Grenoble,VIP,20230822,Essential Lamp 920,Home & Garden,54.04,3.0,407,HomeStyle 6,Home & Garden,Grand Est,0.0751,20221005,11,Vendredi,Fevrier,0,Morning,1,2025-02-21T11:05:44.000Z,2025-02-21,2025-02,1740135944,1740096000,14,39,Adulte,347.15,3,0,2025-02-18,1739876198,3,460.10974358974363,-88.82,259746,0,0
M00328,P05252,U00994,TX0001460,33.9,20240413230433,Reims,PAYPAL,Health,45,23061.21,Paris,Standard,20240524,Classic Vitamins 5252,Health,17.28,1.3,142,HealthHub 328,Health,Inconnu,0.0874,20210608,23,Samedi,Avril,1,Night,0,2024-04-13T23:04:33.000Z,2024-04-13,2024-04,1713049473,1712966400,4,9,Age Moyen,33.9,1,0,2024-03-09,1710015393,35,179.81666666666672,-81.15,3034080,1,0
M00273,P00800,U07444,TX0001461,372.49,20250920191545,Paris,PAYPAL,Automotive,43,155817.8,Paris,VIP,20241211,Premium Dash Cam 800,Automotive,340.62,3.3,157,,Inconnu,Inconnu,,,19,Samedi,Septembre,1,Evening,0,2025-09-20T19:15:45.000Z,2025-09-20,2025-09,1758395745,1758326400,43,45,Adulte,372.49,1,0,2025-09-10,1757485641,10,589.7391111111111,-36.84,910104,0,0
M00509,P02411,U00382,TX0001462,82.93,20241231183905,Grenoble,PAYPAL,Beauty,61,59358.06,Grenoble,VIP,20240206,Elite Perfume 2411,Beauty,74.86,3.6,112,BeautyCorner 509,Beauty,Occitanie,0.0737,20170329,18,Mardi,Decembre,0,Evening,0,2024-12-31T18:39:05.000Z,2024-12-31,2024-12,1735670345,1735603200,15,27,Age Moyen,737.82,2,0,2024-12-30,1735600517,1,178.8244444444444,-53.62,69828,0,0
M00398,P03932,U08160,TX0001463,1079.99,20250422040308,Le Havre,PAYPAL,Automotive,58,28461.17,Le Havre,Standard,20250120,Premium Tyre Set 3932,Automotive,1143.0,4.0,649,CarParts 398,Automotive,Bretagne,0.0858,20181104,4,Mardi,Avril,0,Night,0,2025-04-22T04:03:08.000Z,2025-04-22,2025-04,1745294588,1745280000,4,4,Age Moyen,1079.99,1,0,2025-04-06,1743975108,16,675.395,59.9,1319480,1,0
M00023,P01063,U08224,TX0001464,27.24,20250205113858,Toulouse,CARD,Food,37,26564.0,Toulouse,Standard,20250426,Essential Cheese Platter 1063,Food,27.05,3.5,936,GourmetShop 23,Food,Bretagne,0.0684,20220517,11,Mercredi,Fevrier,0,Morning,1,2025-02-05T11:38:58.000Z,2025-02-05,2025-02,1738755538,1738713600,1,10,Adulte,382.02,1,0,,,,1220.3020000000001,-97.77,,0,0
M00238,P05883,U03816,TX0001465,14.96,20251208082513,Nantes,CASH,Books,17,114622.2,Nantes,VIP,20250316,Standard Novel 5883,Books,15.27,2.8,857,ReadMore 238,Books,Ile-de-France,0.0973,20170531,8,Lundi,Decembre,0,Morning,0,2025-12-08T08:25:13.000Z,2025-12-08,2025-12,1765182313,1765152000,9,13,Jeune,14.96,1,0,2025-12-01,1764605015,7,173.95,-91.4,577298,0,0
M00305,P03032,U11475,TX0001466,73.79,20240519223602,Lyon,CARD,Food,18,79764.85,Lyon,VIP,20250818,Essential Olive Oil 3032,Food,80.44,3.3,997,GourmetShop 305,Food,Occitanie,0.0211,20180217,22,Dimanche,Mai,1,Night,0,2024-05-19T22:36:02.000Z,2024-05-19,2024-05,1716158162,1716076800,22,45,Jeune,73.79,1,0,2024-05-12,1715535415,7,155.45111111111112,-52.53,622747,1,0
M00248,P04392,U02953,TX0001467,559.63,20251128082335,Bordeaux,PAYPAL,Clothing,56,14639.75,Bordeaux,Budget,20230314,Standard T-Shirt 4392,Clothing,267.13,4.0,431,ClothingHub 248,Clothing,Auvergne-Rhône-Alpes,0.0373,20201025,8,Vendredi,Novembre,0,Morning,0,2025-11-28T08:23:35.000Z,2025-11-28,2025-11,1764318215,1764288000,5,8,Age Moyen,1110.57,3,0,2025-11-27,1764274470,1,172.94624999999996,223.59,43745,0,0
M00374,P02245,U01353,TX0001468,743.23,20241205081327,Toulouse,CARD,Home & Garden,16,29083.08,Toulouse,Budget,20241029,Premium Cookware Set 2245,Home & Garden,781.39,3.9,153,DecorShop 374,Home & Garden,Auvergne-Rhône-Alpes,0.0678,20200402,8,Jeudi,Decembre,0,Morning,0,2024-12-05T08:13:27.000Z,2024-12-05,2024-12,1733386407,1733356800,1,5,Jeune,743.23,1,0,,,,452.35599999999994,64.3,,0,0
M00172,P04582,U11684,TX0001469,54.54,20240607213603,Paris,PAYPAL,Clothing,16,37616.4,Paris,Standard,20250417,Essential T-Shirt 4582,Clothing,48.94,1.9,1028,FashionStore 172,Clothing,Hauts-de-France,0.0305,20170807,21,Vendredi,Juin,0,Evening,0,2024-06-07T21:36:03.000Z,2024-06-07,2024-06,1717796163,1717718400,2,13,Jeune,155.4,2,0,2024-06-01,1717248057,6,424.0592307692308,-87.14,548106,0,0
M00576,P00503,U07149,TX0001470,95.59,20240427202023,Lille,BANK_TRANSFER,Books,66,20865.59,Lille,Budget,20241029,Premium Biography 503,Books,47.06,4.0,672,ReadMore 576,Books,Ile-de-France,0.0266,20180329,20,Samedi,Avril,1,Evening,0,2024-04-27T20:20:23.000Z,2024-04-27,2024-04,1714249223,1714176000,3,9,Senior,95.59,1,0,2024-04-20,1713614612,7,494.86666666666656,-80.68,634611,0,0
M00346,P03439,U00984,TX0001471,97.58,20240927173431,Paris,BANK_TRANSFER,Toys,32,33545.45,Paris,Standard,20241013,Essential Doll 3439,Toys,103.73,3.5,1134,ToyHub 346,Toys,Grand Est,0.033,20200321,17,Vendredi,Septembre,0,Afternoon,0,2024-09-27T17:34:31.000Z,2024-09-27,2024-09,1727458471,1727395200,4,8,Adulte,97.58,1,0,2024-09-11,1726088693,16,106.07,-8.0,1369778,0,0
M00193,P01831,U11040,TX0001472,130.4,20240121151910,Marseille,PAYPAL,Toys,,,,Inconnu,,Premium Toy Car 1831,Toys,123.03,3.3,612,ToyLand 193,Toys,Ile-de-France,0.0191,20200825,15,Dimanche,Janvier,1,Afternoon,1,2024-01-21T15:19:10.000Z,2024-01-21,2024-01,1705850350,1705795200,3,13,Inconnu,440.08,2,0,2024-01-19,1705667762,2,241.91846153846154,-46.1,182588,0,0
M00096,P03938,U01277,TX0001473,93.62,20240919151550,Angers,CARD,Clothing,17,84928.01,Marseille,Premium,20230915,Premium Jeans 3938,Clothing,90.53,2.2,243,StyleShop 96,Clothing,Nouvelle-Aquitaine,0.0823,20201205,15,Jeudi,Septembre,0,Afternoon,1,2024-09-19T15:15:50.000Z,2024-09-19,2024-09,1726758950,1726704000,3,23,Jeune,518.93,2,0,2024-09-19,1726744981,0,321.32608695652175,-70.86,13969,0,0
M00533,P04618,U11223,TX0001474,144.74,20250926174027,Paris,CASH,Toys,38,81639.59,Paris,Premium,20230329,Classic Building Blocks 4618,Toys,74.53,3.3,901,ToyLand 533,Toys,Hauts-de-France,0.0203,20200323,17,Vendredi,Septembre,0,Afternoon,0,2025-09-26T17:40:27.000Z,2025-09-26,2025-09,1758908427,1758844800,4,13,Adulte,526.61,2,0,2025-09-22,1758581293,4,629.24,-77.0,327134,0,0
M00132,P03278,U03302,TX0001475,30.03,20240321193934,Bordeaux,CASH,Beauty,59,69544.06,Bordeaux,VIP,20230329,Premium Serum 3278,Beauty,28.44,2.4,453,BeautyWorld 132,Beauty,Inconnu,0.0466,20220323,19,Jeudi,Mars,0,Evening,0,2024-03-21T19:39:34.000Z,2024-03-21,2024-03,1711049974,1710979200,22,72,Age Moyen,1194.94,2,0,2024-03-18,1710747006,3,438.21694444444455,-93.15,302968,0,0
M00473,P04875,U01050,TX0001476,422.69,20251216100609,Saint-Etienne,CRYPTO,Home & Garden,53,67871.1,Saint-Etienne,Premium,20230113,Essential Garden Chair 4875,Home & Garden,422.45,3.4,774,DecorShop 473,Home & Garden,Hauts-de-France,0.0951,20181111,10,Mardi,Decembre,0,Morning,1,2025-12-16T10:06:09.000Z,2025-12-16,2025-12,1765879569,1765843200,15,16,Age Moyen,702.21,2,0,2025-12-10,1765348442,6,379.645,11.34,531127,1,0
M00125,P03460,U02452,TX0001477,221.82,20240802181754,Dijon,CASH,Home & Garden,61,61112.86,Dijon,Premium,20240203,Classic Plant Pot 3460,Home & Garden,199.35,3.9,483,HomeStyle 125,Home & Garden,Hauts-de-France,0.0585,20221222,18,Vendredi,Aout,0,Evening,0,2024-08-02T18:17:54.000Z,2024-08-02,2024-08,1722622674,1722556800,13,15,Age Moyen,422.12,2,0,2024-08-01,1722510541,1,362.3153333333332,-38.78,112133,0,0
M00253,P03271,U06239,TX0001478,118.27,20250310110343,Toulouse,CARD,Health,45,37861.35,Toulouse,Standard,20230823,Standard Thermometer 3271,Health,118.96,3.3,314,HealthShop 253,Health,Grand Est,0.0358,20180709,11,Lundi,Mars,0,Morning,1,2025-03-10T11:03:43.000Z,2025-03-10,2025-03,1741604623,1741564800,6,15,Age Moyen,629.68,1,0,2024-12-22,1734893301,78,151.45666666666665,-21.91,6711322,0,0
M00103,P01471,U04391,TX0001479,87.28,20240827131754,Angers,PAYPAL,Health,52,58478.1,Angers,Standard,20250603,Essential First Aid Kit 1471,Health,78.39,2.5,854,WellnessStore 103,Health,Nouvelle-Aquitaine,0.0397,20211005,13,Mardi,Aout,0,Afternoon,1,2024-08-27T13:17:54.000Z,2024-08-27,2024-08,1724764674,1724716800,8,10,Age Moyen,155.56,2,0,2024-08-25,1724592013,2,115.11099999999999,-24.18,172661,0,0
M00098,P04989,U06850,TX0001480,48.11,20250121120822,Paris,CARD,Food,44,71605.02,Paris,Premium,20240821,Essential Tea Set 4989,Food,49.44,3.9,993,GourmetShop 98,Food,Nouvelle-Aquitaine,0.0206,20200102,12,Mardi,Janvier,0,Afternoon,1,2025-01-21T12:08:22.000Z,2025-01-21,2025-01,1737461302,1737417600,28,28,Adulte,342.62,1,0,2025-01-21,1737459133,0,409.52535714285716,-88.25,2169,0,0
M00179,P05966,U02242,TX0001481,65.46,20250115220607,Strasbourg,CRYPTO,Food,50,36512.4,Strasbourg,Standard,20240111,Premium Olive Oil 5966,Food,67.72,4.2,1180,FoodMart 179,Food,Ile-de-France,0.0728,20210404,22,Mercredi,Janvier,0,Night,0,2025-01-15T22:06:07.000Z,2025-01-15,2025-01,1736978767,1736899200,9,11,Age Moyen,717.24,2,0,2025-01-13,1736797790,2,288.8363636363636,-77.34,180977,2,1
M00470,P02531,U08490,TX0001482,44.8,20241009165705,Paris,CARD,Food,61,67267.75,Paris,VIP,20230407,Premium Chocolate Box 2531,Food,47.18,3.7,829,GourmetShop 470,Food,Nouvelle-Aquitaine,0.0886,20210223,16,Mercredi,Octobre,0,Afternoon,1,2024-10-09T16:57:05.000Z,2024-10-09,2024-10,1728493025,1728432000,27,52,Age Moyen,644.28,3,0,2024-10-04,1728058061,5,164.12211538461537,-72.7,434964,0,0
M00021,P01287,U01994,TX0001483,112.7,20250208142742,Paris,PAYPAL,Toys,72,20365.76,Paris,Budget,20250214,Standard Doll 1287,Toys,116.57,5.0,321,KidsWorld 21,Toys,Auvergne-Rhône-Alpes,0.0925,20200403,14,Samedi,Fevrier,1,Afternoon,1,2025-02-08T14:27:42.000Z,2025-02-08,2025-02,1739024862,1738972800,2,5,Senior,112.7,1,0,2024-12-11,1733913006,59,152.14600000000002,-25.93,5111856,0,0
M00481,P03086,U07724,TX0001484,113.34,20240206110254,Strasbourg,BANK_TRANSFER,Health,,,,Inconnu,,Elite Thermometer 3086,Health,102.45,2.8,747,HealthShop 481,Health,Auvergne-Rhône-Alpes,0.0551,20220413,11,Mardi,Fevrier,0,Morning,1,2024-02-06T11:02:54.000Z,2024-02-06,2024-02,1707217374,1707177600,5,39,Inconnu,153.15,2,0,2024-01-31,1706700170,6,245.50205128205127,-53.83,517204,0,0
M00142,P04263,U06948,TX0001485,82.26,20240602130520,Lille,CASH,Toys,50,157999.03,Lille,VIP,20230317,Essential Toy Car 4263,Toys,83.95,2.9,763,KidsWorld 142,Toys,Bretagne,0.0683,20230219,13,Dimanche,Juin,1,Afternoon,1,2024-06-02T13:05:20.000Z,2024-06-02,2024-06,1717333520,1717286400,11,70,Age Moyen,1279.15,6,1,2024-06-01,1717265209,1,163.6435714285714,-49.73,68311,0,0
M00248,P04392,U07745,TX0001486,259.06,20240808172049,Le Havre,BANK_TRANSFER,Clothing,36,35704.34,Le Havre,Standard,20240327,Standard T-Shirt 4392,Clothing,267.13,4.0,431,ClothingHub 248,Clothing,Auvergne-Rhône-Alpes,0.0373,20201025,17,Jeudi,Aout,0,Afternoon,0,2024-08-08T17:20:49.000Z,2024-08-08,2024-08,1723137649,1723075200,4,19,Adulte,549.58,2,0,2024-08-02,1722610767,6,356.2942105263158,-27.29,526882,0,0
M00350,P02556,U04468,TX0001487,92.48,20240415161444,Reims,BANK_TRANSFER,Health,38,43579.61,Reims,Standard,20231201,Classic First Aid Kit 2556,Health,100.25,3.3,33,HealthShop 350,Health,Hauts-de-France,0.0452,20190707,16,Lundi,Avril,0,Afternoon,1,2024-04-15T16:14:44.000Z,2024-04-15,2024-04,1713197684,1713139200,3,12,Adulte,2362.59,2,0,2024-04-15,1713178969,0,587.7766666666668,-84.27,18715,0,0
M00579,P03870,U10846,TX0001488,156.19,20250312202845,Montpellier,CASH,Beauty,65,152013.86,Villeurbanne,VIP,20250313,Pro Shampoo 3870,Beauty,153.22,3.9,764,CosmeticHub 579,Beauty,Pays de la Loire,0.0656,20200129,20,Mercredi,Mars,0,Evening,0,2025-03-12T20:28:45.000Z,2025-03-12,2025-03,1741811325,1741737600,18,44,Senior,322.8,3,0,2025-03-09,1741554897,3,166.61272727272728,-6.26,256428,0,0
M00573,P02047,U08711,TX0001489,59.26,20240710095524,Nice,CARD,Food,44,32006.48,Nice,Budget,20250626,Elite Tea Set 2047,Food,30.13,3.0,1172,FoodMart 573,Food,Provence-Alpes-Côte d'Azur,0.0801,20180222,9,Mercredi,Juillet,0,Morning,1,2024-07-10T09:55:24.000Z,2024-07-10,2024-07,1720605324,1720569600,1,7,Adulte,59.26,1,0,,,,311.8,-80.99,,0,0
M00388,P01284,U09948,TX0001490,645.9,20250425184655,Le Havre,CARD,Home & Garden,49,60299.5,Marseille,Premium,20230713,Standard Lamp 1284,Home & Garden,669.77,3.8,111,HomeCenter 388,Home & Garden,Provence-Alpes-Côte d'Azur,0.0926,20200910,18,Vendredi,Avril,0,Evening,0,2025-04-25T18:46:55.000Z,2025-04-25,2025-04,1745606815,1745539200,29,33,Age Moyen,645.9,1,0,2025-04-13,1744543331,12,582.490909090909,10.89,1063484,0,0
M00576,P04873,U11296,TX0001491,42.62,20250917072011,Paris,CARD,Books,26,28058.18,Paris,Standard,20230614,Premium Textbook 4873,Books,39.9,1.8,851,ReadMore 576,Books,Ile-de-France,0.0266,20180329,7,Mercredi,Septembre,0,Morning,0,2025-09-17T07:20:11.000Z,2025-09-17,2025-09,1758093611,1758067200,11,16,Adulte,520.66,1,0,2025-07-17,1752781858,62,174.6825,-75.6,5311753,0,0
M00507,P00206,U01452,TX0001492,684.53,20240713211939,Villeurbanne,CRYPTO,Electronics,31,41056.04,Lille,Premium,20250103,Elite Smart TV 206,Electronics,655.98,3.9,751,GadgetShop 507,Electronics,Ile-de-France,0.0769,20200626,21,Samedi,Juillet,1,Evening,0,2024-07-13T21:19:39.000Z,2024-07-13,2024-07,1720905579,1720828800,8,13,Adulte,2093.93,3,0,2024-07-10,1720644662,3,295.0730769230769,131.99,260917,1,0
M00445,P05743,U03207,TX0001493,113.9,20250719075043,Reims,CARD,Food,35,66725.53,Reims,Premium,20240521,Essential Coffee Pack 5743,Food,56.04,3.7,734,FoodHub 445,Food,Ile-de-France,0.078,20180109,7,Samedi,Juillet,1,Morning,0,2025-07-19T07:50:43.000Z,2025-07-19,2025-07,1752911443,1752883200,15,20,Adulte,1639.45,3,0,2025-07-15,1752602514,4,376.4205,-69.74,308929,0,0
M00048,P02744,U03526,TX0001494,474.51,20250228151857,Reims,PAYPAL,Sports,16,123383.7,Reims,VIP,20240104,Standard Backpack 2744,Sports,510.02,3.6,231,ActiveWear 48,Sports,Inconnu,0.0352,20180326,15,Vendredi,Fevrier,0,Afternoon,1,2025-02-28T15:18:57.000Z,2025-02-28,2025-02,1740755937,1740700800,20,28,Jeune,738.1,3,0,2025-02-27,1740683709,1,220.38785714285717,115.31,72228,0,0
M00337,P05635,U10297,TX0001495,414.42,20240218160856,Marseille,PAYPAL,Home & Garden,16,70171.91,Marseille,Premium,20240904,Pro Rug 5635,Home & Garden,384.18,3.6,633,DecorShop 337,Home & Garden,Nouvelle-Aquitaine,0.0746,20170108,16,Dimanche,Fevrier,1,Afternoon,1,2024-02-18T16:08:56.000Z,2024-02-18,2024-02,1708272536,1708214400,3,21,Jeune,414.42,1,0,2024-02-04,1707074301,14,233.65047619047618,77.37,1198235,0,0
M00170,P04650,U11033,TX0001496,1781.48,20240708015046,Nîmes,PAYPAL,Electronics,50,145197.43,Nîmes,VIP,20240701,Elite Smartphone 4650,Electronics,1695.7,3.5,553,ElectroWorld 170,Electronics,Ile-de-France,0.0731,20191129,1,Lundi,Juillet,0,Night,0,2024-07-08T01:50:46.000Z,2024-07-08,2024-07,1720403446,1720396800,11,45,Age Moyen,10028.36,3,0,2024-07-07,1720373735,1,1213.7595555555556,46.77,29711,1,0
M00447,P01352,U07249,TX0001497,28.38,20251107160851,Le Havre,PAYPAL,Books,51,39367.25,Le Havre,Standard,20230603,Pro Novel 1352,Books,26.8,3.3,514,BookCorner 447,Books,Provence-Alpes-Côte d'Azur,0.0344,20181213,16,Vendredi,Novembre,0,Afternoon,1,2025-11-07T16:08:51.000Z,2025-11-07,2025-11,1762531731,1762473600,5,5,Age Moyen,28.38,1,0,2025-08-21,1755795153,78,694.412,-95.91,6736578,0,0
M00198,P03724,U08313,TX0001498,306.22,20250113162437,Marseille,CASH,Sports,20,58314.7,Marseille,Premium,20230213,Premium Dumbbells 3724,Sports,334.38,3.6,1169,ActiveWear 198,Sports,Bretagne,0.0673,20211228,16,Lundi,Janvier,0,Afternoon,1,2025-01-13T16:24:37.000Z,2025-01-13,2025-01,1736785477,1736726400,12,31,Jeune,306.22,1,0,2025-01-06,1736147033,7,687.2235483870967,-55.44,638444,0,0
M00480,P05957,U08769,TX0001499,28.04,20241214162213,Nice,CASH,Clothing,44,47239.89,Nice,Premium,20250117,Standard Scarf 5957,Clothing,14.42,2.7,797,ClothingHub 480,Clothing,Occitanie,0.0722,20201105,16,Samedi,Decembre,1,Afternoon,1,2024-12-14T16:22:13.000Z,2024-12-14,2024-12,1734193333,1734134400,2,24,Adulte,28.04,1,0,2024-12-05,1733424220,9,410.87416666666667,-93.18,769113,0,0
M00189,P02133,U11490,TX0001500,63.43,20240519011548,Nice,BANK_TRANSFER,Books,35,73199.22,Nice,VIP,20250215,Elite Atlas 2133,Books,61.86,4.2,536,ReadMore 189,Books,Occitanie,0.05,20200127,1,Dimanche,Mai,1,Night,0,2024-05-19T01:15:48.000Z,2024-05-19,2024-05,1716081348,1716076800,11,51,Adulte,375.84,3,0,2024-05-16,1715875994,3,512.2154901960786,-87.62,205354,1,0
M00030,P01381,U01428,TX0001501,48.81,20240307145728,Marseille,PAYPAL,Food,45,19426.14,Marseille,Budget,20250112,Premium Tea Set 1381,Food,50.46,3.9,1076,FreshMarket 30,Food,Nouvelle-Aquitaine,0.0827,20220911,14,Jeudi,Mars,0,Afternoon,1,2024-03-07T14:57:28.000Z,2024-03-07,2024-03,1709823448,1709769600,1,7,Age Moyen,248.73,1,0,,,,132.9857142857143,-63.3,,0,0
M00587,P00508,U09155,TX0001502,567.79,20240617100003,Paris,PAYPAL,Automotive,49,92800.26,Paris,VIP,20240506,Classic Tyre Set 508,Automotive,573.17,2.7,744,AutoCenter 587,Automotive,Auvergne-Rhône-Alpes,0.0102,20221130,10,Lundi,Juin,0,Morning,1,2024-06-17T10:00:03.000Z,2024-06-17,2024-06,1718618403,1718582400,11,22,Age Moyen,567.79,1,0,2024-06-02,1717317540,15,915.3195454545457,-37.97,1300863,0,0
M00345,P02713,U06437,TX0001503,1768.83,20240710202554,Marseille,BANK_TRANSFER,Electronics,39,33665.97,Marseille,Premium,20250525,Classic Smart TV 2713,Electronics,1952.66,4.9,760,GadgetShop 345,Electronics,Normandie,0.0358,20200602,20,Mercredi,Juillet,0,Evening,0,2024-07-10T20:25:54.000Z,2024-07-10,2024-07,1720643154,1720569600,2,18,Adulte,1806.24,1,0,2024-07-10,1720621471,0,461.72222222222223,283.09,21683,0,0
M00551,P01428,U97244,TX0001504,58.93,20241209132053,Rennes,CARD,Toys,,,,Inconnu,,Standard Doll 1428,Toys,55.65,2.9,1122,ToyLand 551,Toys,Provence-Alpes-Côte d'Azur,0.085,20221226,13,Lundi,Decembre,0,Afternoon,1,2024-12-09T13:20:53.000Z,2024-12-09,2024-12,1733750453,1733702400,1,1,Inconnu,58.93,1,0,,,,58.93,0.0,,0,0
M00468,P02476,U07614,TX0001505,93.6,20251017082957,Paris,BANK_TRANSFER,Clothing,24,159829.94,Paris,VIP,20230501,Elite Jacket 2476,Clothing,92.82,2.9,709,StyleShop 468,Clothing,Ile-de-France,0.0993,20190506,8,Vendredi,Octobre,0,Morning,0,2025-10-17T08:29:57.000Z,2025-10-17,2025-10,1760689797,1760659200,29,30,Jeune,1810.23,4,0,2025-10-15,1760523524,2,823.8666666666666,-88.64,166273,0,0
M00010,P03597,U02928,TX0001506,231.75,20241214132436,Saint-Etienne,BANK_TRANSFER,Health,50,39114.9,Saint-Etienne,Standard,20250107,Pro First Aid Kit 3597,Health,209.25,3.8,495,HealthShop 10,Health,Occitanie,0.0775,20211009,13,Samedi,Decembre,1,Afternoon,1,2024-12-14T13:24:36.000Z,2024-12-14,2024-12,1734182676,1734134400,14,18,Age Moyen,247.23,2,0,2024-12-10,1733828488,4,322.05833333333334,-28.04,354188,0,0
M00091,P05270,U05122,TX0001507,111.24,20250803103227,Saint-Etienne,CARD,Beauty,27,61550.33,Bordeaux,Premium,20241212,Premium Nail Kit 5270,Beauty,99.41,2.7,104,CosmeticHub 91,Beauty,Grand Est,0.051,20210109,10,Dimanche,Aout,1,Morning,1,2025-08-03T10:32:27.000Z,2025-08-03,2025-08,1754217147,1754179200,7,12,Adulte,4186.58,1,0,2025-06-29,1751238580,35,1029.6258333333333,-89.2,2978567,0,0
M00392,P04771,U02303,TX0001508,807.48,20241015174314,Lyon,PAYPAL,Electronics,65,117377.84,Lyon,VIP,20250830,Classic Camera 4771,Electronics,372.56,2.9,477,TechStore 392,Electronics,Occitanie,0.0913,20220317,17,Mardi,Octobre,0,Afternoon,0,2024-10-15T17:43:14.000Z,2024-10-15,2024-10,1729014194,1728950400,25,49,Senior,2252.54,4,0,2024-10-14,1728934326,1,341.72673469387746,136.29,79868,0,0
M00399,P03160,U04102,TX0001509,26.56,20250201162953,Marseille,CARD,Beauty,,,,Inconnu,,Standard Serum 3160,Beauty,28.72,2.9,161,BeautyWorld 399,Beauty,Hauts-de-France,0.0398,20200306,16,Samedi,Fevrier,1,Afternoon,1,2025-02-01T16:29:53.000Z,2025-02-01,2025-02,1738427393,1738368000,19,43,Inconnu,26.56,1,0,2024-12-29,1735468065,34,238.76395348837207,-88.88,2959328,0,0
M00495,P01013,U08857,TX0001510,28.41,20250909070107,Montpellier,CARD,Toys,59,91207.29,Nantes,VIP,20250415,Standard Building Blocks 1013,Toys,30.72,2.5,460,KidsWorld 495,Toys,Nouvelle-Aquitaine,0.044,20180504,7,Mardi,Septembre,0,Morning,0,2025-09-09T07:01:07.000Z,2025-09-09,2025-09,1757401267,1757376000,9,15,Age Moyen,28.41,1,0,2024-07-26,1721996284,410,314.78400000000005,-90.97,35404983,0,0
M00082,P04194,U09242,TX0001511,255.53,20240827062634,Saint-Etienne,BANK_TRANSFER,Sports,23,38886.7,Saint-Etienne,Standard,20240113,Pro Dumbbells 4194,Sports,234.36,2.6,1109,ActiveWear 82,Sports,Normandie,0.0366,20181027,6,Mardi,Aout,0,Morning,0,2024-08-27T06:26:34.000Z,2024-08-27,2024-08,1724739994,1724716800,4,12,Jeune,255.53,1,0,2024-08-06,1722961762,21,291.8208333333334,-12.44,1778232,0,0
M00034,P04384,U04567,TX0001512,95.01,20251215074856,Lille,BANK_TRANSFER,Health,54,42308.64,Lille,Standard,20250719,Premium Blood Monitor 4384,Health,98.81,3.8,177,HealthHub 34,Health,Occitanie,0.052,20180513,7,Lundi,Decembre,0,Morning,0,2025-12-15T07:48:56.000Z,2025-12-15,2025-12,1765784936,1765756800,13,14,Age Moyen,141.33,2,0,2025-12-09,1765273939,6,450.2492857142857,-78.9,510997,0,0
M00143,P01541,U01123,TX0001513,652.2,20241116180523,Paris,CARD,Automotive,76,110751.73,Paris,VIP,20250224,Classic Oil Filter 1541,Automotive,638.82,2.9,50,MotorHub 143,Automotive,Nouvelle-Aquitaine,0.0529,20210204,18,Samedi,Novembre,1,Evening,0,2024-11-16T18:05:23.000Z,2024-11-16,2024-11,1731780323,1731715200,41,48,Senior,851.2,2,0,2024-11-10,1731228430,6,243.9770833333334,167.32,551893,0,0
M00480,P04841,U02091,TX0001514,314.86,20241104165627,Nîmes,CARD,Clothing,42,38923.61,Saint-Etienne,Premium,20230628,Pro T-Shirt 4841,Clothing,282.34,4.2,622,ClothingHub 480,Clothing,Occitanie,0.0722,20201105,16,Lundi,Novembre,0,Afternoon,1,2024-11-04T16:56:27.000Z,2024-11-04,2024-11,1730739387,1730678400,21,28,Adulte,314.86,1,0,2024-08-31,1725126840,65,480.51178571428574,-34.47,5612547,0,0
M00153,P05087,U00390,TX0001515,29.93,20251117111414,Paris,CASH,Books,28,23936.38,Paris,Budget,20240514,Pro Novel 5087,Books,29.23,2.9,640,LibraryShop 153,Books,Provence-Alpes-Côte d'Azur,0.0376,20201003,11,Lundi,Novembre,0,Morning,1,2025-11-17T11:14:14.000Z,2025-11-17,2025-11,1763378054,1763337600,5,7,Adulte,52.53,2,0,2025-11-11,1762852477,6,200.1342857142857,-85.05,525577,0,0
M00392,P01532,U01018,TX0001516,2465.83,20250422121624,Saint-Etienne,CARD,Electronics,34,43243.91,Saint-Etienne,Premium,20240830,Classic Tablet 1532,Electronics,1233.65,5.0,823,TechStore 392,Electronics,Occitanie,0.0913,20220317,12,Mardi,Avril,0,Afternoon,1,2025-04-22T12:16:24.000Z,2025-04-22,2025-04,1745324184,1745280000,27,38,Adulte,2608.56,2,0,2025-04-17,1744900571,5,164.1371052631579,1402.3,423613,1,0
M00223,P03246,U09304,TX0001517,1544.07,20250923074501,Paris,BANK_TRANSFER,Automotive,58,107491.4,Paris,VIP,20241003,Elite Tyre Set 3246,Automotive,1490.3,5.0,228,AutoShop 223,Automotive,Ile-de-France,0.0833,20211215,7,Mardi,Septembre,0,Morning,0,2025-09-23T07:45:01.000Z,2025-09-23,2025-09,1758613501,1758585600,18,30,Age Moyen,2025.07,1,0,2025-09-13,1757783591,10,548.5113333333333,181.5,829910,0,0
M00405,P03923,U01424,TX0001518,54.49,20250922133650,Strasbourg,CARD,Beauty,21,56935.27,Strasbourg,Premium,20231019,Premium Serum 3923,Beauty,56.27,2.7,1044,BeautyWorld 405,Beauty,Nouvelle-Aquitaine,0.057,20210331,13,Lundi,Septembre,0,Afternoon,1,2025-09-22T13:36:50.000Z,2025-09-22,2025-09,1758548210,1758499200,7,15,Jeune,319.99,3,0,2025-09-18,1758190418,4,179.3273333333333,-69.61,357792,0,0
M00558,P05598,U11832,TX0001519,71.0,20250427073718,Marseille,BANK_TRANSFER,Clothing,41,40688.84,Marseille,Standard,20240315,,,,,,ClothingHub 558,Clothing,Ile-de-France,0.0986,20230220,7,Dimanche,Avril,1,Morning,0,2025-04-27T07:37:18.000Z,2025-04-27,2025-04,1745739438,1745712000,11,12,Adulte,651.22,3,0,2025-04-24,1745502769,3,363.23,-80.45,236669,0,0
M00245,P00123,U07721,TX0001520,90.59,20250323164840,Lyon,PAYPAL,Food,38,25608.78,Lyon,Budget,20241109,Essential Chocolate Box 123,Food,45.0,4.3,149,FreshMarket 245,Food,Normandie,0.0274,20170508,16,Dimanche,Mars,1,Afternoon,1,2025-03-23T16:48:40.000Z,2025-03-23,2025-03,1742748520,1742688000,12,12,Adulte,90.59,1,0,2025-03-08,1741421411,15,746.7125,-87.87,1327109,0,0
M00254,P00827,U07929,TX0001521,150.67,20241113234958,Nantes,BANK_TRANSFER,Beauty,45,20141.19,Nantes,Budget,20241002,Elite Perfume 827,Beauty,137.53,4.0,1,BeautyWorld 254,Beauty,Nouvelle-Aquitaine,0.0942,20230325,23,Mercredi,Novembre,0,Night,0,2024-11-13T23:49:58.000Z,2024-11-13,2024-11,1731541798,1731456000,3,6,Age Moyen,150.67,1,0,2024-10-23,1729716965,21,177.31333333333336,-15.03,1824833,1,0
M00269,P01964,U06273,TX0001522,66.47,20251107214605,Lyon,CASH,Clothing,32,102026.06,Lyon,VIP,20240923,Classic Jeans 1964,Clothing,69.44,2.8,556,FashionStore 269,Clothing,Grand Est,0.035,20190713,21,Vendredi,Novembre,0,Evening,0,2025-11-07T21:46:05.000Z,2025-11-07,2025-11,1762551965,1762473600,11,24,Adulte,328.63,2,0,2025-11-07,1762545689,0,235.32874999999999,-71.75,6276,0,0
M00410,P01509,U09694,TX0001523,159.28,20250830055030,Lyon,CARD,Toys,44,58911.58,Lyon,VIP,20230115,Standard Toy Car 1509,Toys,158.8,3.5,976,ToyHub 410,Toys,Nouvelle-Aquitaine,0.0447,20181008,5,Samedi,Aout,1,Night,0,2025-08-30T05:50:30.000Z,2025-08-30,2025-08,1756533030,1756512000,45,51,Adulte,186.47,2,0,2025-08-29,1756465157,1,112.25941176470587,41.89,67873,1,0
M00579,P05056,U08411,TX0001524,56.52,20240820162816,Reims,CARD,Beauty,57,21926.98,Reims,Standard,20250326,Pro Shampoo 5056,Beauty,62.33,4.7,925,CosmeticHub 579,Beauty,Pays de la Loire,0.0656,20200129,16,Mardi,Aout,0,Afternoon,1,2024-08-20T16:28:16.000Z,2024-08-20,2024-08,1724171296,1724112000,2,5,Age Moyen,414.17,2,0,2024-08-18,1723979693,2,435.496,-87.02,191603,0,0
M00090,P04715,U10161,TX0001525,58.64,20250425205552,Paris,CARD,Books,44,13072.01,Paris,Budget,20241125,Pro Biography 4715,Books,60.53,4.5,49,BookHaven 90,Books,Normandie,0.0209,20220428,20,Vendredi,Avril,0,Evening,0,2025-04-25T20:55:52.000Z,2025-04-25,2025-04,1745614552,1745539200,8,9,Adulte,58.64,1,0,2024-10-26,1729949566,181,190.99333333333334,-69.3,15664986,0,0
M00336,P02747,U02470,TX0001526,2829.67,20250321210822,Paris,CARD,Electronics,39,19566.18,Paris,Budget,20230223,Standard Camera 2747,Electronics,1472.64,3.9,440,TechStore 336,Electronics,Nouvelle-Aquitaine,0.0241,20181226,21,Vendredi,Mars,0,Evening,0,2025-03-21T21:08:22.000Z,2025-03-21,2025-03,1742591302,1742515200,11,11,Adulte,2829.67,1,0,2025-03-12,1741819631,9,778.55,263.45,771671,0,0
M00429,P00970,U01917,TX0001527,102.85,20250720163223,Toulouse,BANK_TRANSFER,Home & Garden,35,47726.02,Toulouse,Premium,20240120,Premium Garden Chair 970,Home & Garden,109.48,1.8,1164,HomeCenter 429,Home & Garden,Grand Est,0.0272,20200409,16,Dimanche,Juillet,1,Afternoon,1,2025-07-20T16:32:23.000Z,2025-07-20,2025-07,1753029143,1752969600,27,27,Adulte,102.85,1,0,2025-07-13,1752380233,7,233.56555555555553,-55.97,648910,0,0
M00498,P02280,U06666,TX0001528,418.46,20250215111511,Dijon,CARD,Sports,38,95168.66,Dijon,VIP,20230907,Classic Bicycle Helmet 2280,Sports,384.79,3.3,769,SportZone 498,Sports,Provence-Alpes-Côte d'Azur,0.0737,20220325,11,Samedi,Fevrier,1,Morning,1,2025-02-15T11:15:11.000Z,2025-02-15,2025-02,1739618111,1739577600,8,26,Adulte,418.46,1,0,2025-02-07,1738922153,8,349.1226923076923,19.86,695958,0,0
M00052,P00846,U01430,TX0001529,81.23,20250926115813,Lyon,CARD,Food,39,49753.29,Lyon,Premium,20241110,Premium Olive Oil 846,Food,83.06,5.0,59,FoodMart 52,Food,Auvergne-Rhône-Alpes,0.0629,20220907,11,Vendredi,Septembre,0,Morning,1,2025-09-26T11:58:13.000Z,2025-09-26,2025-09,1758887893,1758844800,16,23,Adulte,253.87,3,0,2025-09-25,1758810569,1,331.84260869565213,-75.52,77324,0,0
M00503,P05209,U11355,TX0001530,190.74,20241012195451,Paris,CARD,Clothing,39,40866.42,Paris,Standard,20230419,Premium T-Shirt 5209,Clothing,187.98,4.4,833,ClothingHub 503,Clothing,Occitanie,0.0787,20190209,19,Samedi,Octobre,1,Evening,0,2024-10-12T19:54:51.000Z,2024-10-12,2024-10,1728762891,1728691200,2,11,Adulte,348.02,2,0,2024-10-08,1728420294,4,314.1636363636364,-39.29,342597,0,0
M00007,P00725,U05448,TX0001531,23.27,20250103224648,Paris,CARD,Books,37,24719.13,Paris,Budget,20250319,Pro Comic Book 725,Books,23.29,2.7,515,BookHaven 7,Books,Occitanie,0.0889,20200324,22,Vendredi,Janvier,0,Night,0,2025-01-03T22:46:48.000Z,2025-01-03,2025-01,1735944408,1735862400,8,9,Adulte,23.27,1,0,2024-09-25,1727257255,100,569.1577777777779,-95.91,8687153,1,0
M00039,P01806,U11079,TX0001532,181.17,20241120150256,Toulon,CRYPTO,Health,16,23213.67,Toulon,Budget,20231208,Pro Massage Gun 1806,Health,162.12,3.1,649,HealthShop 39,Health,Grand Est,0.0297,20180613,15,Mercredi,Novembre,0,Afternoon,1,2024-11-20T15:02:56.000Z,2024-11-20,2024-11,1732114976,1732060800,1,6,Jeune,181.17,1,0,,,,116.95999999999998,54.9,,1,0
M00505,P02572,U04375,TX0001533,400.16,20240602172700,Villeurbanne,CARD,Automotive,16,39466.7,Villeurbanne,Standard,20230830,Premium Oil Filter 2572,Automotive,374.67,1.3,331,MotorHub 505,Automotive,Ile-de-France,0.0936,20210604,17,Dimanche,Juin,1,Afternoon,0,2024-06-02T17:27:00.000Z,2024-06-02,2024-06,1717349220,1717286400,12,21,Jeune,400.16,1,0,2024-05-23,1716473186,10,649.3285714285714,-38.37,876034,0,0
M00072,P05345,U04865,TX0001534,1835.09,20250113100258,Bordeaux,BANK_TRANSFER,Electronics,54,12828.01,Bordeaux,Budget,20230621,Essential Laptop 5345,Electronics,1951.09,4.3,314,TechStore 72,Electronics,Pays de la Loire,0.0935,20220915,10,Lundi,Janvier,0,Morning,1,2025-01-13T10:02:58.000Z,2025-01-13,2025-01,1736762578,1736726400,3,7,Age Moyen,1835.09,1,0,2025-01-04,1735988673,9,626.9557142857144,192.7,773905,0,0
M00035,P03882,U10849,TX0001535,360.22,20240603133306,Lyon,PAYPAL,Sports,57,9000.0,Lyon,Budget,20250629,Elite Running Shoes 3882,Sports,384.18,3.4,251,ActiveWear 35,Sports,Hauts-de-France,0.0286,20180923,13,Lundi,Juin,0,Afternoon,1,2024-06-03T13:33:06.000Z,2024-06-03,2024-06,1717421586,1717372800,1,7,Age Moyen,915.12,1,0,,,,282.5928571428571,27.47,,0,0
M00528,P04209,U08077,TX0001536,58.49,20250520110747,Nantes,CARD,Toys,65,54741.23,Nantes,Premium,20240304,Standard Toy Car 4209,Toys,59.07,1.9,501,ToyHub 528,Toys,Nouvelle-Aquitaine,0.0723,20190602,11,Mardi,Mai,0,Morning,1,2025-05-20T11:07:47.000Z,2025-05-20,2025-05,1747739267,1747699200,10,13,Senior,333.13,2,0,2025-05-15,1747272919,5,102.63538461538461,-43.01,466348,0,0
M00558,P02647,U09079,TX0001537,265.31,20241108165148,Montpellier,PAYPAL,Clothing,40,55512.81,Montpellier,Standard,20240820,Elite Jeans 2647,Clothing,275.66,4.2,864,ClothingHub 558,Clothing,Ile-de-France,0.0986,20230220,16,Vendredi,Novembre,0,Afternoon,1,2024-11-08T16:51:48.000Z,2024-11-08,2024-11,1731084708,1731024000,6,6,Adulte,265.31,1,0,2024-06-30,1719742645,131,511.155,-48.1,11342063,0,0
M00303,P01878,U04072,TX0001538,245.4,20250105182345,Toulouse,CASH,Health,81,16837.09,Toulouse,Budget,20240214,Standard Massage Gun 1878,Health,125.13,3.4,784,WellnessStore 303,Health,Provence-Alpes-Côte d'Azur,0.0253,20230723,18,Dimanche,Janvier,1,Evening,0,2025-01-05T18:23:45.000Z,2025-01-05,2025-01,1736101425,1736035200,8,11,Senior,245.4,1,0,2024-09-28,1727539804,99,452.1963636363637,-45.73,8561621,0,0
M00571,P00054,U02137,TX0001539,193.42,20241004122234,Lyon,CARD,Sports,48,74219.56,Lyon,VIP,20231022,Classic Running Shoes 54,Sports,190.3,3.0,730,FitnessShop 571,Sports,Bretagne,0.0863,20180514,12,Vendredi,Octobre,0,Afternoon,1,2024-10-04T12:22:34.000Z,2024-10-04,2024-10,1728044554,1728000000,2,14,Age Moyen,890.86,2,0,2024-10-02,1727889030,2,326.55571428571426,-40.77,155524,0,0
M00322,P02216,U05616,TX0001540,37.25,20240616054359,Angers,BANK_TRANSFER,Toys,53,55380.48,,Premium,20230711,Essential Puzzle 2216,Toys,19.66,2.8,485,ToyLand 322,Toys,Occitanie,0.0842,20220412,5,Dimanche,Juin,1,Night,0,2024-06-16T05:43:59.000Z,2024-06-16,2024-06,1718516639,1718496000,11,11,Age Moyen,37.25,1,0,2024-06-08,1717866744,8,210.82272727272724,-82.33,649895,1,0
M00373,P01246,U02096,TX0001541,61.39,20241110095208,Paris,CASH,Health,49,44420.16,Paris,Standard,20240918,Essential Thermometer 1246,Health,63.37,4.1,1015,VitalShop 373,Health,Ile-de-France,0.0183,20181011,9,Dimanche,Novembre,1,Morning,1,2024-11-10T09:52:08.000Z,2024-11-10,2024-11,1731232328,1731196800,3,11,Age Moyen,61.39,1,0,2024-10-21,1729498857,20,562.6509090909091,-89.09,1733471,0,0
M00070,P03777,U09551,TX0001542,111.61,20240625223705,Lyon,CASH,Beauty,36,45747.78,Lyon,Premium,20230617,Essential Shampoo 3777,Beauty,103.85,2.7,233,GlowShop 70,Beauty,Grand Est,0.0779,20201027,22,Mardi,Juin,0,Night,0,2024-06-25T22:37:05.000Z,2024-06-25,2024-06,1719355025,1719273600,14,29,Adulte,703.75,2,0,2024-06-24,1719213576,1,234.5,-52.41,141449,1,0
M00191,P00548,U07221,TX0001543,2856.31,20251210160205,Bordeaux,CARD,Automotive,47,122577.97,Reims,VIP,20240625,Pro Tyre Set 548,Automotive,1400.19,5.0,53,MotorHub 191,Automotive,Ile-de-France,0.0593,20181120,16,Mercredi,Decembre,0,Afternoon,1,2025-12-10T16:02:05.000Z,2025-12-10,2025-12,1765382525,1765324800,47,51,Age Moyen,9376.56,2,0,2025-12-09,1765240059,1,1047.5460784313727,172.67,142466,0,0
M00279,P04627,U10326,TX0001544,691.91,20240710122718,Saint-Etienne,BANK_TRANSFER,Automotive,23,52721.95,Saint-Etienne,Premium,20250614,Standard Dash Cam 4627,Automotive,675.77,2.1,67,MotorHub 279,Automotive,Grand Est,0.0348,20180111,12,Mercredi,Juillet,0,Afternoon,1,2024-07-10T12:27:18.000Z,2024-07-10,2024-07,1720614438,1720569600,20,27,Jeune,890.4,1,0,2024-07-01,1719848931,9,781.6837037037037,-11.48,765507,0,0
M00283,P04479,U00268,TX0001545,1584.22,20240701182748,Nantes,BANK_TRANSFER,Home & Garden,33,17617.43,Nantes,Budget,20240207,Classic Cookware Set 4479,Home & Garden,834.29,4.6,1128,HomeCenter 283,Home & Garden,Auvergne-Rhône-Alpes,0.0706,20190715,18,Lundi,Juillet,0,Evening,0,2024-07-01T18:27:48.000Z,2024-07-01,2024-07,1719858468,1719792000,1,6,Adulte,1584.22,1,0,,,,452.7,249.95,,0,0
M00372,P00748,U02091,TX0001546,25.94,20240624211801,Saint-Etienne,CARD,Clothing,42,38923.61,Saint-Etienne,Premium,20230628,Elite T-Shirt 748,Clothing,24.05,2.1,1084,ClothingHub 372,Clothing,Ile-de-France,0.0729,20190501,21,Lundi,Juin,0,Evening,0,2024-06-24T21:18:01.000Z,2024-06-24,2024-06,1719263881,1719187200,7,28,Adulte,25.94,1,0,2024-06-16,1718562558,8,480.51178571428574,-94.6,701323,0,0
M00245,P04803,U10329,TX0001547,158.82,20250703133417,Le Havre,CRYPTO,Food,16,96833.24,Le Havre,Premium,20250827,Classic Coffee Pack 4803,Food,82.15,4.7,722,FreshMarket 245,Food,Normandie,0.0274,20170508,13,Jeudi,Juillet,0,Afternoon,1,2025-07-03T13:34:17.000Z,2025-07-03,2025-07,1751549657,1751500800,8,13,Jeune,367.51,3,0,2025-07-02,1751489997,1,276.8992307692308,-42.64,59660,1,0
M00293,P02462,U03219,TX0001548,86.75,20241024192219,Paris,CARD,Beauty,46,36231.13,Paris,Standard,20231218,Standard Lipstick 2462,Beauty,87.76,3.8,229,BeautyCorner 293,Beauty,Grand Est,0.0725,20220113,19,Jeudi,Octobre,0,Evening,0,2024-10-24T19:22:19.000Z,2024-10-24,2024-10,1729797739,1729728000,6,12,Age Moyen,121.3,2,0,2024-10-22,1729587699,2,114.29333333333335,-24.1,210040,0,0
M00595,P04736,U07664,TX0001549,168.52,20250608103402,Bordeaux,PAYPAL,Health,44,41464.21,Bordeaux,Standard,20240422,Pro Massage Gun 4736,Health,169.53,3.6,1102,HealthShop 595,Health,Ile-de-France,0.0372,20220402,10,Dimanche,Juin,1,Morning,1,2025-06-08T10:34:02.000Z,2025-06-08,2025-06,1749378842,1749340800,1,7,Adulte,168.52,1,0,,,,97.51571428571428,72.81,,0,0
M00513,P00266,U01970,TX0001550,14.71,20251030115419,Le Havre,BANK_TRANSFER,Home & Garden,53,33777.1,Le Havre,Standard,20240228,Elite Garden Chair 266,Home & Garden,13.66,4.0,441,HomeStyle 513,Home & Garden,Ile-de-France,0.0379,20200826,11,Jeudi,Octobre,0,Morning,1,2025-10-30T11:54:19.000Z,2025-10-30,2025-10,1761825259,1761782400,7,8,Age Moyen,14.71,1,0,2025-10-10,1760104698,20,153.55874999999997,-90.42,1720561,0,0
M00273,P02992,U02088,TX0001551,748.61,20250215095949,Dijon,CASH,Automotive,46,24911.55,Dijon,Budget,20240504,,,,,,,Inconnu,Inconnu,,,9,Samedi,Fevrier,1,Morning,1,2025-02-15T09:59:49.000Z,2025-02-15,2025-02,1739613589,1739577600,3,7,Age Moyen,748.61,1,0,2025-02-07,1738969128,8,563.9757142857143,32.74,644461,0,0
M00496,P05288,U00008,TX0001552,148.76,20251119144235,Paris,CASH,Health,47,90700.53,Paris,VIP,20240605,Standard Scale 5288,Health,77.42,3.2,554,VitalShop 496,Health,Normandie,0.0934,20200531,14,Mercredi,Novembre,0,Afternoon,1,2025-11-19T14:42:35.000Z,2025-11-19,2025-11,1763563355,1763510400,27,35,Age Moyen,955.05,3,0,2025-11-15,1763224433,4,451.9665714285714,-67.09,338922,0,0
M00074,P03678,U00829,TX0001553,50.09,20241118221033,Paris,CARD,Clothing,72,131933.17,Paris,VIP,20250607,Elite Jeans 3678,Clothing,50.62,2.7,881,StyleShop 74,Clothing,Occitanie,0.0512,20210110,22,Lundi,Novembre,0,Night,0,2024-11-18T22:10:33.000Z,2024-11-18,2024-11,1731967833,1731888000,4,50,Senior,1051.38,3,0,2024-11-17,1731858813,1,489.2206,-89.76,109020,1,0
M00414,P01913,U11638,TX0001554,257.38,20240126110033,Lille,PAYPAL,Beauty,42,54122.6,Lille,Premium,20240926,Pro Nail Kit 1913,Beauty,90.97,4.1,1086,BeautyCorner 414,Beauty,Ile-de-France,0.011,20230512,11,Vendredi,Janvier,0,Morning,1,2024-01-26T11:00:33.000Z,2024-01-26,2024-01,1706266833,1706227200,5,27,Adulte,257.38,1,0,2024-01-19,1705644877,7,211.84111111111113,21.5,621956,0,0
M00140,P00427,U10914,TX0001555,128.95,20240912154407,Toulon,CRYPTO,Clothing,42,61805.74,Lyon,Premium,20241212,Pro T-Shirt 427,Clothing,118.74,3.8,1097,TrendyWear 140,Clothing,Nouvelle-Aquitaine,0.0711,20171119,15,Jeudi,Septembre,0,Afternoon,1,2024-09-12T15:44:07.000Z,2024-09-12,2024-09,1726155847,1726099200,11,15,Adulte,141.67,1,0,2024-09-03,1725331747,9,117.34933333333335,9.89,824100,1,0
M00321,P05909,U06837,TX0001556,89.9,20250106041143,Nice,CARD,Food,41,45938.92,Paris,Standard,20240408,Standard Chocolate Box 5909,Food,45.2,3.9,1193,FreshMarket 321,Food,Nouvelle-Aquitaine,0.0428,20181231,4,Lundi,Janvier,0,Night,0,2025-01-06T04:11:43.000Z,2025-01-06,2025-01,1736136703,1736121600,6,11,Adulte,89.9,1,0,2024-08-06,1722942014,153,208.75545454545454,-56.94,13194689,1,0
M00258,P02038,U00669,TX0001557,1216.89,20251128135802,Saint-Etienne,CASH,Electronics,58,58622.59,Saint-Etienne,Premium,20231129,Standard Camera 2038,Electronics,1133.17,2.9,781,DigitalHub 258,Electronics,Provence-Alpes-Côte d'Azur,0.0181,20200407,13,Vendredi,Novembre,0,Afternoon,1,2025-11-28T13:58:02.000Z,2025-11-28,2025-11,1764338282,1764288000,17,17,Age Moyen,1225.72,2,0,2025-11-23,1763916312,5,1062.389411764706,14.54,421970,0,0
M00012,P02277,U05736,TX0001558,101.86,20250926200655,Toulouse,CARD,Toys,41,49945.32,Toulouse,Standard,20241201,Elite Toy Car 2277,Toys,94.05,3.1,1141,PlayShop 12,Toys,Occitanie,0.0123,20221003,20,Vendredi,Septembre,0,Evening,0,2025-09-26T20:06:55.000Z,2025-09-26,2025-09,1758917215,1758844800,1,3,Adulte,101.86,1,0,,,,43.626666666666665,133.48,,0,0
M00405,P00700,U03862,TX0001559,70.5,20241026192526,Marseille,CARD,Beauty,23,27553.28,Marseille,Budget,20240718,Classic Perfume 700,Beauty,74.41,2.1,843,BeautyWorld 405,Beauty,Nouvelle-Aquitaine,0.057,20210331,19,Samedi,Octobre,1,Evening,0,2024-10-26T19:25:26.000Z,2024-10-26,2024-10,1729970726,1729900800,10,13,Jeune,70.5,1,0,2024-09-16,1726521749,40,388.1615384615385,-81.84,3448977,0,0
M00260,P03843,U02686,TX0001560,32.16,20250131061902,Nantes,CARD,Clothing,65,29481.15,Nantes,Standard,20230302,Elite Sneakers 3843,Clothing,34.37,3.0,1160,TrendyWear 260,Clothing,Ile-de-France,0.0549,20200728,6,Vendredi,Janvier,0,Morning,0,2025-01-31T06:19:02.000Z,2025-01-31,2025-01,1738304342,1738281600,4,4,Senior,32.16,1,0,2024-05-28,1716914228,248,89.495,-64.07,21390114,0,0
M00083,P03081,U06863,TX0001561,1443.07,20251116092116,Toulouse,CARD,Automotive,40,24633.84,Toulouse,Budget,20240427,Classic Car Parts 3081,Automotive,1445.16,3.7,242,MotorHub 83,Automotive,Bretagne,0.027,20180703,9,Dimanche,Novembre,1,Morning,1,2025-11-16T09:21:16.000Z,2025-11-16,2025-11,1763284876,1763251200,3,8,Adulte,1749.42,2,0,2025-11-15,1763250381,1,478.79125,201.4,34495,0,0
M00284,P00409,U02563,TX0001562,1301.4,20250929100534,Reims,CARD,Electronics,38,41109.12,Paris,Standard,20230103,Classic Headphones 409,Electronics,697.41,1.4,752,GadgetShop 284,Electronics,Hauts-de-France,0.0346,20181129,10,Lundi,Septembre,0,Morning,1,2025-09-29T10:05:34.000Z,2025-09-29,2025-09,1759140334,1759104000,3,3,Adulte,1301.4,1,0,2025-09-06,1757135654,23,992.5533333333333,31.12,2004680,0,0
M00372,P04148,U07436,TX0001563,12.2,20240708111122,Paris,CRYPTO,Clothing,62,33696.12,Paris,Standard,20241231,Classic Jacket 4148,Clothing,12.5,2.3,1166,ClothingHub 372,Clothing,Ile-de-France,0.0729,20190501,11,Lundi,Juillet,0,Morning,1,2024-07-08T11:11:22.000Z,2024-07-08,2024-07,1720437082,1720396800,8,18,Age Moyen,168.85,3,0,2024-07-07,1720357200,1,378.66499999999996,-96.78,79882,1,0
M00033,P00642,U06651,TX0001564,1406.92,20240817081123,Bordeaux,CARD,Electronics,38,25265.45,Bordeaux,Budget,20250802,Premium Tablet 642,Electronics,1506.0,4.1,319,DigitalHub 33,Electronics,Inconnu,0.0715,20220922,8,Samedi,Aout,1,Morning,0,2024-08-17T08:11:23.000Z,2024-08-17,2024-08,1723882283,1723852800,1,5,Adulte,1406.92,1,0,,,,1053.47,33.55,,0,0
M00299,P03486,U08099,TX0001565,56.14,20240817221921,Lille,CARD,Books,44,65434.29,Lille,Premium,20240628,Standard Novel 3486,Books,55.4,3.2,176,ReadMore 299,Books,Ile-de-France,0.0918,20220711,22,Samedi,Aout,1,Night,0,2024-08-17T22:19:21.000Z,2024-08-17,2024-08,1723933161,1723852800,22,24,Adulte,886.18,2,0,2024-08-15,1723719621,2,893.0141666666667,-93.71,213540,1,0
M00450,P04341,U04922,TX0001566,126.46,20241108225811,Marseille,PAYPAL,Clothing,45,58886.47,Marseille,Premium,20230823,Essential Jacket 4341,Clothing,64.98,3.0,1154,TrendyWear 450,Clothing,Pays de la Loire,0.0277,20200513,22,Vendredi,Novembre,0,Night,0,2024-11-08T22:58:11.000Z,2024-11-08,2024-11,1731106691,1731024000,2,26,Age Moyen,688.34,2,0,2024-11-05,1730846458,3,362.676923076923,-65.13,260233,1,0
M00523,P02065,U03102,TX0001567,8.1,20250312201722,Montpellier,PAYPAL,Beauty,31,52033.44,Montpellier,Premium,20250304,Standard Serum 2065,Beauty,8.37,2.5,535,GlowShop 523,Beauty,Ile-de-France,0.0828,20230224,20,Mercredi,Mars,0,Evening,0,2025-03-12T20:17:22.000Z,2025-03-12,2025-03,1741810642,1741737600,12,20,Adulte,1106.69,2,0,2025-03-10,1741603551,2,516.8884999999999,-98.43,207091,0,0
M00026,P01496,U07800,TX0001568,19.34,20240702061743,Toulon,BANK_TRANSFER,Beauty,41,21628.94,Toulon,Budget,20240706,Pro Nail Kit 1496,Beauty,18.11,2.8,607,BeautyWorld 26,Beauty,Auvergne-Rhône-Alpes,0.0659,20190326,6,Mardi,Juillet,0,Morning,0,2024-07-02T06:17:43.000Z,2024-07-02,2024-07,1719901063,1719878400,1,3,Adulte,19.34,1,0,,,,69.45333333333333,-72.15,,0,0
M00174,P04703,U08009,TX0001569,67.41,20240324171910,Paris,PAYPAL,Toys,21,64483.24,Paris,Premium,20250212,Pro Doll 4703,Toys,68.6,2.5,173,KidsWorld 174,Toys,Grand Est,0.0261,20211212,17,Dimanche,Mars,1,Afternoon,0,2024-03-24T17:19:10.000Z,2024-03-24,2024-03,1711300750,1711238400,12,25,Jeune,1809.24,1,0,2024-03-24,1711287566,0,544.1056000000001,-87.61,13184,0,0
M00095,P03104,U01302,TX0001570,154.35,20240819071547,Toulouse,CASH,Health,77,36835.26,Toulouse,Standard,20250618,Classic Scale 3104,Health,148.03,3.5,804,VitalShop 95,Health,Ile-de-France,0.0826,20200708,7,Lundi,Aout,0,Morning,0,2024-08-19T07:15:47.000Z,2024-08-19,2024-08,1724051747,1724025600,8,10,Senior,154.35,1,0,2024-08-09,1723197793,10,246.78999999999996,-37.46,853954,0,0
M00111,P01292,U02303,TX0001571,5.89,20241202184643,Lyon,PAYPAL,Toys,65,117377.84,Lyon,VIP,20250830,Elite Action Figure 1292,Toys,5.41,1.8,31,ToyLand 111,Toys,Ile-de-France,0.0945,20180319,18,Lundi,Decembre,0,Evening,0,2024-12-02T18:46:43.000Z,2024-12-02,2024-12,1733165203,1733097600,29,49,Senior,394.38,1,0,2024-12-02,1733103065,0,341.72673469387746,-98.28,62138,0,0
M00119,P03652,U01607,TX0001572,117.73,20251008074548,Paris,BANK_TRANSFER,Beauty,55,26032.99,Paris,Standard,20250704,,Beauty,129.94,3.7,1159,GlowShop 119,Beauty,Auvergne-Rhône-Alpes,0.0406,20220627,7,Mercredi,Octobre,0,Morning,0,2025-10-08T07:45:48.000Z,2025-10-08,2025-10,1759909548,1759881600,17,21,Age Moyen,4270.46,5,1,2025-10-07,1759861935,1,379.7309523809524,-69.0,47613,0,0
M00333,P00995,U11652,TX0001573,100.74,20251113175341,Bordeaux,CARD,Toys,54,25538.8,Bordeaux,Standard,20231228,,Toys,105.34,2.9,605,ToyHub 333,Toys,Nouvelle-Aquitaine,0.0635,20230319,17,Jeudi,Novembre,0,Afternoon,0,2025-11-13T17:53:41.000Z,2025-11-13,2025-11,1763056421,1762992000,1,5,Age Moyen,100.74,1,0,,,,510.39799999999997,-80.26,,0,0
M00276,P00200,U00313,TX0001574,90.98,20250824200310,Toulon,BANK_TRANSFER,Clothing,45,39719.43,Toulon,Premium,20240621,Elite Jeans 200,Clothing,88.43,2.6,161,StyleShop 276,Clothing,Ile-de-France,0.0275,20230303,20,Dimanche,Aout,1,Evening,0,2025-08-24T20:03:10.000Z,2025-08-24,2025-08,1756065790,1755993600,23,27,Age Moyen,90.98,1,0,2025-08-16,1755366439,8,335.0581481481483,-72.85,699351,0,0
M00518,P05965,U06414,TX0001575,11.03,20241214164629,Marseille,CARD,Books,27,66693.95,Marseille,Premium,20230717,Premium Comic Book 5965,Books,11.54,2.6,501,ReadMore 518,Books,Provence-Alpes-Côte d'Azur,0.0163,20220604,16,Samedi,Decembre,1,Afternoon,1,2024-12-14T16:46:29.000Z,2024-12-14,2024-12,1734194789,1734134400,3,21,Adulte,145.35,2,0,2024-12-13,1734095306,1,117.22190476190475,-90.59,99483,0,0
M00470,P00219,U07209,TX0001576,94.84,20250615105000,Paris,BANK_TRANSFER,Food,37,55357.51,Paris,Standard,20230825,Pro Olive Oil 219,Food,43.99,4.0,870,GourmetShop 470,Food,Nouvelle-Aquitaine,0.0886,20210223,10,Dimanche,Juin,1,Morning,1,2025-06-15T10:50:00.000Z,2025-06-15,2025-06,1749984600,1749945600,6,7,Adulte,94.84,1,0,2025-05-07,1746619710,39,86.78142857142856,9.29,3364890,0,0
M00138,P00742,U07660,TX0001577,153.55,20250328111612,Lyon,CASH,Toys,67,39171.32,Lyon,Standard,20240815,Elite Action Figure 742,Toys,142.59,4.8,319,PlayShop 138,Toys,Provence-Alpes-Côte d'Azur,0.0972,20210127,11,Vendredi,Mars,0,Morning,1,2025-03-28T11:16:12.000Z,2025-03-28,2025-03,1743160572,1743120000,5,8,Senior,153.55,1,0,2025-03-10,1741643175,18,244.2025,-37.12,1517397,0,0
M00045,P01039,U08885,TX0001578,30.29,20250101103611,Strasbourg,PAYPAL,Books,69,136917.85,Strasbourg,VIP,20230218,Premium Cookbook 1039,Books,32.01,3.7,1166,BookCorner 45,Books,Ile-de-France,0.0184,20190806,10,Mercredi,Janvier,0,Morning,1,2025-01-01T10:36:11.000Z,2025-01-01,2025-01,1735727771,1735689600,51,65,Senior,202.7,2,0,2024-12-26,1735196290,6,329.8013846153847,-90.82,531481,0,0
M00174,P04877,U11604,TX0001579,80.26,20241130183239,Nice,CASH,Toys,30,21051.96,Nice,Budget,20230110,Classic Building Blocks 4877,Toys,88.83,2.7,154,KidsWorld 174,Toys,Grand Est,0.0261,20211212,18,Samedi,Novembre,1,Evening,0,2024-11-30T18:32:39.000Z,2024-11-30,2024-11,1732991559,1732924800,4,5,Adulte,80.26,1,0,2024-11-13,1731497126,17,107.91,-25.62,1494433,0,0
M00401,P01236,U02074,TX0001580,136.56,20251206191104,Marseille,CASH,Clothing,44,35566.46,Marseille,Premium,20250529,Standard T-Shirt 1236,Clothing,70.98,3.3,632,FashionStore 401,Clothing,Provence-Alpes-Côte d'Azur,0.061,20230509,19,Samedi,Decembre,1,Evening,0,2025-12-06T19:11:04.000Z,2025-12-06,2025-12,1765048264,1764979200,20,22,Adulte,364.5,2,0,2025-12-01,1764617654,5,213.21500000000006,-35.95,430610,0,0
M00402,P03303,U08947,TX0001581,115.02,20240719194341,Lyon,CASH,Books,34,112663.63,Toulouse,VIP,20250121,Standard Biography 3303,Books,52.98,3.6,307,ReadMore 402,Books,Nouvelle-Aquitaine,0.0951,20221119,19,Vendredi,Juillet,0,Evening,0,2024-07-19T19:43:41.000Z,2024-07-19,2024-07,1721418221,1721347200,4,41,Adulte,631.07,3,0,2024-07-19,1721409065,0,291.35658536585356,-60.52,9156,0,0
M00270,P00101,U00556,TX0001582,117.28,20240709073301,Toulon,BANK_TRANSFER,Clothing,21,44560.32,Toulon,Premium,20250623,Classic T-Shirt 101,Clothing,119.09,3.8,1180,FashionStore 270,Clothing,Ile-de-France,0.0766,20170206,7,Mardi,Juillet,0,Morning,0,2024-07-09T07:33:01.000Z,2024-07-09,2024-07,1720510381,1720483200,15,28,Jeune,117.28,1,0,2024-02-28,1709157656,132,240.41642857142855,-51.22,11352725,0,0
M00417,P01857,U06680,TX0001583,451.0,20250915090528,Lyon,BANK_TRANSFER,Sports,29,24983.45,Lyon,Budget,20231216,Pro Tennis Racket 1857,Sports,411.38,3.4,634,SportHub 417,Sports,Bretagne,0.0194,20210930,9,Lundi,Septembre,0,Morning,1,2025-09-15T09:05:28.000Z,2025-09-15,2025-09,1757927128,1757894400,7,10,Adulte,2206.22,5,1,2025-09-14,1757840925,1,410.38800000000003,9.9,86203,0,0
M00571,P03088,U07922,TX0001584,454.28,20241102132115,Lille,PAYPAL,Sports,37,62436.85,Lille,Premium,20230214,Elite Running Shoes 3088,Sports,244.42,2.8,1028,FitnessShop 571,Sports,Bretagne,0.0863,20180514,13,Samedi,Novembre,1,Afternoon,1,2024-11-02T13:21:15.000Z,2024-11-02,2024-11,1730553675,1730505600,8,16,Adulte,454.28,1,0,2024-10-26,1729922878,7,494.02250000000004,-8.04,630797,0,0
M00337,P03401,U06618,TX0001585,333.5,20250909152001,Paris,BANK_TRANSFER,Home & Garden,52,11068.94,Paris,Budget,20240324,Premium Rug 3401,Home & Garden,361.76,2.6,150,DecorShop 337,Home & Garden,Nouvelle-Aquitaine,0.0746,20170108,15,Mardi,Septembre,0,Afternoon,1,2025-09-09T15:20:01.000Z,2025-09-09,2025-09,1757431201,1757376000,4,7,Age Moyen,333.5,1,0,2025-07-14,1752499305,57,264.2528571428572,26.2,4931896,0,0
M00107,P01178,U11048,TX0001586,61.06,20240917133736,Toulouse,PAYPAL,Books,49,111911.11,Toulouse,VIP,20231212,Elite Atlas 1178,Books,29.86,1.9,931,BookHaven 107,Books,Ile-de-France,0.0288,20200830,13,Mardi,Septembre,0,Afternoon,1,2024-09-17T13:37:36.000Z,2024-09-17,2024-09,1726580256,1726531200,11,22,Age Moyen,158.34,2,0,2024-09-14,1726335163,3,154.67772727272725,-60.52,245093,0,0
M00032,P03884,U06729,TX0001587,54.46,20240211072834,Strasbourg,CARD,Books,47,100277.77,Strasbourg,VIP,20240731,Elite Comic Book 3884,Books,28.57,1.6,383,LibraryShop 32,Books,Grand Est,0.0941,20201122,7,Dimanche,Fevrier,1,Morning,0,2024-02-11T07:28:34.000Z,2024-02-11,2024-02,1707636514,1707609600,3,59,Age Moyen,118.16,3,0,2024-02-09,1707479387,2,140.0103389830509,-61.1,157127,0,0
M00359,P05713,U10964,TX0001588,208.04,20241213044328,Le Havre,PAYPAL,Health,38,79585.32,Grenoble,VIP,20240513,Standard First Aid Kit 5713,Health,203.11,4.3,261,HealthHub 359,Health,Occitanie,0.0949,20210512,4,Vendredi,Decembre,0,Night,0,2024-12-13T04:43:28.000Z,2024-12-13,2024-12,1734065008,1734048000,21,46,Adulte,576.96,3,0,2024-12-12,1734014287,1,224.80347826086958,-7.46,50721,1,0
M00526,P02842,U10922,TX0001589,845.68,20241205152400,Bordeaux,BANK_TRANSFER,Automotive,42,71096.2,Bordeaux,Premium,20250226,Essential Car Battery 2842,Automotive,834.03,2.2,1136,CarParts 526,Automotive,Nouvelle-Aquitaine,0.019,20180903,15,Jeudi,Decembre,0,Afternoon,1,2024-12-05T15:24:00.000Z,2024-12-05,2024-12,1733412240,1733356800,6,33,Adulte,892.77,1,0,2024-12-05,1733392957,0,263.21818181818185,221.28,19283,0,0
M00202,P05215,U05521,TX0001590,130.56,20250914213635,Lyon,CARD,Toys,60,34501.68,Lyon,Premium,20250410,Premium Board Game 5215,Toys,70.35,3.9,540,ToyLand 202,Toys,Nouvelle-Aquitaine,0.0486,20170225,21,Dimanche,Septembre,1,Evening,0,2025-09-14T21:36:35.000Z,2025-09-14,2025-09,1757885795,1757808000,10,12,Age Moyen,390.69,3,0,2025-09-13,1757759877,1,101.96,28.05,125918,0,0
M00198,P00332,U03374,TX0001591,342.61,20240423094016,Marseille,CRYPTO,Sports,45,100368.77,Marseille,VIP,20240715,Classic Dumbbells 332,Sports,332.13,3.1,585,ActiveWear 198,Sports,Bretagne,0.0673,20211228,9,Mardi,Avril,0,Morning,1,2024-04-23T09:40:16.000Z,2024-04-23,2024-04,1713865216,1713830400,19,43,Age Moyen,1971.56,3,0,2024-04-21,1713697568,2,366.2562790697675,-6.46,167648,1,0
M00474,P04860,U00432,TX0001592,56.74,20250120175225,Reims,CARD,Beauty,21,73912.52,Reims,Premium,20250913,Elite Perfume 4860,Beauty,52.93,3.2,319,BeautyWorld 474,Beauty,Ile-de-France,0.0767,20220316,17,Lundi,Janvier,0,Afternoon,0,2025-01-20T17:52:25.000Z,2025-01-20,2025-01,1737395545,1737331200,15,21,Jeune,192.2,2,0,2025-01-16,1737027123,4,168.97190476190477,-66.42,368422,0,0
M00209,P01543,U01880,TX0001593,33.51,20241028204400,Strasbourg,PAYPAL,Books,39,41158.96,Strasbourg,Premium,20250826,Classic Biography 1543,Books,33.31,4.2,1048,BookHaven 209,Books,Occitanie,0.0472,20180910,20,Lundi,Octobre,0,Evening,0,2024-10-28T20:44:00.000Z,2024-10-28,2024-10,1730148240,1730073600,6,26,Adulte,855.72,2,0,2024-10-27,1730025734,1,160.6496153846154,-79.14,122506,0,0
M00210,P01646,U02003,TX0001594,27.2,20250408201600,Dijon,CARD,Books,54,12160.53,Reims,Budget,20240508,,,,,,BookCorner 210,Books,Pays de la Loire,0.0407,20230322,20,Mardi,Avril,0,Evening,0,2025-04-08T20:16:00.000Z,2025-04-08,2025-04,1744143360,1744070400,4,6,Age Moyen,27.2,1,0,2025-03-23,1742713723,16,654.4883333333333,-95.84,1429637,0,0
M00404,P00137,U05043,TX0001595,222.31,20250919130043,Lyon,PAYPAL,Beauty,42,51013.65,Lyon,VIP,20240513,Premium Face Cream 137,Beauty,115.36,3.6,458,,Inconnu,Inconnu,,,13,Vendredi,Septembre,0,Afternoon,1,2025-09-19T13:00:43.000Z,2025-09-19,2025-09,1758286843,1758240000,44,55,Adulte,1964.65,4,0,2025-09-18,1758233466,1,234.8827272727273,-5.35,53377,0,0
M00365,P03508,U01162,TX0001596,137.69,20250601061227,Marseille,CASH,Sports,37,102221.19,Marseille,Premium,20250116,Elite Tennis Racket 3508,Sports,141.39,3.4,287,FitnessShop 365,Sports,Grand Est,0.0127,20210728,6,Dimanche,Juin,1,Morning,0,2025-06-01T06:12:27.000Z,2025-06-01,2025-06,1748758347,1748736000,13,16,Adulte,137.69,1,0,2024-08-20,1724141181,285,347.29749999999996,-60.35,24617166,0,0
M00411,P00680,U11624,TX0001597,418.45,20240923185106,Toulouse,CARD,Sports,38,119047.45,Toulouse,VIP,20241209,Elite Backpack 680,Sports,377.6,3.4,157,SportZone 411,Sports,Grand Est,0.0322,20200611,18,Lundi,Septembre,0,Evening,0,2024-09-23T18:51:06.000Z,2024-09-23,2024-09,1727117466,1727049600,7,46,Adulte,1087.34,4,0,2024-09-21,1726920758,2,563.0932608695654,-25.69,196708,0,0
M00594,P04436,U04196,TX0001598,479.95,20251002063447,Paris,CASH,Sports,31,58305.66,Paris,Premium,20250603,Standard Backpack 4436,Sports,459.02,4.6,1031,SportZone 594,Sports,Ile-de-France,0.022,20170223,6,Jeudi,Octobre,0,Morning,0,2025-10-02T06:34:47.000Z,2025-10-02,2025-10,1759386887,1759363200,27,31,Adulte,618.96,2,0,2025-09-30,1759227110,2,335.4329032258065,43.08,159777,0,0
M00041,P03857,U05396,TX0001599,290.41,20240625231645,Paris,CARD,Automotive,64,18326.2,Paris,Budget,20240110,Essential Roof Rack 3857,Automotive,300.15,2.9,877,AutoCenter 41,Automotive,Nouvelle-Aquitaine,0.0171,20221224,23,Mardi,Juin,0,Night,0,2024-06-25T23:16:45.000Z,2024-06-25,2024-06,1719357405,1719273600,3,3,Age Moyen,290.41,1,0,2024-05-22,1716359839,34,131.86666666666667,120.23,2997566,1,0
M00060,P03760,U01489,TX0001600,55.23,20250929155222,Nice,BANK_TRANSFER,Toys,57,92375.54,Nice,VIP,20240328,Elite Building Blocks 3760,Toys,58.42,3.7,1043,KidsWorld 60,Toys,Inconnu,0.0361,20200227,15,Lundi,Septembre,0,Afternoon,1,2025-09-29T15:52:22.000Z,2025-09-29,2025-09,1759161142,1759104000,14,15,Age Moyen,1991.98,2,0,2025-09-23,1758623005,6,181.64600000000002,-69.59,538137,0,0
M00438,P05708,U05574,TX0001601,1204.04,20241029092008,Dijon,BANK_TRANSFER,Automotive,16,61878.0,Dijon,Premium,20240905,Essential Dash Cam 5708,Automotive,1131.87,3.7,889,MotorHub 438,Automotive,Hauts-de-France,0.0126,20220430,9,Mardi,Octobre,0,Morning,1,2024-10-29T09:20:08.000Z,2024-10-29,2024-10,1730193608,1730160000,5,22,Jeune,2635.51,3,0,2024-10-27,1730019114,2,988.3331818181819,21.83,174494,0,0
M00059,P04278,U03954,TX0001602,843.74,20251024043923,Paris,CARD,Automotive,28,33848.67,Paris,Standard,20250517,Standard Tyre Set 4278,Automotive,774.98,3.0,1073,AutoCenter 59,Automotive,Bretagne,0.0421,20200410,4,Vendredi,Octobre,0,Night,0,2025-10-24T04:39:23.000Z,2025-10-24,2025-10,1761280763,1761264000,16,18,Adulte,1139.52,2,0,2025-10-20,1760981697,4,414.991111111111,103.32,299066,1,0
M00059,P00926,U10292,TX0001603,1093.25,20251024164432,Strasbourg,PAYPAL,Automotive,31,95161.39,Strasbourg,VIP,20230531,Pro Car Battery 926,Automotive,1040.49,4.7,535,AutoCenter 59,Automotive,Bretagne,0.0421,20200410,16,Vendredi,Octobre,0,Afternoon,1,2025-10-24T16:44:32.000Z,2025-10-24,2025-10,1761324272,1761264000,4,5,Adulte,2339.68,2,0,2025-10-20,1760975947,4,851.1020000000001,28.45,348325,0,0
M00590,P04034,U01907,TX0001605,180.66,20240916174324,Paris,PAYPAL,Health,30,28545.6,Paris,Standard,20240614,Elite First Aid Kit 4034,Health,189.96,5.0,599,HealthShop 590,Health,Auvergne-Rhône-Alpes,0.0445,20201005,17,Lundi,Septembre,0,Afternoon,0,2024-09-16T17:43:24.000Z,2024-09-16,2024-09,1726508604,1726444800,13,16,Adulte,573.45,2,0,2024-09-16,1726494221,0,402.975,-55.17,14383,0,0
M00529,P03994,U09019,TX0001606,1117.43,20251229102225,Paris,CARD,Electronics,46,23138.86,Paris,Standard,20230510,Premium Smartphone 3994,Electronics,510.96,3.4,474,GadgetShop 529,Electronics,Ile-de-France,0.0812,20220414,10,Lundi,Decembre,0,Morning,1,2025-12-29T10:22:25.000Z,2025-12-29,2025-12,1767003745,1766966400,2,2,Age Moyen,1117.43,1,0,2025-12-19,1766183527,10,611.115,82.85,820218,0,0
M00480,P00429,U00894,TX0001607,115.72,20251224142114,Strasbourg,CASH,Clothing,25,74901.63,Strasbourg,Premium,20240312,Essential Jacket 429,Clothing,122.38,1.3,470,ClothingHub 480,Clothing,Occitanie,0.0722,20201105,14,Mercredi,Decembre,0,Afternoon,1,2025-12-24T14:21:14.000Z,2025-12-24,2025-12,1766586074,1766534400,14,14,Jeune,523.85,3,0,2025-12-20,1766237499,4,295.77857142857147,-60.88,348575,0,0
M00337,P05115,U01688,TX0001608,323.96,20251227163420,Lyon,CASH,Home & Garden,46,39402.98,Lyon,Premium,20240123,Essential Cookware Set 5115,Home & Garden,314.32,3.0,93,DecorShop 337,Home & Garden,Nouvelle-Aquitaine,0.0746,20170108,16,Samedi,Decembre,1,Afternoon,1,2025-12-27T16:34:20.000Z,2025-12-27,2025-12,1766853260,1766793600,13,13,Age Moyen,1140.63,2,0,2025-12-25,1766670898,2,865.3769230769229,-62.56,182362,0,0
M00379,P00170,U10823,TX0001609,70.97,20240615094947,Montpellier,BANK_TRANSFER,Books,40,40417.22,Le Havre,Standard,20230320,Classic Atlas 170,Books,23.88,2.6,27,BookCorner 379,Books,Auvergne-Rhône-Alpes,0.0793,20221126,9,Samedi,Juin,1,Morning,1,2024-06-15T09:49:47.000Z,2024-06-15,2024-06,1718444987,1718409600,11,18,Adulte,75.55,1,0,2024-06-07,1717776845,8,455.38944444444445,-84.42,668142,0,0
M00483,P00208,U03265,TX0001610,96.39,20240709170217,Saint-Etienne,CRYPTO,Health,41,119890.35,Saint-Etienne,VIP,20250713,Classic First Aid Kit 208,Health,98.84,2.9,822,WellnessStore 483,Health,Nouvelle-Aquitaine,0.0838,20180624,17,Mardi,Juillet,0,Afternoon,0,2024-07-09T17:02:17.000Z,2024-07-09,2024-07,1720544537,1720483200,1,35,Adulte,413.33,1,0,,,,403.1368571428572,-76.09,,1,0
M00278,P00369,U01578,TX0001611,182.25,20240413194036,Nice,CARD,Clothing,16,46771.45,Nice,Premium,20250919,Elite Dress 369,Clothing,163.68,3.9,1151,StyleShop 278,Clothing,Occitanie,0.0509,20210723,19,Samedi,Avril,1,Evening,0,2024-04-13T19:40:36.000Z,2024-04-13,2024-04,1713037236,1712966400,12,30,Jeune,182.25,1,0,2024-03-22,1711096585,22,170.95633333333336,6.61,1940651,0,0
M00585,P04304,U06569,TX0001612,2087.54,20250318011420,Villeurbanne,CRYPTO,Clothing,29,36448.28,Bordeaux,Standard,20240419,Elite Scarf 4304,Clothing,206.95,4.6,912,StyleShop 585,Clothing,Ile-de-France,0.0194,20170512,1,Mardi,Mars,0,Night,0,2025-03-18T01:14:20.000Z,2025-03-18,2025-03,1742260460,1742256000,6,14,Adulte,2546.79,2,0,2025-03-12,1741809065,6,323.2292857142857,545.84,451395,3,1
M00013,P00083,U03314,TX0001613,72.18,20250611062353,Paris,CARD,Clothing,51,24988.06,Paris,Budget,20230127,Standard Jeans 83,Clothing,69.7,2.7,644,ClothingHub 13,Clothing,Bretagne,0.0571,20170720,6,Mercredi,Juin,0,Morning,0,2025-06-11T06:23:53.000Z,2025-06-11,2025-06,1749623033,1749600000,2,5,Age Moyen,72.18,1,0,2025-02-13,1739456691,118,158.55800000000002,-54.48,10166342,0,0
M00181,P03853,U06368,TX0001614,199.67,20250701111500,Lyon,BANK_TRANSFER,Sports,21,136244.26,Lyon,VIP,20231209,Pro Tennis Racket 3853,Sports,103.25,2.2,367,,Inconnu,Inconnu,,,11,Mardi,Juillet,0,Morning,1,2025-07-01T11:15:00.000Z,2025-07-01,2025-07,1751368500,1751328000,16,45,Jeune,468.74,2,0,2025-06-26,1750963989,5,543.4353333333332,-63.26,404511,0,0
M00292,P02595,U06057,TX0001615,1846.2,20240614132905,Bordeaux,CARD,Electronics,54,69867.24,Bordeaux,VIP,20240112,Elite Smartphone 2595,Electronics,1823.6,3.5,540,GadgetShop 292,Electronics,Ile-de-France,0.0133,20220130,13,Vendredi,Juin,0,Afternoon,1,2024-06-14T13:29:05.000Z,2024-06-14,2024-06,1718371745,1718323200,20,40,Age Moyen,2035.9,2,0,2024-06-10,1718051129,4,531.57225,247.31,320616,0,0
M00141,P05676,U01875,TX0001616,44.09,20240923065610,Nice,PAYPAL,Food,64,94095.56,Nice,VIP,20240114,Essential Pasta Box 5676,Food,45.56,3.4,691,FoodMart 141,Food,Auvergne-Rhône-Alpes,0.049,20181207,6,Lundi,Septembre,0,Morning,0,2024-09-23T06:56:10.000Z,2024-09-23,2024-09,1727074570,1727049600,4,58,Age Moyen,44.09,1,0,2024-09-10,1725933075,13,129.51689655172413,-65.96,1141495,0,0
M00346,P04509,U07892,TX0001617,5.09,20240418090620,Paris,PAYPAL,Toys,52,78885.4,Paris,VIP,20240411,Premium Doll 4509,Toys,5.17,2.3,317,ToyHub 346,Toys,Grand Est,0.033,20200321,9,Jeudi,Avril,0,Morning,1,2024-04-18T09:06:20.000Z,2024-04-18,2024-04,1713431180,1713398400,3,61,Age Moyen,168.76,2,0,2024-04-16,1713265402,2,242.91786885245904,-97.9,165778,0,0
M00004,P05626,U09984,TX0001618,142.52,20240908103433,Villeurbanne,CASH,Automotive,38,52092.13,Villeurbanne,Standard,20231115,,,,,,CarParts 4,Automotive,Ile-de-France,0.0902,20220116,10,Dimanche,Septembre,1,Morning,1,2024-09-08T10:34:33.000Z,2024-09-08,2024-09,1725791673,1725753600,6,8,Adulte,196.73,1,0,2024-09-08,1725779841,0,83.78125,70.11,11832,0,0
M00554,P00016,U07401,TX0001619,2061.36,20251205072146,Paris,PAYPAL,Automotive,34,23785.85,Paris,Budget,20240102,Essential Car Parts 16,Automotive,947.68,4.2,326,MotorHub 554,Automotive,Auvergne-Rhône-Alpes,0.0458,20190324,7,Vendredi,Decembre,0,Morning,0,2025-12-05T07:21:46.000Z,2025-12-05,2025-12,1764919306,1764892800,5,8,Adulte,2061.36,1,0,2025-10-21,1761076530,45,1573.3512500000002,31.02,3842776,0,0
M00263,P05413,U03358,TX0001620,268.57,20240822095350,Montpellier,BANK_TRANSFER,Health,44,69584.35,Montpellier,Premium,20230712,Standard Scale 5413,Health,143.73,4.6,725,VitalShop 263,Health,Grand Est,0.0408,20170913,9,Jeudi,Aout,0,Morning,1,2024-08-22T09:53:50.000Z,2024-08-22,2024-08,1724320430,1724284800,13,19,Adulte,712.28,3,0,2024-08-19,1724084434,3,436.6231578947368,-38.49,235996,0,0
M00132,P05060,U00287,TX0001621,160.62,20241011111749,Montpellier,CARD,Beauty,59,18057.17,Grenoble,Budget,20240901,Classic Face Cream 5060,Beauty,157.07,5.0,998,BeautyWorld 132,Beauty,Inconnu,0.0466,20220323,11,Vendredi,Octobre,0,Morning,1,2024-10-11T11:17:49.000Z,2024-10-11,2024-10,1728645469,1728604800,5,12,Age Moyen,190.62,2,0,2024-10-10,1728583898,1,214.13583333333335,-24.99,61571,0,0
M00256,P01716,U10394,TX0001622,54.46,20240116220730,Paris,PAYPAL,Health,48,57000.04,Paris,Standard,20250510,Premium Thermometer 1716,Health,57.76,2.4,781,VitalShop 256,Health,Auvergne-Rhône-Alpes,0.0211,20180228,22,Mardi,Janvier,0,Night,0,2024-01-16T22:07:30.000Z,2024-01-16,2024-01,1705442850,1705363200,3,7,Age Moyen,252.45,2,0,2024-01-15,1705320744,1,99.86142857142856,-45.46,122106,1,0
M00563,P04879,U11163,TX0001623,81.78,20250727102918,Lille,CASH,Toys,21,72308.73,Lille,Premium,20230227,Premium Puzzle 4879,Toys,73.25,3.6,543,ToyLand 563,Toys,Inconnu,0.0811,20170630,10,Dimanche,Juillet,1,Morning,1,2025-07-27T10:29:18.000Z,2025-07-27,2025-07,1753612158,1753574400,25,35,Jeune,296.61,2,0,2025-07-21,1753116319,6,147.38400000000001,-44.51,495839,0,0
M00545,P05009,U07524,TX0001624,366.98,20240803153554,Paris,CARD,Electronics,58,86837.59,Paris,VIP,20250624,Classic Smart TV 5009,Electronics,340.88,1.7,584,GadgetShop 545,Electronics,Auvergne-Rhône-Alpes,0.0731,20170629,15,Samedi,Aout,1,Afternoon,1,2024-08-03T15:35:54.000Z,2024-08-03,2024-08,1722699354,1722643200,1,57,Age Moyen,366.98,1,0,,,,393.7959649122807,-6.81,,0,0
M00247,P00651,U10578,TX0001625,1291.15,20241120082953,Reims,BANK_TRANSFER,Electronics,59,70376.4,Reims,VIP,20230314,Essential Smartphone 651,Electronics,1361.53,3.7,1187,GadgetShop 247,Electronics,Grand Est,0.0349,20230622,8,Mercredi,Novembre,0,Morning,0,2024-11-20T08:29:53.000Z,2024-11-20,2024-11,1732091393,1732060800,11,31,Age Moyen,1788.91,1,0,2024-11-12,1731433317,8,418.45903225806444,208.55,658076,0,0
M00324,P05877,U09950,TX0001626,6.29,20251001111652,Lyon,PAYPAL,Food,27,24942.05,Lyon,Budget,20241227,Essential Pasta Box 5877,Food,6.51,1.3,496,FoodMart 324,Food,Grand Est,0.0257,20210708,11,Mercredi,Octobre,0,Morning,1,2025-10-01T11:16:52.000Z,2025-10-01,2025-10,1759317412,1759276800,2,4,Adulte,6.29,1,0,2025-09-16,1758038299,15,70.195,-91.04,1279113,0,0
M00191,P00091,U10738,TX0001627,872.62,20240909123155,Toulouse,CARD,Automotive,73,26732.43,Toulouse,Budget,20231031,Pro Car Parts 91,Automotive,947.3,4.9,891,MotorHub 191,Automotive,Ile-de-France,0.0593,20181120,12,Lundi,Septembre,0,Afternoon,1,2024-09-09T12:31:55.000Z,2024-09-09,2024-09,1725885115,1725840000,2,4,Senior,927.02,2,0,2024-09-06,1725618181,3,1297.83,-32.76,266934,0,0
M00339,P02685,U10372,TX0001628,1336.65,20251025133341,Paris,BANK_TRANSFER,Automotive,63,98736.34,Paris,VIP,20241110,Standard Car Battery 2685,Automotive,1468.24,5.0,843,CarParts 339,Automotive,Bretagne,0.036,20220921,13,Samedi,Octobre,1,Afternoon,1,2025-10-25T13:33:41.000Z,2025-10-25,2025-10,1761399221,1761350400,46,47,Age Moyen,2869.0,4,0,2025-10-25,1761372444,0,447.57595744680845,198.64,26777,0,0
M00416,P04809,U06565,TX0001629,124.77,20250618083057,Saint-Etienne,CARD,Clothing,34,40939.69,Nice,Standard,20250823,Standard Dress 4809,Clothing,65.04,1.0,755,StyleShop 416,Clothing,Bretagne,0.0849,20170707,8,Mercredi,Juin,0,Morning,0,2025-06-18T08:30:57.000Z,2025-06-18,2025-06,1750235457,1750204800,4,8,Adulte,124.77,1,0,2025-06-04,1749045358,14,146.63000000000002,-14.91,1190099,0,0
M00485,P05465,U01049,TX0001630,92.75,20250820033929,Marseille,CARD,Beauty,74,46025.38,Marseille,Premium,20250311,Standard Shampoo 5465,Beauty,97.14,3.9,273,BeautyWorld 485,Beauty,Auvergne-Rhône-Alpes,0.0141,20191229,3,Mercredi,Aout,0,Night,0,2025-08-20T03:39:29.000Z,2025-08-20,2025-08,1755661169,1755648000,18,19,Senior,341.7,2,0,2025-08-18,1755544886,2,297.4484210526316,-68.82,116283,1,0
M00567,P00662,U08567,TX0001631,62.34,20251126141329,Strasbourg,CARD,Food,33,59028.23,Strasbourg,Premium,20230916,Standard Cheese Platter 662,Food,62.52,5.0,879,FreshMarket 567,Food,Ile-de-France,0.021,20200518,14,Mercredi,Novembre,0,Afternoon,1,2025-11-26T14:13:29.000Z,2025-11-26,2025-11,1764166409,1764115200,11,11,Adulte,770.18,4,0,2025-11-23,1763940219,3,132.21636363636364,-52.85,226190,0,0
M00524,P01043,U00406,TX0001632,85.13,20240219135611,Paris,CASH,Food,37,86807.15,Paris,Premium,20230410,Standard Coffee Pack 1043,Food,85.73,4.6,111,GourmetShop 524,Food,Bretagne,0.0973,20201116,13,Lundi,Fevrier,0,Afternoon,1,2024-02-19T13:56:11.000Z,2024-02-19,2024-02,1708350971,1708300800,3,24,Adulte,85.13,1,0,2024-02-11,1707654898,8,381.74625,-77.7,696073,0,0
M00415,P05328,U04110,TX0001633,530.66,20240723124948,Bordeaux,BANK_TRANSFER,Automotive,30,9000.0,Bordeaux,Budget,20250606,Pro Roof Rack 5328,Automotive,485.72,1.4,194,CarParts 415,Automotive,Occitanie,0.0161,20221030,12,Mardi,Juillet,0,Afternoon,1,2024-07-23T12:49:48.000Z,2024-07-23,2024-07,1721738988,1721692800,4,7,Adulte,1034.62,1,0,2024-07-02,1719917251,21,240.65,120.51,1821737,0,0
M00240,P02312,U03284,TX0001634,19.77,20241228183327,Nîmes,CARD,Health,65,25467.11,Nîmes,Standard,20241128,Premium Massage Gun 2312,Health,20.35,2.0,1195,WellnessStore 240,Health,Nouvelle-Aquitaine,0.0235,20170729,18,Samedi,Decembre,1,Evening,0,2024-12-28T18:33:27.000Z,2024-12-28,2024-12,1735410807,1735344000,8,11,Senior,749.15,2,0,2024-12-23,1734996678,5,322.4509090909091,-93.87,414129,0,0
M00533,P05878,U03218,TX0001635,135.99,20240916125706,Paris,PAYPAL,Toys,33,60807.08,Paris,Premium,20250610,Premium Building Blocks 5878,Toys,133.7,4.6,1154,ToyLand 533,Toys,Hauts-de-France,0.0203,20200323,12,Lundi,Septembre,0,Afternoon,1,2024-09-16T12:57:06.000Z,2024-09-16,2024-09,1726491426,1726444800,4,32,Adulte,162.91,2,0,2024-09-12,1726145185,4,537.0,-74.68,346241,0,0
M00553,P02814,U11297,TX0001636,263.48,20250426071757,Toulouse,BANK_TRANSFER,Clothing,33,75471.61,Toulouse,VIP,20240304,Classic Jacket 2814,Clothing,267.76,4.5,213,TrendyWear 553,Clothing,Ile-de-France,0.0598,20210701,7,Samedi,Avril,1,Morning,0,2025-04-26T07:17:57.000Z,2025-04-26,2025-04,1745651877,1745625600,8,16,Adulte,2329.56,3,0,2025-04-21,1745239819,5,509.48312500000003,-48.28,412058,0,0
M00536,P00090,U03406,TX0001637,45.57,20240701202145,Bordeaux,BANK_TRANSFER,Food,58,43018.02,Bordeaux,VIP,20240724,Pro Olive Oil 90,Food,46.19,5.0,1035,FreshMarket 536,Food,Ile-de-France,0.0248,20200813,20,Lundi,Juillet,0,Evening,0,2024-07-01T20:21:45.000Z,2024-07-01,2024-07,1719865305,1719792000,1,62,Age Moyen,45.57,1,0,,,,170.79177419354835,-73.32,,0,0
M00446,P04952,U05466,TX0001638,149.17,20240822165641,Nice,CARD,Home & Garden,30,102935.52,Nice,Premium,20240430,Standard Plant Pot 4952,Home & Garden,161.03,3.2,721,DecorShop 446,Home & Garden,Normandie,0.0539,20230305,16,Jeudi,Aout,0,Afternoon,1,2024-08-22T16:56:41.000Z,2024-08-22,2024-08,1724345801,1724284800,5,25,Adulte,526.35,2,0,2024-08-16,1723825055,6,275.64,-45.88,520746,0,0
M00094,P02104,U00865,TX0001639,458.56,20241024104204,Lille,CARD,Home & Garden,16,89532.31,Lille,VIP,20250616,Classic Cookware Set 2104,Home & Garden,441.47,3.8,99,HomeStyle 94,Home & Garden,Hauts-de-France,0.039,20220905,10,Jeudi,Octobre,0,Morning,1,2024-10-24T10:42:04.000Z,2024-10-24,2024-10,1729766524,1729728000,24,25,Jeune,1539.85,3,0,2024-10-21,1729510364,3,473.41159999999996,-3.14,256160,0,0
M00083,P05039,U10354,TX0001640,645.06,20251208204046,Marseille,PAYPAL,Automotive,35,55748.46,Montpellier,Premium,20230327,Classic Car Parts 5039,Automotive,640.57,1.7,932,MotorHub 83,Automotive,Bretagne,0.027,20180703,20,Lundi,Decembre,0,Evening,0,2025-12-08T20:40:46.000Z,2025-12-08,2025-12,1765226446,1765152000,9,9,Adulte,772.26,2,0,2025-12-07,1765129515,1,404.2611111111112,59.57,96931,0,0
M00184,P01972,U06946,TX0001641,111.22,20250415162323,Paris,CARD,Health,27,77512.66,Paris,Premium,20230105,Essential Blood Monitor 1972,Health,52.58,2.7,1059,HealthShop 184,Health,Grand Est,0.0775,20190921,16,Mardi,Avril,0,Afternoon,1,2025-04-15T16:23:23.000Z,2025-04-15,2025-04,1744734203,1744675200,11,19,Adulte,170.21,2,0,2025-04-13,1744556335,2,333.1910526315789,-66.62,177868,0,0
M00422,P04631,U09767,TX0001642,80.69,20251004130603,Paris,PAYPAL,Food,51,16710.63,Paris,Budget,20240108,Premium Pasta Box 4631,Food,83.68,4.2,147,FoodMart 422,Food,Occitanie,0.0342,20190130,13,Samedi,Octobre,1,Afternoon,1,2025-10-04T13:06:03.000Z,2025-10-04,2025-10,1759583163,1759536000,2,13,Age Moyen,80.69,1,0,2025-07-10,1752177830,86,399.49461538461543,-79.8,7405333,0,0
M00481,P05128,U10754,TX0001643,32.52,20250216081722,Marseille,CARD,Health,57,122879.93,Villeurbanne,VIP,20240421,Elite Vitamins 5128,Health,30.9,2.9,14,HealthShop 481,Health,Auvergne-Rhône-Alpes,0.0551,20220413,8,Dimanche,Fevrier,1,Morning,0,2025-02-16T08:17:22.000Z,2025-02-16,2025-02,1739693842,1739664000,5,22,Age Moyen,61.54,2,0,2025-02-13,1739476926,3,155.30999999999997,-79.06,216916,0,0
M00245,P00123,U07025,TX0001644,50.3,20250406122515,Saint-Etienne,CARD,Food,39,83756.89,Saint-Etienne,VIP,20230819,Essential Chocolate Box 123,Food,45.0,4.3,149,FreshMarket 245,Food,Normandie,0.0274,20170508,12,Dimanche,Avril,1,Afternoon,1,2025-04-06T12:25:15.000Z,2025-04-06,2025-04,1743942315,1743897600,14,27,Adulte,50.3,1,0,2024-09-29,1727601752,189,214.07703703703706,-76.5,16340563,0,0
M00395,P05044,U08654,TX0001645,790.33,20250220112318,Marseille,CRYPTO,Home & Garden,25,108781.8,Marseille,VIP,20250527,Classic Sofa 5044,Home & Garden,755.31,5.0,258,HomeCenter 395,Home & Garden,Auvergne-Rhône-Alpes,0.0158,20191214,11,Jeudi,Fevrier,0,Morning,1,2025-02-20T11:23:18.000Z,2025-02-20,2025-02,1740050598,1740009600,13,35,Jeune,790.33,1,0,2025-02-10,1739174786,10,385.22828571428573,105.16,875812,1,0
M00126,P00869,U04915,TX0001646,74.58,20240911144155,Lyon,BANK_TRANSFER,Food,55,131218.32,Lyon,VIP,20230601,Standard Tea Set 869,Food,77.27,4.2,673,FoodHub 126,Food,Ile-de-France,0.0834,20180813,14,Mercredi,Septembre,0,Afternoon,1,2024-09-11T14:41:55.000Z,2024-09-11,2024-09,1726065715,1726012800,10,39,Age Moyen,730.14,2,0,2024-09-07,1725741783,4,419.5610256410256,-82.22,323932,0,0
M00252,P03016,U04682,TX0001647,250.52,20240710074219,Nîmes,CRYPTO,Home & Garden,51,73589.74,Nîmes,Premium,20250409,Pro Garden Chair 3016,Home & Garden,243.18,3.4,117,DecorShop 252,Home & Garden,Provence-Alpes-Côte d'Azur,0.0944,20190208,7,Mercredi,Juillet,0,Morning,0,2024-07-10T07:42:19.000Z,2024-07-10,2024-07,1720597339,1720569600,2,15,Age Moyen,250.52,1,0,2024-07-01,1719853985,9,428.2626666666667,-41.5,743354,1,0
M00479,P02495,U03611,TX0001648,75.2,20241103214223,Lille,CASH,Beauty,53,68897.43,Lille,Premium,20230906,Premium Serum 2495,Beauty,39.0,1.9,305,CosmeticHub 479,Beauty,Nouvelle-Aquitaine,0.0231,20220423,21,Dimanche,Novembre,1,Evening,0,2024-11-03T21:42:23.000Z,2024-11-03,2024-11,1730670143,1730592000,13,30,Age Moyen,75.2,1,0,2024-10-22,1729616034,12,247.29166666666666,-69.59,1054109,0,0
M00492,P04819,U10311,TX0001649,139.57,20241219110118,Bordeaux,CARD,Beauty,31,33697.56,Bordeaux,Standard,20250508,Elite Shampoo 4819,Beauty,146.49,3.0,344,CosmeticHub 492,Beauty,Hauts-de-France,0.0761,20181008,11,Jeudi,Decembre,0,Morning,1,2024-12-19T11:01:18.000Z,2024-12-19,2024-12,1734606078,1734566400,7,17,Adulte,210.32,1,0,2024-12-12,1734018727,7,198.56117647058824,-29.71,587351,0,0
M00453,P02834,U05989,TX0001650,399.05,20240821152935,Marseille,PAYPAL,Health,57,41111.13,Marseille,Standard,20250103,Classic Thermometer 2834,Health,121.52,3.7,19,HealthHub 453,Health,Ile-de-France,0.0804,20200411,15,Mercredi,Aout,0,Afternoon,1,2024-08-21T15:29:35.000Z,2024-08-21,2024-08,1724254175,1724198400,7,15,Age Moyen,575.51,2,0,2024-08-20,1724134137,1,122.00133333333332,227.09,120038,0,0
M00294,P02745,U08877,TX0001651,6.35,20251001212953,Villeurbanne,PAYPAL,Books,62,47353.91,Villeurbanne,Standard,20240721,Essential Cookbook 2745,Books,6.88,3.3,286,ReadMore 294,Books,Pays de la Loire,0.0908,20210626,21,Mercredi,Octobre,0,Evening,0,2025-10-01T21:29:53.000Z,2025-10-01,2025-10,1759354193,1759276800,13,16,Age Moyen,55.99,1,0,2025-10-01,1759306673,0,112.58500000000001,-94.36,47520,0,0
M00264,P05069,U08206,TX0001652,607.08,20250503115231,Toulouse,BANK_TRANSFER,Home & Garden,35,32417.47,Toulouse,Standard,20250609,Essential Rug 5069,Home & Garden,602.24,2.2,191,DecorShop 264,Home & Garden,Normandie,0.0599,20230128,11,Samedi,Mai,1,Morning,1,2025-05-03T11:52:31.000Z,2025-05-03,2025-05,1746273151,1746230400,5,7,Adulte,607.08,1,0,2025-02-25,1740506869,67,292.14,107.8,5766282,0,0
M00169,P04206,U06332,TX0001653,5.47,20250108193455,Bordeaux,PAYPAL,Books,47,74140.43,Bordeaux,Premium,20240121,Elite Atlas 4206,Books,5.4,3.5,606,BookHaven 169,Books,Ile-de-France,0.0656,20190419,19,Mercredi,Janvier,0,Evening,0,2025-01-08T19:34:55.000Z,2025-01-08,2025-01,1736364895,1736294400,14,22,Age Moyen,5.47,1,0,2025-01-01,1735748612,7,237.44636363636366,-97.7,616283,0,0
M00030,P01381,U00668,TX0001654,146.45,20250928170504,Lyon,CARD,Food,22,13599.5,Lyon,Premium,20241215,Premium Tea Set 1381,Food,50.46,3.9,1076,FreshMarket 30,Food,Nouvelle-Aquitaine,0.0827,20220911,17,Dimanche,Septembre,1,Afternoon,0,2025-09-28T17:05:04.000Z,2025-09-28,2025-09,1759079104,1759017600,27,27,Jeune,146.45,1,0,2025-09-09,1757454104,19,112.74259259259257,29.9,1625000,0,0
M00016,P96850,U00284,TX0001655,48.02,20250805112833,Reims,PAYPAL,Beauty,43,78598.9,Reims,Premium,20230119,,,,,,GlowShop 16,Beauty,Nouvelle-Aquitaine,0.0998,20230412,11,Mardi,Aout,0,Morning,1,2025-08-05T11:28:33.000Z,2025-08-05,2025-08,1754393313,1754352000,20,24,Adulte,133.95,2,0,2025-08-03,1754247500,2,274.64375000000007,-82.52,145813,0,0
M00123,P04876,U09044,TX0001656,271.52,20250810191807,Strasbourg,CASH,Beauty,23,87702.0,Strasbourg,Premium,20240415,Classic Lipstick 4876,Beauty,128.61,4.2,1140,CosmeticHub 123,Beauty,Auvergne-Rhône-Alpes,0.0875,20221006,19,Dimanche,Aout,1,Evening,0,2025-08-10T19:18:07.000Z,2025-08-10,2025-08,1754853487,1754784000,9,13,Jeune,271.52,1,0,2024-12-30,1735566586,223,265.8630769230769,2.13,19286901,0,0
M00507,P03238,U00126,TX0001657,1600.24,20241206082726,Rennes,CARD,Electronics,57,51995.81,Rennes,Premium,20250130,Elite Smart TV 3238,Electronics,1464.02,3.5,5,GadgetShop 507,Electronics,Ile-de-France,0.0769,20200626,8,Vendredi,Decembre,0,Morning,0,2024-12-06T08:27:26.000Z,2024-12-06,2024-12,1733473646,1733443200,8,28,Age Moyen,1751.88,1,0,2024-11-25,1732527398,11,722.5421428571428,121.47,946248,0,0
M00105,P05491,U10659,TX0001658,50.04,20251115165425,Paris,PAYPAL,Food,74,74635.87,Paris,Premium,20241223,Standard Chocolate Box 5491,Food,23.65,1.0,900,FreshMarket 105,Food,Grand Est,0.0473,20230630,16,Samedi,Novembre,1,Afternoon,1,2025-11-15T16:54:25.000Z,2025-11-15,2025-11,1763225665,1763164800,24,26,Senior,50.04,1,0,2025-11-03,1762192351,12,704.0826923076925,-92.89,1033314,0,0
M00428,P03951,U01805,TX0001659,146.96,20241125075252,Reims,BANK_TRANSFER,Home & Garden,26,55679.72,Reims,Premium,20240519,Pro Sofa 3951,Home & Garden,161.74,2.8,250,HomeCenter 428,Home & Garden,Nouvelle-Aquitaine,0.0486,20220702,7,Lundi,Novembre,0,Morning,0,2024-11-25T07:52:52.000Z,2024-11-25,2024-11,1732521172,1732492800,5,9,Adulte,2267.0,3,0,2024-11-22,1732270018,3,347.9977777777778,-57.77,251154,0,0
M00100,P03205,U06569,TX0001660,223.27,20250112114135,Bordeaux,CARD,Clothing,29,36448.28,Bordeaux,Standard,20240419,Classic Sneakers 3205,Clothing,216.94,2.9,570,StyleShop 100,Clothing,Hauts-de-France,0.0211,20180811,11,Dimanche,Janvier,1,Morning,1,2025-01-12T11:41:35.000Z,2025-01-12,2025-01,1736682095,1736640000,2,14,Adulte,393.93,2,0,2025-01-08,1736339508,4,323.2292857142857,-30.93,342587,0,0
M00562,P01924,U00308,TX0001661,103.34,20250615144601,Marseille,CARD,Beauty,71,23982.32,Marseille,Budget,20250718,Standard Serum 1924,Beauty,92.89,3.9,693,BeautyWorld 562,Beauty,Auvergne-Rhône-Alpes,0.0992,20180515,14,Dimanche,Juin,1,Afternoon,1,2025-06-15T14:46:01.000Z,2025-06-15,2025-06,1749998761,1749945600,9,12,Senior,172.21,2,0,2025-06-11,1749678619,4,191.2966666666667,-45.98,320142,0,0
M00143,P00376,U01821,TX0001662,1605.39,20240816151555,Paris,CASH,Automotive,33,14399.71,Paris,Budget,20240619,Pro Car Battery 376,Automotive,1575.21,3.3,89,MotorHub 143,Automotive,Nouvelle-Aquitaine,0.0529,20210204,15,Vendredi,Aout,0,Afternoon,1,2024-08-16T15:15:55.000Z,2024-08-16,2024-08,1723821355,1723766400,6,11,Adulte,1605.39,1,0,2024-07-29,1722270939,18,668.8000000000001,140.04,1550416,0,0
M00368,P03492,U10416,TX0001663,433.85,20251231030245,Villeurbanne,CARD,Sports,16,47417.57,Reims,Standard,20250109,Classic Running Shoes 3492,Sports,447.63,4.8,39,SportHub 368,Sports,Auvergne-Rhône-Alpes,0.0548,20200703,3,Mercredi,Decembre,0,Night,0,2025-12-31T03:02:45.000Z,2025-12-31,2025-12,1767150165,1767139200,12,12,Jeune,2004.44,2,0,2025-12-25,1766653574,6,915.0833333333336,-52.59,496591,1,0
M00151,P02726,U09975,TX0001664,117.55,20240222090708,Paris,PAYPAL,Home & Garden,28,16903.28,Paris,Budget,20230614,Standard Garden Chair 2726,Home & Garden,120.37,3.1,1126,DecorShop 151,Home & Garden,Ile-de-France,0.0183,20170419,9,Jeudi,Fevrier,0,Morning,1,2024-02-22T09:07:08.000Z,2024-02-22,2024-02,1708592828,1708560000,4,6,Adulte,161.7,2,0,2024-02-19,1708348463,3,124.02499999999998,-5.22,244365,0,0
M00280,P00463,U06476,TX0001665,180.37,20250723124419,Le Havre,CASH,Health,46,116821.41,Le Havre,VIP,20250925,Standard Vitamins 463,Health,184.12,5.0,18,HealthHub 280,Health,Provence-Alpes-Côte d'Azur,0.09,20171003,12,Mercredi,Juillet,0,Afternoon,1,2025-07-23T12:44:19.000Z,2025-07-23,2025-07,1753274659,1753228800,59,60,Age Moyen,436.42,2,0,2025-07-19,1752922220,4,382.48066666666654,-52.84,352439,0,0
M00420,P03334,U03815,TX0001666,173.35,20240408103117,Paris,PAYPAL,Home & Garden,68,42839.37,Paris,Standard,20240620,Premium Sofa 3334,Home & Garden,168.34,1.9,512,HomeStyle 420,Home & Garden,Hauts-de-France,0.0927,20211201,10,Lundi,Avril,0,Morning,1,2024-04-08T10:31:17.000Z,2024-04-08,2024-04,1712572277,1712534400,5,10,Senior,173.35,1,0,2024-03-14,1710455707,25,102.623,68.92,2116570,0,0
M00071,P00142,U06972,TX0001667,644.01,20250517171044,Marseille,CARD,Home & Garden,40,91589.91,Marseille,VIP,20240430,Pro Cookware Set 142,Home & Garden,694.47,2.0,279,GardenWorld 71,Home & Garden,Grand Est,0.0319,20170216,17,Samedi,Mai,1,Afternoon,0,2025-05-17T17:10:44.000Z,2025-05-17,2025-05,1747501844,1747440000,13,43,Adulte,1181.52,2,0,2025-05-13,1747125680,4,332.7793023255814,93.52,376164,0,0
M00594,P04251,U03810,TX0001668,927.85,20241008172008,Nîmes,CASH,Sports,52,91470.66,Nîmes,Premium,20250701,Standard Bicycle Helmet 4251,Sports,505.58,4.6,734,SportZone 594,Sports,Ile-de-France,0.022,20170223,17,Mardi,Octobre,0,Afternoon,0,2024-10-08T17:20:08.000Z,2024-10-08,2024-10,1728408008,1728345600,9,22,Age Moyen,1040.63,2,0,2024-10-06,1728235709,2,362.8254545454546,155.73,172299,0,0
M00519,P05910,U10761,TX0001669,1504.48,20241210101450,Le Havre,CARD,Automotive,49,48553.03,Le Havre,Premium,20231123,Premium Roof Rack 5910,Automotive,1585.27,5.0,1030,CarParts 519,Automotive,Occitanie,0.0351,20230513,10,Mardi,Decembre,0,Morning,1,2024-12-10T10:14:50.000Z,2024-12-10,2024-12,1733825690,1733788800,5,20,Age Moyen,1527.77,2,0,2024-12-08,1733687465,2,235.72700000000003,538.23,138225,1,0
M00453,P04502,U02681,TX0001670,150.72,20250814114651,Saint-Etienne,PAYPAL,Health,34,47995.33,Saint-Etienne,Premium,20231112,Elite Thermometer 4502,Health,155.31,3.9,183,HealthHub 453,Health,Ile-de-France,0.0804,20200411,11,Jeudi,Aout,0,Morning,1,2025-08-14T11:46:51.000Z,2025-08-14,2025-08,1755172011,1755129600,23,23,Adulte,561.68,3,0,2025-08-14,1755158485,0,684.6982608695653,-77.99,13526,0,0
M00262,P01125,U08780,TX0001671,3429.98,20240210170833,Strasbourg,BANK_TRANSFER,Electronics,48,61168.99,Strasbourg,Premium,20241202,Elite Tablet 1125,Electronics,1616.55,2.6,855,GadgetShop 262,Electronics,Provence-Alpes-Côte d'Azur,0.0943,20230617,17,Samedi,Fevrier,1,Afternoon,0,2024-02-10T17:08:33.000Z,2024-02-10,2024-02,1707584913,1707523200,4,22,Age Moyen,3864.34,3,0,2024-02-08,1707394051,2,325.0736363636364,955.14,190862,1,0
M00283,P01643,U07065,TX0001672,417.44,20250518224532,Paris,BANK_TRANSFER,Home & Garden,25,128751.06,Paris,VIP,20250912,Premium Rug 1643,Home & Garden,374.31,4.8,432,HomeCenter 283,Home & Garden,Auvergne-Rhône-Alpes,0.0706,20190715,22,Dimanche,Mai,1,Night,0,2025-05-18T22:45:32.000Z,2025-05-18,2025-05,1747608332,1747526400,24,35,Jeune,424.37,2,0,2025-05-17,1747481604,1,281.2491428571429,48.42,126728,1,0
M00041,P01009,U01383,TX0001673,675.87,20240222090322,Nice,CARD,Automotive,23,100305.81,Nice,VIP,20230716,Pro Roof Rack 1009,Automotive,724.79,4.1,1132,AutoCenter 41,Automotive,Nouvelle-Aquitaine,0.0171,20221224,9,Jeudi,Fevrier,0,Morning,1,2024-02-22T09:03:22.000Z,2024-02-22,2024-02,1708592602,1708560000,5,38,Jeune,1345.78,3,0,2024-02-19,1708378873,3,448.19710526315794,50.8,213729,0,0
M00387,P03094,U01453,TX0001674,542.37,20250822161344,Nice,PAYPAL,Automotive,40,55315.86,Nice,Premium,20240927,Pro Dash Cam 3094,Automotive,266.85,3.8,917,AutoCenter 387,Automotive,Pays de la Loire,0.0615,20170514,16,Vendredi,Aout,0,Afternoon,1,2025-08-22T16:13:44.000Z,2025-08-22,2025-08,1755879224,1755820800,5,12,Adulte,542.37,1,0,2025-08-15,1755296356,7,324.9866666666667,66.89,582868,0,0
M00186,P02351,U09463,TX0001675,23.44,20250403182413,Marseille,PAYPAL,Beauty,58,96132.8,Marseille,VIP,20240518,Premium Nail Kit 2351,Beauty,25.4,1.5,238,GlowShop 186,Beauty,Nouvelle-Aquitaine,0.0327,20180828,18,Jeudi,Avril,0,Evening,0,2025-04-03T18:24:13.000Z,2025-04-03,2025-04,1743704653,1743638400,33,38,Age Moyen,842.0,2,0,2025-04-03,1743703492,0,194.278947368421,-87.93,1161,0,0
M00445,P02174,U00156,TX0001676,156.47,20241031201432,Toulouse,BANK_TRANSFER,Food,42,37174.58,Toulouse,Standard,20230316,Premium Coffee Pack 2174,Food,55.31,4.0,801,FoodHub 445,Food,Ile-de-France,0.078,20180109,20,Jeudi,Octobre,0,Evening,0,2024-10-31T20:14:32.000Z,2024-10-31,2024-10,1730405672,1730332800,7,7,Adulte,205.55,2,0,2024-10-30,1730308447,1,362.6542857142857,-56.85,97225,0,0
M00102,P02151,U01698,TX0001677,783.24,20250424113202,Toulouse,PAYPAL,Home & Garden,67,64160.71,Toulouse,Standard,20230219,Premium Rug 2151,Home & Garden,249.14,2.3,1016,HomeStyle 102,Home & Garden,Ile-de-France,0.079,20201011,11,Jeudi,Avril,0,Morning,1,2025-04-24T11:32:02.000Z,2025-04-24,2025-04,1745494322,1745452800,10,25,Senior,836.94,1,0,2025-04-09,1744197189,15,301.86679999999996,159.47,1297133,0,0
M00574,P02285,U08670,TX0001678,47.13,20250510101122,Nantes,CARD,Toys,16,89032.6,Nantes,VIP,20250119,Classic Action Figure 2285,Toys,45.65,4.0,801,PlayShop 574,Toys,Hauts-de-France,0.0394,20180728,10,Samedi,Mai,1,Morning,1,2025-05-10T10:11:22.000Z,2025-05-10,2025-05,1746871882,1746835200,35,37,Jeune,164.64,3,0,2025-05-08,1746708663,2,174.26000000000002,-72.95,163219,0,0
M00484,P02677,U10923,TX0001679,471.76,20250516210927,Nice,BANK_TRANSFER,Home & Garden,29,20452.0,Nice,Budget,20240216,Standard Sofa 2677,Home & Garden,443.02,3.3,353,DecorShop 484,Home & Garden,Auvergne-Rhône-Alpes,0.0304,20220715,21,Vendredi,Mai,0,Evening,0,2025-05-16T21:09:27.000Z,2025-05-16,2025-05,1747429767,1747353600,4,8,Adulte,471.76,1,0,2025-04-22,1745348843,24,414.3525,13.85,2080924,0,0
M00419,P04870,U06022,TX0001680,1675.46,20250510113616,Toulouse,PAYPAL,Automotive,35,48509.66,Toulouse,Standard,20240127,Standard Roof Rack 4870,Automotive,1592.67,4.2,1138,AutoCenter 419,Automotive,Occitanie,0.0757,20180330,11,Samedi,Mai,1,Morning,1,2025-05-10T11:36:16.000Z,2025-05-10,2025-05,1746876976,1746835200,2,9,Adulte,1862.27,2,0,2025-05-04,1746380375,6,852.2444444444445,96.59,496601,0,0
M00441,P02197,U03510,TX0001681,1277.76,20251022164856,Nantes,CASH,Automotive,59,115696.41,Nantes,VIP,20240630,Premium Dash Cam 2197,Automotive,1301.97,3.3,891,MotorHub 441,Automotive,Bretagne,0.0347,20180523,16,Mercredi,Octobre,0,Afternoon,1,2025-10-22T16:48:56.000Z,2025-10-22,2025-10,1761151736,1761091200,45,48,Age Moyen,1417.32,1,0,2025-10-22,1761114945,0,777.4104166666666,64.36,36791,0,0
M00437,P00768,U10622,TX0001682,17.29,20250115215812,Reims,PAYPAL,Health,38,11253.62,Montpellier,Budget,20250802,Essential Massage Gun 768,Health,5.86,1.4,653,VitalShop 437,Health,Bretagne,0.0819,20220907,21,Mercredi,Janvier,0,Evening,0,2025-01-15T21:58:12.000Z,2025-01-15,2025-01,1736978292,1736899200,5,6,Adulte,17.29,1,0,2024-12-17,1734420820,29,391.625,-95.59,2557472,0,0
M00210,P01646,U04014,TX0001683,70.49,20240403211745,Saint-Etienne,CARD,Books,46,43991.77,Saint-Etienne,Premium,20250405,,,,,,BookCorner 210,Books,Pays de la Loire,0.0407,20230322,21,Mercredi,Avril,0,Evening,0,2024-04-03T21:17:45.000Z,2024-04-03,2024-04,1712179065,1712102400,1,27,Age Moyen,70.49,1,0,,,,159.66407407407405,-55.85,,0,0
M00383,P02432,U02174,TX0001684,499.37,20250901040951,Montpellier,CARD,Sports,69,30304.66,Montpellier,Standard,20230119,Premium Backpack 2432,Sports,473.65,4.4,116,ActiveWear 383,Sports,Ile-de-France,0.0728,20220408,4,Lundi,Septembre,0,Night,0,2025-09-01T04:09:51.000Z,2025-09-01,2025-09,1756699791,1756684800,11,13,Senior,1128.21,1,0,2025-02-23,1740335795,190,353.55000000000007,41.24,16363996,1,0
M00474,P05673,U01048,TX0001685,212.62,20251227144109,Marseille,CARD,Beauty,46,64000.83,Marseille,Premium,20230115,Essential Perfume 5673,Beauty,112.09,5.0,186,BeautyWorld 474,Beauty,Ile-de-France,0.0767,20220316,14,Samedi,Decembre,1,Afternoon,1,2025-12-27T14:41:09.000Z,2025-12-27,2025-12,1766846469,1766793600,15,15,Age Moyen,430.82,2,0,2025-12-26,1766740329,1,314.6,-32.42,106140,0,0
M00360,P02323,U03082,TX0001686,735.02,20250922102457,Lille,CARD,Home & Garden,35,110885.64,Lille,VIP,20240801,Essential Lamp 2323,Home & Garden,402.18,3.3,61,GardenWorld 360,Home & Garden,Provence-Alpes-Côte d'Azur,0.0592,20210803,10,Lundi,Septembre,0,Morning,1,2025-09-22T10:24:57.000Z,2025-09-22,2025-09,1758536697,1758499200,7,32,Adulte,5273.09,3,0,2025-09-21,1758481481,1,642.865,14.34,55216,0,0
M00512,P01711,U03902,TX0001687,31.71,20240906164019,Rennes,CARD,Books,46,37528.31,Rennes,Standard,20230507,Elite Comic Book 1711,Books,29.8,2.8,1085,BookCorner 512,Books,Grand Est,0.0437,20220727,16,Vendredi,Septembre,0,Afternoon,1,2024-09-06T16:40:19.000Z,2024-09-06,2024-09,1725640819,1725580800,8,10,Age Moyen,31.71,1,0,2024-07-04,1720136759,64,459.855,-93.1,5504060,0,0
M00536,P04050,U03718,TX0001688,45.92,20251230000332,Grenoble,CARD,Food,58,33860.82,Grenoble,Standard,20230209,Premium Cheese Platter 4050,Food,45.27,2.7,56,FreshMarket 536,Food,Ile-de-France,0.0248,20200813,0,Mardi,Decembre,0,Night,0,2025-12-30T00:03:32.000Z,2025-12-30,2025-12,1767053012,1767052800,28,28,Age Moyen,45.92,1,0,2025-12-07,1765104461,23,669.5882142857143,-93.14,1948551,1,0
M00551,P05342,U03342,TX0001689,11.72,20250718200937,Nîmes,CARD,Toys,54,47480.4,Nîmes,Premium,20250502,Essential Action Figure 5342,Toys,12.13,2.7,133,ToyLand 551,Toys,Provence-Alpes-Côte d'Azur,0.085,20221226,20,Vendredi,Juillet,0,Evening,0,2025-07-18T20:09:37.000Z,2025-07-18,2025-07,1752869377,1752796800,12,18,Age Moyen,11.72,1,0,2025-07-08,1752004360,10,270.22222222222223,-95.66,865017,0,0
M00104,P01700,U10142,TX0001690,150.26,20250606192404,Nice,CARD,Toys,25,40274.68,Nice,Standard,20240529,Standard Board Game 1700,Toys,149.35,4.2,21,ToyLand 104,Toys,Auvergne-Rhône-Alpes,0.0732,20170213,19,Vendredi,Juin,0,Evening,0,2025-06-06T19:24:04.000Z,2025-06-06,2025-06,1749237844,1749168000,1,7,Jeune,150.26,1,0,,,,327.83714285714285,-54.17,,0,0
M00513,P03288,U02859,TX0001691,762.33,20241022144033,Villeurbanne,CASH,Home & Garden,62,53014.85,Villeurbanne,Premium,20250831,Standard Sofa 3288,Home & Garden,796.7,5.0,69,HomeStyle 513,Home & Garden,Ile-de-France,0.0379,20200826,14,Mardi,Octobre,0,Afternoon,1,2024-10-22T14:40:33.000Z,2024-10-22,2024-10,1729608033,1729555200,26,30,Age Moyen,1139.85,1,0,2024-10-10,1728587025,12,183.77799999999996,314.81,1021008,1,0
M00078,P05911,U02387,TX0001692,190.57,20250406075334,Nice,CRYPTO,Automotive,45,116988.58,Nice,VIP,20230910,Pro Car Battery 5911,Automotive,92.64,2.0,658,AutoShop 78,Automotive,Bretagne,0.0117,20180217,7,Dimanche,Avril,1,Morning,0,2025-04-06T07:53:34.000Z,2025-04-06,2025-04,1743926014,1743897600,7,37,Age Moyen,190.57,1,0,2024-12-30,1735555387,97,221.56378378378375,-13.99,8370627,1,0
M00082,P03477,U08898,TX0001693,200.83,20240909110009,Toulouse,CARD,Sports,30,31139.46,Toulouse,Standard,20240328,Pro Bicycle Helmet 3477,Sports,90.63,2.2,745,ActiveWear 82,Sports,Normandie,0.0366,20181027,11,Lundi,Septembre,0,Morning,1,2024-09-09T11:00:09.000Z,2024-09-09,2024-09,1725879609,1725840000,3,10,Adulte,1275.27,2,0,2024-09-08,1725800960,1,293.075,-31.47,78649,0,0
M00563,P04499,U07621,TX0001694,34.16,20240630193451,Saint-Etienne,CASH,Toys,27,28618.44,Saint-Etienne,Standard,20230406,Classic Action Figure 4499,Toys,37.13,3.6,15,ToyLand 563,Toys,Inconnu,0.0811,20170630,19,Dimanche,Juin,1,Evening,0,2024-06-30T19:34:51.000Z,2024-06-30,2024-06,1719776091,1719705600,9,16,Adulte,34.16,1,0,2024-06-23,1719144013,7,133.01125000000002,-74.32,632078,0,0
M00377,P05083,U11845,TX0001695,256.9,20250615085146,Paris,PAYPAL,Clothing,49,35018.38,Paris,Standard,20231016,Essential Sneakers 5083,Clothing,284.41,4.2,641,ClothingHub 377,Clothing,Ile-de-France,0.0756,20181121,8,Dimanche,Juin,1,Morning,0,2025-06-15T08:51:46.000Z,2025-06-15,2025-06,1749977506,1749945600,11,12,Age Moyen,652.87,1,0,2025-06-04,1749053392,11,201.41500000000005,27.55,924114,0,0
M00070,P02019,U06608,TX0001696,150.29,20250530081042,Lyon,CARD,Beauty,47,105864.1,Lyon,VIP,20241121,Standard Shampoo 2019,Beauty,137.6,4.0,911,GlowShop 70,Beauty,Grand Est,0.0779,20201027,8,Vendredi,Mai,0,Morning,0,2025-05-30T08:10:42.000Z,2025-05-30,2025-05,1748592642,1748563200,23,37,Age Moyen,249.05,2,0,2025-05-25,1748173180,5,175.7454054054054,-14.48,419462,0,0
M00411,P04602,U03565,TX0001697,498.64,20250820165033,Nice,BANK_TRANSFER,Sports,44,73409.25,Nice,VIP,20231116,Elite Dumbbells 4602,Sports,533.08,3.4,1192,SportZone 411,Sports,Grand Est,0.0322,20200611,16,Mercredi,Aout,0,Afternoon,1,2025-08-20T16:50:33.000Z,2025-08-20,2025-08,1755708633,1755648000,29,39,Adulte,557.88,2,0,2025-08-16,1755374712,4,514.9279487179487,-3.16,333921,0,0
M00399,P02425,U08499,TX0001698,77.94,20241024160241,Strasbourg,CARD,Beauty,35,119327.1,Strasbourg,VIP,20240706,Essential Serum 2425,Beauty,81.47,3.3,344,BeautyWorld 399,Beauty,Hauts-de-France,0.0398,20200306,16,Jeudi,Octobre,0,Afternoon,1,2024-10-24T16:02:41.000Z,2024-10-24,2024-10,1729785761,1729728000,20,48,Adulte,187.16,2,0,2024-10-21,1729494077,3,692.3475000000002,-88.74,291684,0,0
M00234,P04282,U11475,TX0001699,8.36,20240413091837,Lyon,PAYPAL,Food,18,79764.85,Lyon,VIP,20250818,Premium Tea Set 4282,Food,8.51,3.6,498,FoodMart 234,Food,Normandie,0.0965,20210212,9,Samedi,Avril,1,Morning,1,2024-04-13T09:18:37.000Z,2024-04-13,2024-04,1712999917,1712966400,13,45,Jeune,557.18,3,0,2024-04-13,1712978415,0,155.45111111111112,-94.62,21502,0,0
M00594,P03360,U11968,TX0001700,71.68,20240603090519,Nice,CASH,Sports,40,75372.22,Nice,VIP,20250312,Pro Yoga Mat 3360,Sports,71.12,2.1,831,SportZone 594,Sports,Ile-de-France,0.022,20170223,9,Lundi,Juin,0,Morning,1,2024-06-03T09:05:19.000Z,2024-06-03,2024-06,1717405519,1717372800,1,38,Adulte,71.68,1,0,,,,285.19894736842093,-74.87,,0,0
M00070,P05276,U06886,TX0001701,93.33,20250730045934,Marseille,CASH,Beauty,37,13101.05,Marseille,Budget,20250506,Essential Lipstick 5276,Beauty,87.9,4.2,88,GlowShop 70,Beauty,Grand Est,0.0779,20201027,4,Mercredi,Juillet,0,Night,0,2025-07-30T04:59:34.000Z,2025-07-30,2025-07,1753851574,1753833600,3,4,Adulte,109.54,2,0,2025-07-25,1753465889,5,521.2275,-82.09,385685,1,0
M00305,P01194,U05495,TX0001702,55.73,20250207103255,Lyon,CARD,Food,44,27668.47,Lyon,Budget,20250501,,,,,,GourmetShop 305,Food,Occitanie,0.0211,20180217,10,Vendredi,Fevrier,0,Morning,1,2025-02-07T10:32:55.000Z,2025-02-07,2025-02,1738924375,1738886400,10,12,Adulte,55.73,1,0,2025-01-19,1737271444,19,241.61666666666665,-76.93,1652931,0,0
M00403,P05137,U00933,TX0001703,84.15,20250606212924,Toulouse,PAYPAL,Food,51,89266.59,Toulouse,Premium,20240207,Premium Olive Oil 5137,Food,77.87,4.1,1140,,Inconnu,Inconnu,,,21,Vendredi,Juin,0,Evening,0,2025-06-06T21:29:24.000Z,2025-06-06,2025-06,1749245364,1749168000,6,16,Age Moyen,84.15,1,0,2025-05-30,1748644608,7,331.173125,-74.59,600756,0,0
M00160,P02171,U01051,TX0001704,554.74,20240625073923,Paris,CRYPTO,Automotive,48,43135.72,Paris,Standard,20230906,Pro Roof Rack 2171,Automotive,518.56,3.6,260,AutoCenter 160,Automotive,Ile-de-France,0.0642,20230706,7,Mardi,Juin,0,Morning,0,2024-06-25T07:39:23.000Z,2024-06-25,2024-06,1719301163,1719273600,9,9,Age Moyen,1190.1,2,0,2024-06-24,1719214847,1,324.05777777777774,71.19,86316,1,0
M00157,P00883,U01710,TX0001705,223.61,20250413130033,Paris,CARD,Clothing,23,33949.72,Paris,Standard,20250914,Essential Jacket 883,Clothing,210.24,4.5,858,TrendyWear 157,Clothing,Hauts-de-France,0.0535,20220505,13,Dimanche,Avril,1,Afternoon,1,2025-04-13T13:00:33.000Z,2025-04-13,2025-04,1744549233,1744502400,11,12,Jeune,303.98,2,0,2025-04-12,1744478206,1,364.56583333333333,-38.66,71027,0,0
M00238,P04969,U03335,TX0001706,68.05,20240523181539,Grenoble,PAYPAL,Books,57,23796.58,Marseille,Standard,20230319,Standard Atlas 4969,Books,62.36,4.5,723,ReadMore 238,Books,Ile-de-France,0.0973,20170531,18,Jeudi,Mai,0,Evening,0,2024-05-23T18:15:39.000Z,2024-05-23,2024-05,1716488139,1716422400,2,13,Age Moyen,68.05,1,0,2024-04-07,1712509076,46,49.77076923076923,36.73,3979063,0,0
M00011,P02168,U03733,TX0001707,908.37,20251229141931,Lyon,PAYPAL,Sports,22,38551.04,Lyon,Standard,20240621,Standard Backpack 2168,Sports,466.57,4.2,716,FitnessShop 11,Sports,Normandie,0.0333,20210619,14,Lundi,Decembre,0,Afternoon,1,2025-12-29T14:19:31.000Z,2025-12-29,2025-12,1767017971,1766966400,8,8,Jeune,908.37,1,0,2025-12-01,1764619763,28,354.82125,156.01,2398208,0,0
M00336,P03768,U08560,TX0001708,1562.04,20241103130417,Lille,CASH,Electronics,20,45242.76,Lille,Premium,20241223,Premium Laptop 3768,Electronics,1459.19,2.9,916,TechStore 336,Electronics,Nouvelle-Aquitaine,0.0241,20181226,13,Dimanche,Novembre,1,Afternoon,1,2024-11-03T13:04:17.000Z,2024-11-03,2024-11,1730639057,1730592000,2,19,Jeune,1737.11,2,0,2024-11-01,1730492423,2,302.4084210526317,416.53,146634,1,0
M00534,P04131,U09785,TX0001709,165.38,20250301180126,Angers,CASH,Health,60,77142.18,Bordeaux,VIP,20241027,Elite Thermometer 4131,Health,180.62,4.0,218,HealthShop 534,Health,Hauts-de-France,0.0555,20220126,18,Samedi,Mars,1,Evening,0,2025-03-01T18:01:26.000Z,2025-03-01,2025-03,1740852086,1740787200,1,40,Age Moyen,165.38,1,0,,,,242.2515,-31.73,,0,0
M00171,P01908,U05568,TX0001710,332.86,20250821162438,Grenoble,CRYPTO,Beauty,54,26358.75,Grenoble,Standard,20230404,Elite Nail Kit 1908,Beauty,161.31,4.6,1069,CosmeticHub 171,Beauty,Grand Est,0.0625,20230221,16,Jeudi,Aout,0,Afternoon,1,2025-08-21T16:24:38.000Z,2025-08-21,2025-08,1755793478,1755734400,4,5,Age Moyen,332.86,1,0,2025-08-03,1754215665,18,133.74200000000002,148.88,1577813,1,0
M00510,P03087,U01673,TX0001711,35.38,20251022032431,Paris,PAYPAL,Automotive,48,75482.09,Paris,VIP,20240427,Premium Roof Rack 3087,Automotive,33.69,3.6,875,MotorHub 510,Automotive,Bretagne,0.0681,20190402,3,Mercredi,Octobre,0,Night,0,2025-10-22T03:24:31.000Z,2025-10-22,2025-10,1761103471,1761091200,33,35,Age Moyen,815.72,2,0,2025-10-17,1760740492,5,810.8394285714285,-95.64,362979,1,0
M00384,P02833,U03762,TX0001712,213.41,20250422173558,Marseille,CARD,Clothing,40,51767.27,Marseille,VIP,20250101,Pro Jeans 2833,Clothing,213.39,4.3,406,StyleShop 384,Clothing,Ile-de-France,0.0874,20200829,17,Mardi,Avril,0,Afternoon,0,2025-04-22T17:35:58.000Z,2025-04-22,2025-04,1745343358,1745280000,10,41,Adulte,588.28,1,0,2025-04-22,1745287905,0,169.63585365853658,25.8,55453,0,0
M00384,P01122,U10889,TX0001713,660.99,20250503194243,Montpellier,PAYPAL,Clothing,53,17224.01,Montpellier,Budget,20250624,Premium Scarf 1122,Clothing,319.5,3.9,1029,StyleShop 384,Clothing,Ile-de-France,0.0874,20200829,19,Samedi,Mai,1,Evening,0,2025-05-03T19:42:43.000Z,2025-05-03,2025-05,1746301363,1746230400,4,8,Age Moyen,914.41,2,0,2025-04-28,1745883981,5,540.8425,22.21,417382,0,0
M00186,P01816,U00382,TX0001714,89.82,20240905123025,Grenoble,PAYPAL,Beauty,61,59358.06,Grenoble,VIP,20240206,Essential Nail Kit 1816,Beauty,95.29,5.0,54,GlowShop 186,Beauty,Nouvelle-Aquitaine,0.0327,20180828,12,Jeudi,Septembre,0,Afternoon,1,2024-09-05T12:30:25.000Z,2024-09-05,2024-09,1725539425,1725494400,1,27,Age Moyen,89.82,1,0,,,,178.8244444444444,-49.77,,0,0
M00498,P05120,U05238,TX0001715,542.84,20250729142610,Toulouse,BANK_TRANSFER,Sports,54,22125.33,Toulouse,Standard,20240418,Classic Running Shoes 5120,Sports,510.89,4.0,942,SportZone 498,Sports,Provence-Alpes-Côte d'Azur,0.0737,20220325,14,Mardi,Juillet,0,Afternoon,1,2025-07-29T14:26:10.000Z,2025-07-29,2025-07,1753799170,1753747200,5,9,Age Moyen,542.84,1,0,2025-07-22,1753172829,7,349.8122222222222,55.18,626341,0,0
M00433,P00265,U00350,TX0001716,1793.75,20241002160021,Marseille,CARD,Automotive,16,24558.11,Marseille,Budget,20250725,Classic Car Battery 265,Automotive,974.66,2.8,1184,AutoShop 433,Automotive,Grand Est,0.0138,20210726,16,Mercredi,Octobre,0,Afternoon,1,2024-10-02T16:00:21.000Z,2024-10-02,2024-10,1727884821,1727827200,1,4,Jeune,1793.75,1,0,,,,869.595,106.27,,0,0
M00216,P05939,U05303,TX0001717,2015.78,20241123165032,Nîmes,BANK_TRANSFER,Automotive,26,61500.67,Nîmes,Premium,20230914,Essential Tyre Set 5939,Automotive,978.26,1.9,343,AutoShop 216,Automotive,Ile-de-France,0.0956,20211006,16,Samedi,Novembre,1,Afternoon,1,2024-11-23T16:50:32.000Z,2024-11-23,2024-11,1732380632,1732320000,9,22,Adulte,2015.78,1,0,2024-11-03,1730619209,20,1186.2136363636362,69.93,1761423,0,0
M00534,P05484,U06207,TX0001718,183.03,20240603104848,Paris,CARD,Health,50,102678.7,Paris,VIP,20250105,Pro Vitamins 5484,Health,179.85,3.1,320,HealthShop 534,Health,Hauts-de-France,0.0555,20220126,10,Lundi,Juin,0,Morning,1,2024-06-03T10:48:48.000Z,2024-06-03,2024-06,1717411728,1717372800,24,38,Age Moyen,290.19,2,0,2024-05-29,1716994437,5,161.81026315789475,13.11,417291,0,0
M00098,P01563,U03864,TX0001719,49.34,20250611133054,Paris,BANK_TRANSFER,Food,28,128881.61,Paris,VIP,20230810,Premium Pasta Box 1563,Food,46.73,2.7,577,GourmetShop 98,Food,Nouvelle-Aquitaine,0.0206,20200102,13,Mercredi,Juin,0,Afternoon,1,2025-06-11T13:30:54.000Z,2025-06-11,2025-06,1749648654,1749600000,13,24,Adulte,612.05,3,0,2025-06-10,1749553655,1,528.8166666666666,-90.67,94999,0,0
M00268,P04325,U04102,TX0001720,23.72,20241215174910,Marseille,CASH,Toys,,,,Inconnu,,Pro Action Figure 4325,Toys,22.19,2.3,727,KidsWorld 268,Toys,Bretagne,0.0338,20201228,17,Dimanche,Decembre,1,Afternoon,0,2024-12-15T17:49:10.000Z,2024-12-15,2024-12,1734284950,1734220800,15,43,Inconnu,32.26,2,0,2024-12-11,1733918731,4,238.76395348837207,-90.07,366219,0,0
M00160,P03390,U01571,TX0001721,607.58,20241121093309,Angers,BANK_TRANSFER,Automotive,33,56535.3,Angers,Premium,20250501,Pro Car Parts 3390,Automotive,569.04,3.7,274,AutoCenter 160,Automotive,Ile-de-France,0.0642,20230706,9,Jeudi,Novembre,0,Morning,1,2024-11-21T09:33:09.000Z,2024-11-21,2024-11,1732181589,1732147200,6,31,Adulte,607.58,1,0,2024-11-05,1730840024,16,448.6393548387098,35.43,1341565,0,0
M00070,P02019,U01080,TX0001722,153.5,20240117092106,Villeurbanne,CARD,Beauty,31,73674.58,Villeurbanne,Premium,20230206,Standard Shampoo 2019,Beauty,137.6,4.0,911,GlowShop 70,Beauty,Grand Est,0.0779,20201027,9,Mercredi,Janvier,0,Morning,1,2024-01-17T09:21:06.000Z,2024-01-17,2024-01,1705483266,1705449600,2,21,Adulte,211.78,2,0,2024-01-11,1704961423,6,172.02476190476193,-10.77,521843,0,0
M00353,P03112,U08703,TX0001723,256.49,20240706025300,Villeurbanne,CASH,Toys,16,12743.69,Villeurbanne,Budget,20250312,Classic Building Blocks 3112,Toys,128.67,4.3,844,ToyHub 353,Toys,Auvergne-Rhône-Alpes,0.0558,20190621,2,Samedi,Juillet,1,Night,0,2024-07-06T02:53:00.000Z,2024-07-06,2024-07,1720234380,1720224000,1,8,Jeune,256.49,1,0,,,,255.5475,0.37,,1,0
M00213,P03121,U04835,TX0001724,44.89,20250401112456,Strasbourg,CARD,Food,50,14605.29,Marseille,Standard,20240518,Essential Coffee Pack 3121,Food,47.56,4.3,30,FoodMart 213,Food,Grand Est,0.0481,20170326,11,Mardi,Avril,0,Morning,1,2025-04-01T11:24:56.000Z,2025-04-01,2025-04,1743506696,1743465600,3,8,Age Moyen,44.89,1,0,2024-12-31,1735611637,91,199.23875,-77.47,7895059,0,0
M00557,P02558,U08383,TX0001725,782.94,20250914142411,Marseille,CARD,Electronics,52,76323.53,Marseille,VIP,20230608,Standard Smart TV 2558,Electronics,731.73,3.4,680,GadgetShop 557,Electronics,Normandie,0.067,20201005,14,Dimanche,Septembre,1,Afternoon,1,2025-09-14T14:24:11.000Z,2025-09-14,2025-09,1757859851,1757808000,3,22,Age Moyen,933.57,3,0,2025-09-12,1757704820,2,397.97954545454536,96.73,155031,0,0
M00160,P03381,U02463,TX0001726,1258.24,20250910132406,Paris,CRYPTO,Automotive,28,11808.7,Paris,Budget,20250309,Standard Car Battery 3381,Automotive,1261.06,3.7,684,AutoCenter 160,Automotive,Ile-de-France,0.0642,20230706,13,Mercredi,Septembre,0,Afternoon,1,2025-09-10T13:24:06.000Z,2025-09-10,2025-09,1757510646,1757462400,6,9,Adulte,1258.24,1,0,2025-08-06,1754472543,35,1038.9988888888888,21.1,3038103,1,0
M00262,P03287,U08579,TX0001727,1336.36,20240729102454,Le Havre,PAYPAL,Electronics,48,32451.79,Lyon,Premium,20231223,Essential Tablet 3287,Electronics,1442.58,4.1,300,GadgetShop 262,Electronics,Provence-Alpes-Côte d'Azur,0.0943,20230617,10,Lundi,Juillet,0,Morning,1,2024-07-29T10:24:54.000Z,2024-07-29,2024-07,1722248694,1722211200,2,33,Age Moyen,2035.69,2,0,2024-07-23,1721760541,6,403.69636363636374,231.03,488153,0,0
M00049,P02483,U04314,TX0001728,264.36,20240926194626,Le Havre,CASH,Sports,36,24477.08,Le Havre,Budget,20230315,Premium Yoga Mat 2483,Sports,132.86,4.3,831,ActiveWear 49,Sports,Auvergne-Rhône-Alpes,0.0341,20230524,19,Jeudi,Septembre,0,Evening,0,2024-09-26T19:46:26.000Z,2024-09-26,2024-09,1727379986,1727308800,4,7,Adulte,748.54,2,0,2024-09-25,1727240792,1,634.7271428571429,-58.35,139194,0,0
M00045,P03984,U11513,TX0001729,59.82,20251015193447,Lyon,PAYPAL,Books,18,128435.17,Lyon,VIP,20230427,Elite Atlas 3984,Books,27.7,3.2,795,BookCorner 45,Books,Ile-de-France,0.0184,20190806,19,Mercredi,Octobre,0,Evening,0,2025-10-15T19:34:47.000Z,2025-10-15,2025-10,1760556887,1760486400,18,29,Jeune,1356.15,3,0,2025-10-14,1760430348,1,737.0575862068966,-91.88,126539,0,0
M00214,P00250,U09630,TX0001730,44.84,20240616154327,Toulon,CARD,Books,45,59973.87,Toulon,Premium,20231126,Essential Biography 250,Books,47.23,3.8,929,ReadMore 214,Books,Ile-de-France,0.0528,20220802,15,Dimanche,Juin,1,Afternoon,1,2024-06-16T15:43:27.000Z,2024-06-16,2024-06,1718552607,1718496000,10,31,Age Moyen,310.83,3,0,2024-06-15,1718442852,1,409.668064516129,-89.05,109755,0,0
M00445,P04007,U00229,TX0001731,32.36,20250508165304,Paris,CRYPTO,Food,53,29556.22,Paris,Standard,20231213,Pro Olive Oil 4007,Food,35.57,2.9,1042,FoodHub 445,Food,Ile-de-France,0.078,20180109,16,Jeudi,Mai,0,Afternoon,1,2025-05-08T16:53:04.000Z,2025-05-08,2025-05,1746723184,1746662400,4,9,Age Moyen,32.36,1,0,2025-02-24,1740421690,73,324.72333333333336,-90.03,6301494,1,0
M00397,P04976,U07724,TX0001732,352.24,20241014104854,Toulouse,BANK_TRANSFER,Sports,,,,Inconnu,,Classic Bicycle Helmet 4976,Sports,317.55,1.7,236,ActiveWear 397,Sports,Ile-de-France,0.0255,20171010,10,Lundi,Octobre,0,Morning,1,2024-10-14T10:48:54.000Z,2024-10-14,2024-10,1728902934,1728864000,30,39,Inconnu,546.88,3,0,2024-10-13,1728860895,1,245.50205128205127,43.48,42039,0,0
M00489,P01613,U04035,TX0001733,22.53,20240128114308,Nantes,CASH,Health,42,27002.66,Paris,Budget,20240718,Elite First Aid Kit 1613,Health,22.86,2.2,264,VitalShop 489,Health,Provence-Alpes-Côte d'Azur,0.0423,20220106,11,Dimanche,Janvier,1,Morning,1,2024-01-28T11:43:08.000Z,2024-01-28,2024-01,1706442188,1706400000,2,6,Adulte,1412.55,2,0,2024-01-27,1706342935,1,785.2383333333332,-97.13,99253,0,0
M00131,P03804,U03588,TX0001734,70.56,20250214182914,Toulouse,CARD,Beauty,29,38656.87,Marseille,Standard,20230415,Elite Face Cream 3804,Beauty,69.97,3.2,1011,BeautyWorld 131,Beauty,Auvergne-Rhône-Alpes,0.0428,20200516,18,Vendredi,Fevrier,0,Evening,0,2025-02-14T18:29:14.000Z,2025-02-14,2025-02,1739557754,1739491200,8,10,Adulte,70.56,1,0,2025-01-31,1738332432,14,224.25200000000004,-68.54,1225322,0,0
M00257,P04020,U00336,TX0001735,153.09,20240304124701,Marseille,CARD,Toys,25,51828.38,Marseille,Premium,20240102,Pro Action Figure 4020,Toys,145.03,5.0,741,KidsWorld 257,Toys,Auvergne-Rhône-Alpes,0.0369,20220516,12,Lundi,Mars,0,Afternoon,1,2024-03-04T12:47:01.000Z,2024-03-04,2024-03,1709556421,1709510400,2,12,Jeune,240.2,2,0,2024-03-01,1709281085,3,115.82416666666666,32.17,275336,0,0
M00258,P02837,U11644,TX0001736,1015.42,20240207133507,Nantes,CARD,Electronics,39,13242.73,Nantes,Standard,20240419,Classic Smartphone 2837,Electronics,926.31,4.2,70,DigitalHub 258,Electronics,Provence-Alpes-Côte d'Azur,0.0181,20200407,13,Mercredi,Fevrier,0,Afternoon,1,2024-02-07T13:35:07.000Z,2024-02-07,2024-02,1707312907,1707264000,1,9,Adulte,1015.42,1,0,,,,911.86,11.36,,0,0
M00037,P04806,U03329,TX0001737,8.52,20250214194212,Nîmes,CARD,Books,51,73919.64,,VIP,20250528,Pro Novel 4806,Books,7.76,3.3,1015,ReadMore 37,Books,Auvergne-Rhône-Alpes,0.0929,20170520,19,Vendredi,Fevrier,0,Evening,0,2025-02-14T19:42:12.000Z,2025-02-14,2025-02,1739562132,1739491200,3,29,Age Moyen,8.52,1,0,2025-02-06,1738852966,8,328.8755172413793,-97.41,709166,0,0
M00311,P01193,U04330,TX0001738,159.55,20250116212459,Bordeaux,CASH,Beauty,16,51290.84,Bordeaux,Premium,20240306,Classic Perfume 1193,Beauty,87.21,3.8,134,CosmeticHub 311,Beauty,Hauts-de-France,0.0276,20200720,21,Jeudi,Janvier,0,Evening,0,2025-01-16T21:24:59.000Z,2025-01-16,2025-01,1737062699,1736985600,12,19,Jeune,159.55,1,0,2025-01-03,1735942484,13,351.58736842105264,-54.62,1120215,0,0
M00404,P04481,U10613,TX0001739,190.41,20250717133052,Lyon,CARD,Beauty,38,78644.9,Lyon,Premium,20240114,Premium Perfume 4481,Beauty,89.88,3.6,849,,Inconnu,Inconnu,,,13,Jeudi,Juillet,0,Afternoon,1,2025-07-17T13:30:52.000Z,2025-07-17,2025-07,1752759052,1752710400,10,11,Adulte,861.63,3,0,2025-07-17,1752741503,0,260.5809090909091,-26.93,17549,0,0
M00233,P01018,U11513,TX0001740,172.53,20250923115831,Lyon,CASH,Automotive,18,128435.17,Lyon,VIP,20230427,Essential Car Battery 1018,Automotive,188.69,3.5,727,CarParts 233,Automotive,Auvergne-Rhône-Alpes,0.017,20190425,11,Mardi,Septembre,0,Morning,1,2025-09-23T11:58:31.000Z,2025-09-23,2025-09,1758628711,1758585600,10,29,Jeune,203.82,2,0,2025-09-19,1758317317,4,737.0575862068966,-76.59,311394,0,0
M00009,P01689,U04047,TX0001741,119.25,20240411080439,Angers,PAYPAL,Health,61,118020.33,Angers,VIP,20230115,Premium Blood Monitor 1689,Health,118.68,3.5,113,VitalShop 9,Health,Nouvelle-Aquitaine,0.0627,20180107,8,Jeudi,Avril,0,Morning,0,2024-04-11T08:04:39.000Z,2024-04-11,2024-04,1712822679,1712793600,20,37,Age Moyen,571.71,3,0,2024-04-09,1712684731,2,433.3316216216217,-72.48,137948,0,0
M00219,P02696,U01934,TX0001742,17.67,20250908063505,Grenoble,CRYPTO,Books,38,133642.4,Rennes,VIP,20230410,Elite Atlas 2696,Books,17.9,3.4,951,,Inconnu,Inconnu,,,6,Lundi,Septembre,0,Morning,0,2025-09-08T06:35:05.000Z,2025-09-08,2025-09,1757313305,1757289600,10,30,Adulte,209.62,3,0,2025-09-06,1757150861,2,180.893,-90.23,162444,1,0
M00190,P00217,U11439,TX0001743,1144.8,20241105054620,Strasbourg,CASH,Automotive,49,35482.9,Strasbourg,Premium,20241022,Standard Dash Cam 217,Automotive,1024.9,3.0,908,MotorHub 190,Automotive,Provence-Alpes-Côte d'Azur,0.0469,20220101,5,Mardi,Novembre,0,Night,0,2024-11-05T05:46:20.000Z,2024-11-05,2024-11,1730785580,1730764800,12,29,Age Moyen,1282.86,2,0,2024-11-01,1730444072,4,773.0834482758621,48.08,341508,1,0
M00209,P02890,U05645,TX0001744,33.14,20250706093901,Montpellier,CARD,Books,37,135682.94,Montpellier,VIP,20231203,Pro Atlas 2890,Books,33.64,3.7,905,BookHaven 209,Books,Occitanie,0.0472,20180910,9,Dimanche,Juillet,1,Morning,1,2025-07-06T09:39:01.000Z,2025-07-06,2025-07,1751794741,1751760000,46,60,Adulte,317.1,1,0,2025-06-24,1750773428,12,288.3161666666666,-88.51,1021313,0,0
M00017,P02817,U05109,TX0001745,105.78,20250421171816,Le Havre,PAYPAL,Beauty,60,195066.3,Toulouse,VIP,20230101,Standard Serum 2817,Beauty,106.58,3.0,14,BeautyCorner 17,Beauty,Occitanie,0.0365,20210705,17,Lundi,Avril,0,Afternoon,0,2025-04-21T17:18:16.000Z,2025-04-21,2025-04,1745255896,1745193600,5,39,Age Moyen,199.45,3,0,2025-04-19,1745059234,2,422.45923076923077,-74.96,196662,0,0
M00151,P00430,U11095,TX0001746,712.58,20250130061354,Angers,BANK_TRANSFER,Home & Garden,16,68937.45,Angers,Premium,20240924,Pro Plant Pot 430,Home & Garden,657.4,4.8,758,DecorShop 151,Home & Garden,Ile-de-France,0.0183,20170419,6,Jeudi,Janvier,0,Morning,0,2025-01-30T06:13:54.000Z,2025-01-30,2025-01,1738217634,1738195200,20,20,Jeune,712.58,1,0,2025-01-12,1736699762,18,495.1620000000001,43.91,1517872,0,0
M00473,P04929,U00378,TX0001747,629.21,20240916074436,Le Havre,CASH,Home & Garden,45,169107.82,Paris,VIP,20241230,Standard Rug 4929,Home & Garden,619.51,4.3,466,DecorShop 473,Home & Garden,Hauts-de-France,0.0951,20181111,7,Lundi,Septembre,0,Morning,0,2024-09-16T07:44:36.000Z,2024-09-16,2024-09,1726472676,1726444800,11,22,Age Moyen,714.74,1,0,2024-09-04,1725449295,12,457.4486363636364,37.55,1023381,0,0
M00041,P02843,U01730,TX0001748,672.6,20250322171147,Bordeaux,CARD,Automotive,63,75695.05,Bordeaux,Premium,20240804,Premium Car Battery 2843,Automotive,739.51,3.4,1158,AutoCenter 41,Automotive,Nouvelle-Aquitaine,0.0171,20221224,17,Samedi,Mars,1,Afternoon,0,2025-03-22T17:11:47.000Z,2025-03-22,2025-03,1742663507,1742601600,3,20,Age Moyen,871.63,2,0,2025-03-22,1742630248,0,404.83900000000006,66.14,33259,0,0
M00121,P00078,U01521,TX0001749,672.34,20250502092535,Rennes,CARD,Automotive,47,32173.27,Rennes,Standard,20240121,Elite Car Parts 78,Automotive,689.95,3.5,376,,Inconnu,Inconnu,,,9,Vendredi,Mai,0,Morning,1,2025-05-02T09:25:35.000Z,2025-05-02,2025-05,1746177935,1746144000,9,12,Age Moyen,724.18,1,0,2025-01-10,1736500435,112,331.04083333333335,103.1,9677500,0,0
M00445,P05666,U06602,TX0001750,143.06,20250531183811,Paris,CARD,Food,,,,Inconnu,,Classic Olive Oil 5666,Food,66.99,3.3,635,FoodHub 445,Food,Ile-de-France,0.078,20180109,18,Samedi,Mai,1,Evening,0,2025-05-31T18:38:11.000Z,2025-05-31,2025-05,1748716691,1748649600,10,15,Inconnu,143.06,1,0,2025-05-19,1747657487,12,296.676,-51.78,1059204,0,0
M00190,P05089,U07276,TX0001751,779.28,20250916204748,Paris,CARD,Automotive,35,26430.74,Paris,Budget,20230812,Premium Tyre Set 5089,Automotive,728.48,3.1,841,MotorHub 190,Automotive,Provence-Alpes-Côte d'Azur,0.0469,20220101,20,Mardi,Septembre,0,Evening,0,2025-09-16T20:47:48.000Z,2025-09-16,2025-09,1758055668,1757980800,1,3,Adulte,779.28,1,0,,,,352.57,121.03,,0,0
M00509,P04270,U06037,TX0001752,215.29,20250201220456,Villeurbanne,BANK_TRANSFER,Beauty,23,121548.78,Reims,VIP,20241117,Essential Serum 4270,Beauty,100.76,3.7,477,BeautyCorner 509,Beauty,Occitanie,0.0737,20170329,22,Samedi,Fevrier,1,Night,0,2025-02-01T22:04:56.000Z,2025-02-01,2025-02,1738447496,1738368000,9,39,Jeune,333.91,3,0,2025-01-27,1737968429,5,196.4735897435897,9.58,479067,1,0
M00150,P05566,U04398,TX0001753,151.94,20240921090333,Nice,CARD,Toys,65,19122.85,Nice,Standard,20250827,Standard Puzzle 5566,Toys,152.9,5.0,522,PlayShop 150,Toys,Hauts-de-France,0.0238,20220515,9,Samedi,Septembre,1,Morning,1,2024-09-21T09:03:33.000Z,2024-09-21,2024-09,1726909413,1726876800,9,9,Senior,178.39,1,0,2024-09-21,1726879217,0,484.2811111111111,-68.63,30196,0,0
M00429,P01037,U05195,TX0001754,375.76,20240224071742,Paris,CARD,Home & Garden,62,35096.78,Paris,Standard,20241120,Elite Rug 1037,Home & Garden,373.7,3.5,445,HomeCenter 429,Home & Garden,Grand Est,0.0272,20200409,7,Samedi,Fevrier,1,Morning,0,2024-02-24T07:17:42.000Z,2024-02-24,2024-02,1708759062,1708732800,6,12,Age Moyen,815.47,1,0,2024-02-11,1707663810,13,528.2466666666667,-28.87,1095252,0,0
M00029,P00373,U05387,TX0001755,14.7,20240904121109,Nantes,PAYPAL,Food,48,97494.03,Nantes,VIP,20250405,,,,,,FreshMarket 29,Food,Nouvelle-Aquitaine,0.0244,20171212,12,Mercredi,Septembre,0,Afternoon,1,2024-09-04T12:11:09.000Z,2024-09-04,2024-09,1725451869,1725408000,3,64,Age Moyen,592.76,2,0,2024-09-04,1725437148,0,424.56171874999995,-96.54,14721,0,0
M00008,P01359,U07018,TX0001756,272.31,20241030191123,Lille,PAYPAL,Sports,33,27309.06,Lille,Standard,20240709,Classic Dumbbells 1359,Sports,270.58,2.6,23,SportHub 8,Sports,Pays de la Loire,0.0432,20170412,19,Mercredi,Octobre,0,Evening,0,2024-10-30T19:11:23.000Z,2024-10-30,2024-10,1730315483,1730246400,7,11,Adulte,272.31,1,0,2024-10-01,1727773866,29,506.4763636363637,-46.23,2541617,0,0
M00172,P02931,U08151,TX0001757,288.22,20240905215457,Dijon,CASH,Clothing,60,117937.68,,VIP,20240711,Premium Jacket 2931,Clothing,290.82,3.7,915,FashionStore 172,Clothing,Hauts-de-France,0.0305,20170807,21,Jeudi,Septembre,0,Evening,0,2024-09-05T21:54:57.000Z,2024-09-05,2024-09,1725573297,1725494400,14,50,Age Moyen,288.22,1,0,2024-08-22,1724356997,14,297.39239999999995,-3.08,1216300,0,0
M00528,P03386,U04128,TX0001758,31.49,20240624133720,Paris,BANK_TRANSFER,Toys,63,92194.84,Paris,VIP,20240306,Pro Board Game 3386,Toys,29.48,2.6,433,ToyHub 528,Toys,Nouvelle-Aquitaine,0.0723,20190602,13,Lundi,Juin,0,Afternoon,1,2024-06-24T13:37:20.000Z,2024-06-24,2024-06,1719236240,1719187200,5,44,Age Moyen,248.83,2,0,2024-06-18,1718734553,6,380.67772727272717,-91.73,501687,0,0
M00018,P04419,U01010,TX0001759,498.84,20240822095745,Angers,CARD,Automotive,19,45469.42,Montpellier,Standard,20250514,Standard Dash Cam 4419,Automotive,470.99,2.4,763,CarParts 18,Automotive,Ile-de-France,0.0894,20170516,9,Jeudi,Aout,0,Morning,1,2024-08-22T09:57:45.000Z,2024-08-22,2024-08,1724320665,1724284800,3,9,Jeune,498.84,1,0,2024-08-11,1723390955,11,524.0544444444445,-4.81,929710,0,0
M00329,P00863,U05247,TX0001760,1846.04,20240621224339,Lyon,CARD,Electronics,49,133501.89,Lyon,VIP,20241114,Elite Headphones 863,Electronics,2006.81,4.8,1111,DigitalHub 329,Electronics,Pays de la Loire,0.0772,20190405,22,Vendredi,Juin,0,Night,0,2024-06-21T22:43:39.000Z,2024-06-21,2024-06,1719009819,1718928000,21,76,Age Moyen,1846.04,1,0,2024-06-08,1717837861,13,577.5161842105261,219.65,1171958,1,0
M00238,P00878,U07259,TX0001761,62.69,20250909181518,Paris,CASH,Books,39,72785.77,Paris,Premium,20250730,Premium Atlas 878,Books,57.77,3.9,728,ReadMore 238,Books,Ile-de-France,0.0973,20170531,18,Mardi,Septembre,0,Evening,0,2025-09-09T18:15:18.000Z,2025-09-09,2025-09,1757441718,1757376000,18,25,Adulte,424.9,2,0,2025-09-06,1757156803,3,925.2243999999998,-93.22,284915,0,0
M00285,P03707,U11973,TX0001762,177.99,20241021182525,Marseille,CASH,Health,61,47643.08,Marseille,Premium,20250623,Classic Vitamins 3707,Health,190.04,5.0,559,HealthHub 285,Health,Bretagne,0.0776,20220227,18,Lundi,Octobre,0,Evening,0,2024-10-21T18:25:25.000Z,2024-10-21,2024-10,1729535125,1729468800,21,26,Age Moyen,674.89,3,0,2024-10-20,1729451956,1,310.38576923076926,-42.66,83169,0,0
M00159,P02522,U11375,TX0001763,102.43,20240205063639,Paris,CARD,Health,19,65591.44,Paris,Premium,20250912,Elite Vitamins 2522,Health,103.05,3.2,1165,WellnessStore 159,Health,Auvergne-Rhône-Alpes,0.0569,20200421,6,Lundi,Fevrier,0,Morning,0,2024-02-05T06:36:39.000Z,2024-02-05,2024-02,1707114999,1707091200,1,12,Jeune,102.43,1,0,,,,366.7441666666668,-72.07,,0,0
M00045,P02858,U09912,TX0001764,30.98,20250810135711,Nice,CARD,Books,66,21247.64,,Budget,20241120,Classic Atlas 2858,Books,16.85,1.8,478,BookCorner 45,Books,Ile-de-France,0.0184,20190806,13,Dimanche,Aout,1,Afternoon,1,2025-08-10T13:57:11.000Z,2025-08-10,2025-08,1754834231,1754784000,1,5,Senior,30.98,1,0,,,,54.45399999999999,-43.11,,0,0
M00413,P00798,U08430,TX0001765,2088.33,20251204100918,Lyon,CARD,Automotive,43,90351.94,Lyon,Premium,20240913,Essential Car Battery 798,Automotive,1052.12,3.5,394,AutoCenter 413,Automotive,Occitanie,0.0275,20220122,10,Jeudi,Decembre,0,Morning,1,2025-12-04T10:09:18.000Z,2025-12-04,2025-12,1764842958,1764806400,13,16,Adulte,2088.33,1,0,2025-10-26,1761518385,39,579.635,260.28,3324573,0,0
M00417,P02203,U04183,TX0001766,739.36,20240315155251,Le Havre,PAYPAL,Sports,30,118750.75,Le Havre,VIP,20230615,Essential Backpack 2203,Sports,348.86,3.3,231,SportHub 417,Sports,Bretagne,0.0194,20210930,15,Vendredi,Mars,0,Afternoon,1,2024-03-15T15:52:51.000Z,2024-03-15,2024-03,1710517971,1710460800,4,38,Adulte,1346.36,3,0,2024-03-15,1710475499,0,337.87894736842105,118.82,42472,0,0
M00230,P05320,U08243,TX0001767,130.79,20241113184945,Rennes,CASH,Health,43,19630.02,Rennes,Budget,20250827,Elite Thermometer 5320,Health,144.7,2.4,457,HealthShop 230,Health,Nouvelle-Aquitaine,0.014,20210115,18,Mercredi,Novembre,0,Evening,0,2024-11-13T18:49:45.000Z,2024-11-13,2024-11,1731523785,1731456000,1,3,Adulte,130.79,1,0,,,,548.39,-76.15,,0,0
M00114,P03874,U00591,TX0001768,1011.06,20250214175658,Lille,BANK_TRANSFER,Automotive,37,26574.05,Lille,Budget,20231120,Pro Tyre Set 3874,Automotive,1109.36,3.7,790,AutoCenter 114,Automotive,Pays de la Loire,0.0133,20200901,17,Vendredi,Fevrier,0,Afternoon,0,2025-02-14T17:56:58.000Z,2025-02-14,2025-02,1739555818,1739491200,2,8,Adulte,1011.06,1,0,2025-02-07,1738926618,7,416.0325,143.02,629200,0,0
M00241,P02905,U01029,TX0001769,54.02,20241115183459,Bordeaux,PAYPAL,Beauty,47,17282.01,Bordeaux,Standard,20240615,Classic Serum 2905,Beauty,58.08,3.3,575,CosmeticHub 241,Beauty,Provence-Alpes-Côte d'Azur,0.0162,20210615,18,Vendredi,Novembre,0,Evening,0,2024-11-15T18:34:59.000Z,2024-11-15,2024-11,1731695699,1731628800,2,3,Age Moyen,125.64,2,0,2024-11-13,1731501082,2,247.37666666666667,-78.16,194617,0,0
M00249,P03013,U06950,TX0001770,164.61,20240821151254,Rennes,CARD,Beauty,42,55830.8,Rennes,Premium,20230105,Classic Face Cream 3013,Beauty,161.61,5.0,739,BeautyWorld 249,Beauty,Ile-de-France,0.0303,20230205,15,Mercredi,Aout,0,Afternoon,1,2024-08-21T15:12:54.000Z,2024-08-21,2024-08,1724253174,1724198400,16,23,Adulte,164.61,1,0,2024-08-06,1722922033,15,380.8552173913043,-56.78,1331141,0,0
M00184,P05348,U03737,TX0001771,175.83,20250207094532,Nice,CARD,Health,35,40461.71,Nice,Premium,20241031,Standard Massage Gun 5348,Health,194.78,4.4,1044,HealthShop 184,Health,Grand Est,0.0775,20190921,9,Vendredi,Fevrier,0,Morning,1,2025-02-07T09:45:32.000Z,2025-02-07,2025-02,1738921532,1738886400,1,10,Adulte,175.83,1,0,,,,221.019,-20.45,,0,0
M00442,P01637,U08986,TX0001772,1603.33,20250325183829,Nantes,CASH,Home & Garden,44,51200.96,Nantes,Standard,20230304,Elite Cookware Set 1637,Home & Garden,720.03,5.0,602,GardenWorld 442,Home & Garden,Nouvelle-Aquitaine,0.0287,20180501,18,Mardi,Mars,0,Evening,0,2025-03-25T18:38:29.000Z,2025-03-25,2025-03,1742927909,1742860800,13,14,Adulte,1603.33,1,0,2025-03-16,1742145301,9,1025.8149999999998,56.3,782608,0,0
M00065,P03878,U08159,TX0001773,13.08,20240710103517,Strasbourg,CASH,Toys,33,61515.57,Strasbourg,Premium,20230126,,,,,,PlayShop 65,Toys,Auvergne-Rhône-Alpes,0.0479,20210325,10,Mercredi,Juillet,0,Morning,1,2024-07-10T10:35:17.000Z,2024-07-10,2024-07,1720607717,1720569600,18,22,Adulte,111.51,2,0,2024-07-05,1720185997,5,158.14727272727274,-91.73,421720,0,0
M00185,P02073,U04399,TX0001774,7.8,20250311155713,Nice,BANK_TRANSFER,Food,52,64335.52,Rennes,Premium,20250808,Classic Pasta Box 2073,Food,7.2,3.5,521,GourmetShop 185,Food,Ile-de-France,0.0104,20180409,15,Mardi,Mars,0,Afternoon,1,2025-03-11T15:57:13.000Z,2025-03-11,2025-03,1741708633,1741651200,5,11,Age Moyen,704.04,4,0,2025-03-09,1741512684,2,109.47272727272728,-92.87,195949,0,0
M00172,P01660,U06369,TX0001775,179.23,20240121223937,Paris,CRYPTO,Clothing,35,25616.97,Paris,Budget,20230422,Standard Jeans 1660,Clothing,163.77,4.1,283,FashionStore 172,Clothing,Hauts-de-France,0.0305,20170807,22,Dimanche,Janvier,1,Night,0,2024-01-21T22:39:37.000Z,2024-01-21,2024-01,1705876777,1705795200,2,7,Adulte,237.04,2,0,2024-01-15,1705303003,6,161.50142857142856,10.98,573774,2,1
M00415,P00678,U11865,TX0001776,844.56,20250715200853,Reims,CARD,Automotive,46,132151.88,Reims,VIP,20230410,Essential Car Battery 678,Automotive,762.14,3.2,613,CarParts 415,Automotive,Occitanie,0.0161,20221030,20,Mardi,Juillet,0,Evening,0,2025-07-15T20:08:53.000Z,2025-07-15,2025-07,1752610133,1752537600,12,42,Age Moyen,1028.53,2,0,2025-07-11,1752240528,4,2122.8261904761903,-60.22,369605,0,0
M00507,P03370,U08962,TX0001777,2379.6,20241221064212,Bordeaux,CARD,Electronics,41,22192.31,Bordeaux,Budget,20240706,Elite Laptop 3370,Electronics,1295.82,4.7,1117,GadgetShop 507,Electronics,Ile-de-France,0.0769,20200626,6,Samedi,Decembre,1,Morning,0,2024-12-21T06:42:12.000Z,2024-12-21,2024-12,1734763332,1734739200,5,7,Adulte,2599.28,1,0,2024-06-30,1719769606,174,416.92428571428576,470.75,14993726,1,0
M00526,P02842,U09474,TX0001778,924.12,20250801134720,Strasbourg,PAYPAL,Automotive,50,103170.64,Strasbourg,VIP,20240728,Essential Car Battery 2842,Automotive,834.03,2.2,1136,CarParts 526,Automotive,Nouvelle-Aquitaine,0.019,20180903,13,Vendredi,Aout,0,Afternoon,1,2025-08-01T13:47:20.000Z,2025-08-01,2025-08,1754056040,1754006400,46,53,Age Moyen,924.12,1,0,2025-01-28,1738063658,185,915.9975471698112,0.89,15992382,0,0
M00547,P03842,U03497,TX0001779,239.31,20240312154007,Lyon,CARD,Health,32,31216.91,Lyon,Budget,20230215,Classic Blood Monitor 3842,Health,219.25,3.5,544,HealthShop 547,Health,Grand Est,0.0112,20170529,15,Mardi,Mars,0,Afternoon,1,2024-03-12T15:40:07.000Z,2024-03-12,2024-03,1710258007,1710201600,1,15,Adulte,239.31,1,0,,,,452.01066666666674,-47.06,,0,0
M00484,P01015,U11426,TX0001780,263.39,20251219144325,Paris,BANK_TRANSFER,Home & Garden,,,,Inconnu,,Classic Plant Pot 1015,Home & Garden,270.0,4.3,652,DecorShop 484,Home & Garden,Auvergne-Rhône-Alpes,0.0304,20220715,14,Vendredi,Decembre,0,Afternoon,1,2025-12-19T14:43:25.000Z,2025-12-19,2025-12,1766155405,1766102400,2,2,Inconnu,263.39,1,0,2025-07-28,1753701000,144,175.495,50.08,12454405,0,0
M00520,P02031,U08009,TX0001781,919.9,20240113113308,Paris,PAYPAL,Electronics,21,64483.24,Paris,Premium,20250212,Elite Tablet 2031,Electronics,1001.7,4.7,556,TechStore 520,Electronics,Hauts-de-France,0.0951,20220413,11,Samedi,Janvier,1,Morning,1,2024-01-13T11:33:08.000Z,2024-01-13,2024-01,1705145588,1705104000,4,25,Jeune,1039.03,1,0,2024-01-05,1704466317,8,544.1056000000001,69.07,679271,0,0
M00117,P04214,U04226,TX0001782,59.97,20250122082300,Rennes,CRYPTO,Toys,19,162309.57,Rennes,VIP,20240121,Pro Action Figure 4214,Toys,56.8,5.0,176,ToyHub 117,Toys,Hauts-de-France,0.0833,20190614,8,Mercredi,Janvier,0,Morning,0,2025-01-22T08:23:00.000Z,2025-01-22,2025-01,1737534180,1737504000,11,38,Jeune,186.1,1,0,2025-01-08,1736355247,14,293.4894736842105,-79.57,1178933,1,0
M00236,P05830,U00369,TX0001783,353.44,20241103144550,Marseille,CARD,Sports,52,62017.52,Marseille,Premium,20231210,Classic Running Shoes 5830,Sports,384.09,4.1,449,SportZone 236,Sports,Ile-de-France,0.0887,20200330,14,Dimanche,Novembre,1,Afternoon,1,2024-11-03T14:45:50.000Z,2024-11-03,2024-11,1730645150,1730592000,34,37,Age Moyen,353.44,1,0,2024-08-22,1724319193,73,267.65270270270264,32.05,6325957,0,0
M00174,P00835,U00985,TX0001784,101.52,20250304193112,Saint-Etienne,CASH,Toys,67,14751.77,Paris,Budget,20240225,Classic Puzzle 835,Toys,90.7,4.0,444,KidsWorld 174,Toys,Grand Est,0.0261,20211212,19,Mardi,Mars,0,Evening,0,2025-03-04T19:31:12.000Z,2025-03-04,2025-03,1741116672,1741046400,1,2,Senior,101.52,1,0,,,,64.25999999999999,57.98,,0,0
M00152,P04367,U03948,TX0001785,113.88,20250315111342,Paris,CARD,Beauty,46,150541.66,Paris,VIP,20241206,Essential Serum 4367,Beauty,110.76,4.9,315,GlowShop 152,Beauty,Bretagne,0.0774,20170316,11,Samedi,Mars,1,Morning,1,2025-03-15T11:13:42.000Z,2025-03-15,2025-03,1742037222,1741996800,11,45,Age Moyen,113.88,1,0,2025-03-08,1741428500,7,450.05355555555553,-74.7,608722,0,0
M00264,P02519,U06548,TX0001786,647.79,20240416152202,Nantes,BANK_TRANSFER,Home & Garden,33,53563.82,Nantes,Premium,20250727,Essential Garden Chair 2519,Home & Garden,584.68,4.2,393,DecorShop 264,Home & Garden,Normandie,0.0599,20230128,15,Mardi,Avril,0,Afternoon,1,2024-04-16T15:22:02.000Z,2024-04-16,2024-04,1713280922,1713225600,4,17,Adulte,1426.06,2,0,2024-04-10,1712752446,6,337.774705882353,91.78,528476,0,0
M00488,P05749,U05604,TX0001787,431.59,20240724193736,Montpellier,PAYPAL,Home & Garden,35,22341.72,Montpellier,Standard,20240119,Elite Sofa 5749,Home & Garden,449.03,2.7,653,DecorShop 488,Home & Garden,Nouvelle-Aquitaine,0.0682,20171107,19,Mercredi,Juillet,0,Evening,0,2024-07-24T19:37:36.000Z,2024-07-24,2024-07,1721849856,1721779200,5,14,Adulte,2110.8,1,0,2024-07-03,1720026250,21,727.1121428571427,-40.64,1823606,0,0
M00412,P05979,U11205,TX0001788,169.42,20250527200740,Lyon,CARD,Health,24,11258.39,Lyon,Budget,20250406,Essential Vitamins 5979,Health,168.77,3.9,290,HealthShop 412,Health,Auvergne-Rhône-Alpes,0.0125,20200125,20,Mardi,Mai,0,Evening,0,2025-05-27T20:07:40.000Z,2025-05-27,2025-05,1748376460,1748304000,3,10,Jeune,1563.61,2,0,2025-05-26,1748301988,1,778.3530000000001,-78.23,74472,0,0
M00475,P00795,U01410,TX0001789,120.97,20250331103923,Marseille,PAYPAL,Toys,42,68225.54,Marseille,Premium,20240105,Premium Toy Car 795,Toys,109.25,1.7,871,KidsWorld 475,Toys,Grand Est,0.0499,20190220,10,Lundi,Mars,0,Morning,1,2025-03-31T10:39:23.000Z,2025-03-31,2025-03,1743417563,1743379200,6,11,Adulte,120.97,1,0,2025-03-17,1742232485,14,414.1272727272728,-70.79,1185078,0,0
M00050,P02314,U09810,TX0001790,83.2,20250825154752,Nice,CASH,Beauty,49,26227.74,Nice,Budget,20240602,Pro Perfume 2314,Beauty,92.1,2.4,1071,CosmeticHub 50,Beauty,Provence-Alpes-Côte d'Azur,0.0187,20180220,15,Lundi,Aout,0,Afternoon,1,2025-08-25T15:47:52.000Z,2025-08-25,2025-08,1756136872,1756080000,9,10,Age Moyen,391.63,2,0,2025-08-24,1756060248,1,215.936,-61.47,76624,0,0
M00195,P01851,U09158,TX0001791,501.93,20240820092020,Nîmes,CARD,Sports,34,95879.25,Nîmes,VIP,20240212,Elite Dumbbells 1851,Sports,469.44,3.4,721,SportHub 195,Sports,Hauts-de-France,0.044,20230202,9,Mardi,Aout,0,Morning,1,2024-08-20T09:20:20.000Z,2024-08-20,2024-08,1724145620,1724112000,36,54,Adulte,600.32,1,0,2024-08-12,1723497266,8,207.4142592592593,141.99,648354,0,0
M00334,P05499,U02452,TX0001792,144.98,20240229143022,Dijon,CASH,Beauty,61,61112.86,Dijon,Premium,20240203,Standard Serum 5499,Beauty,152.6,4.6,215,BeautyCorner 334,Beauty,Ile-de-France,0.0195,20230212,14,Jeudi,Fevrier,0,Afternoon,1,2024-02-29T14:30:22.000Z,2024-02-29,2024-02,1709217022,1709164800,7,15,Age Moyen,1512.32,2,0,2024-02-24,1708790452,5,362.3153333333332,-59.99,426570,0,0
M00507,P00206,U03149,TX0001793,1211.62,20250918071423,Lyon,BANK_TRANSFER,Electronics,38,49608.31,Lyon,Standard,20240713,Elite Smart TV 206,Electronics,655.98,3.9,751,GadgetShop 507,Electronics,Ile-de-France,0.0769,20200626,7,Jeudi,Septembre,0,Morning,0,2025-09-18T07:14:23.000Z,2025-09-18,2025-09,1758179663,1758153600,11,13,Adulte,1211.62,1,0,2025-03-22,1742642825,180,597.0330769230769,102.94,15536838,0,0
M00058,P00468,U01192,TX0001794,129.88,20250907130558,Saint-Etienne,BANK_TRANSFER,Health,60,40262.13,Saint-Etienne,Standard,20250422,Elite Vitamins 468,Health,117.03,3.6,1142,VitalShop 58,Health,Grand Est,0.0875,20180505,13,Dimanche,Septembre,1,Afternoon,1,2025-09-07T13:05:58.000Z,2025-09-07,2025-09,1757250358,1757203200,8,17,Age Moyen,129.88,1,0,2025-07-17,1752737952,52,413.0594117647059,-68.56,4512406,0,0
M00460,P00454,U04662,TX0001795,889.48,20240407132446,Rennes,PAYPAL,Home & Garden,29,19243.28,Rennes,Budget,20240413,Elite Lamp 454,Home & Garden,795.39,4.4,820,DecorShop 460,Home & Garden,Pays de la Loire,0.0458,20230118,13,Dimanche,Avril,1,Afternoon,1,2024-04-07T13:24:46.000Z,2024-04-07,2024-04,1712496286,1712448000,1,4,Adulte,889.48,1,0,,,,1121.4625,-20.69,,0,0
M00027,P05647,U02800,TX0001796,112.99,20251027173131,Nantes,BANK_TRANSFER,Beauty,51,113426.91,Nantes,VIP,20230608,Essential Shampoo 5647,Beauty,107.52,4.1,348,GlowShop 27,Beauty,Ile-de-France,0.0382,20210103,17,Lundi,Octobre,0,Afternoon,0,2025-10-27T17:31:31.000Z,2025-10-27,2025-10,1761586291,1761523200,49,50,Age Moyen,899.95,3,0,2025-10-27,1761563783,0,383.5260000000001,-70.54,22508,0,0
M00559,P03411,U06528,TX0001797,1731.39,20250415163527,Toulon,CRYPTO,Electronics,38,20814.68,Bordeaux,Budget,20250804,Essential Camera 3411,Electronics,1653.06,3.3,417,ElectroWorld 559,Electronics,Ile-de-France,0.0468,20170715,16,Mardi,Avril,0,Afternoon,1,2025-04-15T16:35:27.000Z,2025-04-15,2025-04,1744734927,1744675200,1,10,Adulte,1731.39,1,0,,,,565.1560000000001,206.36,,1,0
M00197,P04221,U08879,TX0001798,1221.45,20240504184106,Paris,PAYPAL,Electronics,39,120215.65,Paris,VIP,20240921,Elite Tablet 4221,Electronics,1265.51,2.9,1199,TechStore 197,Electronics,Ile-de-France,0.0487,20200515,18,Samedi,Mai,1,Evening,0,2024-05-04T18:41:06.000Z,2024-05-04,2024-05,1714848066,1714780800,3,29,Adulte,1315.43,3,0,2024-05-03,1714723561,1,623.788275862069,95.81,124505,0,0
M00183,P04133,U02594,TX0001799,320.73,20240813102319,Saint-Etienne,PAYPAL,Automotive,27,108822.47,Saint-Etienne,VIP,20240817,Pro Oil Filter 4133,Automotive,149.24,2.8,1064,CarParts 183,Automotive,Nouvelle-Aquitaine,0.0763,20170427,10,Mardi,Aout,0,Morning,1,2024-08-13T10:23:19.000Z,2024-08-13,2024-08,1723544599,1723507200,16,57,Adulte,893.63,3,0,2024-08-12,1723471489,1,542.1447368421053,-40.84,73110,0,0
M00134,P02614,U06339,TX0001800,51.51,20240911191424,Marseille,CARD,Books,16,69476.69,Marseille,Premium,20240726,Classic Biography 2614,Books,54.46,4.3,463,BookHaven 134,Books,Nouvelle-Aquitaine,0.0125,20191120,19,Mercredi,Septembre,0,Evening,0,2024-09-11T19:14:24.000Z,2024-09-11,2024-09,1726082064,1726012800,9,46,Jeune,1000.84,3,0,2024-09-08,1725792315,3,394.1610869565217,-86.93,289749,0,0
M00514,P05163,U03320,TX0001801,15.04,20250602022022,Montpellier,CASH,Health,37,72427.2,Montpellier,VIP,20250703,Standard Massage Gun 5163,Health,14.93,3.2,740,WellnessStore 514,Health,Pays de la Loire,0.0147,20210829,2,Lundi,Juin,0,Night,0,2025-06-02T02:20:22.000Z,2025-06-02,2025-06,1748830822,1748822400,1,28,Adulte,15.04,1,0,,,,743.0046428571429,-97.98,,1,0
M00271,P05712,U10517,TX0001802,147.3,20240718134447,Angers,PAYPAL,Beauty,27,81941.45,Angers,VIP,20241001,Classic Shampoo 5712,Beauty,144.95,4.5,553,BeautyCorner 271,Beauty,Ile-de-France,0.0912,20201209,13,Jeudi,Juillet,0,Afternoon,1,2024-07-18T13:44:47.000Z,2024-07-18,2024-07,1721310287,1721260800,27,69,Adulte,4506.86,1,0,2024-07-18,1721276696,0,420.4672463768115,-64.97,33591,0,0
M00094,P04343,U09558,TX0001803,789.61,20241107203512,Marseille,PAYPAL,Home & Garden,39,45978.45,Marseille,Standard,20240525,Pro Lamp 4343,Home & Garden,783.13,4.7,1062,HomeStyle 94,Home & Garden,Hauts-de-France,0.039,20220905,20,Jeudi,Novembre,0,Evening,0,2024-11-07T20:35:12.000Z,2024-11-07,2024-11,1731011712,1730937600,11,16,Adulte,789.61,1,0,2024-10-28,1730099832,10,291.87062499999996,170.53,911880,0,0
M00458,P02672,U00451,TX0001804,14.91,20241225174339,Grenoble,CASH,Home & Garden,37,68960.81,Grenoble,VIP,20230425,Elite Rug 2672,Home & Garden,14.45,2.3,1087,DecorShop 458,Home & Garden,Normandie,0.0772,20210108,17,Mercredi,Decembre,0,Afternoon,0,2024-12-25T17:43:39.000Z,2024-12-25,2024-12,1735148619,1735084800,6,59,Adulte,150.52,2,0,2024-12-24,1735041054,1,149.57118644067793,-90.03,107565,0,0
M00158,P05618,U05837,TX0001805,1493.34,20250602104114,Paris,CARD,Electronics,38,42657.34,Paris,Standard,20240303,Essential Smartphone 5618,Electronics,1448.89,3.3,291,ElectroWorld 158,Electronics,Nouvelle-Aquitaine,0.0131,20190615,10,Lundi,Juin,0,Morning,1,2025-06-02T10:41:14.000Z,2025-06-02,2025-06,1748860874,1748822400,8,10,Adulte,3365.58,3,0,2025-06-01,1748804348,1,873.9960000000001,70.86,56526,0,0
M00142,P02938,U07571,TX0001806,114.66,20250803190042,Nîmes,CARD,Toys,44,144065.42,Nîmes,VIP,20250501,Premium Doll 2938,Toys,54.51,3.4,723,KidsWorld 142,Toys,Bretagne,0.0683,20230219,19,Dimanche,Aout,1,Evening,0,2025-08-03T19:00:42.000Z,2025-08-03,2025-08,1754247642,1754179200,58,62,Adulte,478.24,3,0,2025-07-31,1753962033,3,204.4711290322581,-43.92,285609,0,0
M00247,P04413,U08019,TX0001807,106.01,20251116124738,Villeurbanne,CASH,Electronics,56,38787.82,Villeurbanne,Premium,20240331,Standard Tablet 4413,Electronics,115.87,2.4,706,GadgetShop 247,Electronics,Grand Est,0.0349,20230622,12,Dimanche,Novembre,1,Afternoon,1,2025-11-16T12:47:38.000Z,2025-11-16,2025-11,1763297258,1763251200,28,31,Age Moyen,1971.02,2,0,2025-11-11,1762829266,5,375.8709677419355,-71.8,467992,0,0
M00005,P01811,U10927,TX0001808,153.51,20240307163430,Nîmes,CASH,Health,26,74500.76,Strasbourg,VIP,20240501,Premium Thermometer 1811,Health,46.24,2.8,821,HealthHub 5,Health,Nouvelle-Aquitaine,0.0413,20190512,16,Jeudi,Mars,0,Afternoon,1,2024-03-07T16:34:30.000Z,2024-03-07,2024-03,1709829270,1709769600,9,31,Adulte,418.51,1,0,2024-03-07,1709823976,0,356.2361290322581,-56.91,5294,0,0
M00569,P03833,U09729,TX0001809,93.65,20241230235627,Toulon,CASH,Health,59,43103.59,,Standard,20250211,Standard Scale 3833,Health,96.86,3.8,834,VitalShop 569,Health,Ile-de-France,0.0949,20180919,23,Lundi,Decembre,0,Night,0,2024-12-30T23:56:27.000Z,2024-12-30,2024-12,1735602987,1735516800,10,17,Age Moyen,150.83,3,0,2024-12-27,1735291132,3,140.90117647058824,-33.53,311855,1,0
M00081,P01573,U05814,TX0001810,22.75,20241213172552,Le Havre,CARD,Toys,53,106519.42,Le Havre,VIP,20240313,Standard Action Figure 1573,Toys,21.87,2.9,934,ToyHub 81,Toys,Auvergne-Rhône-Alpes,0.0137,20230221,17,Vendredi,Decembre,0,Afternoon,0,2024-12-13T17:25:52.000Z,2024-12-13,2024-12,1734110752,1734048000,21,38,Age Moyen,899.38,4,0,2024-12-12,1734043367,1,459.9126315789473,-95.05,67385,0,0
M00282,P03751,U09736,TX0001811,871.13,20250712101408,Lille,CARD,Automotive,49,37151.5,Strasbourg,Standard,20250923,,,,,,CarParts 282,Automotive,Occitanie,0.0217,20170814,10,Samedi,Juillet,1,Morning,1,2025-07-12T10:14:08.000Z,2025-07-12,2025-07,1752315248,1752278400,3,6,Age Moyen,871.13,1,0,2025-02-18,1739903153,144,242.76000000000002,258.84,12412095,0,0
M00205,P02520,U06538,TX0001812,55.23,20241226050219,Paris,PAYPAL,Toys,48,59065.4,Paris,Premium,20230619,Classic Building Blocks 2520,Toys,53.83,1.7,210,PlayShop 205,Toys,Occitanie,0.0271,20181007,5,Jeudi,Decembre,0,Night,0,2024-12-26T05:02:19.000Z,2024-12-26,2024-12,1735189339,1735171200,16,16,Age Moyen,974.59,2,0,2024-12-22,1734869335,4,595.708125,-90.73,320004,1,0
M00419,P01333,U11338,TX0001813,471.45,20250101185542,Toulon,PAYPAL,Automotive,60,92786.78,Toulon,VIP,20240115,Elite Car Battery 1333,Automotive,483.04,3.9,733,AutoCenter 419,Automotive,Occitanie,0.0757,20180330,18,Mercredi,Janvier,0,Evening,0,2025-01-01T18:55:42.000Z,2025-01-01,2025-01,1735757742,1735689600,16,40,Age Moyen,1106.62,1,0,2025-01-01,1735735590,0,663.5060000000001,-28.95,22152,0,0
M00181,P01377,U11512,TX0001814,462.6,20250803094802,Marseille,CASH,Sports,37,30979.41,Marseille,Budget,20240402,Premium Tennis Racket 1377,Sports,452.24,4.4,1012,,Inconnu,Inconnu,,,9,Dimanche,Aout,1,Morning,1,2025-08-03T09:48:02.000Z,2025-08-03,2025-08,1754214482,1754179200,2,7,Adulte,462.6,1,0,2024-04-17,1713374969,473,149.77285714285716,208.87,40839513,0,0
M00324,P00145,U07143,TX0001815,50.58,20250108142922,Marseille,PAYPAL,Food,18,136899.29,Marseille,VIP,20250124,Pro Pasta Box 145,Food,47.07,3.3,1167,FoodMart 324,Food,Grand Est,0.0257,20210708,14,Mercredi,Janvier,0,Afternoon,1,2025-01-08T14:29:22.000Z,2025-01-08,2025-01,1736346562,1736294400,11,24,Jeune,112.37,1,0,2025-01-08,1736343988,0,549.2445833333333,-90.79,2574,0,0
M00121,P02286,U00323,TX0001816,213.42,20240205054520,Nantes,CARD,Automotive,48,61140.54,Nantes,Premium,20240504,Standard Roof Rack 2286,Automotive,219.08,3.2,85,,Inconnu,Inconnu,,,5,Lundi,Fevrier,0,Night,0,2024-02-05T05:45:20.000Z,2024-02-05,2024-02,1707111920,1707091200,7,25,Age Moyen,340.57,3,0,2024-02-03,1706958733,2,425.47960000000006,-49.84,153187,1,0
M00587,P03758,U10075,TX0001817,1027.78,20240527111938,Reims,BANK_TRANSFER,Automotive,87,30236.78,Reims,Standard,20241122,Classic Tyre Set 3758,Automotive,962.67,3.1,563,AutoCenter 587,Automotive,Auvergne-Rhône-Alpes,0.0102,20221130,11,Lundi,Mai,0,Morning,1,2024-05-27T11:19:38.000Z,2024-05-27,2024-05,1716808778,1716768000,5,8,Senior,1126.68,2,0,2024-05-26,1716682509,1,291.59000000000003,252.47,126269,0,0
M00385,P03713,U11123,TX0001818,473.1,20250805084036,Le Havre,PAYPAL,Electronics,55,60670.99,Le Havre,Premium,20240128,Standard Headphones 3713,Electronics,429.95,2.7,1053,ElectroWorld 385,Electronics,Auvergne-Rhône-Alpes,0.0997,20191126,8,Mardi,Aout,0,Morning,0,2025-08-05T08:40:36.000Z,2025-08-05,2025-08,1754383236,1754352000,12,17,Age Moyen,473.1,1,0,2025-05-26,1748281086,71,438.735294117647,7.83,6102150,0,0
M00129,P00282,U05939,TX0001819,10.28,20251212120035,Strasbourg,BANK_TRANSFER,Food,16,9000.0,Strasbourg,Budget,20250822,Essential Chocolate Box 282,Food,10.32,1.7,1040,GourmetShop 129,Food,Auvergne-Rhône-Alpes,0.0148,20181121,12,Vendredi,Decembre,0,Afternoon,1,2025-12-12T12:00:35.000Z,2025-12-12,2025-12,1765540835,1765497600,5,7,Jeune,10.28,1,0,2025-12-05,1764966599,7,597.2600000000001,-98.28,574236,0,0
M00117,P05026,U03687,TX0001820,163.32,20240523031147,Nice,PAYPAL,Toys,43,45823.32,Nice,Premium,20240206,Classic Doll 5026,Toys,154.63,4.0,426,ToyHub 117,Toys,Hauts-de-France,0.0833,20190614,3,Jeudi,Mai,0,Night,0,2024-05-23T03:11:47.000Z,2024-05-23,2024-05,1716433907,1716422400,12,28,Adulte,163.32,1,0,2024-05-09,1715249037,14,196.47785714285712,-16.88,1184870,1,0
M00583,P04797,U02173,TX0001821,67.44,20240907090037,Le Havre,CARD,Sports,51,81210.55,Le Havre,VIP,20231218,Essential Yoga Mat 4797,Sports,64.39,2.8,967,ActiveWear 583,Sports,Bretagne,0.0363,20170520,9,Samedi,Septembre,1,Morning,1,2024-09-07T09:00:37.000Z,2024-09-07,2024-09,1725699637,1725667200,27,53,Age Moyen,97.51,2,0,2024-09-03,1725396202,4,321.3752830188679,-79.02,303435,0,0
M00033,P03817,U03256,TX0001822,635.32,20251024134932,Montpellier,BANK_TRANSFER,Electronics,25,93557.6,Montpellier,Premium,20250918,Premium Camera 3817,Electronics,660.49,3.1,852,DigitalHub 33,Electronics,Inconnu,0.0715,20220922,13,Vendredi,Octobre,0,Afternoon,1,2025-10-24T13:49:32.000Z,2025-10-24,2025-10,1761313772,1761264000,7,12,Jeune,635.32,1,0,2025-10-15,1760560235,9,663.7316666666667,-4.28,753537,0,0
M00325,P02373,U06702,TX0001823,569.0,20251104114552,Dijon,CARD,Clothing,25,58660.62,Dijon,Premium,20240715,Essential Sneakers 2373,Clothing,194.26,5.0,905,StyleShop 325,Clothing,Ile-de-France,0.0138,20210703,11,Mardi,Novembre,0,Morning,1,2025-11-04T11:45:52.000Z,2025-11-04,2025-11,1762256752,1762214400,19,22,Jeune,899.33,2,0,2025-11-02,1762112699,2,450.2968181818182,26.36,144053,0,0
M00490,P01542,U05920,TX0001824,13.12,20240727081243,Bordeaux,BANK_TRANSFER,Food,50,37345.44,Bordeaux,Standard,20231011,Essential Chocolate Box 1542,Food,12.16,2.6,219,GourmetShop 490,Food,Nouvelle-Aquitaine,0.0709,20170328,8,Samedi,Juillet,1,Morning,0,2024-07-27T08:12:43.000Z,2024-07-27,2024-07,1722067963,1722038400,6,13,Age Moyen,13.12,1,0,2024-07-09,1720523059,18,517.7361538461539,-97.47,1544904,0,0
M00202,P01351,U10312,TX0001825,200.37,20241104145657,Paris,PAYPAL,Toys,,,,Inconnu,,Classic Puzzle 1351,Toys,95.71,4.5,406,ToyLand 202,Toys,Nouvelle-Aquitaine,0.0486,20170225,14,Lundi,Novembre,0,Afternoon,1,2024-11-04T14:56:57.000Z,2024-11-04,2024-11,1730732217,1730678400,18,21,Inconnu,200.37,1,0,2024-08-22,1724287810,74,250.0014285714285,-19.85,6444407,0,0
M00550,P02555,U03381,TX0001826,211.95,20241120112453,Nîmes,CARD,Health,35,44157.3,Nîmes,Premium,20240406,Pro First Aid Kit 2555,Health,217.33,5.0,347,VitalShop 550,Health,Ile-de-France,0.0313,20171130,11,Mercredi,Novembre,0,Morning,1,2024-11-20T11:24:53.000Z,2024-11-20,2024-11,1732101893,1732060800,24,25,Adulte,211.95,1,0,2024-11-10,1731258158,10,273.4344,-22.49,843735,0,0
M00178,P05728,U07954,TX0001827,197.08,20250702221243,Grenoble,CASH,Health,41,36943.96,Grenoble,Standard,20241004,Premium Vitamins 5728,Health,212.2,3.7,867,WellnessStore 178,Health,Ile-de-France,0.0595,20200813,22,Mercredi,Juillet,0,Night,0,2025-07-02T22:12:43.000Z,2025-07-02,2025-07,1751494363,1751414400,1,7,Adulte,197.08,1,0,,,,230.60285714285715,-14.54,,1,0
M00380,P01557,U07559,TX0001828,39.74,20250915161617,Rennes,BANK_TRANSFER,Food,16,10858.71,Rennes,Budget,20240628,Premium Pasta Box 1557,Food,41.9,1.3,423,FreshMarket 380,Food,Ile-de-France,0.0698,20220626,16,Lundi,Septembre,0,Afternoon,1,2025-09-15T16:16:17.000Z,2025-09-15,2025-09,1757952977,1757894400,9,11,Jeune,121.38,1,0,2025-09-15,1757947968,0,298.0463636363636,-86.67,5009,0,0
M00081,P03762,U01379,TX0001829,369.57,20240804195540,Marseille,CASH,Toys,29,60309.58,Marseille,Premium,20241211,Classic Action Figure 3762,Toys,112.72,5.0,1113,ToyHub 81,Toys,Auvergne-Rhône-Alpes,0.0137,20230221,19,Dimanche,Aout,1,Evening,0,2024-08-04T19:55:40.000Z,2024-08-04,2024-08,1722801340,1722729600,2,18,Adulte,532.37,1,0,2024-08-04,1722772010,0,416.2411111111111,-11.21,29330,0,0
M00416,P02377,U08910,TX0001830,52.94,20251014182543,Strasbourg,BANK_TRANSFER,Clothing,42,86868.71,Strasbourg,Premium,20250409,Elite Dress 2377,Clothing,58.27,3.9,1106,StyleShop 416,Clothing,Bretagne,0.0849,20170707,18,Mardi,Octobre,0,Evening,0,2025-10-14T18:25:43.000Z,2025-10-14,2025-10,1760466343,1760400000,14,17,Adulte,52.94,1,0,2025-10-01,1759285335,13,519.4982352941178,-89.81,1181008,0,0
M00159,P05694,U11494,TX0001831,85.35,20250425112938,Nantes,PAYPAL,Health,60,44308.51,Nantes,Standard,20240325,Classic Scale 5694,Health,85.94,2.7,608,WellnessStore 159,Health,Auvergne-Rhône-Alpes,0.0569,20200421,11,Vendredi,Avril,0,Morning,1,2025-04-25T11:29:38.000Z,2025-04-25,2025-04,1745580578,1745539200,5,15,Age Moyen,85.35,1,0,2025-04-11,1744331057,14,448.1013333333334,-80.95,1249521,0,0
M00020,P00259,U07054,TX0001832,96.39,20241201130238,Toulon,CARD,Health,52,106410.3,Toulon,VIP,20240708,Essential First Aid Kit 259,Health,86.54,2.8,427,VitalShop 20,Health,Provence-Alpes-Côte d'Azur,0.0547,20220926,13,Dimanche,Decembre,1,Afternoon,1,2024-12-01T13:02:38.000Z,2024-12-01,2024-12,1733058158,1733011200,29,56,Age Moyen,129.61,2,0,2024-11-30,1732959644,1,319.03678571428554,-69.79,98514,0,0
M00159,P05694,U11412,TX0001833,94.26,20250819043633,Lille,CARD,Health,48,35129.1,Paris,Premium,20241001,Classic Scale 5694,Health,85.94,2.7,608,WellnessStore 159,Health,Auvergne-Rhône-Alpes,0.0569,20200421,4,Mardi,Aout,0,Night,0,2025-08-19T04:36:33.000Z,2025-08-19,2025-08,1755578193,1755561600,17,19,Age Moyen,1837.39,4,0,2025-08-18,1755540128,1,537.9431578947368,-82.48,38065,1,0
M00157,P00883,U09164,TX0001834,428.64,20250816213831,Grenoble,CASH,Clothing,53,149326.84,Grenoble,VIP,20230904,Essential Jacket 883,Clothing,210.24,4.5,858,TrendyWear 157,Clothing,Hauts-de-France,0.0535,20220505,21,Samedi,Aout,1,Evening,0,2025-08-16T21:38:31.000Z,2025-08-16,2025-08,1755380311,1755302400,19,34,Age Moyen,590.88,3,0,2025-08-14,1755188285,2,334.1982352941176,28.26,192026,0,0
M00141,P02200,U06199,TX0001835,106.46,20240112114223,Paris,BANK_TRANSFER,Food,40,47413.45,Paris,Premium,20240111,Essential Olive Oil 2200,Food,49.19,3.9,547,FoodMart 141,Food,Auvergne-Rhône-Alpes,0.049,20181207,11,Vendredi,Janvier,0,Morning,1,2024-01-12T11:42:23.000Z,2024-01-12,2024-01,1705059743,1705017600,3,19,Adulte,352.8,2,0,2024-01-07,1704652934,5,179.2263157894737,-40.6,406809,0,0
M00049,P00451,U03371,TX0001836,328.59,20240801171456,Saint-Etienne,CARD,Sports,35,45700.19,Saint-Etienne,Standard,20250203,Essential Running Shoes 451,Sports,314.21,3.2,1029,ActiveWear 49,Sports,Auvergne-Rhône-Alpes,0.0341,20230524,17,Jeudi,Aout,0,Afternoon,0,2024-08-01T17:14:56.000Z,2024-08-01,2024-08,1722532496,1722470400,9,16,Adulte,5154.9,6,1,2024-07-31,1722423419,1,806.150625,-59.24,109077,0,0
M00260,P04789,U01671,TX0001837,66.19,20251110123119,Paris,BANK_TRANSFER,Clothing,34,46743.33,Paris,Premium,20250403,,,,,,TrendyWear 260,Clothing,Ile-de-France,0.0549,20200728,12,Lundi,Novembre,0,Afternoon,1,2025-11-10T12:31:19.000Z,2025-11-10,2025-11,1762777879,1762732800,17,19,Adulte,329.34,2,0,2025-11-06,1762418331,4,240.80210526315787,-72.51,359548,0,0
M00022,P04525,U02136,TX0001838,67.53,20250907171050,Marseille,CRYPTO,Books,59,45314.93,Marseille,Standard,20240629,Premium Cookbook 4525,Books,30.72,3.0,508,ReadMore 22,Books,Auvergne-Rhône-Alpes,0.093,20221012,17,Dimanche,Septembre,1,Afternoon,0,2025-09-07T17:10:50.000Z,2025-09-07,2025-09,1757265050,1757203200,12,14,Age Moyen,219.58,2,0,2025-09-04,1756995583,3,220.25142857142865,-69.34,269467,1,0
M00401,P05234,U07463,TX0001839,195.12,20250303094157,Strasbourg,CARD,Clothing,58,132080.14,Strasbourg,VIP,20250315,Elite Sneakers 5234,Clothing,183.46,3.6,43,FashionStore 401,Clothing,Provence-Alpes-Côte d'Azur,0.061,20230509,9,Lundi,Mars,0,Morning,1,2025-03-03T09:41:57.000Z,2025-03-03,2025-03,1740994917,1740960000,22,45,Age Moyen,195.12,1,0,2025-01-25,1737832403,37,340.88488888888895,-42.76,3162514,0,0
M00566,P01753,U04006,TX0001840,1735.52,20250106132419,Nice,CARD,Electronics,37,21122.02,Nice,Budget,20241009,Classic Smart TV 1753,Electronics,1712.02,3.4,680,DigitalHub 566,Electronics,Hauts-de-France,0.0772,20181126,13,Lundi,Janvier,0,Afternoon,1,2025-01-06T13:24:19.000Z,2025-01-06,2025-01,1736169859,1736121600,3,4,Adulte,1735.52,1,0,2024-07-15,1721054114,175,535.4875,224.1,15115745,0,0
M00321,P03366,U10922,TX0001841,55.33,20250507194418,Bordeaux,BANK_TRANSFER,Food,42,71096.2,Bordeaux,Premium,20250226,Premium Olive Oil 3366,Food,50.36,4.3,850,FreshMarket 321,Food,Nouvelle-Aquitaine,0.0428,20181231,19,Mercredi,Mai,0,Evening,0,2025-05-07T19:44:18.000Z,2025-05-07,2025-05,1746647058,1746576000,23,33,Adulte,155.37,3,0,2025-05-06,1746553060,1,263.21818181818185,-78.98,93998,0,0
M00407,P01524,U00738,TX0001842,1396.86,20240907135221,Paris,BANK_TRANSFER,Automotive,37,45337.26,Paris,Premium,20250511,Standard Car Battery 1524,Automotive,683.47,3.5,777,MotorHub 407,Automotive,Ile-de-France,0.0569,20211117,13,Samedi,Septembre,1,Afternoon,1,2024-09-07T13:52:21.000Z,2024-09-07,2024-09,1725717141,1725667200,7,12,Adulte,1467.76,2,0,2024-09-01,1725211999,6,528.1883333333333,164.46,505142,0,0
M00236,P04521,U02277,TX0001843,35.1,20251002204921,Marseille,CASH,Sports,55,30354.21,Marseille,Budget,20230430,Premium Bicycle Helmet 4521,Sports,35.01,2.3,1021,SportZone 236,Sports,Ile-de-France,0.0887,20200330,20,Jeudi,Octobre,0,Evening,0,2025-10-02T20:49:21.000Z,2025-10-02,2025-10,1759438161,1759363200,7,10,Age Moyen,35.1,1,0,2024-05-26,1716710799,494,256.761,-86.33,42727362,0,0
M00195,P01851,U05631,TX0001844,1016.42,20240913155844,Bordeaux,CASH,Sports,42,33697.15,Bordeaux,Standard,20231102,Elite Dumbbells 1851,Sports,469.44,3.4,721,SportHub 195,Sports,Hauts-de-France,0.044,20230202,15,Vendredi,Septembre,0,Afternoon,1,2024-09-13T15:58:44.000Z,2024-09-13,2024-09,1726243124,1726185600,11,17,Adulte,1016.42,1,0,2024-05-26,1716745998,110,236.90647058823527,329.04,9497126,1,0
M00034,P03138,U00162,TX0001845,46.45,20251221153609,Montpellier,CASH,Health,36,133897.31,Montpellier,VIP,20231003,Essential Blood Monitor 3138,Health,44.67,5.0,525,HealthHub 34,Health,Occitanie,0.052,20180513,15,Dimanche,Decembre,1,Afternoon,1,2025-12-21T15:36:09.000Z,2025-12-21,2025-12,1766331369,1766275200,20,21,Adulte,557.77,4,0,2025-12-20,1766243101,1,388.06333333333333,-88.03,88268,0,0
M00584,P03953,U04092,TX0001846,1035.64,20240913200030,Nantes,CARD,Electronics,37,92164.46,Nice,VIP,20250420,Essential Headphones 3953,Electronics,1142.6,2.8,646,GadgetShop 584,Electronics,Bretagne,0.0121,20170914,20,Vendredi,Septembre,0,Evening,0,2024-09-13T20:00:30.000Z,2024-09-13,2024-09,1726257630,1726185600,39,49,Adulte,1112.05,3,0,2024-09-09,1725870817,4,509.5220408163266,103.26,386813,0,0
M00129,P04283,U01383,TX0001847,25.24,20250211165923,Nice,BANK_TRANSFER,Food,23,100305.81,Nice,VIP,20230716,Classic Chocolate Box 4283,Food,25.81,3.1,84,GourmetShop 129,Food,Auvergne-Rhône-Alpes,0.0148,20181121,16,Mardi,Fevrier,0,Afternoon,1,2025-02-11T16:59:23.000Z,2025-02-11,2025-02,1739293163,1739232000,35,38,Jeune,1621.33,3,0,2025-02-10,1739198167,1,448.19710526315794,-94.37,94996,0,0
M00224,P01731,U04152,TX0001848,623.2,20250208143913,Montpellier,CASH,Automotive,48,47786.36,Montpellier,Premium,20240406,Essential Car Parts 1731,Automotive,681.9,2.6,1019,MotorHub 224,Automotive,Ile-de-France,0.0646,20200629,14,Samedi,Fevrier,1,Afternoon,1,2025-02-08T14:39:13.000Z,2025-02-08,2025-02,1739025553,1738972800,20,21,Age Moyen,1322.61,2,0,2025-02-02,1738521328,6,389.62476190476195,59.95,504225,0,0
M00199,P01487,U11267,TX0001849,679.79,20241231111125,Montpellier,CRYPTO,Electronics,59,70207.75,Montpellier,Premium,20250716,Essential Tablet 1487,Electronics,699.73,3.1,1190,GadgetShop 199,Electronics,Pays de la Loire,0.0562,20170529,11,Mardi,Decembre,0,Morning,1,2024-12-31T11:11:25.000Z,2024-12-31,2024-12,1735643485,1735603200,18,28,Age Moyen,5840.27,2,0,2024-12-25,1735161216,6,1198.8171428571427,-43.29,482269,1,0
M00214,P00250,U11447,TX0001850,52.18,20240507181933,Saint-Etienne,PAYPAL,Books,64,24765.46,Saint-Etienne,Budget,20240317,Essential Biography 250,Books,47.23,3.8,929,ReadMore 214,Books,Ile-de-France,0.0528,20220802,18,Mardi,Mai,0,Evening,0,2024-05-07T18:19:33.000Z,2024-05-07,2024-05,1715105973,1715040000,3,3,Age Moyen,229.42,2,0,2024-05-02,1714640143,5,76.47333333333334,-31.77,465830,0,0
M00443,P00438,U01457,TX0001851,110.13,20250509163850,Paris,CASH,Beauty,,,,Inconnu,,Essential Face Cream 438,Beauty,117.55,2.9,357,BeautyCorner 443,Beauty,Nouvelle-Aquitaine,0.0533,20190214,16,Vendredi,Mai,0,Afternoon,1,2025-05-09T16:38:50.000Z,2025-05-09,2025-05,1746808730,1746748800,3,11,Inconnu,1126.38,3,0,2025-05-08,1746729747,1,494.64363636363635,-77.74,78983,0,0
M00187,P01387,U00548,TX0001852,25.54,20240713132322,Villeurbanne,PAYPAL,Health,57,61901.8,Villeurbanne,Standard,20240226,Standard Vitamins 1387,Health,12.48,1.2,826,HealthHub 187,Health,Nouvelle-Aquitaine,0.0663,20180909,13,Samedi,Juillet,1,Afternoon,1,2024-07-13T13:23:22.000Z,2024-07-13,2024-07,1720877002,1720828800,4,14,Age Moyen,114.54,2,0,2024-07-09,1720503978,4,321.3457142857143,-92.05,373024,0,0
M00002,P05593,U05653,TX0001853,112.77,20241107184421,Marseille,CARD,Books,48,13742.81,Marseille,Budget,20230708,Premium Biography 5593,Books,57.75,4.5,101,BookCorner 2,Books,Nouvelle-Aquitaine,0.0615,20230330,18,Jeudi,Novembre,0,Evening,0,2024-11-07T18:44:21.000Z,2024-11-07,2024-11,1731005061,1730937600,6,10,Age Moyen,176.82,2,0,2024-11-06,1730934333,1,244.87499999999994,-53.95,70728,0,0
M00055,P03586,U08015,TX0001854,25.8,20240805212437,Strasbourg,CARD,Books,52,99695.98,Strasbourg,VIP,20250312,Elite Novel 3586,Books,11.99,3.1,782,BookCorner 55,Books,Auvergne-Rhône-Alpes,0.0184,20170405,21,Lundi,Aout,0,Evening,0,2024-08-05T21:24:37.000Z,2024-08-05,2024-08,1722893077,1722816000,31,46,Age Moyen,25.8,1,0,2024-07-29,1722277927,7,177.78478260869565,-85.49,615150,0,0
M00589,P02635,U05424,TX0001855,22.41,20240607205114,Rennes,PAYPAL,Books,41,100437.74,Rennes,VIP,20230409,Standard Biography 2635,Books,24.24,3.4,543,BookHaven 589,Books,Auvergne-Rhône-Alpes,0.0527,20180604,20,Vendredi,Juin,0,Evening,0,2024-06-07T20:51:14.000Z,2024-06-07,2024-06,1717793474,1717718400,2,30,Adulte,1529.24,2,0,2024-06-01,1717264171,6,359.45566666666673,-93.77,529303,0,0
M00028,P02195,U06726,TX0001856,515.27,20240608212348,Rennes,PAYPAL,Sports,54,34151.53,Rennes,Standard,20231202,Pro Tennis Racket 2195,Sports,536.93,3.1,752,FitnessShop 28,Sports,Hauts-de-France,0.0526,20180707,21,Samedi,Juin,1,Evening,0,2024-06-08T21:23:48.000Z,2024-06-08,2024-06,1717881828,1717804800,5,12,Age Moyen,515.27,1,0,2024-04-12,1712953282,57,210.34,144.97,4928546,0,0
M00461,P01461,U01251,TX0001857,292.54,20240814111929,Grenoble,CASH,Sports,22,20406.89,Grenoble,Budget,20230715,Standard Yoga Mat 1461,Sports,321.96,3.7,606,SportHub 461,Sports,Ile-de-France,0.0411,20211026,11,Mercredi,Aout,0,Morning,1,2024-08-14T11:19:29.000Z,2024-08-14,2024-08,1723634369,1723593600,2,5,Jeune,292.54,1,0,2024-04-11,1712862465,125,349.78200000000004,-16.37,10771904,0,0
M00479,P02495,U01566,TX0001858,74.94,20240903101413,Strasbourg,CARD,Beauty,17,90994.46,Strasbourg,Premium,20240108,Premium Serum 2495,Beauty,39.0,1.9,305,CosmeticHub 479,Beauty,Nouvelle-Aquitaine,0.0231,20220423,10,Mardi,Septembre,0,Morning,1,2024-09-03T10:14:13.000Z,2024-09-03,2024-09,1725358453,1725321600,1,22,Jeune,74.94,1,0,,,,403.99409090909086,-81.45,,0,0
M00172,P05788,U11101,TX0001859,83.81,20250226125319,Lille,CARD,Clothing,47,17741.8,Lille,Budget,20250713,Pro Jeans 5788,Clothing,77.93,2.9,1049,FashionStore 172,Clothing,Hauts-de-France,0.0305,20170807,12,Mercredi,Fevrier,0,Afternoon,1,2025-02-26T12:53:19.000Z,2025-02-26,2025-02,1740574399,1740528000,5,6,Age Moyen,220.36,2,0,2025-02-23,1740292058,3,144.5,-42.0,282341,0,0
M00276,P04462,U10548,TX0001860,271.24,20240630191040,Paris,PAYPAL,Clothing,30,43192.26,Nantes,Premium,20250118,Classic Dress 4462,Clothing,287.51,2.7,403,StyleShop 276,Clothing,Ile-de-France,0.0275,20230303,19,Dimanche,Juin,1,Evening,0,2024-06-30T19:10:40.000Z,2024-06-30,2024-06,1719774640,1719705600,7,14,Adulte,271.24,1,0,2024-06-14,1718399430,16,123.51357142857144,119.6,1375210,0,0
M00554,P05669,U09181,TX0001861,3948.34,20240802175453,Strasbourg,BANK_TRANSFER,Automotive,56,48301.67,Strasbourg,Premium,20230411,Premium Car Battery 5669,Automotive,1369.83,3.1,943,MotorHub 554,Automotive,Auvergne-Rhône-Alpes,0.0458,20190324,17,Vendredi,Aout,0,Afternoon,0,2024-08-02T17:54:53.000Z,2024-08-02,2024-08,1722621293,1722556800,11,13,Age Moyen,4124.36,2,0,2024-08-01,1722508733,1,1596.0053846153846,147.39,112560,0,0
M00022,P04525,U05423,TX0001862,34.06,20240403183522,Strasbourg,CARD,Books,35,29925.98,Strasbourg,Standard,20240819,Premium Cookbook 4525,Books,30.72,3.0,508,ReadMore 22,Books,Auvergne-Rhône-Alpes,0.093,20221012,18,Mercredi,Avril,0,Evening,0,2024-04-03T18:35:22.000Z,2024-04-03,2024-04,1712169322,1712102400,2,6,Adulte,125.21,2,0,2024-04-02,1712078499,1,142.8033333333333,-76.15,90823,0,0
M00514,P05103,U05762,TX0001863,207.73,20250717211442,Angers,CASH,Health,17,21434.57,Angers,Standard,20240301,Premium Blood Monitor 5103,Health,198.23,3.9,961,WellnessStore 514,Health,Pays de la Loire,0.0147,20210829,21,Jeudi,Juillet,0,Evening,0,2025-07-17T21:14:42.000Z,2025-07-17,2025-07,1752786882,1752710400,3,8,Jeune,207.73,1,0,2025-05-22,1747953561,56,364.27625,-42.97,4833321,0,0
M00541,P01091,U06315,TX0001864,837.66,20240707164510,Toulon,CARD,Home & Garden,62,106656.4,Toulon,VIP,20240420,Premium Plant Pot 1091,Home & Garden,810.29,2.1,654,HomeStyle 541,Home & Garden,Normandie,0.019,20221010,16,Dimanche,Juillet,1,Afternoon,1,2024-07-07T16:45:10.000Z,2024-07-07,2024-07,1720370710,1720310400,26,35,Age Moyen,2052.12,5,1,2024-07-06,1720251226,1,530.3514285714284,57.94,119484,0,0
M00279,P04115,U11675,TX0001865,1310.6,20240915075011,Lille,BANK_TRANSFER,Automotive,62,14887.23,Paris,Budget,20231023,Essential Oil Filter 4115,Automotive,1316.47,4.3,669,MotorHub 279,Automotive,Grand Est,0.0348,20180111,7,Dimanche,Septembre,1,Morning,0,2024-09-15T07:50:11.000Z,2024-09-15,2024-09,1726386611,1726358400,1,6,Age Moyen,1310.6,1,0,,,,473.0216666666667,177.07,,0,0
M00052,P01572,U01550,TX0001866,50.81,20241008125606,Nice,BANK_TRANSFER,Food,62,50100.64,Le Havre,Premium,20230324,Standard Cheese Platter 1572,Food,27.13,3.2,808,FoodMart 52,Food,Auvergne-Rhône-Alpes,0.0629,20220907,12,Mardi,Octobre,0,Afternoon,1,2024-10-08T12:56:06.000Z,2024-10-08,2024-10,1728392166,1728345600,19,21,Age Moyen,50.81,1,0,2024-10-01,1727762926,7,101.03285714285714,-49.71,629240,0,0
M00378,P01100,U01571,TX0001867,146.46,20241128094416,Angers,CASH,Toys,33,56535.3,Angers,Premium,20250501,Classic Puzzle 1100,Toys,133.14,3.1,69,PlayShop 378,Toys,Bretagne,0.025,20181006,9,Jeudi,Novembre,0,Morning,1,2024-11-28T09:44:16.000Z,2024-11-28,2024-11,1732787056,1732752000,8,31,Adulte,1277.64,2,0,2024-11-24,1732472598,4,448.6393548387098,-67.35,314458,0,0
M00043,P01182,U01710,TX0001868,16.78,20240924190753,Paris,PAYPAL,Toys,23,33949.72,Paris,Standard,20250914,Elite Toy Car 1182,Toys,16.7,2.3,345,ToyHub 43,Toys,Ile-de-France,0.0567,20220331,19,Mardi,Septembre,0,Evening,0,2024-09-24T19:07:53.000Z,2024-09-24,2024-09,1727204873,1727136000,2,12,Jeune,16.78,1,0,2024-09-03,1725348389,21,364.56583333333333,-95.4,1856484,0,0
M00142,P03273,U07314,TX0001869,125.52,20241104063932,Montpellier,CARD,Toys,32,52794.35,Montpellier,Premium,20231005,Elite Doll 3273,Toys,40.11,3.3,347,KidsWorld 142,Toys,Bretagne,0.0683,20230219,6,Lundi,Novembre,0,Morning,0,2024-11-04T06:39:32.000Z,2024-11-04,2024-11,1730702372,1730678400,21,24,Adulte,2087.16,1,0,2024-06-30,1719773298,127,411.96458333333334,-69.53,10929074,0,0
M00079,P01679,U03605,TX0001870,314.41,20240925203521,Grenoble,CARD,Clothing,37,35079.47,,Standard,20230114,Standard Sneakers 1679,Clothing,160.3,3.2,568,StyleShop 79,Clothing,Ile-de-France,0.0454,20230604,20,Mercredi,Septembre,0,Evening,0,2024-09-25T20:35:21.000Z,2024-09-25,2024-09,1727296521,1727222400,7,9,Adulte,314.41,1,0,2024-09-13,1726253170,12,153.3488888888889,105.03,1043351,0,0
M00157,P01604,U06310,TX0001871,559.76,20241018230113,Nice,PAYPAL,Clothing,37,69212.97,Nice,Premium,20241027,Standard Dress 1604,Clothing,255.14,3.5,436,TrendyWear 157,Clothing,Hauts-de-France,0.0535,20220505,23,Vendredi,Octobre,0,Night,0,2024-10-18T23:01:13.000Z,2024-10-18,2024-10,1729292473,1729209600,13,21,Adulte,559.76,1,0,2024-10-06,1728249187,12,236.15619047619052,137.03,1043286,1,0
M00306,P03484,U02340,TX0001872,9.83,20240925151106,Paris,BANK_TRANSFER,Beauty,39,9000.0,Paris,Budget,20230813,Standard Perfume 3484,Beauty,9.11,3.5,44,BeautyWorld 306,Beauty,Pays de la Loire,0.0874,20180709,15,Mercredi,Septembre,0,Afternoon,1,2024-09-25T15:11:06.000Z,2024-09-25,2024-09,1727277066,1727222400,4,4,Adulte,9.83,1,0,2024-09-13,1726218991,12,293.255,-96.65,1058075,0,0
M00264,P05069,U03642,TX0001873,542.83,20250102142403,Lille,BANK_TRANSFER,Home & Garden,,,,Inconnu,,Essential Rug 5069,Home & Garden,602.24,2.2,191,DecorShop 264,Home & Garden,Normandie,0.0599,20230128,14,Jeudi,Janvier,0,Afternoon,1,2025-01-02T14:24:03.000Z,2025-01-02,2025-01,1735827843,1735776000,9,19,Inconnu,613.11,2,0,2024-12-30,1735590527,3,114.50526315789476,374.07,237316,1,0
M00084,P00580,U01478,TX0001874,682.1,20250522090310,Strasbourg,CARD,Electronics,27,14658.18,Strasbourg,Budget,20231027,Standard Tablet 580,Electronics,612.89,3.9,844,ElectroWorld 84,Electronics,Nouvelle-Aquitaine,0.0795,20210928,9,Jeudi,Mai,0,Morning,1,2025-05-22T09:03:10.000Z,2025-05-22,2025-05,1747904590,1747872000,9,11,Adulte,2149.73,3,0,2025-05-20,1747745071,2,575.3018181818182,18.56,159519,0,0
M00326,P01099,U00968,TX0001875,30.58,20251106214245,Lille,CASH,Food,57,137940.36,Lille,VIP,20250225,Pro Olive Oil 1099,Food,33.94,3.6,1110,FoodHub 326,Food,Hauts-de-France,0.0996,20190524,21,Jeudi,Novembre,0,Evening,0,2025-11-06T21:42:45.000Z,2025-11-06,2025-11,1762465365,1762387200,46,51,Age Moyen,202.51,1,0,2025-11-06,1762436408,0,403.2313725490197,-92.42,28957,0,0
M00398,P05761,U04142,TX0001876,3338.58,20241203140931,Lyon,PAYPAL,Automotive,51,64371.47,Lyon,Premium,20230306,Pro Roof Rack 5761,Automotive,1492.34,3.1,194,CarParts 398,Automotive,Bretagne,0.0858,20181104,14,Mardi,Decembre,0,Afternoon,1,2024-12-03T14:09:31.000Z,2024-12-03,2024-12,1733234971,1733184000,4,18,Age Moyen,4774.49,2,0,2024-11-29,1732900410,4,611.5288888888888,445.94,334561,1,0
M00069,P03442,U04575,TX0001877,418.87,20240404060113,Bordeaux,BANK_TRANSFER,Home & Garden,38,51271.38,Bordeaux,Premium,20230314,Classic Rug 3442,Home & Garden,407.97,3.3,228,DecorShop 69,Home & Garden,Pays de la Loire,0.0598,20180102,6,Jeudi,Avril,0,Morning,0,2024-04-04T06:01:13.000Z,2024-04-04,2024-04,1712210473,1712188800,7,30,Adulte,418.87,1,0,2024-03-20,1710966069,15,279.8243333333333,49.69,1244404,0,0
M00132,P03278,U09129,TX0001878,26.24,20251219200119,Paris,CARD,Beauty,63,62789.12,Paris,Premium,20231007,Premium Serum 3278,Beauty,28.44,2.4,453,BeautyWorld 132,Beauty,Inconnu,0.0466,20220323,20,Vendredi,Decembre,0,Evening,0,2025-12-19T20:01:19.000Z,2025-12-19,2025-12,1766174479,1766102400,9,11,Age Moyen,26.24,1,0,2025-09-30,1759246806,80,683.9254545454545,-96.16,6927673,0,0
M00224,P05609,U05157,TX0001879,441.75,20250503150423,Saint-Etienne,CASH,Automotive,34,16611.13,Saint-Etienne,Budget,20230928,Essential Roof Rack 5609,Automotive,456.99,3.4,86,MotorHub 224,Automotive,Ile-de-France,0.0646,20200629,15,Samedi,Mai,1,Afternoon,1,2025-05-03T15:04:23.000Z,2025-05-03,2025-05,1746284663,1746230400,8,8,Adulte,441.75,1,0,2024-10-28,1730115248,187,576.62625,-23.39,16169415,0,0
M00175,P01055,U01989,TX0001880,106.39,20240821200905,Nantes,CASH,Clothing,56,55247.2,Nantes,Premium,20250723,Classic Jacket 1055,Clothing,116.24,3.2,290,ClothingHub 175,Clothing,Auvergne-Rhône-Alpes,0.0781,20230410,20,Mercredi,Aout,0,Evening,0,2024-08-21T20:09:05.000Z,2024-08-21,2024-08,1724270945,1724198400,18,25,Age Moyen,106.39,1,0,2024-08-13,1723592196,8,238.93080000000006,-55.47,678749,0,0
M00531,P04138,U05672,TX0001881,1373.33,20251109152614,Toulouse,CASH,Electronics,54,58162.3,Toulouse,Premium,20230115,,,,,,GadgetShop 531,Electronics,Occitanie,0.0851,20230614,15,Dimanche,Novembre,1,Afternoon,1,2025-11-09T15:26:14.000Z,2025-11-09,2025-11,1762701974,1762646400,18,21,Age Moyen,1387.33,2,0,2025-11-07,1762511530,2,550.9685714285713,149.26,190444,0,0
M00230,P01104,U06255,TX0001882,221.58,20241022060501,Dijon,BANK_TRANSFER,Health,38,53597.62,Dijon,Standard,20230709,Essential Blood Monitor 1104,Health,200.99,3.3,656,HealthShop 230,Health,Nouvelle-Aquitaine,0.014,20210115,6,Mardi,Octobre,0,Morning,0,2024-10-22T06:05:01.000Z,2024-10-22,2024-10,1729577101,1729555200,12,14,Adulte,221.58,1,0,2024-10-01,1727823104,21,168.5371428571429,31.47,1753997,0,0
M00326,P01099,U05517,TX0001883,63.42,20240424091300,Nantes,CARD,Food,48,23726.82,Nantes,Standard,20230908,Pro Olive Oil 1099,Food,33.94,3.6,1110,FoodHub 326,Food,Hauts-de-France,0.0996,20190524,9,Mercredi,Avril,0,Morning,1,2024-04-24T09:13:00.000Z,2024-04-24,2024-04,1713949980,1713916800,2,11,Age Moyen,63.42,1,0,2024-04-01,1711956396,23,253.29636363636362,-74.96,1993584,0,0
M00383,P04512,U10718,TX0001884,94.87,20251221214223,Toulouse,PAYPAL,Sports,,,,Inconnu,,Standard Backpack 4512,Sports,102.35,2.5,626,ActiveWear 383,Sports,Ile-de-France,0.0728,20220408,21,Dimanche,Decembre,1,Evening,0,2025-12-21T21:42:23.000Z,2025-12-21,2025-12,1766353343,1766275200,10,10,Inconnu,109.27,2,0,2025-12-20,1766262917,1,349.1050000000001,-72.82,90426,0,0
M00477,P00696,U09389,TX0001885,46.66,20241022074836,Lyon,CARD,Toys,62,68717.54,Lyon,Premium,20250429,Classic Action Figure 696,Toys,50.27,4.5,800,KidsWorld 477,Toys,Occitanie,0.0786,20200717,7,Mardi,Octobre,0,Morning,0,2024-10-22T07:48:36.000Z,2024-10-22,2024-10,1729583316,1729555200,18,30,Age Moyen,206.74,2,0,2024-10-20,1729440129,2,476.6146666666667,-90.21,143187,0,0
M00250,P04777,U11743,TX0001886,41.22,20250512150403,Grenoble,CARD,Beauty,47,94305.62,Grenoble,VIP,20240213,Essential Face Cream 4777,Beauty,38.86,1.9,172,GlowShop 250,Beauty,Ile-de-France,0.0275,20180718,15,Lundi,Mai,0,Afternoon,1,2025-05-12T15:04:03.000Z,2025-05-12,2025-05,1747062243,1747008000,22,50,Age Moyen,2418.18,2,0,2025-05-06,1746567444,6,442.1541999999998,-90.68,494799,0,0
M00482,P05539,U05313,TX0001887,223.77,20250421033914,Paris,CARD,Sports,38,115324.32,Paris,VIP,20240303,Pro Tennis Racket 5539,Sports,221.03,4.1,603,SportZone 482,Sports,Nouvelle-Aquitaine,0.0241,20230112,3,Lundi,Avril,0,Night,0,2025-04-21T03:39:14.000Z,2025-04-21,2025-04,1745206754,1745193600,6,42,Adulte,869.06,2,0,2025-04-18,1745005415,3,376.8019047619048,-40.61,201339,1,0
M00262,P02758,U05317,TX0001888,1408.81,20250201124723,Toulouse,BANK_TRANSFER,Electronics,63,62350.23,Toulouse,Premium,20250826,Premium Tablet 2758,Electronics,1434.79,3.3,1177,GadgetShop 262,Electronics,Provence-Alpes-Côte d'Azur,0.0943,20230617,12,Samedi,Fevrier,1,Afternoon,1,2025-02-01T12:47:23.000Z,2025-02-01,2025-02,1738414043,1738368000,8,19,Age Moyen,1408.81,1,0,2024-11-20,1732132729,73,374.0905263157894,276.6,6281314,0,0
M00288,P00127,U01704,TX0001889,89.18,20250318172905,Nantes,CASH,Beauty,37,23514.38,Nantes,Standard,20241020,Essential Lipstick 127,Beauty,90.14,2.1,964,BeautyWorld 288,Beauty,Ile-de-France,0.0149,20230410,17,Mardi,Mars,0,Afternoon,0,2025-03-18T17:29:05.000Z,2025-03-18,2025-03,1742318945,1742256000,8,10,Adulte,89.18,1,0,2025-03-11,1741733145,7,332.841,-73.21,585800,0,0
M00208,P05691,U01287,TX0001890,110.65,20250423172013,Toulon,PAYPAL,Toys,41,56713.55,Toulon,Standard,20250521,Elite Puzzle 5691,Toys,120.98,5.0,563,ToyLand 208,Toys,Auvergne-Rhône-Alpes,0.0103,20200808,17,Mercredi,Avril,0,Afternoon,0,2025-04-23T17:20:13.000Z,2025-04-23,2025-04,1745428813,1745366400,4,7,Adulte,991.52,2,0,2025-04-23,1745399018,0,408.27714285714285,-72.9,29795,0,0
M00450,P00063,U06777,TX0001891,87.27,20250123033345,Paris,PAYPAL,Clothing,48,70364.5,Paris,Premium,20230316,Essential Jacket 63,Clothing,93.85,3.2,170,TrendyWear 450,Clothing,Pays de la Loire,0.0277,20200513,3,Jeudi,Janvier,0,Night,0,2025-01-23T03:33:45.000Z,2025-01-23,2025-01,1737603225,1737590400,16,18,Age Moyen,87.27,1,0,2025-01-15,1736907806,8,333.3077777777778,-73.82,695419,1,0
M00066,P03099,U05444,TX0001892,165.1,20250123070128,Dijon,PAYPAL,Clothing,35,76291.82,Villeurbanne,VIP,20240728,Premium Jeans 3099,Clothing,155.93,3.5,596,ClothingHub 66,Clothing,Hauts-de-France,0.0695,20190122,7,Jeudi,Janvier,0,Morning,0,2025-01-23T07:01:28.000Z,2025-01-23,2025-01,1737615688,1737590400,26,29,Adulte,226.76,3,0,2025-01-21,1737450060,2,243.61758620689665,-32.23,165628,0,0
M00302,P02668,U03385,TX0001893,70.02,20240823202800,Strasbourg,CARD,Food,,,,Inconnu,,Classic Coffee Pack 2668,Food,67.08,4.0,669,GourmetShop 302,Food,Ile-de-France,0.0405,20220428,20,Vendredi,Aout,0,Evening,0,2024-08-23T20:28:00.000Z,2024-08-23,2024-08,1724444880,1724371200,15,42,Inconnu,70.02,1,0,2024-08-16,1723792269,7,416.63952380952384,-83.19,652611,0,0
M00219,P00323,U06261,TX0001894,17.32,20240520121347,Rennes,CARD,Books,47,115700.64,Paris,Premium,20240917,Pro Atlas 323,Books,16.83,2.3,964,,Inconnu,Inconnu,,,12,Lundi,Mai,0,Afternoon,1,2024-05-20T12:13:47.000Z,2024-05-20,2024-05,1716207227,1716163200,3,27,Age Moyen,40.84,2,0,2024-05-18,1716037708,2,141.87925925925924,-87.79,169519,0,0
M00185,P02150,U07763,TX0001895,91.28,20250223173310,Lyon,CARD,Food,16,78303.39,Lyon,VIP,20230517,Classic Coffee Pack 2150,Food,82.99,4.3,1179,GourmetShop 185,Food,Ile-de-France,0.0104,20180409,17,Dimanche,Fevrier,1,Afternoon,0,2025-02-23T17:33:10.000Z,2025-02-23,2025-02,1740331990,1740268800,68,68,Jeune,91.28,1,0,2025-02-15,1739622460,8,155.79132352941176,-41.41,709530,0,0
M00228,P04312,U00051,TX0001896,46.33,20240113163448,Angers,PAYPAL,Toys,21,68557.76,Angers,Premium,20250818,Pro Building Blocks 4312,Toys,21.51,4.3,663,PlayShop 228,Toys,Nouvelle-Aquitaine,0.044,20230722,16,Samedi,Janvier,1,Afternoon,1,2024-01-13T16:34:48.000Z,2024-01-13,2024-01,1705163688,1705104000,2,7,Jeune,724.47,2,0,2024-01-12,1705087011,1,724.1814285714287,-93.6,76677,0,0
M00152,P04367,U04404,TX0001897,112.2,20240301211113,Nice,CARD,Beauty,48,34791.18,Nice,Standard,20250916,Essential Serum 4367,Beauty,110.76,4.9,315,GlowShop 152,Beauty,Bretagne,0.0774,20170316,21,Vendredi,Mars,0,Evening,0,2024-03-01T21:11:13.000Z,2024-03-01,2024-03,1709327473,1709251200,2,10,Age Moyen,112.2,1,0,2024-01-27,1706341555,34,127.52000000000001,-12.01,2985918,0,0
M00501,P05768,U08598,TX0001898,117.4,20240805091558,Reims,CARD,Beauty,21,17928.52,Nantes,Budget,20230419,Essential Nail Kit 5768,Beauty,109.15,3.6,632,CosmeticHub 501,Beauty,Nouvelle-Aquitaine,0.0771,20211203,9,Lundi,Aout,0,Morning,1,2024-08-05T09:15:58.000Z,2024-08-05,2024-08,1722849358,1722816000,1,3,Jeune,117.4,1,0,,,,354.3766666666666,-66.87,,0,0
M00480,P01255,U08333,TX0001899,236.3,20240922094007,Montpellier,CARD,Clothing,42,108420.45,Montpellier,VIP,20240416,Elite Jacket 1255,Clothing,256.13,3.9,246,ClothingHub 480,Clothing,Occitanie,0.0722,20201105,9,Dimanche,Septembre,1,Morning,1,2024-09-22T09:40:07.000Z,2024-09-22,2024-09,1726998007,1726963200,6,49,Adulte,320.05,2,0,2024-09-21,1726926986,1,352.2716326530612,-32.92,71021,0,0
M00544,P04948,U11464,TX0001900,951.43,20240811101924,Nantes,CARD,Automotive,35,95630.06,Nantes,VIP,20250420,Elite Tyre Set 4948,Automotive,860.77,3.5,77,AutoCenter 544,Automotive,Occitanie,0.0282,20221004,10,Dimanche,Aout,1,Morning,1,2024-08-11T10:19:24.000Z,2024-08-11,2024-08,1723371564,1723334400,34,38,Adulte,1067.33,2,0,2024-08-05,1722894330,6,389.86105263157896,144.04,477234,0,0
M00095,P02729,U11368,TX0001901,216.28,20240316072547,Paris,CARD,Health,46,16626.56,Paris,Budget,20230120,Essential Scale 2729,Health,213.69,4.6,721,VitalShop 95,Health,Ile-de-France,0.0826,20200708,7,Samedi,Mars,1,Morning,0,2024-03-16T07:25:47.000Z,2024-03-16,2024-03,1710573947,1710547200,6,7,Age Moyen,636.71,2,0,2024-03-12,1710262314,4,1160.4742857142858,-81.36,311633,0,0
M00417,P01857,U03066,TX0001902,399.13,20240218083258,Nice,CARD,Sports,22,28726.53,Reims,Budget,20230507,Pro Tennis Racket 1857,Sports,411.38,3.4,634,SportHub 417,Sports,Bretagne,0.0194,20210930,8,Dimanche,Fevrier,1,Morning,0,2024-02-18T08:32:58.000Z,2024-02-18,2024-02,1708245178,1708214400,4,7,Jeune,399.13,1,0,2024-01-27,1706391350,22,1280.7542857142857,-68.84,1853828,0,0
M00433,P04183,U01468,TX0001903,739.14,20251013133059,Paris,BANK_TRANSFER,Automotive,59,15666.05,Paris,Budget,20230804,Premium Dash Cam 4183,Automotive,706.98,2.5,1174,AutoShop 433,Automotive,Grand Est,0.0138,20210726,13,Lundi,Octobre,0,Afternoon,1,2025-10-13T13:30:59.000Z,2025-10-13,2025-10,1760362259,1760313600,6,10,Age Moyen,739.14,1,0,2025-10-04,1759575815,9,288.418,156.27,786444,0,0
M00333,P01713,U08447,TX0001904,127.27,20241204011855,Toulouse,CASH,Toys,50,60578.69,Toulouse,Premium,20250706,Pro Building Blocks 1713,Toys,118.87,4.8,300,ToyHub 333,Toys,Nouvelle-Aquitaine,0.0635,20230319,1,Mercredi,Decembre,0,Night,0,2024-12-04T01:18:55.000Z,2024-12-04,2024-12,1733275135,1733270400,10,15,Age Moyen,1018.39,2,0,2024-12-03,1733264875,1,255.85066666666665,-50.26,10260,1,0
M00252,P05146,U00664,TX0001905,302.17,20250519202824,Reims,BANK_TRANSFER,Home & Garden,,,,Inconnu,,Pro Rug 5146,Home & Garden,291.91,1.2,692,DecorShop 252,Home & Garden,Provence-Alpes-Côte d'Azur,0.0944,20190208,20,Lundi,Mai,0,Evening,0,2025-05-19T20:28:24.000Z,2025-05-19,2025-05,1747686504,1747612800,10,12,Inconnu,3920.59,1,0,2025-02-19,1739979173,89,603.4633333333333,-49.93,7707331,0,0
M00385,P02524,U03164,TX0001906,232.77,20241129194314,Nîmes,CARD,Electronics,48,41742.89,Angers,Standard,20240531,Pro Camera 2524,Electronics,252.06,1.0,165,ElectroWorld 385,Electronics,Auvergne-Rhône-Alpes,0.0997,20191126,19,Vendredi,Novembre,0,Evening,0,2024-11-29T19:43:14.000Z,2024-11-29,2024-11,1732909394,1732838400,18,22,Age Moyen,232.77,1,0,2024-11-18,1731941554,11,690.3881818181818,-66.28,967840,0,0
M00183,P04160,U05920,TX0001907,743.83,20240607210025,Bordeaux,BANK_TRANSFER,Automotive,50,37345.44,Bordeaux,Standard,20231011,Elite Car Parts 4160,Automotive,720.18,3.6,43,CarParts 183,Automotive,Nouvelle-Aquitaine,0.0763,20170427,21,Vendredi,Juin,0,Evening,0,2024-06-07T21:00:25.000Z,2024-06-07,2024-06,1717794025,1717718400,3,13,Age Moyen,1099.07,2,0,2024-06-01,1717244405,6,517.7361538461539,43.67,549620,0,0
M00066,P03133,U04041,TX0001908,29.97,20250316205735,Nîmes,CARD,Clothing,66,57396.89,Nîmes,Premium,20240613,Pro Jacket 3133,Clothing,27.39,2.2,126,ClothingHub 66,Clothing,Hauts-de-France,0.0695,20190122,20,Dimanche,Mars,1,Evening,0,2025-03-16T20:57:35.000Z,2025-03-16,2025-03,1742158655,1742083200,4,18,Senior,29.97,1,0,2025-03-06,1741271840,10,524.4483333333333,-94.29,886815,0,0
M00269,P01964,U01139,TX0001909,73.29,20240121025000,Villeurbanne,CARD,Clothing,32,44076.94,Toulouse,Standard,20240325,Classic Jeans 1964,Clothing,69.44,2.8,556,FashionStore 269,Clothing,Grand Est,0.035,20190713,2,Dimanche,Janvier,1,Night,0,2024-01-21T02:50:00.000Z,2024-01-21,2024-01,1705805400,1705795200,5,15,Adulte,203.76,2,0,2024-01-17,1705480567,4,411.1553333333333,-82.17,324833,1,0
M00580,P05415,U02785,TX0001910,44.51,20250620181706,Nice,CARD,Clothing,43,22844.94,Nice,Standard,20231218,Classic T-Shirt 5415,Clothing,39.97,2.3,959,StyleShop 580,Clothing,Grand Est,0.0631,20190622,18,Vendredi,Juin,0,Evening,0,2025-06-20T18:17:06.000Z,2025-06-20,2025-06,1750443426,1750377600,3,8,Adulte,129.11,2,0,2025-06-16,1750086023,4,63.66875,-30.09,357403,0,0
M00035,P03444,U11706,TX0001911,368.46,20250911011511,Toulon,BANK_TRANSFER,Sports,42,84783.58,Toulon,Premium,20250309,Classic Tennis Racket 3444,Sports,353.34,3.7,136,ActiveWear 35,Sports,Hauts-de-France,0.0286,20180923,1,Jeudi,Septembre,0,Night,0,2025-09-11T01:15:11.000Z,2025-09-11,2025-09,1757553311,1757548800,20,24,Adulte,702.92,2,0,2025-09-07,1757249106,4,723.8991666666666,-49.1,304205,1,0
M00313,P00419,U07602,TX0001912,2.7,20240423131938,Marseille,BANK_TRANSFER,Food,54,39427.84,Marseille,Standard,20240826,Classic Olive Oil 419,Food,2.93,3.2,909,GourmetShop 313,Food,Auvergne-Rhône-Alpes,0.0988,20191224,13,Mardi,Avril,0,Afternoon,1,2024-04-23T13:19:38.000Z,2024-04-23,2024-04,1713878378,1713830400,6,11,Age Moyen,733.06,1,0,2024-04-23,1713846444,0,93.49545454545455,-97.11,31934,0,0
M00219,P02696,U01176,TX0001913,16.3,20250830183152,Paris,CARD,Books,29,23106.11,Paris,Budget,20250602,Elite Atlas 2696,Books,17.9,3.4,951,,Inconnu,Inconnu,,,18,Samedi,Aout,1,Evening,0,2025-08-30T18:31:52.000Z,2025-08-30,2025-08,1756578712,1756512000,6,6,Adulte,16.3,1,0,2025-08-06,1754493555,24,141.465,-88.48,2085157,0,0
M00506,P01611,U07387,TX0001914,23.43,20250801200318,Toulouse,CASH,Books,56,51980.69,Toulouse,Standard,20230626,Pro Comic Book 1611,Books,13.0,2.7,969,BookCorner 506,Books,Ile-de-France,0.0582,20190515,20,Vendredi,Aout,0,Evening,0,2025-08-01T20:03:18.000Z,2025-08-01,2025-08,1754078598,1754006400,5,14,Age Moyen,82.03,3,0,2025-07-31,1753929830,1,53.31857142857143,-56.06,148768,0,0
M00399,P01316,U09259,TX0001915,155.95,20240209132704,Lille,CASH,Beauty,41,25759.9,Lille,Budget,20231105,Essential Face Cream 1316,Beauty,154.28,4.5,704,BeautyWorld 399,Beauty,Hauts-de-France,0.0398,20200306,13,Vendredi,Fevrier,0,Afternoon,1,2024-02-09T13:27:04.000Z,2024-02-09,2024-02,1707485224,1707436800,1,5,Adulte,155.95,1,0,,,,180.554,-13.63,,0,0
M97078,P03784,U06814,TX0001916,573.86,20251129113357,Strasbourg,BANK_TRANSFER,Automotive,39,126935.03,Lyon,VIP,20241028,Essential Car Parts 3784,Automotive,199.92,4.8,466,,Inconnu,Inconnu,,,11,Samedi,Novembre,1,Morning,1,2025-11-29T11:33:57.000Z,2025-11-29,2025-11,1764416037,1764374400,54,55,Adulte,1950.97,3,0,2025-11-28,1764338387,1,822.2274545454547,-30.21,77650,0,0
M00589,P04453,U10802,TX0001917,37.57,20250916154000,Reims,CASH,Books,35,50020.66,Reims,Premium,20250823,Classic Comic Book 4453,Books,38.62,5.0,408,BookHaven 589,Books,Auvergne-Rhône-Alpes,0.0527,20180604,15,Mardi,Septembre,0,Afternoon,1,2025-09-16T15:40:00.000Z,2025-09-16,2025-09,1758037200,1757980800,22,24,Adulte,1111.6,2,0,2025-09-13,1757793744,3,377.9700000000001,-90.06,243456,0,0
M00433,P03345,U09702,TX0001918,1287.97,20240905140951,Lyon,BANK_TRANSFER,Automotive,26,27075.03,Lyon,Standard,20250909,Standard Tyre Set 3345,Automotive,644.46,3.2,263,AutoShop 433,Automotive,Grand Est,0.0138,20210726,14,Jeudi,Septembre,0,Afternoon,1,2024-09-05T14:09:51.000Z,2024-09-05,2024-09,1725545391,1725494400,15,23,Adulte,1427.14,2,0,2024-09-01,1725226549,4,467.8969565217392,175.27,318842,0,0
M00309,P01163,U07623,TX0001919,87.49,20251019164038,Marseille,BANK_TRANSFER,Home & Garden,31,79175.85,Marseille,Premium,20250410,Essential Lamp 1163,Home & Garden,96.82,4.1,620,GardenWorld 309,Home & Garden,Nouvelle-Aquitaine,0.097,20210929,16,Dimanche,Octobre,1,Afternoon,1,2025-10-19T16:40:38.000Z,2025-10-19,2025-10,1760892038,1760832000,16,20,Adulte,243.34,3,0,2025-10-16,1760645895,3,576.7304999999999,-84.83,246143,0,0
M00503,P00663,U08918,TX0001920,46.87,20240516174539,Marseille,PAYPAL,Clothing,31,46813.37,Marseille,Standard,20240710,Pro Scarf 663,Clothing,42.42,1.9,1053,ClothingHub 503,Clothing,Occitanie,0.0787,20190209,17,Jeudi,Mai,0,Afternoon,0,2024-05-16T17:45:39.000Z,2024-05-16,2024-05,1715881539,1715817600,1,17,Adulte,46.87,1,0,,,,234.81588235294117,-80.04,,0,0
M00173,P90327,U01269,TX0001921,13.05,20240911211302,Paris,CARD,Toys,39,128637.64,Paris,VIP,20250704,,,,,,PlayShop 173,Toys,Auvergne-Rhône-Alpes,0.0114,20171225,21,Mercredi,Septembre,0,Evening,0,2024-09-11T21:13:02.000Z,2024-09-11,2024-09,1726089182,1726012800,17,48,Adulte,130.86,2,0,2024-09-09,1725870849,2,355.0033333333333,-96.32,218333,0,0
M00276,P01789,U00818,TX0001922,90.39,20250306175229,Saint-Etienne,CARD,Clothing,39,65133.85,,Premium,20230202,Premium Jacket 1789,Clothing,98.2,5.0,573,StyleShop 276,Clothing,Ile-de-France,0.0275,20230303,17,Jeudi,Mars,0,Afternoon,0,2025-03-06T17:52:29.000Z,2025-03-06,2025-03,1741283549,1741219200,16,29,Adulte,90.39,1,0,2025-02-27,1740639682,7,320.74931034482756,-71.82,643867,0,0
M00405,P00700,U07575,TX0001923,73.19,20241008074643,Paris,CARD,Beauty,37,123594.05,Paris,VIP,20240518,Classic Perfume 700,Beauty,74.41,2.1,843,BeautyWorld 405,Beauty,Nouvelle-Aquitaine,0.057,20210331,7,Mardi,Octobre,0,Morning,0,2024-10-08T07:46:43.000Z,2024-10-08,2024-10,1728373603,1728345600,1,58,Adulte,132.46,1,0,,,,143.01706896551727,-48.82,,0,0
M00295,P01695,U02307,TX0001924,219.51,20240414142648,Paris,CASH,Automotive,38,46351.32,Paris,Standard,20240326,Elite Car Parts 1695,Automotive,215.53,1.9,608,AutoCenter 295,Automotive,Nouvelle-Aquitaine,0.0172,20190904,14,Dimanche,Avril,1,Afternoon,1,2024-04-14T14:26:48.000Z,2024-04-14,2024-04,1713104808,1713052800,2,13,Adulte,219.51,1,0,2024-04-05,1712316973,9,830.0346153846153,-73.55,787835,0,0
M00561,P03785,U01319,TX0001925,781.91,20240314124627,Angers,CARD,Home & Garden,42,74927.02,Angers,VIP,20240701,Elite Garden Chair 3785,Home & Garden,834.13,4.8,340,DecorShop 561,Home & Garden,Hauts-de-France,0.0282,20191023,12,Jeudi,Mars,0,Afternoon,1,2024-03-14T12:46:27.000Z,2024-03-14,2024-03,1710420387,1710374400,3,28,Adulte,909.59,3,0,2024-03-10,1710063704,4,459.13678571428585,70.3,356683,0,0
M00037,P05968,U03361,TX0001926,28.36,20240418221936,Toulon,PAYPAL,Books,35,30062.56,Toulon,Standard,20241122,Elite Biography 5968,Books,28.36,3.5,1182,ReadMore 37,Books,Auvergne-Rhône-Alpes,0.0929,20170520,22,Jeudi,Avril,0,Night,0,2024-04-18T22:19:36.000Z,2024-04-18,2024-04,1713478776,1713398400,6,16,Adulte,28.36,1,0,2024-02-14,1707931227,64,184.113125,-84.6,5547549,1,0
M00259,P04861,U07769,TX0001927,37.83,20250704222141,Lille,PAYPAL,Clothing,52,35127.64,Paris,Budget,20250731,Elite Sneakers 4861,Clothing,35.66,3.5,675,ClothingHub 259,Clothing,Ile-de-France,0.0986,20230122,22,Vendredi,Juillet,0,Night,0,2025-07-04T22:21:41.000Z,2025-07-04,2025-07,1751667701,1751587200,8,9,Age Moyen,623.58,2,0,2025-07-01,1751366975,3,209.0111111111111,-81.9,300726,1,0
M00013,P00346,U09543,TX0001928,106.09,20241127211214,Lyon,CARD,Clothing,45,86780.49,Lyon,Premium,20230318,Pro Jacket 346,Clothing,105.65,3.7,403,ClothingHub 13,Clothing,Bretagne,0.0571,20170720,21,Mercredi,Novembre,0,Evening,0,2024-11-27T21:12:14.000Z,2024-11-27,2024-11,1732741934,1732665600,15,16,Age Moyen,106.09,1,0,2024-11-19,1732038304,8,191.07374999999996,-44.48,703630,0,0
M00279,P04627,U10497,TX0001929,718.26,20250812170309,Paris,CRYPTO,Automotive,48,24428.5,Paris,Standard,20230328,Standard Dash Cam 4627,Automotive,675.77,2.1,67,MotorHub 279,Automotive,Grand Est,0.0348,20180111,17,Mardi,Aout,0,Afternoon,0,2025-08-12T17:03:09.000Z,2025-08-12,2025-08,1755018189,1754956800,11,13,Age Moyen,1367.2,3,0,2025-08-10,1754866455,2,1193.5515384615383,-39.82,151734,1,0
M00215,P00594,U01483,TX0001930,21.16,20240702033307,Bordeaux,CASH,Books,,,,Inconnu,,Standard Atlas 594,Books,23.03,2.4,29,LibraryShop 215,Books,Auvergne-Rhône-Alpes,0.0676,20210728,3,Mardi,Juillet,0,Night,0,2024-07-02T03:33:07.000Z,2024-07-02,2024-07,1719891187,1719878400,2,13,Inconnu,62.02,2,0,2024-07-01,1719864409,1,393.14076923076925,-94.62,26778,1,0
M00333,P03549,U00738,TX0001931,70.9,20240901173319,Paris,BANK_TRANSFER,Toys,37,45337.26,Paris,Premium,20250511,Premium Action Figure 3549,Toys,63.83,3.0,385,ToyHub 333,Toys,Nouvelle-Aquitaine,0.0635,20230319,17,Dimanche,Septembre,1,Afternoon,0,2024-09-01T17:33:19.000Z,2024-09-01,2024-09,1725211999,1725148800,6,12,Adulte,70.9,1,0,2024-07-29,1722272529,34,528.1883333333333,-86.58,2939470,0,0
M00041,P01398,U08859,TX0001932,904.88,20241205051317,Strasbourg,PAYPAL,Automotive,18,70744.06,Strasbourg,Premium,20250327,Premium Oil Filter 1398,Automotive,842.89,4.1,668,AutoCenter 41,Automotive,Nouvelle-Aquitaine,0.0171,20221224,5,Jeudi,Decembre,0,Night,0,2024-12-05T05:13:17.000Z,2024-12-05,2024-12,1733375597,1733356800,1,14,Jeune,904.88,1,0,,,,221.2214285714286,309.04,,2,1
M00175,P00908,U09066,TX0001933,340.5,20241228034534,Paris,CASH,Clothing,48,90169.36,Paris,Premium,20240908,Elite Jacket 908,Clothing,316.75,4.9,98,ClothingHub 175,Clothing,Auvergne-Rhône-Alpes,0.0781,20230410,3,Samedi,Decembre,1,Night,0,2024-12-28T03:45:34.000Z,2024-12-28,2024-12,1735357534,1735344000,29,40,Age Moyen,340.5,1,0,2024-12-18,1734509877,10,624.4979999999999,-45.48,847657,1,0
M00097,P02131,U06603,TX0001934,65.91,20250320193633,Nice,CARD,Toys,53,46467.64,Nice,Standard,20230724,Premium Building Blocks 2131,Toys,63.35,3.2,808,ToyLand 97,Toys,Occitanie,0.061,20180925,19,Jeudi,Mars,0,Evening,0,2025-03-20T19:36:33.000Z,2025-03-20,2025-03,1742499393,1742428800,3,6,Age Moyen,65.91,1,0,2025-03-13,1741900245,7,150.94,-56.33,599148,0,0
M00287,P00215,U03826,TX0001935,4.99,20250929024234,Toulouse,CRYPTO,Food,48,74139.45,Marseille,VIP,20250914,Standard Cheese Platter 215,Food,5.51,1.7,25,GourmetShop 287,Food,Hauts-de-France,0.0463,20180116,2,Lundi,Septembre,0,Night,0,2025-09-29T02:42:34.000Z,2025-09-29,2025-09,1759113754,1759104000,14,21,Age Moyen,4.99,1,0,2025-09-20,1758393153,9,199.9319047619048,-97.5,720601,2,1
M00281,P03852,U11743,TX0001936,87.12,20250419233915,Grenoble,CARD,Beauty,47,94305.62,Grenoble,VIP,20240213,Pro Lipstick 3852,Beauty,86.42,3.3,743,BeautyCorner 281,Beauty,Nouvelle-Aquitaine,0.0208,20200711,23,Samedi,Avril,1,Night,0,2025-04-19T23:39:15.000Z,2025-04-19,2025-04,1745105955,1745020800,17,50,Age Moyen,303.33,2,0,2025-04-15,1744721399,4,442.1541999999998,-80.3,384556,1,0
M00075,P05182,U05727,TX0001937,46.49,20250315123955,Nantes,,Health,47,22963.67,Nantes,Budget,20240509,Standard Vitamins 5182,Health,45.05,1.8,508,HealthHub 75,Health,Ile-de-France,0.0469,20190209,12,Samedi,Mars,1,Afternoon,1,2025-03-15T12:39:55.000Z,2025-03-15,2025-03,1742042395,1741996800,3,8,Age Moyen,46.49,1,0,2025-02-21,1740104815,22,296.13124999999997,-84.3,1937580,0,0
M00381,P02325,U02635,TX0001938,52.69,20241221103015,Marseille,BANK_TRANSFER,Food,49,119063.17,Marseille,VIP,20240405,Classic Olive Oil 2325,Food,53.09,3.5,851,FreshMarket 381,Food,Hauts-de-France,0.015,20180905,10,Samedi,Decembre,1,Morning,1,2024-12-21T10:30:15.000Z,2024-12-21,2024-12,1734777015,1734739200,20,22,Age Moyen,338.52,3,0,2024-12-19,1734635071,2,87.97409090909092,-40.11,141944,0,0
M00123,P04876,U03245,TX0001939,123.79,20241219152554,Dijon,BANK_TRANSFER,Beauty,41,28369.45,Dijon,Standard,20250726,Classic Lipstick 4876,Beauty,128.61,4.2,1140,CosmeticHub 123,Beauty,Auvergne-Rhône-Alpes,0.0875,20221006,15,Jeudi,Decembre,0,Afternoon,1,2024-12-19T15:25:54.000Z,2024-12-19,2024-12,1734621954,1734566400,3,15,Adulte,123.79,1,0,2024-12-09,1733775546,10,373.04466666666667,-66.82,846408,0,0
M00336,P02747,U09045,TX0001940,1511.83,20240212091911,Nantes,CASH,Electronics,39,121340.96,Nantes,VIP,20231101,Standard Camera 2747,Electronics,1472.64,3.9,440,TechStore 336,Electronics,Nouvelle-Aquitaine,0.0241,20181226,9,Lundi,Fevrier,0,Morning,1,2024-02-12T09:19:11.000Z,2024-02-12,2024-02,1707729551,1707696000,4,42,Adulte,1638.94,2,0,2024-02-09,1707472706,3,194.46619047619046,677.43,256845,1,0
M00411,P00104,U00538,TX0001941,471.45,20251107093104,Strasbourg,PAYPAL,Sports,20,83145.71,Toulon,Premium,20240421,Elite Backpack 104,Sports,452.16,4.3,992,SportZone 411,Sports,Grand Est,0.0322,20200611,9,Vendredi,Novembre,0,Morning,1,2025-11-07T09:31:04.000Z,2025-11-07,2025-11,1762507864,1762473600,6,8,Jeune,627.91,2,0,2025-11-02,1762081152,5,288.695,63.3,426712,0,0
M00079,P04065,U09630,TX0001942,107.57,20250702154527,Toulon,CARD,Clothing,45,59973.87,Toulon,Premium,20231126,Standard Jacket 4065,Clothing,109.5,4.6,1119,StyleShop 79,Clothing,Ile-de-France,0.0454,20230604,15,Mercredi,Juillet,0,Afternoon,1,2025-07-02T15:45:27.000Z,2025-07-02,2025-07,1751471127,1751414400,27,31,Age Moyen,157.67,1,0,2025-07-02,1751470820,0,409.668064516129,-73.74,307,0,0
M00209,P00916,U05209,TX0001943,49.74,20250224204645,Toulouse,BANK_TRANSFER,Books,53,11356.38,Toulouse,Standard,20241017,Elite Atlas 916,Books,49.71,4.0,1,BookHaven 209,Books,Occitanie,0.0472,20180910,20,Lundi,Fevrier,0,Evening,0,2025-02-24T20:46:45.000Z,2025-02-24,2025-02,1740430005,1740355200,6,12,Age Moyen,49.74,1,0,2025-02-03,1738608580,21,451.0375000000001,-88.97,1821425,0,0
M00511,P02480,U06439,TX0001944,37.31,20240408163928,Paris,CASH,Books,16,18698.54,Paris,Budget,20231004,Classic Textbook 2480,Books,34.64,3.2,203,ReadMore 511,Books,Nouvelle-Aquitaine,0.0532,20190804,16,Lundi,Avril,0,Afternoon,1,2024-04-08T16:39:28.000Z,2024-04-08,2024-04,1712594368,1712534400,7,9,Jeune,1079.46,5,1,2024-04-07,1712530296,1,139.15111111111113,-73.19,64072,0,0
M00006,P02255,U02765,TX0001945,143.99,20240520110955,Toulon,BANK_TRANSFER,Home & Garden,31,44290.75,Toulon,Standard,20250331,Essential Rug 2255,Home & Garden,143.71,3.4,1006,HomeStyle 6,Home & Garden,Grand Est,0.0751,20221005,11,Lundi,Mai,0,Morning,1,2024-05-20T11:09:55.000Z,2024-05-20,2024-05,1716203395,1716163200,3,10,Adulte,143.99,1,0,2024-05-11,1715440662,9,213.25600000000003,-32.48,762733,0,0
M00563,P03227,U08726,TX0001946,17.96,20240401092823,Paris,PAYPAL,Toys,53,62687.13,Paris,Premium,20230111,Elite Toy Car 3227,Toys,16.93,3.1,637,ToyLand 563,Toys,Inconnu,0.0811,20170630,9,Lundi,Avril,0,Morning,1,2024-04-01T09:28:23.000Z,2024-04-01,2024-04,1711963703,1711929600,2,33,Age Moyen,343.5,1,0,2024-04-01,1711961525,0,304.76424242424247,-94.11,2178,0,0
M00349,P05589,U09092,TX0001947,139.63,20240823064035,Nice,CRYPTO,Toys,71,35502.36,Nice,Premium,20240806,Classic Puzzle 5589,Toys,132.08,3.2,205,PlayShop 349,Toys,Auvergne-Rhône-Alpes,0.0996,20170611,6,Vendredi,Aout,0,Morning,0,2024-08-23T06:40:35.000Z,2024-08-23,2024-08,1724395235,1724371200,6,17,Senior,1118.52,2,0,2024-08-23,1724381508,0,284.81352941176476,-50.97,13727,1,0
M00141,P01848,U04019,TX0001948,28.99,20250321201132,Rennes,BANK_TRANSFER,Food,16,22124.21,Rennes,Standard,20250823,Classic Chocolate Box 1848,Food,26.61,3.8,59,FoodMart 141,Food,Auvergne-Rhône-Alpes,0.049,20181207,20,Vendredi,Mars,0,Evening,0,2025-03-21T20:11:32.000Z,2025-03-21,2025-03,1742587892,1742515200,15,16,Jeune,28.99,1,0,2025-03-07,1741355519,14,336.871875,-91.39,1232373,0,0
M00309,P04345,U09559,TX0001949,672.17,20240704120127,Paris,CASH,Home & Garden,58,104497.29,Paris,VIP,20230318,Essential Cookware Set 4345,Home & Garden,731.46,3.9,253,GardenWorld 309,Home & Garden,Nouvelle-Aquitaine,0.097,20210929,12,Jeudi,Juillet,0,Afternoon,1,2024-07-04T12:01:27.000Z,2024-07-04,2024-07,1720094487,1720051200,15,29,Age Moyen,672.17,1,0,2024-05-26,1716750427,39,663.6,1.29,3344060,0,0
M00335,P01376,U05886,TX0001950,1393.69,20240626135318,Paris,CARD,Automotive,53,19186.21,Paris,Budget,20240305,Essential Tyre Set 1376,Automotive,1389.54,3.1,69,AutoShop 335,Automotive,Nouvelle-Aquitaine,0.0138,20180320,13,Mercredi,Juin,0,Afternoon,1,2024-06-26T13:53:18.000Z,2024-06-26,2024-06,1719409998,1719360000,4,9,Age Moyen,1393.69,1,0,2024-06-10,1718006234,16,1047.9066666666668,33.0,1403764,0,0
M00428,P00007,U11544,TX0001951,779.22,20250618124637,Villeurbanne,PAYPAL,Home & Garden,35,36000.89,Villeurbanne,Standard,20250725,Classic Lamp 7,Home & Garden,807.35,2.9,486,HomeCenter 428,Home & Garden,Nouvelle-Aquitaine,0.0486,20220702,12,Mercredi,Juin,0,Afternoon,1,2025-06-18T12:46:37.000Z,2025-06-18,2025-06,1750250797,1750204800,3,14,Adulte,779.22,1,0,2025-06-10,1749554482,8,504.735,54.38,696315,0,0
M00071,P02401,U01618,TX0001952,526.71,20251028125835,Grenoble,PAYPAL,Home & Garden,43,76377.76,Grenoble,VIP,20230822,Standard Cookware Set 2401,Home & Garden,272.25,3.7,406,GardenWorld 71,Home & Garden,Grand Est,0.0319,20170216,12,Mardi,Octobre,0,Afternoon,1,2025-10-28T12:58:35.000Z,2025-10-28,2025-10,1761656315,1761609600,37,39,Adulte,1663.3,3,0,2025-10-26,1761504948,2,460.10974358974363,14.47,151367,0,0
M00215,P04303,U03838,TX0001953,32.54,20241212115746,Le Havre,CARD,Books,62,59884.44,Le Havre,Premium,20240930,Standard Biography 4303,Books,31.08,2.3,325,LibraryShop 215,Books,Auvergne-Rhône-Alpes,0.0676,20210728,11,Jeudi,Decembre,0,Morning,1,2024-12-12T11:57:46.000Z,2024-12-12,2024-12,1734004666,1733961600,8,12,Age Moyen,51.64,2,0,2024-12-09,1733725811,3,347.49333333333334,-90.64,278855,0,0
M00164,P03868,U03250,TX0001954,159.0,20241228063047,Nantes,CRYPTO,Clothing,64,136742.48,Lyon,VIP,20250426,Standard Jacket 3868,Clothing,152.26,2.3,882,TrendyWear 164,Clothing,Provence-Alpes-Côte d'Azur,0.0252,20191212,6,Samedi,Decembre,1,Morning,0,2024-12-28T06:30:47.000Z,2024-12-28,2024-12,1735367447,1735344000,23,36,Age Moyen,607.46,4,0,2024-12-26,1735245134,2,282.67,-43.75,122313,1,0
M00560,P04440,U08075,TX0001955,123.74,20250401100221,Rennes,CARD,Health,57,53112.91,Rennes,VIP,20241224,Essential Vitamins 4440,Health,56.26,3.4,762,VitalShop 560,Health,Ile-de-France,0.0903,20170920,10,Mardi,Avril,0,Morning,1,2025-04-01T10:02:21.000Z,2025-04-01,2025-04,1743501741,1743465600,51,58,Age Moyen,123.74,1,0,2025-01-26,1737921721,65,237.48362068965517,-47.9,5580020,0,0
M00592,P03294,U09351,TX0001956,1080.34,20250630134008,Paris,BANK_TRANSFER,Electronics,48,51782.38,Paris,Premium,20250310,Standard Laptop 3294,Electronics,548.24,4.8,716,ElectroWorld 592,Electronics,Bretagne,0.0139,20200818,13,Lundi,Juin,0,Afternoon,1,2025-06-30T13:40:08.000Z,2025-06-30,2025-06,1751290808,1751241600,5,18,Age Moyen,1803.61,2,0,2025-06-25,1750857764,5,547.6711111111111,97.26,433044,0,0
M00010,P03925,U02988,TX0001957,187.7,20250602215320,Paris,CARD,Health,29,46892.64,Paris,Standard,20240427,Pro Thermometer 3925,Health,179.38,4.6,777,HealthShop 10,Health,Occitanie,0.0775,20211009,21,Lundi,Juin,0,Evening,0,2025-06-02T21:53:20.000Z,2025-06-02,2025-06,1748901200,1748822400,3,7,Adulte,187.7,1,0,2025-05-09,1746783604,24,218.70000000000002,-14.17,2117596,0,0
M00543,P02876,U09489,TX0001958,44.38,20240923123303,Paris,CASH,Books,,,,Inconnu,,Standard Atlas 2876,Books,48.34,3.1,802,LibraryShop 543,Books,Normandie,0.0834,20190824,12,Lundi,Septembre,0,Afternoon,1,2024-09-23T12:33:03.000Z,2024-09-23,2024-09,1727094783,1727049600,3,3,Inconnu,44.38,1,0,2024-09-05,1725526981,18,209.17,-78.78,1567802,0,0
M00270,P00420,U03545,TX0001959,17.31,20241111184240,Nîmes,BANK_TRANSFER,Clothing,40,31514.68,Nîmes,Standard,20250102,Standard Jacket 420,Clothing,16.78,4.3,913,FashionStore 270,Clothing,Ile-de-France,0.0766,20170206,18,Lundi,Novembre,0,Evening,0,2024-11-11T18:42:40.000Z,2024-11-11,2024-11,1731350560,1731283200,13,17,Adulte,17.31,1,0,2024-08-17,1723897053,86,277.08588235294116,-93.75,7453507,0,0
M00554,P01830,U05926,TX0001960,582.68,20240701172704,Nantes,CARD,Automotive,43,142909.78,Nantes,VIP,20250525,Premium Dash Cam 1830,Automotive,556.02,3.4,1147,MotorHub 554,Automotive,Auvergne-Rhône-Alpes,0.0458,20190324,17,Lundi,Juillet,0,Afternoon,0,2024-07-01T17:27:04.000Z,2024-07-01,2024-07,1719854824,1719792000,24,35,Adulte,582.68,1,0,2024-05-31,1717147563,31,536.1108571428573,8.69,2707261,0,0
M00185,P01301,U11221,TX0001961,92.81,20250214193141,Strasbourg,CARD,Food,37,39895.06,Strasbourg,Premium,20230524,Classic Tea Set 1301,Food,89.45,3.3,125,GourmetShop 185,Food,Ile-de-France,0.0104,20180409,19,Vendredi,Fevrier,0,Evening,0,2025-02-14T19:31:41.000Z,2025-02-14,2025-02,1739561501,1739491200,14,18,Adulte,895.63,2,0,2025-02-14,1739531844,0,193.845,-52.12,29657,0,0
M00055,P04959,U02481,TX0001962,31.43,20240905100222,Lille,BANK_TRANSFER,Books,47,69278.28,Lyon,Premium,20250913,Pro Biography 4959,Books,32.38,4.2,536,BookCorner 55,Books,Auvergne-Rhône-Alpes,0.0184,20170405,10,Jeudi,Septembre,0,Morning,1,2024-09-05T10:02:22.000Z,2024-09-05,2024-09,1725530542,1725494400,1,24,Age Moyen,31.43,1,0,,,,121.30666666666667,-74.09,,0,0
M00280,P00404,U00848,TX0001963,83.7,20251209122044,Paris,PAYPAL,Health,49,52890.67,Paris,Standard,20240220,Elite Vitamins 404,Health,91.31,3.5,368,HealthHub 280,Health,Provence-Alpes-Côte d'Azur,0.09,20171003,12,Mardi,Decembre,0,Afternoon,1,2025-12-09T12:20:44.000Z,2025-12-09,2025-12,1765282844,1765238400,9,11,Age Moyen,83.7,1,0,2025-11-27,1764250352,12,162.0290909090909,-48.34,1032492,0,0
M00449,P04074,U03250,TX0001964,84.55,20241226203214,Lyon,BANK_TRANSFER,Toys,64,136742.48,Lyon,VIP,20250426,Classic Board Game 4074,Toys,77.53,4.4,106,ToyHub 449,Toys,Occitanie,0.0378,20181210,20,Jeudi,Decembre,0,Evening,0,2024-12-26T20:32:14.000Z,2024-12-26,2024-12,1735245134,1735171200,22,36,Age Moyen,497.65,4,0,2024-12-23,1734985796,3,282.67,-70.09,259338,0,0
M00036,P04543,U07634,TX0001965,560.04,20250226050532,Strasbourg,CARD,Sports,39,128521.51,Bordeaux,VIP,20241012,Pro Running Shoes 4543,Sports,527.42,3.5,281,SportHub 36,Sports,Hauts-de-France,0.0711,20220223,5,Mercredi,Fevrier,0,Night,0,2025-02-26T05:05:32.000Z,2025-02-26,2025-02,1740546332,1740528000,22,45,Adulte,698.1,2,0,2025-02-23,1740335028,3,401.05755555555567,39.64,211304,1,0
M00504,P00443,U11036,TX0001967,237.26,20240908100128,Villeurbanne,CARD,Clothing,41,35178.91,Villeurbanne,Standard,20230215,Standard Jeans 443,Clothing,263.28,4.4,1,FashionStore 504,Clothing,Grand Est,0.027,20210514,10,Dimanche,Septembre,1,Morning,1,2024-09-08T10:01:28.000Z,2024-09-08,2024-09,1725789688,1725753600,2,9,Adulte,297.16,2,0,2024-09-03,1725387554,5,199.45,18.96,402134,0,0
M00317,P00309,U01548,TX0001968,839.93,20240828090958,Lyon,CARD,Automotive,46,58122.42,Lyon,Premium,20230311,Elite Car Battery 309,Automotive,851.78,4.7,976,AutoShop 317,Automotive,Ile-de-France,0.0301,20210711,9,Mercredi,Aout,0,Morning,1,2024-08-28T09:09:58.000Z,2024-08-28,2024-08,1724836198,1724803200,5,19,Age Moyen,892.73,2,0,2024-08-26,1724685407,2,213.1042105263158,294.14,150791,0,0
M00502,P04572,U04276,TX0001969,1253.91,20240811141311,Paris,BANK_TRANSFER,Automotive,59,51729.83,Paris,Premium,20230829,Elite Car Battery 4572,Automotive,1219.96,4.1,410,CarParts 502,Automotive,Bretagne,0.0543,20200910,14,Dimanche,Aout,1,Afternoon,1,2024-08-11T14:13:11.000Z,2024-08-11,2024-08,1723385591,1723334400,1,21,Age Moyen,1253.91,1,0,,,,664.2766666666665,88.76,,0,0
M00232,P04332,U05015,TX0001971,18.39,20251031050430,Lyon,BANK_TRANSFER,Books,51,73206.0,Lyon,Premium,20250309,Premium Biography 4332,Books,19.37,2.7,343,BookHaven 232,Books,Auvergne-Rhône-Alpes,0.037,20211104,5,Vendredi,Octobre,0,Night,0,2025-10-31T05:04:30.000Z,2025-10-31,2025-10,1761887070,1761868800,33,33,Age Moyen,455.33,2,0,2025-10-27,1761578511,4,210.790606060606,-91.28,308559,1,0
M00440,P03725,U07730,TX0001972,70.96,20241115203631,Paris,CRYPTO,Clothing,42,55785.42,Paris,Premium,20231221,,,,,,ClothingHub 440,Clothing,Ile-de-France,0.0534,20220101,20,Vendredi,Novembre,0,Evening,0,2024-11-15T20:36:31.000Z,2024-11-15,2024-11,1731702991,1731628800,4,7,Adulte,129.38,2,0,2024-11-12,1731446831,3,222.46428571428572,-68.1,256160,1,0
M00260,P01838,U05943,TX0001973,288.23,20250824123616,Nice,BANK_TRANSFER,Clothing,43,92204.05,Nice,VIP,20240528,Essential T-Shirt 1838,Clothing,94.75,3.6,954,TrendyWear 260,Clothing,Ile-de-France,0.0549,20200728,12,Dimanche,Aout,1,Afternoon,1,2025-08-24T12:36:16.000Z,2025-08-24,2025-08,1756038976,1755993600,7,21,Adulte,816.82,4,0,2025-08-23,1755930788,1,976.0219047619047,-70.47,108188,0,0
M00119,P00483,U06369,TX0001974,93.89,20240317124416,Paris,CRYPTO,Beauty,35,25616.97,Paris,Budget,20230422,Premium Face Cream 483,Beauty,99.74,4.3,475,GlowShop 119,Beauty,Auvergne-Rhône-Alpes,0.0406,20220627,12,Dimanche,Mars,1,Afternoon,1,2024-03-17T12:44:16.000Z,2024-03-17,2024-03,1710679456,1710633600,4,7,Adulte,93.89,1,0,2024-01-26,1706274307,51,161.50142857142856,-41.86,4405149,1,0
M00140,P04993,U05468,TX0001975,228.04,20240908205216,Rennes,PAYPAL,Clothing,37,99340.73,Marseille,VIP,20241217,Premium Jeans 4993,Clothing,253.26,3.4,1095,TrendyWear 140,Clothing,Nouvelle-Aquitaine,0.0711,20171119,20,Dimanche,Septembre,1,Evening,0,2024-09-08T20:52:16.000Z,2024-09-08,2024-09,1725828736,1725753600,4,23,Adulte,514.09,4,0,2024-09-06,1725614606,2,335.47695652173917,-32.03,214130,0,0
M00093,P02874,U03676,TX0001976,215.24,20250531104453,Bordeaux,CASH,Health,,,,Inconnu,,,Health,101.65,5.0,397,HealthHub 93,Health,Provence-Alpes-Côte d'Azur,0.0303,20191223,10,Samedi,Mai,1,Morning,1,2025-05-31T10:44:53.000Z,2025-05-31,2025-05,1748688293,1748649600,64,79,Inconnu,814.44,3,0,2025-05-27,1748352699,4,224.02746835443037,-3.92,335594,0,0
M00515,P04072,U03347,TX0001977,43.29,20250810105227,Paris,CARD,Books,62,63048.16,Paris,Premium,20250811,Elite Textbook 4072,Books,41.52,3.0,258,BookCorner 515,Books,Grand Est,0.0258,20170831,10,Dimanche,Aout,1,Morning,1,2025-08-10T10:52:27.000Z,2025-08-10,2025-08,1754823147,1754784000,21,25,Age Moyen,1103.72,3,0,2025-08-07,1754546454,3,245.85240000000002,-82.39,276693,0,0
M00192,P01914,U11941,TX0001978,212.02,20240301093100,Nîmes,CARD,Clothing,37,27974.38,Nice,Budget,20240427,Classic Dress 1914,Clothing,213.97,3.2,11,ClothingHub 192,Clothing,Provence-Alpes-Côte d'Azur,0.0784,20200421,9,Vendredi,Mars,0,Morning,1,2024-03-01T09:31:00.000Z,2024-03-01,2024-03,1709285460,1709251200,1,5,Adulte,212.02,1,0,,,,191.506,10.71,,0,0
M00225,P04968,U06507,TX0001979,158.35,20241108100847,Nantes,PAYPAL,Electronics,58,28265.93,Nantes,Standard,20250828,Elite Headphones 4968,Electronics,157.72,3.2,1018,TechStore 225,Electronics,Grand Est,0.0755,20201014,10,Vendredi,Novembre,0,Morning,1,2024-11-08T10:08:47.000Z,2024-11-08,2024-11,1731060527,1731024000,5,13,Age Moyen,158.35,1,0,2024-11-01,1730469379,7,996.6607692307693,-84.11,591148,0,0
M00389,P04315,U08487,TX0001980,1342.42,20240127122547,Paris,CARD,Electronics,67,49046.56,Toulouse,Standard,20240313,Essential Smart TV 4315,Electronics,1390.03,3.6,460,,Inconnu,Inconnu,,,12,Samedi,Janvier,1,Afternoon,1,2024-01-27T12:25:47.000Z,2024-01-27,2024-01,1706358347,1706313600,4,7,Senior,1966.81,1,0,2024-01-19,1705667607,8,636.1514285714285,111.02,690740,0,0
M00273,P04775,U05200,TX0001981,977.9,20250319092022,Nantes,PAYPAL,Automotive,23,39249.2,Nantes,Premium,20230531,Classic Roof Rack 4775,Automotive,491.29,3.1,1017,,Inconnu,Inconnu,,,9,Mercredi,Mars,0,Morning,1,2025-03-19T09:20:22.000Z,2025-03-19,2025-03,1742376022,1742342400,14,32,Jeune,1084.17,3,0,2025-03-17,1742232156,2,701.2734375,39.45,143866,0,0
M00346,P03439,U07614,TX0001982,334.63,20250828115119,Paris,PAYPAL,Toys,24,159829.94,Paris,VIP,20230501,Essential Doll 3439,Toys,103.73,3.5,1134,ToyHub 346,Toys,Grand Est,0.033,20200321,11,Jeudi,Aout,0,Morning,1,2025-08-28T11:51:19.000Z,2025-08-28,2025-08,1756381879,1756339200,15,30,Jeune,2935.73,3,0,2025-08-26,1756237128,2,823.8666666666666,-59.38,144751,0,0
M00424,P03922,U11522,TX0001983,56.21,20240927120111,Bordeaux,PAYPAL,Food,28,25107.53,Rennes,Budget,20230629,,,,,,FreshMarket 424,Food,Provence-Alpes-Côte d'Azur,0.0823,20220324,12,Vendredi,Septembre,0,Afternoon,1,2024-09-27T12:01:11.000Z,2024-09-27,2024-09,1727438471,1727395200,4,9,Adulte,1308.0,1,0,2024-09-17,1726601092,10,185.63222222222223,-69.72,837379,0,0
M00182,P00213,U06145,TX0001984,230.5,20240104155417,Lyon,PAYPAL,Clothing,20,30331.93,Lyon,Standard,20240713,Elite Jeans 213,Clothing,242.01,4.5,972,StyleShop 182,Clothing,Grand Est,0.061,20230619,15,Jeudi,Janvier,0,Afternoon,1,2024-01-04T15:54:17.000Z,2024-01-04,2024-01,1704383657,1704326400,2,25,Jeune,428.97,1,0,2024-01-04,1704368784,0,261.50239999999997,-11.86,14873,0,0
M00151,P03383,U10403,TX0001985,1318.22,20240709095403,Reims,CARD,Home & Garden,35,33443.1,Reims,Standard,20240615,Pro Lamp 3383,Home & Garden,672.76,3.5,147,DecorShop 151,Home & Garden,Ile-de-France,0.0183,20170419,9,Mardi,Juillet,0,Morning,1,2024-07-09T09:54:03.000Z,2024-07-09,2024-07,1720518843,1720483200,18,22,Adulte,1913.37,2,0,2024-07-05,1720161024,4,539.7927272727273,144.21,357819,0,0
M00271,P03819,U07623,TX0001986,8.63,20251011201524,Marseille,PAYPAL,Beauty,31,79175.85,Marseille,Premium,20250410,Classic Face Cream 3819,Beauty,8.39,2.5,339,BeautyCorner 271,Beauty,Ile-de-France,0.0912,20201209,20,Samedi,Octobre,1,Evening,0,2025-10-11T20:15:24.000Z,2025-10-11,2025-10,1760213724,1760140800,13,20,Adulte,217.03,1,0,2025-10-11,1760184533,0,576.7304999999999,-98.5,29191,0,0
M00319,P03542,U04864,TX0001987,10.41,20250331220015,Rennes,CARD,Books,25,19163.52,Rennes,Standard,20250503,Standard Novel 3542,Books,5.72,2.2,984,ReadMore 319,Books,Auvergne-Rhône-Alpes,0.0382,20170214,22,Lundi,Mars,0,Night,0,2025-03-31T22:00:15.000Z,2025-03-31,2025-03,1743458415,1743379200,7,7,Jeune,10.41,1,0,2025-03-20,1742474751,11,253.11285714285717,-95.89,983664,1,0
M00186,P04916,U00543,TX0001988,307.33,20241223235746,Marseille,PAYPAL,Beauty,53,45873.76,Marseille,Standard,20240602,,,,,,GlowShop 186,Beauty,Nouvelle-Aquitaine,0.0327,20180828,23,Lundi,Decembre,0,Night,0,2024-12-23T23:57:46.000Z,2024-12-23,2024-12,1734998266,1734912000,15,15,Age Moyen,407.97,2,0,2024-12-20,1734714096,3,167.59466666666668,83.38,284170,1,0
M00060,P05834,U03655,TX0001989,98.05,20240705190358,Saint-Etienne,BANK_TRANSFER,Toys,48,34341.45,Le Havre,Standard,20230621,Pro Action Figure 5834,Toys,105.76,3.8,120,KidsWorld 60,Toys,Inconnu,0.0361,20200227,19,Vendredi,Juillet,0,Evening,0,2024-07-05T19:03:58.000Z,2024-07-05,2024-07,1720206238,1720137600,1,13,Age Moyen,98.05,1,0,,,,159.14846153846153,-38.39,,0,0
M00022,P04037,U06339,TX0001990,10.31,20250802185210,Marseille,BANK_TRANSFER,Books,16,69476.69,Marseille,Premium,20240726,Standard Textbook 4037,Books,11.44,2.7,608,ReadMore 22,Books,Auvergne-Rhône-Alpes,0.093,20221012,18,Samedi,Aout,1,Evening,0,2025-08-02T18:52:10.000Z,2025-08-02,2025-08,1754160730,1754092800,38,46,Jeune,10.31,1,0,2025-03-27,1743078677,128,394.1610869565217,-97.38,11082053,0,0
M00232,P01760,U08335,TX0001991,61.2,20250427121230,Lyon,CASH,Books,52,83920.47,Lyon,Premium,20230525,,,,,,BookHaven 232,Books,Auvergne-Rhône-Alpes,0.037,20211104,12,Dimanche,Avril,1,Afternoon,1,2025-04-27T12:12:30.000Z,2025-04-27,2025-04,1745755950,1745712000,19,24,Age Moyen,898.83,2,0,2025-04-22,1745354619,5,275.70375,-77.8,401331,0,0
M00373,P05077,U01583,TX0001992,112.76,20241013152800,Paris,BANK_TRANSFER,Health,30,95903.8,Paris,VIP,20250609,Elite Massage Gun 5077,Health,100.99,3.9,282,VitalShop 373,Health,Ile-de-France,0.0183,20181011,15,Dimanche,Octobre,1,Afternoon,1,2024-10-13T15:28:00.000Z,2024-10-13,2024-10,1728833280,1728777600,23,40,Adulte,1217.68,2,0,2024-10-08,1728392174,5,173.25525,-34.92,441106,0,0
M00294,P04711,U02052,TX0001993,55.0,20240903113828,Saint-Etienne,CARD,Books,54,31369.73,Saint-Etienne,Budget,20230813,Elite Novel 4711,Books,56.8,3.3,677,ReadMore 294,Books,Pays de la Loire,0.0908,20210626,11,Mardi,Septembre,0,Morning,1,2024-09-03T11:38:28.000Z,2024-09-03,2024-09,1725363508,1725321600,7,8,Age Moyen,679.41,3,0,2024-08-30,1725040158,4,345.8525,-84.1,323350,0,0
M00152,P05811,U07286,TX0001994,99.95,20250328213625,Toulouse,PAYPAL,Beauty,51,67988.43,Toulouse,Premium,20241106,Pro Shampoo 5811,Beauty,89.29,3.0,935,GlowShop 152,Beauty,Bretagne,0.0774,20170316,21,Vendredi,Mars,0,Evening,0,2025-03-28T21:36:25.000Z,2025-03-28,2025-03,1743197785,1743120000,5,22,Age Moyen,99.95,1,0,2025-03-15,1742081240,13,127.68,-21.72,1116545,0,0
M00249,P03280,U01916,TX0001995,141.07,20250416160344,Marseille,BANK_TRANSFER,Beauty,51,70639.86,Marseille,Premium,20250906,Essential Nail Kit 3280,Beauty,155.1,4.4,946,BeautyWorld 249,Beauty,Ile-de-France,0.0303,20230205,16,Mercredi,Avril,0,Afternoon,1,2025-04-16T16:03:44.000Z,2025-04-16,2025-04,1744819424,1744761600,8,23,Age Moyen,253.82,2,0,2025-04-13,1744559394,3,343.3669565217391,-58.92,260030,0,0
M00236,P02538,U04210,TX0001996,1044.37,20250724044905,Paris,CRYPTO,Sports,57,57532.63,Paris,VIP,20230513,Pro Backpack 2538,Sports,382.0,3.3,381,SportZone 236,Sports,Ile-de-France,0.0887,20200330,4,Jeudi,Juillet,0,Night,0,2025-07-24T04:49:05.000Z,2025-07-24,2025-07,1753332545,1753315200,51,52,Age Moyen,2675.62,1,0,2025-07-16,1752661010,8,603.2184615384615,73.13,671535,2,1
M00186,P03030,U02673,TX0001997,88.83,20240402193613,Toulon,BANK_TRANSFER,Beauty,18,28931.75,Toulon,Standard,20231202,Pro Lipstick 3030,Beauty,82.19,2.7,383,GlowShop 186,Beauty,Nouvelle-Aquitaine,0.0327,20180828,19,Mardi,Avril,0,Evening,0,2024-04-02T19:36:13.000Z,2024-04-02,2024-04,1712086573,1712016000,5,10,Jeune,88.83,1,0,2024-03-23,1711200824,10,451.8660000000001,-80.34,885749,0,0
M00089,P03808,U02776,TX0001998,20.6,20250605152041,Toulon,CARD,Books,60,15952.27,Toulon,Budget,20230317,Standard Biography 3808,Books,20.97,3.5,344,LibraryShop 89,Books,Auvergne-Rhône-Alpes,0.0371,20210411,15,Jeudi,Juin,0,Afternoon,1,2025-06-05T15:20:41.000Z,2025-06-05,2025-06,1749136841,1749081600,1,5,Age Moyen,20.6,1,0,,,,152.442,-86.49,,0,0
M00202,P03566,U05784,TX0001999,119.62,20241015170212,Villeurbanne,BANK_TRANSFER,Toys,19,34501.64,Villeurbanne,Standard,20240907,Classic Doll 3566,Toys,118.54,3.0,182,ToyLand 202,Toys,Nouvelle-Aquitaine,0.0486,20170225,17,Mardi,Octobre,0,Afternoon,0,2024-10-15T17:02:12.000Z,2024-10-15,2024-10,1729011732,1728950400,1,2,Jeune,119.62,1,0,,,,85.68,39.61,,0,0
M00551,P01889,U03573,TX0002000,70.69,20250327105630,Toulouse,BANK_TRANSFER,Toys,48,152351.08,Toulouse,VIP,20230317,Pro Doll 1889,Toys,64.94,2.8,659,ToyLand 551,Toys,Provence-Alpes-Côte d'Azur,0.085,20221226,10,Jeudi,Mars,0,Morning,1,2025-03-27T10:56:30.000Z,2025-03-27,2025-03,1743072990,1743033600,22,31,Age Moyen,698.18,3,0,2025-03-26,1742998656,1,348.13000000000005,-79.69,74334,0,0
M00413,P03061,U01074,TX0002001,874.06,20250422225446,Paris,CRYPTO,Automotive,55,52513.51,Paris,Premium,20231001,Elite Dash Cam 3061,Automotive,876.62,3.0,316,AutoCenter 413,Automotive,Occitanie,0.0275,20220122,22,Mardi,Avril,0,Night,0,2025-04-22T22:54:46.000Z,2025-04-22,2025-04,1745362486,1745280000,12,13,Age Moyen,874.06,1,0,2025-04-14,1744635393,8,739.1946153846154,18.24,727093,2,1
M00321,P05445,U01619,TX0002002,36.5,20250830102945,Paris,PAYPAL,Food,28,13126.41,Paris,Standard,20250120,,,,,,FreshMarket 321,Food,Nouvelle-Aquitaine,0.0428,20181231,10,Samedi,Aout,1,Morning,1,2025-08-30T10:29:45.000Z,2025-08-30,2025-08,1756549785,1756512000,8,8,Adulte,1365.55,2,0,2025-08-27,1756320989,3,489.655,-92.55,228796,0,0
M00343,P02227,U10019,TX0002003,141.15,20250617163203,Toulouse,PAYPAL,Beauty,37,39054.47,Toulouse,Premium,20250110,Pro Nail Kit 2227,Beauty,44.04,3.4,241,BeautyCorner 343,Beauty,Occitanie,0.091,20190419,16,Mardi,Juin,0,Afternoon,1,2025-06-17T16:32:03.000Z,2025-06-17,2025-06,1750177923,1750118400,8,16,Adulte,141.15,1,0,2025-06-09,1749433007,8,278.10562500000003,-49.25,744916,0,0
M00124,P01263,U04672,TX0002004,112.6,20240605073025,Marseille,CARD,Health,18,144822.36,Marseille,VIP,20250811,Elite Scale 1263,Health,108.34,4.0,210,WellnessStore 124,Health,Grand Est,0.0871,20230409,7,Mercredi,Juin,0,Morning,0,2024-06-05T07:30:25.000Z,2024-06-05,2024-06,1717572625,1717545600,24,58,Jeune,576.21,2,0,2024-06-03,1717431436,2,485.12465517241384,-76.79,141189,0,0
M00545,P04401,U02794,TX0002005,1195.95,20250523081132,Bordeaux,PAYPAL,Electronics,42,62143.57,Bordeaux,Premium,20241204,Premium Camera 4401,Electronics,1292.74,3.9,750,GadgetShop 545,Electronics,Auvergne-Rhône-Alpes,0.0731,20170629,8,Vendredi,Mai,0,Morning,0,2025-05-23T08:11:32.000Z,2025-05-23,2025-05,1747987892,1747958400,15,23,Adulte,1841.33,1,0,2025-05-16,1747385791,7,404.5969565217391,195.59,602101,0,0
M00421,P02671,U08759,TX0002006,11.92,20240907211842,Bordeaux,CASH,Food,39,199294.57,Bordeaux,VIP,20230503,Classic Tea Set 2671,Food,6.6,3.0,677,FreshMarket 421,Food,Nouvelle-Aquitaine,0.017,20210508,21,Samedi,Septembre,1,Evening,0,2024-09-07T21:18:42.000Z,2024-09-07,2024-09,1725743922,1725667200,4,45,Adulte,714.02,2,0,2024-09-06,1725642413,1,505.47822222222214,-97.64,101509,0,0
M00131,P03804,U02809,TX0002007,69.63,20240922204051,Paris,CARD,Beauty,20,37481.08,Paris,Premium,20230905,Elite Face Cream 3804,Beauty,69.97,3.2,1011,BeautyWorld 131,Beauty,Auvergne-Rhône-Alpes,0.0428,20200516,20,Dimanche,Septembre,1,Evening,0,2024-09-22T20:40:51.000Z,2024-09-22,2024-09,1727037651,1726963200,12,19,Jeune,961.21,2,0,2024-09-16,1726525505,6,151.3442105263158,-53.99,512146,0,0
M00141,P02958,U03782,TX0002008,11.57,20250808121558,Toulon,CARD,Food,55,66303.1,Toulon,Premium,20230630,Standard Tea Set 2958,Food,10.93,2.1,1189,FoodMart 141,Food,Auvergne-Rhône-Alpes,0.049,20181207,12,Vendredi,Aout,0,Afternoon,1,2025-08-08T12:15:58.000Z,2025-08-08,2025-08,1754655358,1754611200,21,28,Age Moyen,43.55,2,0,2025-08-03,1754240496,5,309.83821428571434,-96.27,414862,0,0
M00006,P04866,U01765,TX0002009,558.52,20250430231612,Bordeaux,CARD,Home & Garden,24,34628.57,Bordeaux,VIP,20240619,Elite Lamp 4866,Home & Garden,182.72,2.1,505,HomeStyle 6,Home & Garden,Grand Est,0.0751,20221005,23,Mercredi,Avril,0,Night,0,2025-04-30T23:16:12.000Z,2025-04-30,2025-04,1746054972,1745971200,31,31,Jeune,766.74,2,0,2025-04-25,1745595827,5,512.6587096774194,8.95,459145,1,0
M00243,P05502,U06960,TX0002010,2023.59,20240101192615,Rennes,CARD,Electronics,69,43619.78,Rennes,Standard,20240622,Standard Headphones 5502,Electronics,1965.42,5.0,110,GadgetShop 243,Electronics,Pays de la Loire,0.0487,20180123,19,Lundi,Janvier,0,Evening,0,2024-01-01T19:26:15.000Z,2024-01-01,2024-01,1704137175,1704067200,2,15,Senior,3109.75,1,0,2024-01-01,1704125488,0,588.3393333333332,243.95,11687,0,0
M00223,P02750,U03127,TX0002011,609.59,20240301151059,Lyon,CARD,Automotive,51,51317.06,Lyon,Standard,20231111,Essential Oil Filter 2750,Automotive,635.42,3.1,467,AutoShop 223,Automotive,Ile-de-France,0.0833,20211215,15,Vendredi,Mars,0,Afternoon,1,2024-03-01T15:10:59.000Z,2024-03-01,2024-03,1709305859,1709251200,1,13,Age Moyen,609.59,1,0,,,,804.7169230769231,-24.25,,0,0
M00517,P03382,U10241,TX0002012,195.33,20250817115845,Strasbourg,CARD,Health,41,25316.66,Strasbourg,Standard,20241028,Premium Massage Gun 3382,Health,203.25,3.2,808,VitalShop 517,Health,Normandie,0.065,20210526,11,Dimanche,Aout,1,Morning,1,2025-08-17T11:58:45.000Z,2025-08-17,2025-08,1755431925,1755388800,7,14,Adulte,519.86,2,0,2025-08-16,1755376968,1,452.71714285714285,-56.85,54957,0,0
M00212,P00116,U07571,TX0002013,98.06,20241216123002,Lille,CARD,Health,44,144065.42,Nîmes,VIP,20250501,Pro First Aid Kit 116,Health,98.76,3.3,1036,,Inconnu,Inconnu,,,12,Lundi,Decembre,0,Afternoon,1,2024-12-16T12:30:02.000Z,2024-12-16,2024-12,1734352202,1734307200,10,62,Adulte,497.03,2,0,2024-12-12,1734003094,4,204.4711290322581,-52.04,349108,0,0
M00332,P03520,U01305,TX0002014,76.78,20240218144904,Paris,BANK_TRANSFER,Food,43,19714.97,Paris,Budget,20230304,Essential Tea Set 3520,Food,81.83,5.0,1052,FreshMarket 332,Food,Inconnu,0.0429,20190717,14,Dimanche,Fevrier,1,Afternoon,1,2024-02-18T14:49:04.000Z,2024-02-18,2024-02,1708267744,1708214400,2,9,Adulte,504.63,1,0,2024-02-18,1708239945,0,202.45,-62.07,27799,0,0
M00333,P03549,U07576,TX0002015,60.23,20250926152213,Paris,PAYPAL,Toys,32,9000.0,Paris,Standard,20250101,Premium Action Figure 3549,Toys,63.83,3.0,385,ToyHub 333,Toys,Nouvelle-Aquitaine,0.0635,20230319,15,Vendredi,Septembre,0,Afternoon,1,2025-09-26T15:22:13.000Z,2025-09-26,2025-09,1758900133,1758844800,9,9,Adulte,185.99,3,0,2025-09-24,1758707186,2,279.5722222222222,-78.46,192947,0,0
M00356,P00857,U08661,TX0002016,869.38,20240430100040,Villeurbanne,BANK_TRANSFER,Sports,50,94363.18,Saint-Etienne,VIP,20230422,Pro Tennis Racket 857,Sports,393.31,3.3,296,SportHub 356,Sports,Normandie,0.0514,20170703,10,Mardi,Avril,0,Morning,1,2024-04-30T10:00:40.000Z,2024-04-30,2024-04,1714471240,1714435200,15,23,Age Moyen,869.38,1,0,2024-04-20,1713606335,10,326.06739130434784,166.63,864905,0,0
M00286,P02965,U07922,TX0002017,53.26,20241107140238,Lille,CASH,Books,37,62436.85,Lille,Premium,20230214,Premium Atlas 2965,Books,50.41,4.2,237,BookCorner 286,Books,Pays de la Loire,0.0458,20191226,14,Jeudi,Novembre,0,Afternoon,1,2024-11-07T14:02:38.000Z,2024-11-07,2024-11,1730988158,1730937600,9,16,Adulte,660.85,2,0,2024-11-02,1730553675,5,494.02250000000004,-89.22,434483,0,0
M00492,P05897,U07770,TX0002018,10.61,20240802064404,Paris,CARD,Beauty,59,63147.36,Paris,VIP,20250210,Pro Perfume 5897,Beauty,5.6,3.2,740,CosmeticHub 492,Beauty,Hauts-de-France,0.0761,20181008,6,Vendredi,Aout,0,Morning,0,2024-08-02T06:44:04.000Z,2024-08-02,2024-08,1722581044,1722556800,1,52,Age Moyen,10.61,1,0,,,,460.6640384615385,-97.7,,0,0
M00261,P05553,U01946,TX0002019,201.48,20250620185122,Paris,PAYPAL,Beauty,45,77738.19,Paris,Premium,20230205,Essential Lipstick 5553,Beauty,96.11,3.6,511,BeautyCorner 261,Beauty,Hauts-de-France,0.0654,20201001,18,Vendredi,Juin,0,Evening,0,2025-06-20T18:51:22.000Z,2025-06-20,2025-06,1750445482,1750377600,4,13,Age Moyen,328.16,2,0,2025-06-15,1750017039,5,324.7123076923077,-37.95,428443,0,0
M00590,P05436,U01322,TX0002020,15.73,20240709151726,Paris,CARD,Health,52,32204.5,Paris,Budget,20230909,Standard Thermometer 5436,Health,16.11,2.5,944,HealthShop 590,Health,Auvergne-Rhône-Alpes,0.0445,20201005,15,Mardi,Juillet,0,Afternoon,1,2024-07-09T15:17:26.000Z,2024-07-09,2024-07,1720538246,1720483200,2,13,Age Moyen,83.73,1,0,2024-07-09,1720533910,0,102.03384615384614,-84.58,4336,0,0
M00564,P03084,U05862,TX0002021,1844.59,20240919122211,Lyon,PAYPAL,Home & Garden,,,,Inconnu,,Elite Plant Pot 3084,Home & Garden,591.84,3.4,1150,DecorShop 564,Home & Garden,Occitanie,0.0438,20180714,12,Jeudi,Septembre,0,Afternoon,1,2024-09-19T12:22:11.000Z,2024-09-19,2024-09,1726748531,1726704000,10,13,Inconnu,2326.95,2,0,2024-09-16,1726462645,3,586.89,214.3,285886,0,0
M00370,P02445,U01958,TX0002022,2426.16,20250615182221,Paris,CARD,Automotive,37,56632.34,Paris,Premium,20230624,Classic Roof Rack 2445,Automotive,1106.46,3.8,893,MotorHub 370,Automotive,Ile-de-France,0.052,20190610,18,Dimanche,Juin,1,Evening,0,2025-06-15T18:22:21.000Z,2025-06-15,2025-06,1750011741,1749945600,23,25,Adulte,3843.48,2,0,2025-06-15,1750000058,0,538.74,350.34,11683,1,0
M00373,P05077,U05746,TX0002023,97.83,20250319170302,Grenoble,CARD,Health,16,30068.57,Grenoble,Budget,20240120,Elite Massage Gun 5077,Health,100.99,3.9,282,VitalShop 373,Health,Ile-de-France,0.0183,20181011,17,Mercredi,Mars,0,Afternoon,0,2025-03-19T17:03:02.000Z,2025-03-19,2025-03,1742403782,1742342400,2,3,Jeune,97.83,1,0,2025-03-06,1741225773,13,121.40666666666668,-19.42,1178009,0,0
M00035,P03993,U05216,TX0002024,470.45,20250714192001,Reims,BANK_TRANSFER,Sports,30,79416.7,Grenoble,Premium,20250122,Classic Backpack 3993,Sports,463.83,4.3,1086,ActiveWear 35,Sports,Hauts-de-France,0.0286,20180923,19,Lundi,Juillet,0,Evening,0,2025-07-14T19:20:01.000Z,2025-07-14,2025-07,1752520801,1752451200,20,22,Adulte,518.95,2,0,2025-07-13,1752430616,1,409.43136363636364,14.9,90185,0,0
