transaction_id,user_id,product_id,merchant_id,amount,timestamp,location,payment_method,category,rejection_reason
TX0000043,U00074,P04480,M00341,0.0,20240901194049,Paris,BANK_TRANSFER,Beauty,montant <= 0.0
TX0000311,U00670,P02691,M00243,0.0,20250801083216,Rennes,CARD,Electronics,montant <= 0.0
TX0000424,U04742,P03593,M00585,-230.5,20240427184131,Lyon,CASH,Clothing,montant <= 0.0
TX0000452,U08348,P04150,M00207,-15.9,20250801193238,Marseille,BANK_TRANSFER,Health,montant <= 0.0
TX0000472,U05993,P01662,M00287,-1.0,20240411174213,Strasbourg,PAYPAL,Food,montant <= 0.0
TX0000505,U01611,P00346,M00013,0.0,20250503182851,Grenoble,PAYPAL,Clothing,montant <= 0.0
TX0000762,U08885,P05814,M00416,-230.5,20241022165631,Strasbourg,CRYPTO,Clothing,montant <= 0.0
TX0000772,U06071,P01657,M00512,-15.9,20240513212220,Reims,CARD,Books,montant <= 0.0
TX0000776,U03347,P00345,M00583,278.31,,Paris,CARD,Sports,timestamp != 14 caracteres | timestamp non numerique
TX0000914,U04351,P05936,M00182,-230.5,20240328113207,Grenoble,PAYPAL,Clothing,montant <= 0.0
TX0000950,U02706,P04638,M00044,-15.9,20240913081102,Strasbourg,CARD,Health,montant <= 0.0
TX0000964,U11285,P05929,M00441,1436.03,,Nice,BANK_TRANSFER,Automotive,timestamp != 14 caracteres | timestamp non numerique
TX0001050,U10313,P03124,M00445,-230.5,20250120091503,Bordeaux,BANK_TRANSFER,Food,montant <= 0.0
TX0001102,U04119,P02948,M00040,251.73,202510201244,Paris,CARD,Beauty,timestamp != 14 caracteres
TX0001112,U07745,P03742,M00104,104.68,NA,Le Havre,BANK_TRANSFER,Toys,timestamp != 14 caracteres | timestamp non numerique
TX0001280,U09006,P01557,M00380,41.06,2025070908044900,Toulouse,CARD,Food,timestamp != 14 caracteres
TX0001282,U04737,P02278,M00413,-1.0,20250716221842,Lille,CASH,Automotive,montant <= 0.0
TX0001297,U10678,P02170,M00446,1047.23,2025020421242200,Marseille,CRYPTO,Home & Garden,timestamp != 14 caracteres
TX0001301,U01505,P03899,M00034,-230.5,20250830073853,Paris,CASH,Health,montant <= 0.0
TX0001385,U04668,P00484,M00164,118.78,202507261154,Nice,CARD,Clothing,timestamp != 14 caracteres
TX0001455,U04421,P03786,M00069,0.0,20240905132038,Angers,PAYPAL,Home & Garden,montant <= 0.0
TX0001604,U08479,P03716,M00287,6.67,20251004,Marseille,BANK_TRANSFER,Food,timestamp != 14 caracteres
TX0001966,U06828,P05828,M00117,0.0,20241003213609,Strasbourg,CARD,Toys,montant <= 0.0
TX0001970,U11289,P02904,M00305,0.0,20240305014806,Toulouse,CRYPTO,Food,montant <= 0.0
TX0002036,U05489,P05936,M00182,-1.0,20250308140353,Paris,BANK_TRANSFER,Clothing,montant <= 0.0
TX0002127,U03689,P04376,M00085,0.0,20251109011539,Nantes,CARD,Beauty,montant <= 0.0
TX0002192,U01046,P03239,M00032,-15.9,20250426043853,Paris,CRYPTO,Books,montant <= 0.0
TX0002375,U07250,P00357,M00135,0.0,20250211112642,,CASH,Beauty,montant <= 0.0
TX0002566,U06599,P04157,M00168,0.0,20241020012911,Rennes,CRYPTO,Electronics,montant <= 0.0
TX0002594,U01033,P01149,M00302,40.86,20240509,Montpellier,PAYPAL,Food,timestamp != 14 caracteres
TX0002720,U09396,P01295,M00514,53.17,202412221759,Le Havre,CARD,Health,timestamp != 14 caracteres
TX0002791,U05225,P05036,M00561,385.41,20240324,Toulouse,PAYPAL,Home & Garden,timestamp != 14 caracteres
TX0002807,U04763,P02744,M00048,-1.0,20251107123351,Bordeaux,PAYPAL,Sports,montant <= 0.0
TX0002914,U08903,P01949,M00475,0.0,20241012073259,Nice,CARD,Toys,montant <= 0.0
TX0003135,U03307,P05462,M00198,428.78,202402220952,Lille,CARD,Sports,timestamp != 14 caracteres
TX0003150,U04740,P01392,M00069,-15.9,20241219101038,Nice,BANK_TRANSFER,Home & Garden,montant <= 0.0
TX0003305,U03585,P03129,M00564,524.18,202511111817,Lyon,CARD,Home & Garden,timestamp != 14 caracteres
TX0003444,U00896,P05198,M00596,-230.5,20250731111715,Paris,CASH,Home & Garden,montant <= 0.0
TX0003447,U03729,P05073,M00205,142.7,202508011036,Nantes,CARD,Toys,timestamp != 14 caracteres
TX0003622,U03014,P02199,M00081,0.0,20240920123947,Nice,CASH,Toys,montant <= 0.0
TX0003783,U05916,P01122,M00384,0.0,20240912064552,Rennes,CASH,Clothing,montant <= 0.0
TX0003877,U04970,P04342,M00047,-230.5,20240131201643,Rennes,PAYPAL,Food,montant <= 0.0
TX0003993,U09063,P03021,M00231,-1.0,20250119082437,Grenoble,BANK_TRANSFER,Electronics,montant <= 0.0
TX0004130,U11655,P04643,M00472,-230.5,20241009145133,Strasbourg,BANK_TRANSFER,Home & Garden,montant <= 0.0
TX0004200,U11462,P01529,M00406,-230.5,20250329175711,,CASH,Home & Garden,montant <= 0.0
TX0004253,U00038,P05735,M00473,0.0,20250101181433,Le Havre,CRYPTO,Home & Garden,montant <= 0.0
TX0004344,U06565,P00904,M00268,-230.5,20250718090510,Nice,CASH,Toys,montant <= 0.0
TX0004538,U05650,P04093,M00363,-1.0,20241007180813,Rennes,PAYPAL,Beauty,montant <= 0.0
TX0004547,U11889,P03850,M00266,-230.5,20250518133128,Paris,CARD,Electronics,montant <= 0.0
TX0004587,U11592,P00238,M00226,-230.5,20251203170020,Paris,PAYPAL,Books,montant <= 0.0
TX0004691,U11529,P00168,M00345,0.0,20250330085938,Paris,CARD,Electronics,montant <= 0.0
TX0005200,U03831,P01513,M00486,0.0,20250218114716,Nantes,BANK_TRANSFER,Books,montant <= 0.0
TX0005296,U98132,P04238,M00192,-15.9,20250505084258,Reims,CASH,Clothing,montant <= 0.0
TX0005482,U02041,P00301,M00016,91.17,NA,Toulouse,BANK_TRANSFER,Beauty,timestamp != 14 caracteres | timestamp non numerique
TX0005622,U10777,P01589,M00415,0.0,20240218214154,Toulouse,PAYPAL,Automotive,montant <= 0.0
TX0005633,U07519,P01666,M00324,-1.0,20250705173901,Nice,CARD,Food,montant <= 0.0
TX0005654,U06273,P04994,M00503,93.52,202512020926,Lyon,CASH,Clothing,timestamp != 14 caracteres
TX0005684,U07955,P00784,M00264,392.22,NA,Paris,CASH,Home & Garden,timestamp != 14 caracteres | timestamp non numerique
TX0005812,U06042,P01243,M00244,359.16,20240418,Marseille,CRYPTO,Automotive,timestamp != 14 caracteres
TX0005818,U00802,P04861,M00259,37.48,2025011915485700,Villeurbanne,CASH,Clothing,timestamp != 14 caracteres
TX0005857,U05445,P00822,M00172,0.0,20240504130344,Paris,CASH,Clothing,montant <= 0.0
TX0005869,U03119,P00275,M00539,1103.27,20240426,Marseille,CRYPTO,Automotive,timestamp != 14 caracteres
TX0005916,U01289,P03718,M00534,58.81,20241126,Nice,CRYPTO,Health,timestamp != 14 caracteres
TX0005921,U07586,P05465,M00485,205.77,2024040323590000,Lyon,BANK_TRANSFER,Beauty,timestamp != 14 caracteres
TX0005927,U06056,P03271,M00253,125.67,202505270707,Paris,BANK_TRANSFER,Health,timestamp != 14 caracteres
TX0005989,U09527,P04663,M00083,0.0,20251213201736,Nantes,CARD,Automotive,montant <= 0.0
TX0006259,U07717,P03716,M00287,-230.5,20250802123337,Paris,CARD,Food,montant <= 0.0
TX0006430,U03869,P00035,M00057,0.0,20241122162922,Lyon,PAYPAL,Sports,montant <= 0.0
TX0006468,U03158,P03915,M00165,2512.1,2025042210325700,Toulouse,CARD,Automotive,timestamp != 14 caracteres
TX0006508,U04089,P02051,M00102,0.0,20250925201441,Montpellier,CASH,Home & Garden,montant <= 0.0
TX0006521,U08643,P03687,M00353,-15.9,20250726023832,Paris,PAYPAL,Toys,montant <= 0.0
TX0006553,U06571,P02181,M00232,0.0,20250311173213,Paris,PAYPAL,Books,montant <= 0.0
TX0006610,U05058,P04902,M00512,53.86,2024121810013300,Marseille,PAYPAL,Books,timestamp != 14 caracteres
TX0006623,U02953,P03750,M00591,0.0,20251126164411,Grenoble,PAYPAL,Toys,montant <= 0.0
TX0006628,U02735,P04287,M00034,35.18,2025010514500600,Nice,BANK_TRANSFER,Health,timestamp != 14 caracteres
TX0006662,U05817,P02577,M00592,2205.26,202411191425,Marseille,PAYPAL,Electronics,timestamp != 14 caracteres
TX0006914,U03950,P04623,M00101,0.0,20251106162037,Lyon,CARD,Automotive,montant <= 0.0
TX0006920,U10727,P03932,M00398,-15.9,20240525002815,Lille,PAYPAL,Automotive,montant <= 0.0
TX0007023,U07069,P05073,M00205,-15.9,20251130233635,Nice,CARD,Toys,montant <= 0.0
TX0007035,U10984,P02711,M00335,-15.9,20241019202322,Le Havre,BANK_TRANSFER,Automotive,montant <= 0.0
TX0007158,U01392,P01330,M00188,172.73,NA,Nice,CRYPTO,Health,timestamp != 14 caracteres | timestamp non numerique
TX0007178,U07256,P01371,M00263,116.94,NA,Lyon,CARD,Health,timestamp != 14 caracteres | timestamp non numerique
TX0007229,U08904,P02200,M00141,-230.5,20241031073902,Grenoble,BANK_TRANSFER,Food,montant <= 0.0
TX0007230,U09928,P02888,M00551,0.0,20250618145859,Lille,CASH,Toys,montant <= 0.0
TX0007251,U05868,P04633,M00348,0.0,20240621104613,Nîmes,CARD,Food,montant <= 0.0
TX0007332,U05403,P01484,M00463,2236.68,2024052817341900,Paris,CASH,Electronics,timestamp != 14 caracteres
TX0007339,U07388,P05083,M00377,0.0,20250812181812,Paris,BANK_TRANSFER,Clothing,montant <= 0.0
TX0007480,U02303,P00815,M00450,255.82,2024101911384500,Lyon,PAYPAL,Clothing,timestamp != 14 caracteres
TX0007615,U05028,P01447,M00226,68.61,NA,Strasbourg,CARD,Books,timestamp != 14 caracteres | timestamp non numerique
TX0007688,U10908,P00889,M00066,0.0,20250505150002,Paris,CARD,Clothing,montant <= 0.0
TX0007796,U06133,P04058,M00134,45.81,20240608,Paris,CARD,Books,timestamp != 14 caracteres
TX0007876,U08804,P04572,M00502,-15.9,20240723222559,Paris,PAYPAL,Automotive,montant <= 0.0
TX0007913,U07465,P04411,M00388,0.0,20250120091426,Reims,CARD,Home & Garden,montant <= 0.0
TX0007951,U02487,P05111,M00476,-1.0,20240520214031,Toulouse,CARD,Electronics,montant <= 0.0
TX0008021,U01733,P01449,M00086,0.0,20240424163423,,CARD,Food,montant <= 0.0
TX0008067,U02748,P03317,M00556,75.44,,Marseille,CARD,Electronics,timestamp != 14 caracteres | timestamp non numerique
TX0008135,U05850,P04507,M00166,108.8,2025080217244700,Paris,PAYPAL,Electronics,timestamp != 14 caracteres
TX0008162,U09582,P03999,M00279,623.62,20250604,Toulouse,CASH,Automotive,timestamp != 14 caracteres
TX0008209,U03905,P01244,M00444,695.21,20250922,Montpellier,PAYPAL,Automotive,timestamp != 14 caracteres
TX0008386,U11722,P03482,M00041,1991.3,2025012716482300,Dijon,BANK_TRANSFER,Automotive,timestamp != 14 caracteres
TX0008387,U08465,P00538,M00463,-1.0,20250610215550,Rennes,BANK_TRANSFER,Electronics,montant <= 0.0
TX0008414,U03150,P00794,M00056,-15.9,20240522004934,Lyon,PAYPAL,Beauty,montant <= 0.0
TX0008434,U00893,P04324,M00347,203.79,202409111942,Villeurbanne,CARD,Health,timestamp != 14 caracteres
TX0008437,U02214,P04909,M00305,0.0,20240731180258,Paris,CASH,Food,montant <= 0.0
TX0008600,U03129,P01080,M00361,171.53,20240405,Villeurbanne,PAYPAL,Health,timestamp != 14 caracteres
TX0008622,U10711,P00133,M00406,-230.5,20241124194050,Dijon,CASH,Home & Garden,montant <= 0.0
TX0008651,U04247,P02356,M00296,0.0,20240906211313,Toulouse,CARD,Food,montant <= 0.0
TX0008763,U07273,P01589,M00415,1087.57,20241024,Paris,CARD,Automotive,timestamp != 14 caracteres
TX0008769,U00035,P03000,M00343,0.0,20250224174218,Paris,PAYPAL,Beauty,montant <= 0.0
TX0008839,U03059,P04836,M00017,105.04,NA,Nantes,CARD,Beauty,timestamp != 14 caracteres | timestamp non numerique
TX0008880,U11061,P05542,M00145,0.0,20241219182609,Grenoble,CARD,Food,montant <= 0.0
TX0008901,U07883,P00770,M00198,0.0,20250726162247,Marseille,CARD,Sports,montant <= 0.0
TX0008925,U03216,P01921,M00275,357.34,20250215,Strasbourg,CARD,Sports,timestamp != 14 caracteres
TX0008965,U04976,P00852,M00027,40.55,20240505,Angers,CARD,Beauty,timestamp != 14 caracteres
TX0009053,U06986,P04517,M00162,0.0,20241207113421,Dijon,PAYPAL,Clothing,montant <= 0.0
TX0009105,U00556,P00105,M00002,39.65,2024072214595000,Toulon,CARD,Books,timestamp != 14 caracteres
TX0009130,U11087,P05516,M00088,-1.0,20240910200204,Nantes,BANK_TRANSFER,Food,montant <= 0.0
TX0009182,U05981,P03831,M00495,-1.0,20250813110942,Paris,BANK_TRANSFER,Toys,montant <= 0.0
TX0009225,U07054,P05134,M00160,-1.0,20250904124644,Montpellier,CARD,Automotive,montant <= 0.0
TX0009241,U03924,P00544,M00206,0.0,20240111220559,Paris,CARD,Electronics,montant <= 0.0
TX0009246,U04217,P96210,M00009,182.94,20240917,Villeurbanne,CARD,Health,timestamp != 14 caracteres
TX0009325,U05017,P05972,M00073,-230.5,20250214135918,Strasbourg,CASH,Toys,montant <= 0.0
TX0009343,U08063,P02663,M00164,35.44,NA,Lyon,,Clothing,timestamp != 14 caracteres | timestamp non numerique
TX0009451,U07258,P02062,M00185,-1.0,20240729173438,Paris,CARD,Food,montant <= 0.0
TX0009524,U08338,P01539,M00439,-15.9,20250701225702,Bordeaux,BANK_TRANSFER,Toys,montant <= 0.0
TX0009580,U06229,P05373,M00220,-1.0,20241005205345,Strasbourg,BANK_TRANSFER,Sports,montant <= 0.0
TX0009590,U00077,P02085,M00356,463.95,,Nantes,BANK_TRANSFER,Sports,timestamp != 14 caracteres | timestamp non numerique
TX0009610,U07617,P03916,M00559,1954.84,20250323,Angers,PAYPAL,Electronics,timestamp != 14 caracteres
TX0009623,U02484,P00066,M00527,-1.0,20240810192909,Lyon,CASH,Toys,montant <= 0.0
TX0009710,U10358,P03348,M00064,0.0,20241204052131,Nantes,BANK_TRANSFER,Home & Garden,montant <= 0.0
TX0009756,U10565,P01473,M00291,-1.0,20250522191852,Marseille,CASH,Electronics,montant <= 0.0
TX0009789,U04557,P00513,M00243,-230.5,20251115113123,Bordeaux,CARD,Electronics,montant <= 0.0
TX0009940,U04267,P02869,M00262,734.42,,Dijon,BANK_TRANSFER,Electronics,timestamp != 14 caracteres | timestamp non numerique
TX0009949,U00585,P03514,M00103,-15.9,20240708123312,Lyon,PAYPAL,Health,montant <= 0.0
TX0010009,U09626,P05965,M00518,0.0,20250422161422,Marseille,PAYPAL,Books,montant <= 0.0
TX0010030,U10295,P03279,M00469,166.53,,Lyon,PAYPAL,Sports,timestamp != 14 caracteres | timestamp non numerique
TX0010061,U06441,P04805,M00390,-230.5,20241105000722,Toulouse,PAYPAL,Automotive,montant <= 0.0
TX0010099,U01094,P00320,M00554,0.0,20240818222906,Strasbourg,CRYPTO,Automotive,montant <= 0.0
TX0010277,U00698,P01096,M00003,-230.5,20241222142318,Nantes,CASH,Health,montant <= 0.0
TX0010476,U06039,P00780,M00308,109.31,2024093019081900,Lyon,CASH,Toys,timestamp != 14 caracteres
TX0010510,U01484,P01682,M00270,-15.9,20240906075456,Toulouse,PAYPAL,Clothing,montant <= 0.0
TX0010645,U05230,P02390,M00577,39.93,202410161631,Nîmes,CARD,Books,timestamp != 14 caracteres
TX0010704,U04455,P05480,M00396,15.28,2025030119515500,Bordeaux,CARD,Books,timestamp != 14 caracteres
TX0010781,U08056,P00862,M00155,266.93,2025080807053500,Lyon,CASH,Clothing,timestamp != 14 caracteres
TX0010938,U07965,P05451,M00100,132.61,20250806,Montpellier,CASH,Clothing,timestamp != 14 caracteres
TX0010944,U10361,P00873,M00183,971.28,20250427,Villeurbanne,CARD,Automotive,timestamp != 14 caracteres
TX0010970,U09620,P02878,M00143,-15.9,20241101145956,Lille,CASH,Automotive,montant <= 0.0
TX0011088,U01846,P00565,M00314,143.6,20250118,Bordeaux,CRYPTO,Toys,timestamp != 14 caracteres
TX0011089,U05981,P00335,M00512,-1.0,202412090512,Paris,BANK_TRANSFER,Books,montant <= 0.0 | timestamp != 14 caracteres
TX0011094,U09569,P01596,M00012,-230.5,20240224114257,Paris,BANK_TRANSFER,Toys,montant <= 0.0
TX0011107,U07564,P03513,M00471,0.0,20241217164224,Lyon,PAYPAL,Automotive,montant <= 0.0
TX0011347,U00527,P01784,M00013,-1.0,20251221153929,Paris,PAYPAL,Clothing,montant <= 0.0
TX0011366,U09752,P01450,M00430,72.75,NA,Nice,CARD,Toys,timestamp != 14 caracteres | timestamp non numerique
TX0011372,U00684,P00212,M00151,-15.9,20250605022741,Paris,CARD,Home & Garden,montant <= 0.0
TX0011425,U06103,P03259,M00164,276.08,2025022108430200,Montpellier,CRYPTO,Clothing,timestamp != 14 caracteres
TX0011585,U00284,P04113,M00026,0.0,20241227123051,Paris,CARD,Beauty,montant <= 0.0
TX0011657,U02683,P05091,M00286,-230.5,20250117081513,Reims,PAYPAL,Books,montant <= 0.0
TX0011673,U06489,P05114,M00466,-1.0,20250425162105,Marseille,PAYPAL,Electronics,montant <= 0.0
TX0011706,U00830,P00614,M00430,0.0,20240718152827,Reims,BANK_TRANSFER,Toys,montant <= 0.0
TX0011859,U10890,P01257,M00186,144.77,,Toulouse,CASH,Beauty,timestamp != 14 caracteres | timestamp non numerique
TX0012012,U10020,P03883,M00197,986.26,2024072817201100,Villeurbanne,CRYPTO,Electronics,timestamp != 14 caracteres
TX0012053,U04694,P02959,M00258,0.0,20240512212422,Toulouse,BANK_TRANSFER,Electronics,montant <= 0.0
TX0012222,U06061,P00474,M00188,-1.0,20240415101434,Lyon,CASH,Health,montant <= 0.0
TX0012303,U07892,P04000,M00116,119.25,,Paris,CARD,Health,timestamp != 14 caracteres | timestamp non numerique
TX0012348,U10850,P04246,M00344,0.0,20250428164710,Nice,CRYPTO,Beauty,montant <= 0.0
TX0012421,U05107,P04105,M00274,0.0,20240929062425,Strasbourg,PAYPAL,Toys,montant <= 0.0
TX0012478,U06473,P01427,M00295,0.0,20240810232634,Paris,PAYPAL,Automotive,montant <= 0.0
TX0012559,U01323,P01904,M00098,-230.5,20251114163133,Toulouse,BANK_TRANSFER,Food,montant <= 0.0
TX0012586,U10839,P03600,M00087,-230.5,20240314115629,Toulouse,BANK_TRANSFER,Electronics,montant <= 0.0
TX0012603,U01377,P05574,M00426,0.0,20250628213639,Paris,BANK_TRANSFER,Beauty,montant <= 0.0
TX0012813,U08175,P05594,M00008,0.0,20250407165302,Rennes,CASH,Sports,montant <= 0.0
TX0012816,U02265,P01352,M00447,0.0,20241108134650,Rennes,BANK_TRANSFER,Books,montant <= 0.0
TX0012840,U04019,P01619,M00060,-230.5,20240813140321,Rennes,BANK_TRANSFER,Toys,montant <= 0.0
TX0012852,U09539,P05096,M00431,-15.9,20250115204054,Toulouse,PAYPAL,Beauty,montant <= 0.0
TX0012890,U09806,P02842,M00526,932.88,20251107,Paris,CASH,Automotive,timestamp != 14 caracteres
TX0012996,U07938,P04587,M00111,40.43,NA,Toulouse,CARD,Toys,timestamp != 14 caracteres | timestamp non numerique
TX0013053,U05411,P03176,M00460,519.36,202411171315,Montpellier,CRYPTO,Home & Garden,timestamp != 14 caracteres
TX0013110,U05423,P05527,M00308,-1.0,20240402112207,Strasbourg,PAYPAL,Toys,montant <= 0.0
TX0013120,U03044,P04638,M00044,0.0,20250822162623,Marseille,CARD,Health,montant <= 0.0
TX0013166,U06064,P05691,M00208,-1.0,20250412083843,Toulouse,PAYPAL,Toys,montant <= 0.0
TX0013193,U04130,P00328,M00492,0.0,20240106130708,Marseille,CARD,Beauty,montant <= 0.0
TX0013263,U02800,P03855,M00060,-230.5,20250224192258,Nantes,BANK_TRANSFER,Toys,montant <= 0.0
TX0013284,U09330,P00999,M00026,0.0,20240914131633,Toulouse,CASH,Beauty,montant <= 0.0
TX0013347,U11916,P00933,M00413,339.5,,Nantes,PAYPAL,Automotive,timestamp != 14 caracteres | timestamp non numerique
TX0013509,U05089,P03290,M00487,-230.5,NA,Toulouse,CARD,Food,montant <= 0.0 | timestamp != 14 caracteres | timestamp non numerique
TX0013550,U07617,P00641,M00571,-230.5,20250214190315,Grenoble,PAYPAL,Sports,montant <= 0.0
TX0013640,U00805,P02646,M00376,77.0,NA,Nice,CARD,Food,timestamp != 14 caracteres | timestamp non numerique
TX0013678,U06315,P00106,M00104,111.0,202404280034,Toulon,CARD,Toys,timestamp != 14 caracteres
TX0013696,U06310,P00390,M00136,-15.9,20250622181102,Strasbourg,PAYPAL,Food,montant <= 0.0
TX0013728,U05517,P01499,M00488,-1.0,20240525141435,Nantes,CARD,Home & Garden,montant <= 0.0
TX0013772,U06476,P05785,M00249,-1.0,20240531120239,Le Havre,CARD,Beauty,montant <= 0.0
TX0013858,U02942,P03257,M00212,154.87,,Lille,CARD,Health,timestamp != 14 caracteres | timestamp non numerique
TX0013860,U03282,P05299,M00052,-15.9,20250106095243,Toulouse,CARD,Food,montant <= 0.0
TX0013904,U00647,P00036,M00431,0.0,20251009091525,Lyon,CARD,Beauty,montant <= 0.0
TX0013913,U08045,P05402,M00573,28.13,2025081319273900,Lyon,CASH,Food,timestamp != 14 caracteres
TX0013928,U02815,P03507,M00552,-15.9,20250607165319,Marseille,PAYPAL,Food,montant <= 0.0
TX0013929,U08600,P05541,M00060,0.0,20250724021052,Reims,CASH,Toys,montant <= 0.0
TX0014107,U05411,P02697,M00462,0.0,20240905120430,Montpellier,CRYPTO,Beauty,montant <= 0.0
TX0014110,U09939,P04110,M00142,154.84,2025040306160100,Nantes,BANK_TRANSFER,Toys,timestamp != 14 caracteres
TX0014319,U10721,P01500,M00389,0.0,20250430172239,Paris,BANK_TRANSFER,Electronics,montant <= 0.0
TX0014330,U10875,P03006,M00105,-15.9,20240501204812,Lyon,CARD,Food,montant <= 0.0
TX0014372,U11802,P01994,M00425,0.0,20241025192726,Lyon,PAYPAL,Health,montant <= 0.0
TX0014584,U09171,P03306,M00217,5457.73,20250705,Lille,CARD,Electronics,timestamp != 14 caracteres
TX0014599,U11487,P00578,M00439,-15.9,20240531162101,Paris,CARD,Toys,montant <= 0.0
TX0014823,U11066,P00089,M00100,0.0,20241106111603,Rennes,CARD,Clothing,montant <= 0.0
TX0014881,U10234,P03681,M00399,95.54,,Strasbourg,CASH,Beauty,timestamp != 14 caracteres | timestamp non numerique
TX0014888,U04753,P00744,M00490,-230.5,20250923115857,Toulouse,CRYPTO,Food,montant <= 0.0
TX0014907,U03329,P02039,M00263,-230.5,20250921093908,Nîmes,PAYPAL,Health,montant <= 0.0
TX0014951,U04433,P02551,M00461,242.42,NA,Lyon,CASH,Sports,timestamp != 14 caracteres | timestamp non numerique
TX0014972,U11712,P05426,M00086,53.64,20240812,Lyon,BANK_TRANSFER,Food,timestamp != 14 caracteres
TX0014982,U04597,P02453,M00493,0.0,20250207141608,Lyon,PAYPAL,Health,montant <= 0.0
TX0015040,U10470,P01543,M00209,36.01,NA,Toulouse,CARD,Books,timestamp != 14 caracteres | timestamp non numerique
TX0015042,U09610,P05426,M00086,64.83,202504231034,Angers,CARD,Food,timestamp != 14 caracteres
TX0015101,U11713,P02947,M00018,0.0,20250220060331,Marseille,BANK_TRANSFER,Automotive,montant <= 0.0
TX0015176,U05338,P01201,M00124,149.71,NA,Lyon,CARD,Health,timestamp != 14 caracteres | timestamp non numerique
TX0015279,U08439,P02985,M00379,-15.9,20240711103610,Montpellier,CARD,Books,montant <= 0.0
TX0015304,U02057,P02071,M00123,0.0,20241221153807,Strasbourg,CASH,Beauty,montant <= 0.0
TX0015443,U05353,P03717,M00182,0.0,20250728025155,Marseille,BANK_TRANSFER,Clothing,montant <= 0.0
TX0015542,U08500,P03462,M00489,-230.5,20251031201035,Strasbourg,CARD,Health,montant <= 0.0
TX0015832,U00627,P02401,M00071,513.12,202510041803,Paris,CASH,Home & Garden,timestamp != 14 caracteres
TX0015852,U10532,P00925,M00053,0.0,20250506094706,Strasbourg,CRYPTO,Books,montant <= 0.0
TX0015864,U10839,P04776,M00122,-230.5,20241020150429,Toulouse,CASH,Electronics,montant <= 0.0
TX0015903,U10756,P01180,M00512,0.0,20240818161920,Angers,BANK_TRANSFER,Books,montant <= 0.0
TX0015949,U11085,P02266,M00507,0.0,20250904065550,Montpellier,CASH,Electronics,montant <= 0.0
TX0016135,U01654,P00798,M00413,-230.5,20250219140854,Lyon,CASH,Automotive,montant <= 0.0
TX0016210,U06397,P00568,M00456,-230.5,20241209133951,Montpellier,BANK_TRANSFER,Automotive,montant <= 0.0
TX0016271,U03476,P00746,M00100,-230.5,20240429193444,Rennes,CARD,Clothing,montant <= 0.0
TX0016340,U07543,P04943,M00568,-1.0,20240726152958,Toulouse,BANK_TRANSFER,Automotive,montant <= 0.0
TX0016626,U04925,P05749,M00488,436.29,202404211527,Dijon,CASH,Home & Garden,timestamp != 14 caracteres
TX0016649,U10974,P04234,M00178,-230.5,20241027173452,Paris,CRYPTO,Health,montant <= 0.0
TX0016698,U08205,P03596,M00288,108.0,2024041321591800,Rennes,PAYPAL,Beauty,timestamp != 14 caracteres
TX0016765,U02356,P01104,M00230,-1.0,20250913122257,Toulouse,PAYPAL,Health,montant <= 0.0
TX0016821,U05410,P00755,M00337,-230.5,20240602120227,Toulouse,CASH,Home & Garden,montant <= 0.0
TX0016825,U05016,P00237,M00149,-230.5,20250726092640,Nice,CARD,Electronics,montant <= 0.0
TX0016926,U11592,P02213,M00278,0.0,20250731185956,Paris,CASH,Clothing,montant <= 0.0
TX0016972,U06616,P02862,M00271,34.68,NA,,BANK_TRANSFER,Beauty,timestamp != 14 caracteres | timestamp non numerique
TX0016990,U06248,P02520,M00205,-15.9,20240220222254,Montpellier,CRYPTO,Toys,montant <= 0.0
TX0017131,U05357,P02899,M00074,479.04,NA,Villeurbanne,PAYPAL,Clothing,timestamp != 14 caracteres | timestamp non numerique
TX0017248,U08338,P05859,M00227,0.0,20250719090819,Bordeaux,CARD,Sports,montant <= 0.0
TX0017262,U08411,P00217,M00190,1039.01,2024081417312500,Reims,CARD,Automotive,timestamp != 14 caracteres
TX0017269,U03207,P04950,M00030,-230.5,20250122215305,Reims,CASH,Food,montant <= 0.0
TX0017305,U08644,P02504,M00319,-1.0,20250104164406,Toulouse,CARD,Books,montant <= 0.0
TX0017380,U06489,P04584,M00593,0.0,20250114153345,Marseille,CARD,Electronics,montant <= 0.0
TX0017476,U06496,P05496,M00560,0.0,20240408023643,Nice,PAYPAL,Health,montant <= 0.0
TX0017583,U05900,P00699,M00492,210.9,202409251116,Grenoble,CARD,Beauty,timestamp != 14 caracteres
TX0017715,U05112,P02807,M00373,65.83,2025040811414000,Toulouse,CASH,Health,timestamp != 14 caracteres
TX0017860,U01229,P04839,M00098,57.6,20240616,Toulouse,PAYPAL,Food,timestamp != 14 caracteres
TX0017989,U10294,P00027,M00202,53.98,2025040713572400,Reims,CASH,Toys,timestamp != 14 caracteres
TX0018029,U08015,P04373,M00494,28.48,,Strasbourg,CARD,Books,timestamp != 14 caracteres | timestamp non numerique
TX0018043,U10607,P03253,M00069,310.97,NA,Lyon,BANK_TRANSFER,Home & Garden,timestamp != 14 caracteres | timestamp non numerique
TX0018087,U02466,P04865,M00051,287.72,2024082607021900,Nice,CASH,Toys,timestamp != 14 caracteres
TX0018164,U06849,P04759,M00537,145.06,,Marseille,CARD,Home & Garden,timestamp != 14 caracteres | timestamp non numerique
TX0018167,U00243,P05766,M00471,-15.9,20250525103741,Bordeaux,CRYPTO,Automotive,montant <= 0.0
TX0018280,U05901,P04861,M00259,38.99,NA,Nice,CRYPTO,Clothing,timestamp != 14 caracteres | timestamp non numerique
TX0018344,U10297,P00731,M00377,263.9,2024012205495200,Marseille,PAYPAL,Clothing,timestamp != 14 caracteres
TX0018427,U02928,P05894,M00412,0.0,20241009194112,Saint-Etienne,CARD,Health,montant <= 0.0
TX0018467,U09801,P01966,M00462,0.0,20250602102808,Lille,CASH,Beauty,montant <= 0.0
TX0018570,U09560,P04624,M00388,-15.9,20250714121232,Nice,BANK_TRANSFER,Home & Garden,montant <= 0.0
TX0018615,U07998,P02607,M00124,-15.9,20250121102637,Toulouse,CARD,Health,montant <= 0.0
TX0018720,U00157,P02051,M00102,248.08,20250920,Paris,CRYPTO,Home & Garden,timestamp != 14 caracteres
TX0018746,U03679,P00492,M00336,293.53,202511011608,Nice,CARD,Electronics,timestamp != 14 caracteres
TX0018851,U02401,P03572,M00591,0.0,20251224192905,Nantes,BANK_TRANSFER,Toys,montant <= 0.0
TX0018927,U07255,P05518,M00527,239.01,202410092236,Marseille,BANK_TRANSFER,Toys,timestamp != 14 caracteres
TX0018994,U00787,P02713,M00345,-230.5,20250723121739,Montpellier,CASH,Electronics,montant <= 0.0
TX0019267,U05460,P03011,M00259,-230.5,20240425112434,Paris,CRYPTO,Clothing,montant <= 0.0
TX0019336,U08102,P03451,M00274,-1.0,20251107151924,Angers,CARD,Toys,montant <= 0.0
TX0019362,U03064,P04315,M00389,0.0,20251023164014,Strasbourg,CRYPTO,Electronics,montant <= 0.0
TX0019525,U01296,P04961,M00093,-15.9,20250915082611,Reims,CARD,Health,montant <= 0.0
TX0019618,U04128,P00302,M00429,543.76,20241013,Nîmes,BANK_TRANSFER,Home & Garden,timestamp != 14 caracteres
TX0019656,U02767,P02101,M00317,465.71,202409191547,Bordeaux,CARD,Automotive,timestamp != 14 caracteres
TX0019683,U11833,P05282,M00595,-1.0,20250125171829,Bordeaux,PAYPAL,Health,montant <= 0.0
TX0019735,U07806,P03339,M00406,-15.9,20251221221550,Dijon,CASH,Home & Garden,montant <= 0.0
TX0019822,U09400,P01078,M00038,-230.5,20240406181507,Paris,CRYPTO,Electronics,montant <= 0.0
TX0019825,U04388,P03118,M00562,0.0,20250910112939,Strasbourg,CARD,Beauty,montant <= 0.0
TX0019914,U06281,P02681,M00164,0.0,20250410161313,Le Havre,PAYPAL,Clothing,montant <= 0.0
TX0020095,U07530,P04364,M00039,-1.0,20240723140230,,PAYPAL,Health,montant <= 0.0
TX0020165,U09244,P02529,M00348,0.0,20251214045440,Nîmes,CRYPTO,Food,montant <= 0.0
TX0020184,U09165,P04209,M00528,-1.0,20240802223450,Paris,CASH,Toys,montant <= 0.0
TX0020250,U09670,P01029,M00072,0.0,20240609185646,Paris,BANK_TRANSFER,Electronics,montant <= 0.0
TX0020333,U09573,P01335,M00484,-230.5,20240514190401,Reims,CASH,Home & Garden,montant <= 0.0
TX0020507,U00801,P00342,M00352,1600.52,2025112011420500,Nantes,PAYPAL,Home & Garden,timestamp != 14 caracteres
TX0020731,U09164,P05048,M00333,310.59,NA,Grenoble,CARD,Toys,timestamp != 14 caracteres | timestamp non numerique
TX0020811,U06139,P05350,M00030,14.51,,Rennes,CRYPTO,Food,timestamp != 14 caracteres | timestamp non numerique
TX0020880,U02392,P03683,M00571,705.54,20250607,Nice,BANK_TRANSFER,Sports,timestamp != 14 caracteres
TX0020976,U02970,P03715,M00404,-230.5,20250410102913,Bordeaux,BANK_TRANSFER,Beauty,montant <= 0.0
TX0021039,U02800,P03483,M00407,0.0,20250317203744,Toulon,PAYPAL,Automotive,montant <= 0.0
TX0021050,U10241,P00212,M00151,-15.9,20250427112411,Strasbourg,CARD,Home & Garden,montant <= 0.0
TX0021170,U11820,P05678,M00560,25.3,,Le Havre,BANK_TRANSFER,Health,timestamp != 14 caracteres | timestamp non numerique
TX0021225,U09767,P05763,M00018,0.0,20251101090924,Paris,CARD,Automotive,montant <= 0.0
TX0021310,U00108,P00785,M00552,13.87,2025071921000300,Lyon,PAYPAL,Food,timestamp != 14 caracteres
TX0021326,U07506,P00032,M00505,818.96,,Paris,CARD,Automotive,timestamp != 14 caracteres | timestamp non numerique
TX0021382,U06059,P03945,M00415,-230.5,20250203050919,Lyon,PAYPAL,Automotive,montant <= 0.0
TX0021888,U07972,P00623,M00164,122.66,202507171843,Toulouse,BANK_TRANSFER,Clothing,timestamp != 14 caracteres
TX0021926,U05107,P05194,M00083,1086.01,20250213,Strasbourg,BANK_TRANSFER,Automotive,timestamp != 14 caracteres
TX0021971,U03285,P03051,M00317,1669.88,202505241456,Marseille,CASH,Automotive,timestamp != 14 caracteres
TX0022260,U05458,P05764,M00187,200.22,20250811,Nîmes,PAYPAL,Health,timestamp != 14 caracteres
TX0022298,U08766,P04675,M00199,-1.0,20250406070645,Lille,CRYPTO,Electronics,montant <= 0.0
TX0022352,U05931,P04442,M00443,-15.9,20240505223831,Toulouse,PAYPAL,Beauty,montant <= 0.0
TX0022379,U07204,P03189,M00562,-230.5,20250708180250,Paris,PAYPAL,Beauty,montant <= 0.0
TX0022402,U06544,P01056,M00324,44.01,2025021114100900,Villeurbanne,PAYPAL,Food,timestamp != 14 caracteres
TX0022675,U06112,P04117,M00159,60.77,,Nice,BANK_TRANSFER,Health,timestamp != 14 caracteres | timestamp non numerique
TX0022836,U04920,P03890,M00049,-15.9,20240825082721,Nîmes,CASH,Sports,montant <= 0.0
TX0022884,U10450,P04233,M00214,-1.0,20250216123744,Nîmes,CARD,Books,montant <= 0.0
TX0022997,U06037,P01700,M00104,0.0,20250406035957,Nantes,CRYPTO,Toys,montant <= 0.0
TX0023007,U10727,P01133,M00387,-15.9,20250209172835,Lille,PAYPAL,Automotive,montant <= 0.0
TX0023069,U03373,P05191,M00089,18.14,202502232242,Saint-Etienne,PAYPAL,Books,timestamp != 14 caracteres
TX0023124,U07566,P02522,M00159,-1.0,20240530174517,Marseille,CRYPTO,Health,montant <= 0.0
TX0023170,U05604,P05328,M00415,918.3,202411170127,Montpellier,CARD,Automotive,timestamp != 14 caracteres
TX0023217,U05482,P04254,M00347,130.03,NA,Nîmes,BANK_TRANSFER,Health,timestamp != 14 caracteres | timestamp non numerique
TX0023270,U10163,P03316,M00450,-1.0,20250131171755,Paris,BANK_TRANSFER,Clothing,montant <= 0.0
TX0023323,U03955,P05107,M00196,1663.25,202409250847,Nantes,CRYPTO,Automotive,timestamp != 14 caracteres
TX0023360,U11312,P01327,M00058,0.0,20240709221024,Lyon,CARD,Health,montant <= 0.0
TX0023402,U00459,P04262,M00377,0.0,20250212015505,Paris,BANK_TRANSFER,Clothing,montant <= 0.0
TX0023523,U00704,P05550,M00593,-15.9,20250426004710,Montpellier,CARD,Electronics,montant <= 0.0
TX0023598,U11544,P03908,M00094,657.49,2025060617320000,Villeurbanne,PAYPAL,Home & Garden,timestamp != 14 caracteres
TX0023642,U10877,P01159,M00057,456.19,20240814,Paris,CARD,Sports,timestamp != 14 caracteres
TX0023725,U01162,P01220,M00121,0.0,20240614213849,Marseille,CARD,Automotive,montant <= 0.0
TX0023728,U05479,P02303,M00440,0.0,20241207171149,Angers,CARD,Clothing,montant <= 0.0
TX0023781,U11109,P04047,M00052,-1.0,20241202043012,Paris,CARD,Food,montant <= 0.0
TX0023803,U09075,P02252,M00312,36.04,NA,Angers,CARD,Beauty,timestamp != 14 caracteres | timestamp non numerique
TX0023845,U09265,P00460,M00082,0.0,20240619084808,Marseille,CRYPTO,Sports,montant <= 0.0
TX0023863,U03050,P02469,M00450,-15.9,20250429105400,Toulouse,CARD,Clothing,montant <= 0.0
TX0023970,U03994,P01995,M00140,-15.9,,Bordeaux,CASH,Clothing,montant <= 0.0 | timestamp != 14 caracteres | timestamp non numerique
TX0023998,U00904,P05043,M00374,0.0,20251204173402,Bordeaux,PAYPAL,Home & Garden,montant <= 0.0
TX0024117,U05444,P04863,M00553,42.95,20241022,Villeurbanne,CASH,Clothing,timestamp != 14 caracteres
TX0024146,U06199,P03181,M00524,46.34,NA,Paris,CARD,Food,timestamp != 14 caracteres | timestamp non numerique
TX0024158,U09523,P02190,M00318,-15.9,20240906174321,Lyon,PAYPAL,Health,montant <= 0.0
TX0024401,U11410,P05684,M00148,0.0,20250904145515,Bordeaux,CARD,Beauty,montant <= 0.0
TX0024408,U08959,P03499,M00502,1317.4,2024060817543700,Bordeaux,CRYPTO,Automotive,timestamp != 14 caracteres
TX0024513,U06263,P03260,M00375,-1.0,20241102215410,Nantes,CARD,Sports,montant <= 0.0
TX0024515,U05899,P04289,M00150,0.0,20251214171303,Paris,CARD,Toys,montant <= 0.0
TX0024644,U00513,P05257,M00597,-15.9,20241111200232,Marseille,CRYPTO,Home & Garden,montant <= 0.0
TX0024755,U07402,P02860,M00014,56.87,NA,Paris,CASH,Books,timestamp != 14 caracteres | timestamp non numerique
TX0024843,U08631,P04912,M00035,437.52,NA,Paris,CASH,Sports,timestamp != 14 caracteres | timestamp non numerique
TX0024911,U06165,P04321,M00411,476.66,2025072422253000,Reims,CASH,Sports,timestamp != 14 caracteres
TX0025007,U03379,P01347,M00227,0.0,20251210080610,Paris,BANK_TRANSFER,Sports,montant <= 0.0
TX0025009,U09995,P05181,M00429,0.0,20251121232134,Paris,BANK_TRANSFER,Home & Garden,montant <= 0.0
TX0025054,U10251,P01132,M00270,185.41,,Paris,CARD,Clothing,timestamp != 14 caracteres | timestamp non numerique
TX0025303,U04870,P01900,M00050,94.48,NA,Paris,CARD,Beauty,timestamp != 14 caracteres | timestamp non numerique
TX0025358,U00122,P02224,M00373,0.0,20250913150934,Bordeaux,CARD,Health,montant <= 0.0
TX0025452,U11858,P03804,M00131,-230.5,20251117225339,Bordeaux,CARD,Beauty,montant <= 0.0
TX0025485,U06184,P02908,M00206,0.0,20241111220620,Paris,BANK_TRANSFER,Electronics,montant <= 0.0
TX0025517,U03763,P00589,M00215,-1.0,20240515214125,Paris,PAYPAL,Books,montant <= 0.0
TX0025753,U11068,P01789,M00276,93.37,NA,Paris,CASH,Clothing,timestamp != 14 caracteres | timestamp non numerique
TX0025831,U04578,P03892,M00310,-230.5,20250511122949,Paris,CARD,Home & Garden,montant <= 0.0
TX0025969,U08900,P04265,M00318,0.0,20250225205301,Paris,PAYPAL,Health,montant <= 0.0
TX0025995,U00506,P04222,M00271,-1.0,20240908065510,Rennes,CARD,Beauty,montant <= 0.0
TX0026124,U08615,P05227,M00503,0.0,20250831020511,Rennes,CARD,Clothing,montant <= 0.0
TX0026180,U03024,P05379,M00262,-15.9,20241209125104,Lyon,PAYPAL,Electronics,montant <= 0.0
TX0026197,U01017,P00021,M00200,0.0,20250920102633,Bordeaux,PAYPAL,Beauty,montant <= 0.0
TX0026409,U02591,P04895,M00162,-230.5,20240220152913,Villeurbanne,CARD,Clothing,montant <= 0.0
TX0026441,U00162,P04283,M00129,74.66,2025122509171600,Montpellier,CASH,Food,timestamp != 14 caracteres
TX0026488,U05038,P01265,M00598,-230.5,20241016114207,Paris,CARD,Clothing,montant <= 0.0
TX0026618,U10137,P05945,M00140,285.75,NA,Paris,CASH,Clothing,timestamp != 14 caracteres | timestamp non numerique
TX0026630,U06745,P05573,M00461,393.07,2025062217015400,Bordeaux,CARD,Sports,timestamp != 14 caracteres
TX0026691,U11475,P00254,M00342,0.0,20250531211959,Lyon,BANK_TRANSFER,Food,montant <= 0.0
TX0026694,U04682,P00802,M00600,18.79,,Nîmes,CARD,Beauty,timestamp != 14 caracteres | timestamp non numerique
TX0026760,U09547,P04177,M00275,0.0,20250615011111,Paris,BANK_TRANSFER,Sports,montant <= 0.0
TX0026807,U06264,P04146,M00288,0.0,20250130080603,Marseille,BANK_TRANSFER,Beauty,montant <= 0.0
TX0026864,U00432,P01302,M00339,393.71,20250110,Reims,CARD,Automotive,timestamp != 14 caracteres
TX0026899,U01468,P05193,M00512,0.0,20250925212845,Paris,PAYPAL,Books,montant <= 0.0
TX0027207,U06308,P03850,M00266,2242.42,NA,Nice,CARD,Electronics,timestamp != 14 caracteres | timestamp non numerique
TX0027269,U09791,P04821,M00003,358.0,NA,Marseille,BANK_TRANSFER,Health,timestamp != 14 caracteres | timestamp non numerique
TX0027395,U04596,P04844,M00361,196.4,NA,Bordeaux,BANK_TRANSFER,Health,timestamp != 14 caracteres | timestamp non numerique
TX0027397,U05112,P05873,M00331,-1.0,20251016094759,Toulouse,BANK_TRANSFER,Health,montant <= 0.0
TX0027442,U00290,P01695,M00295,234.23,20240805,Paris,BANK_TRANSFER,Automotive,timestamp != 14 caracteres
TX0027646,U06464,P04609,M00574,37.33,NA,Nice,BANK_TRANSFER,Toys,timestamp != 14 caracteres | timestamp non numerique
TX0027742,U03798,P00619,M00172,0.0,20240815171935,Nice,CRYPTO,Clothing,montant <= 0.0
TX0027744,U01367,P02527,M00143,-1.0,20250705164449,Nice,CARD,Automotive,montant <= 0.0
TX0027823,U02699,P04610,M00106,-1.0,20250806124403,Paris,CARD,Health,montant <= 0.0
TX0027845,U00457,P05355,M00211,41.05,2025041109270600,Paris,PAYPAL,Food,timestamp != 14 caracteres
TX0027850,U02708,P01327,M00058,-15.9,20240629100018,Bordeaux,CASH,Health,montant <= 0.0
TX0027855,U04088,P01759,M00190,0.0,20251202171942,Paris,PAYPAL,Automotive,montant <= 0.0
TX0027925,U01939,P05949,M00396,-230.5,20250205165157,Paris,PAYPAL,Books,montant <= 0.0
TX0027983,U06108,P03279,M00469,0.0,20250624104812,Lyon,CARD,Sports,montant <= 0.0
TX0028036,U05184,P02519,M00264,0.0,20250324103843,Grenoble,CARD,Home & Garden,montant <= 0.0
TX0028075,U02772,P02698,M00043,-15.9,20250612204219,Paris,PAYPAL,Toys,montant <= 0.0
TX0028107,U09297,P00699,M00492,0.0,20251004075724,Paris,CASH,Beauty,montant <= 0.0
TX0028366,U06236,P04625,M00144,-230.5,20251115211805,Lille,BANK_TRANSFER,Health,montant <= 0.0
TX0028438,U08968,P02129,M00133,-1.0,20250615112416,Saint-Etienne,CARD,Home & Garden,montant <= 0.0
TX0028451,U11968,P04486,M00493,0.0,20240915155517,Nice,PAYPAL,Health,montant <= 0.0
TX0028463,U06039,P04915,M93145,-15.9,20241031152605,Lyon,CARD,Toys,montant <= 0.0
TX0028530,U06892,P03422,M00406,-1.0,20250513183233,Nantes,CARD,Home & Garden,montant <= 0.0
TX0028626,U05699,P03151,M00196,-1.0,20240328102122,Grenoble,CASH,Automotive,montant <= 0.0
TX0028663,U05732,P01640,M00553,-1.0,20250603164815,Strasbourg,CARD,Clothing,montant <= 0.0
TX0028685,U05006,P01757,M00056,0.0,,Paris,CARD,Beauty,montant <= 0.0 | timestamp != 14 caracteres | timestamp non numerique
TX0028765,U09396,P01054,M00599,83.57,,Reims,CARD,Food,timestamp != 14 caracteres | timestamp non numerique
TX0028928,U03355,P03949,M00097,194.79,NA,Marseille,CARD,Toys,timestamp != 14 caracteres | timestamp non numerique
TX0029057,U07242,P00900,M00153,0.0,20240123161056,Lyon,BANK_TRANSFER,Books,montant <= 0.0
TX0029087,U07212,P01409,M00151,154.65,2024081115524000,Lille,CASH,Home & Garden,timestamp != 14 caracteres
TX0029093,U10440,P01424,M00415,3142.07,2025081418342700,Nice,BANK_TRANSFER,Automotive,timestamp != 14 caracteres
TX0029103,U09265,P02641,M00494,55.16,20240607,Angers,CRYPTO,Books,timestamp != 14 caracteres
TX0029113,U06030,P05005,M00092,-230.5,20241010222306,Strasbourg,CARD,Sports,montant <= 0.0
TX0029142,U07806,P03869,M00258,1961.44,202409020807,Dijon,CARD,Electronics,timestamp != 14 caracteres
TX0029211,U05002,P01795,M00092,549.75,2024081608451000,Marseille,BANK_TRANSFER,Sports,timestamp != 14 caracteres
TX0029277,U03254,P03603,M00442,112.81,202406140237,Montpellier,CARD,Home & Garden,timestamp != 14 caracteres
TX0029438,U08429,P05165,M00136,44.65,202511110934,Nice,PAYPAL,Food,timestamp != 14 caracteres
TX0029454,U09486,P05888,M00082,474.26,2025010709043900,Reims,PAYPAL,Sports,timestamp != 14 caracteres
TX0029572,U06949,P01534,M00274,0.0,20250318180147,Lille,BANK_TRANSFER,Toys,montant <= 0.0
TX0029622,U06747,P03892,M00310,500.74,202501291154,Marseille,BANK_TRANSFER,Home & Garden,timestamp != 14 caracteres
TX0029643,U08359,P00709,M00471,1361.56,,Angers,CARD,Automotive,timestamp != 14 caracteres | timestamp non numerique
TX0029683,U07834,P04283,M00129,-1.0,20241220210717,Marseille,CRYPTO,Food,montant <= 0.0
TX0029784,U01679,P02874,M00093,92.6,2024122922134500,Bordeaux,CRYPTO,Health,timestamp != 14 caracteres
TX0029907,U11790,P01352,M00447,-1.0,20241121192201,Toulouse,CRYPTO,Books,montant <= 0.0
TX0030105,U07395,P04939,M00313,37.05,202412141156,Paris,CARD,Food,timestamp != 14 caracteres
TX0030203,U06431,P01615,M00276,0.0,20240227132357,Rennes,BANK_TRANSFER,Clothing,montant <= 0.0
TX0030210,U01972,P00610,M00325,0.0,20250603200232,Toulon,CARD,Clothing,montant <= 0.0
TX0030315,U02457,P00871,M00206,-15.9,20251211230824,Toulouse,BANK_TRANSFER,Electronics,montant <= 0.0
TX0030354,U09310,P04350,M00222,85.8,2024122703212100,Lyon,CARD,Beauty,timestamp != 14 caracteres
TX0030355,U11490,P05949,M00396,0.0,20240702120427,Nice,PAYPAL,Books,montant <= 0.0
TX0030383,U00416,P04172,M00327,-15.9,20250405140848,Lyon,PAYPAL,Sports,montant <= 0.0
TX0030390,U11472,P01814,M00274,0.0,20250622012648,Le Havre,CARD,Toys,montant <= 0.0
TX0030474,U10614,P03905,M00374,-15.9,20240229162941,Lyon,CARD,Home & Garden,montant <= 0.0
TX0030657,U04280,P05091,M00286,-1.0,20250311092357,Paris,PAYPAL,Books,montant <= 0.0
TX0030684,U10185,P05498,M00424,0.0,20241106114704,Nantes,CARD,Food,montant <= 0.0
TX0030718,U09599,P00365,M00327,-230.5,20250702201234,Strasbourg,CARD,Sports,montant <= 0.0
TX0030827,U00372,P00742,M00138,0.0,20250211121853,Marseille,CARD,Toys,montant <= 0.0
TX0030832,U11590,P04231,M00504,0.0,20250616044248,Saint-Etienne,BANK_TRANSFER,Clothing,montant <= 0.0
TX0030852,U08163,P01950,M00026,0.0,20250715195844,Toulouse,CARD,Beauty,montant <= 0.0
TX0031016,U00503,P01732,M00043,-1.0,20241225190607,Rennes,,Toys,montant <= 0.0
TX0031057,U05350,P04883,M00544,0.0,20250429081119,Nice,CARD,Automotive,montant <= 0.0
TX0031113,U04987,P00236,M00404,0.0,20240131135959,Marseille,CASH,Beauty,montant <= 0.0
TX0031143,U09375,P00319,M00006,0.0,20251213122049,Strasbourg,CARD,Home & Garden,montant <= 0.0
TX0031170,U03634,P01947,M00428,-15.9,20240418213100,Nantes,PAYPAL,Home & Garden,montant <= 0.0
TX0031357,U07435,P00314,M00074,0.0,20240616072119,Lyon,PAYPAL,Clothing,montant <= 0.0
TX0031376,U11795,P05506,M00362,181.77,NA,Montpellier,PAYPAL,Sports,timestamp != 14 caracteres | timestamp non numerique
TX0031486,U06196,P00623,M00164,-1.0,,Marseille,PAYPAL,Clothing,montant <= 0.0 | timestamp != 14 caracteres | timestamp non numerique
TX0031614,U11582,P03531,M00095,206.53,202512231650,Paris,CARD,Health,timestamp != 14 caracteres
TX0031646,U09906,P03817,M00033,-15.9,20250529105346,Le Havre,CARD,Electronics,montant <= 0.0
TX0031697,U11271,P05736,M00115,6.45,,Strasbourg,CRYPTO,Health,timestamp != 14 caracteres | timestamp non numerique
TX0031826,U08061,P01509,M00410,-230.5,20250906222046,Rennes,CARD,Toys,montant <= 0.0
TX0031854,U03360,P03156,M00576,-230.5,20250408033200,Paris,PAYPAL,Books,montant <= 0.0
TX0031888,U10297,P04986,M00276,-15.9,20240106112309,Marseille,BANK_TRANSFER,Clothing,montant <= 0.0
TX0031934,U02706,P01256,M00253,46.12,NA,Nice,CARD,Health,timestamp != 14 caracteres | timestamp non numerique
TX0031984,U01811,P00475,M00290,0.0,20251203065911,Angers,BANK_TRANSFER,Health,montant <= 0.0
TX0031997,U01486,P01265,M00598,0.0,20240720143508,Paris,PAYPAL,Clothing,montant <= 0.0
TX0032153,U00943,P03105,M00275,-1.0,20250226113249,Toulon,PAYPAL,Sports,montant <= 0.0
TX0032173,U04472,P04073,M00211,-230.5,20240413193310,Rennes,CRYPTO,Food,montant <= 0.0
TX0032326,U06234,P01520,M00297,-15.9,20251031210202,Lyon,PAYPAL,Electronics,montant <= 0.0
TX0032392,U00064,P05000,M00377,-15.9,20240220115316,Angers,CARD,Clothing,montant <= 0.0
TX0032480,U03684,P04206,M00169,5.64,20240214,Nîmes,CASH,Books,timestamp != 14 caracteres
TX0032501,U08456,P02841,M00277,-15.9,20240622122030,Strasbourg,PAYPAL,Automotive,montant <= 0.0
TX0032646,U11094,P01520,M00297,0.0,20250401160847,Nantes,CRYPTO,Electronics,montant <= 0.0
TX0032815,U00970,P05500,M00514,132.97,202405011353,Lyon,PAYPAL,Health,timestamp != 14 caracteres
TX0032825,U03458,P04289,M00150,-230.5,20250512215456,Nice,BANK_TRANSFER,Toys,montant <= 0.0
TX0032830,U10290,P03625,M00273,1439.13,2024110213520200,Montpellier,CARD,Automotive,timestamp != 14 caracteres
TX0032864,U04134,P02277,M00012,0.0,20240624161401,Paris,BANK_TRANSFER,Toys,montant <= 0.0
TX0032956,U01763,P02861,M00586,229.18,20250130,Strasbourg,BANK_TRANSFER,Sports,timestamp != 14 caracteres
TX0033009,U02985,P05125,M00051,0.0,20241214215505,Marseille,BANK_TRANSFER,Toys,montant <= 0.0
TX0033123,U05660,P00431,M00284,-15.9,20240527120447,Nantes,CARD,Electronics,montant <= 0.0
TX0033180,U00314,P00929,M00112,2211.34,202406181558,Lille,PAYPAL,Electronics,timestamp != 14 caracteres
TX0033194,U08102,P04506,M00027,-15.9,20250312054110,Strasbourg,CARD,Beauty,montant <= 0.0
TX0033223,U10127,P04065,M00079,241.79,202409141607,Strasbourg,BANK_TRANSFER,Clothing,timestamp != 14 caracteres
TX0033271,U01323,P04043,M00503,-15.9,20251011111218,Toulouse,PAYPAL,Clothing,montant <= 0.0
TX0033301,U02794,P01376,M00335,1298.4,202505311047,Nantes,BANK_TRANSFER,Automotive,timestamp != 14 caracteres
TX0033327,U06598,P04017,M00597,-1.0,20240703162043,Marseille,CARD,Home & Garden,montant <= 0.0
TX0033372,U06315,P05947,M00423,-15.9,20240629091604,Toulon,BANK_TRANSFER,Home & Garden,montant <= 0.0
TX0033433,U08798,P01311,M00193,22.61,2025092916554500,Strasbourg,CARD,Toys,timestamp != 14 caracteres
TX0033510,U07886,P02330,M00086,5.6,20240517,Nantes,BANK_TRANSFER,Food,timestamp != 14 caracteres
TX0033543,U01018,P03113,M00500,-230.5,20240831140304,Saint-Etienne,CARD,Home & Garden,montant <= 0.0
TX0033574,U01482,P00692,M00009,48.68,,Paris,CARD,Health,timestamp != 14 caracteres | timestamp non numerique
TX0033609,U03587,P04196,M00160,-230.5,20250323111929,Dijon,CARD,Automotive,montant <= 0.0
TX0033705,U01838,P00646,M00205,-15.9,20241203135332,Montpellier,PAYPAL,Toys,montant <= 0.0
TX0033788,U04364,P04752,M00416,217.05,202409081150,Paris,CARD,Clothing,timestamp != 14 caracteres
TX0033988,U02553,P03663,M00082,-230.5,20251010202022,Reims,PAYPAL,Sports,montant <= 0.0
TX0034030,U06367,P00034,M00568,0.0,20250421193003,Saint-Etienne,BANK_TRANSFER,Automotive,montant <= 0.0
TX0034036,U02010,P00505,M00237,239.29,2024082212275700,Grenoble,BANK_TRANSFER,Clothing,timestamp != 14 caracteres
TX0034075,U11928,P03789,M00271,-230.5,20250216081328,Angers,CASH,Beauty,montant <= 0.0
TX0034103,U04085,P03584,M00036,-15.9,20240702212956,Lyon,CRYPTO,Sports,montant <= 0.0
TX0034225,U02969,P05283,M00323,-1.0,20240619170700,Rennes,CARD,Food,montant <= 0.0
TX0034237,U09374,P04692,M00001,18.99,202407120745,Nîmes,PAYPAL,Books,timestamp != 14 caracteres
TX0034337,U05425,P02046,M00196,36.57,,Nice,CASH,Automotive,timestamp != 14 caracteres | timestamp non numerique
TX0034358,U07536,P01846,M00152,0.0,20251122222445,Rennes,CASH,Beauty,montant <= 0.0
TX0034411,U04811,P02332,M00105,61.65,NA,Reims,BANK_TRANSFER,Food,timestamp != 14 caracteres | timestamp non numerique
TX0034488,U06358,P00048,M00089,48.06,202402241513,Toulouse,BANK_TRANSFER,Books,timestamp != 14 caracteres
TX0034491,U07674,P03014,M00317,0.0,20250507200444,Toulon,CRYPTO,Automotive,montant <= 0.0
TX0034493,U00297,P00884,M00368,37.46,NA,Paris,PAYPAL,Sports,timestamp != 14 caracteres | timestamp non numerique
TX0034557,U08742,P04738,M00074,0.0,20250110112600,Nice,CARD,Clothing,montant <= 0.0
TX0034688,U11239,P05682,M00051,-230.5,20250204175521,Le Havre,BANK_TRANSFER,Toys,montant <= 0.0
TX0034753,U10009,P05250,M00595,-1.0,20240227003447,Nice,CASH,Health,montant <= 0.0
TX0034918,U10798,P03223,M00483,-1.0,20240215035619,Saint-Etienne,CARD,Health,montant <= 0.0
TX0034963,U03914,P02209,M00076,-230.5,20250722170454,Lyon,CARD,Health,montant <= 0.0
TX0034970,U09928,P04555,M00519,3110.24,2025111912473600,Lille,CARD,Automotive,timestamp != 14 caracteres
TX0035110,U08918,P01271,M00059,110.64,NA,Marseille,PAYPAL,Automotive,timestamp != 14 caracteres | timestamp non numerique
TX0035131,U08229,P04033,M00162,-1.0,202401301518,Bordeaux,PAYPAL,Clothing,montant <= 0.0 | timestamp != 14 caracteres
TX0035154,U01303,P02545,M00054,-230.5,20240928195430,Angers,,Electronics,montant <= 0.0
TX0035252,U08511,P00894,M00067,93.33,20240818,Strasbourg,PAYPAL,Beauty,timestamp != 14 caracteres
TX0035297,U01657,P03616,M00003,13.87,NA,Nantes,BANK_TRANSFER,Health,timestamp != 14 caracteres | timestamp non numerique
TX0035303,U08170,P00322,M00142,-15.9,20240721084318,Lille,PAYPAL,Toys,montant <= 0.0
TX0035352,U08570,P04457,M00235,33.71,,Nîmes,CARD,Beauty,timestamp != 14 caracteres | timestamp non numerique
TX0035508,U07126,P01402,M00511,35.56,20250117,Nantes,BANK_TRANSFER,Books,timestamp != 14 caracteres
TX0035519,U06545,P03135,M00461,-230.5,20251117233655,Nice,PAYPAL,Sports,montant <= 0.0
TX0035582,U10632,P00128,M00517,-1.0,20240409141447,Bordeaux,CARD,Health,montant <= 0.0
TX0035689,U03406,P05418,M00597,-1.0,20241113064858,Bordeaux,BANK_TRANSFER,Home & Garden,montant <= 0.0
TX0035745,U01128,P04981,M00361,-230.5,20250127155543,Nantes,CARD,Health,montant <= 0.0
TX0035768,U03584,P05261,M00566,0.0,20250219190256,Lille,CASH,Electronics,montant <= 0.0
TX0035779,U07718,P00930,M00242,0.0,20240516093348,Lyon,PAYPAL,Sports,montant <= 0.0
TX0035850,U10476,P00049,M00212,-1.0,20240316113931,Reims,CRYPTO,Health,montant <= 0.0
TX0035905,U11665,P05753,M00580,228.32,NA,Le Havre,CARD,Clothing,timestamp != 14 caracteres | timestamp non numerique
TX0035988,U09158,P02670,M00174,73.37,202404171712,Marseille,CARD,Toys,timestamp != 14 caracteres
TX0035989,U00949,P00231,M00525,-1.0,20240613214931,Nice,BANK_TRANSFER,Automotive,montant <= 0.0
TX0036060,U01604,P00321,M00149,1148.98,202505191718,Lyon,CASH,Electronics,timestamp != 14 caracteres
TX0036085,U06932,P05271,M00590,119.33,20240614,Strasbourg,CASH,Health,timestamp != 14 caracteres
TX0036218,U04404,P04506,M00027,162.4,20240830,Nice,CARD,Beauty,timestamp != 14 caracteres
TX0036245,U03233,P04257,M00256,-15.9,20250228091407,Lille,PAYPAL,Health,montant <= 0.0
TX0036261,U01478,P00938,M00398,1214.09,NA,Strasbourg,BANK_TRANSFER,Automotive,timestamp != 14 caracteres | timestamp non numerique
TX0036279,U08596,P01374,M00472,0.0,20240715111303,Marseille,CRYPTO,Home & Garden,montant <= 0.0
TX0036491,U01357,P01600,M00474,-1.0,20240420164132,Strasbourg,CARD,Beauty,montant <= 0.0
TX0036572,U10607,P01505,M00035,-1.0,20240322164516,Lyon,BANK_TRANSFER,Sports,montant <= 0.0
TX0036690,U00253,P05011,M00228,0.0,20250508202057,Grenoble,CASH,Toys,montant <= 0.0
TX0036820,U90571,P05526,M00374,-15.9,20240802144332,Montpellier,CASH,Home & Garden,montant <= 0.0
TX0037001,U04904,P03080,M00172,59.35,20241126,Lille,CASH,Clothing,timestamp != 14 caracteres
TX0037093,U01044,P01555,M00324,77.39,202505211827,Marseille,BANK_TRANSFER,Food,timestamp != 14 caracteres
TX0037344,U02899,P01325,M00578,689.78,,Villeurbanne,BANK_TRANSFER,Home & Garden,timestamp != 14 caracteres | timestamp non numerique
TX0037547,U07252,P03491,M00368,0.0,20250131123329,Nice,PAYPAL,Sports,montant <= 0.0
TX0037670,U02809,P03544,M00138,-1.0,20240830134156,Paris,BANK_TRANSFER,Toys,montant <= 0.0
TX0037696,U03823,P01055,M00175,-1.0,20250311101509,Marseille,CRYPTO,Clothing,montant <= 0.0
TX0037723,U10978,P01812,M00461,4857.12,20240917,Bordeaux,CRYPTO,Sports,timestamp != 14 caracteres
TX0037842,U11651,P05498,M00424,27.46,NA,Villeurbanne,CARD,Food,timestamp != 14 caracteres | timestamp non numerique
TX0037862,U00163,P04927,M00163,-230.5,20250713072632,Toulouse,CASH,Books,montant <= 0.0
TX0038057,U07630,P03013,M00249,0.0,20250325190524,Dijon,BANK_TRANSFER,Beauty,montant <= 0.0
TX0038179,U10747,P04491,M00136,-1.0,20251031115527,Paris,BANK_TRANSFER,Food,montant <= 0.0
TX0038298,U00126,P01649,M00151,-1.0,20250705171642,Reims,BANK_TRANSFER,Home & Garden,montant <= 0.0
TX0038356,U08870,P03470,M00447,-15.9,20250820144756,Lyon,PAYPAL,Books,montant <= 0.0
TX0038441,U11209,P00554,M00368,458.84,202502260100,Angers,PAYPAL,Sports,timestamp != 14 caracteres
TX0038498,U11311,P01944,M00202,-15.9,20250216154639,Reims,BANK_TRANSFER,Toys,montant <= 0.0
TX0038601,U08388,P00901,M00506,36.4,202504031100,Reims,CASH,Books,timestamp != 14 caracteres
TX0038606,U01753,P05568,M00487,-15.9,20250112201125,Paris,BANK_TRANSFER,Food,montant <= 0.0
TX0038683,U00478,P03797,M00502,-15.9,20240903230038,Paris,PAYPAL,Automotive,montant <= 0.0
TX0038838,U03762,P02380,M00278,277.85,20251128,Marseille,PAYPAL,Clothing,timestamp != 14 caracteres
TX0038896,U05196,P05731,M00193,328.22,20240910,Paris,BANK_TRANSFER,Toys,timestamp != 14 caracteres
TX0038961,U10849,P01564,M00485,-15.9,20240614115848,Lyon,BANK_TRANSFER,Beauty,montant <= 0.0
TX0039167,U01560,P05701,M00220,359.99,202409041510,Marseille,PAYPAL,Sports,timestamp != 14 caracteres
TX0039330,U00862,P04596,M00539,-15.9,20250829084300,Paris,CARD,Automotive,montant <= 0.0
TX0039723,U10029,P02038,M00258,0.0,20251107123957,Paris,CARD,Electronics,montant <= 0.0
TX0039857,U00365,P03415,M00101,1266.26,2025010413090800,Lyon,CARD,Automotive,timestamp != 14 caracteres
TX0039885,U00748,P02442,M00441,-15.9,20240301010830,Bordeaux,CARD,Automotive,montant <= 0.0
TX0039967,U02508,P01560,M00440,-230.5,20251031194939,Nice,CRYPTO,Clothing,montant <= 0.0
TX0039971,U09051,P03379,M00313,-1.0,20240513195911,Montpellier,PAYPAL,Food,montant <= 0.0
TX0040044,U10643,P03797,M00502,-230.5,20250507134422,Saint-Etienne,CARD,Automotive,montant <= 0.0
TX0040045,U05328,P04356,M00208,-230.5,20250113074429,Toulouse,CARD,Toys,montant <= 0.0
TX0040046,U07645,P03235,M00468,101.71,,Marseille,CARD,Clothing,timestamp != 14 caracteres | timestamp non numerique
TX0040128,U02457,P05129,M00561,-230.5,20250806034444,Toulouse,BANK_TRANSFER,Home & Garden,montant <= 0.0
TX0040143,U07916,P05087,M00153,0.0,20241017202606,Lyon,CARD,Books,montant <= 0.0
TX0040294,U01999,P01590,M00387,49.08,20250309,Montpellier,CASH,Automotive,timestamp != 14 caracteres
TX0040327,U11004,P03441,M00195,-1.0,20240310213257,Montpellier,BANK_TRANSFER,Sports,montant <= 0.0
TX0040368,U09964,P03674,M00219,-1.0,20250627083129,Lyon,CASH,Books,montant <= 0.0
TX0040391,U02536,P05355,M00211,-1.0,20241221173521,Toulouse,CARD,Food,montant <= 0.0
TX0040473,U07456,P05791,M00419,1288.84,2024072618481500,Nantes,PAYPAL,Automotive,timestamp != 14 caracteres
TX0040493,U07390,P02014,M00516,15.58,,Toulouse,PAYPAL,Toys,timestamp != 14 caracteres | timestamp non numerique
TX0040584,U03678,P02740,M00465,-15.9,20250519125743,Montpellier,BANK_TRANSFER,Clothing,montant <= 0.0
TX0040595,U05768,P02575,M00260,19.59,,Toulouse,CASH,Clothing,timestamp != 14 caracteres | timestamp non numerique
TX0040662,U08406,P02839,M00585,135.07,20250624,Marseille,CARD,Clothing,timestamp != 14 caracteres
TX0040772,U04677,P01031,M00553,0.0,20250707214621,Strasbourg,CARD,Clothing,montant <= 0.0
TX0040774,U06196,P00645,M00446,0.0,20240918074956,Marseille,CRYPTO,Home & Garden,montant <= 0.0
TX0041212,U02980,P00880,M00330,0.0,20240713212628,Paris,CASH,Books,montant <= 0.0
TX0041237,U04297,P02549,M00178,167.57,20240331,Paris,CARD,Health,timestamp != 14 caracteres
TX0041496,U00882,P01617,M00037,-230.5,20250617171312,Lille,CARD,Books,montant <= 0.0
TX0041668,U01871,P03257,M00212,165.99,2025050511495300,Bordeaux,PAYPAL,Health,timestamp != 14 caracteres
TX0041739,U08530,P00529,M00141,51.84,,Nantes,CARD,Food,timestamp != 14 caracteres | timestamp non numerique
TX0041836,U01003,P04079,M00592,0.0,20250226154213,Paris,BANK_TRANSFER,Electronics,montant <= 0.0
TX0042066,U10470,P03818,M00181,338.69,20241213,Toulouse,CARD,Sports,timestamp != 14 caracteres
TX0042067,U06214,P02310,M00498,555.92,202501131704,Paris,PAYPAL,Sports,timestamp != 14 caracteres
TX0042108,U05797,P01135,M00270,-15.9,20240902163411,Toulouse,CASH,Clothing,montant <= 0.0
TX0042120,U04107,P02466,M00082,0.0,20241229084649,Nice,PAYPAL,Sports,montant <= 0.0
TX0042285,U02611,P03768,M00336,1586.17,20240215,Paris,CARD,Electronics,timestamp != 14 caracteres
TX0042383,U07587,P04865,M00051,-15.9,20241226175738,Marseille,PAYPAL,Toys,montant <= 0.0
TX0042552,U04941,P02585,M00204,0.0,20250421112322,Saint-Etienne,BANK_TRANSFER,Electronics,montant <= 0.0
TX0042603,U09611,P05877,M00324,0.0,20241023094729,Dijon,CARD,Food,montant <= 0.0
TX0042628,U04415,P03383,M00151,0.0,20250911170204,Toulouse,CASH,Home & Garden,montant <= 0.0
TX0042767,U04722,P01027,M00320,394.34,2025052723001200,Paris,PAYPAL,Health,timestamp != 14 caracteres
TX0042967,U01762,P05005,M00092,0.0,20240906105611,Nice,CASH,Sports,montant <= 0.0
TX0043036,U03980,P00381,M00197,0.0,20251205181544,Strasbourg,CASH,Electronics,montant <= 0.0
TX0043045,U10704,P04546,M00426,76.16,2025021718432000,Rennes,CARD,Beauty,timestamp != 14 caracteres
TX0043103,U09090,P03407,M00027,-1.0,20250307135411,Marseille,BANK_TRANSFER,Beauty,montant <= 0.0
TX0043238,U03668,P00866,M00186,0.0,20250306204410,Toulouse,CARD,Beauty,montant <= 0.0
TX0043324,U09604,P04507,M00166,344.39,NA,Paris,CASH,Electronics,timestamp != 14 caracteres | timestamp non numerique
TX0043457,U04102,P02754,M00377,-1.0,20241122160312,Le Havre,PAYPAL,Clothing,montant <= 0.0
TX0043467,U01566,P03324,M00349,0.0,20240924130336,Strasbourg,CARD,Toys,montant <= 0.0
TX0043503,U03947,P01295,M00514,52.96,NA,Lille,CASH,Health,timestamp != 14 caracteres | timestamp non numerique
TX0043508,U00449,P04832,M00180,-15.9,20240124191325,Villeurbanne,CARD,Toys,montant <= 0.0
TX0043516,U10763,P01990,M00042,-230.5,20240927140751,Strasbourg,BANK_TRANSFER,Automotive,montant <= 0.0
TX0043623,U11397,P02363,M00258,2209.41,20251203,Marseille,CASH,Electronics,timestamp != 14 caracteres
TX0043665,U01404,P02075,M00008,463.11,2025030217415500,Paris,CASH,Sports,timestamp != 14 caracteres
TX0043743,U11334,P01845,M00400,6.93,NA,Villeurbanne,PAYPAL,Books,timestamp != 14 caracteres | timestamp non numerique
TX0043781,U03298,P02072,M00433,3323.31,NA,Lille,PAYPAL,Automotive,timestamp != 14 caracteres | timestamp non numerique
TX0043922,U10034,P05325,M00232,26.84,NA,Montpellier,CARD,Books,timestamp != 14 caracteres | timestamp non numerique
TX0043977,U07119,P04259,M00310,794.91,,Paris,BANK_TRANSFER,Home & Garden,timestamp != 14 caracteres | timestamp non numerique
TX0043999,U02333,P05302,M00221,27.06,,Nice,PAYPAL,Food,timestamp != 14 caracteres | timestamp non numerique
TX0044091,U09035,P05082,M00398,-1.0,20250504111414,Nice,PAYPAL,Automotive,montant <= 0.0
TX0044094,U07615,P00835,M00174,85.38,202402201505,Dijon,CARD,Toys,timestamp != 14 caracteres
TX0044198,U09611,P99868,M00313,-230.5,20240809135310,Marseille,CRYPTO,Food,montant <= 0.0
TX0044255,U02797,P02620,M00507,615.81,202409050914,Paris,PAYPAL,Electronics,timestamp != 14 caracteres
TX0044406,U06103,P01436,M00171,-230.5,20250709180445,Montpellier,CRYPTO,Beauty,montant <= 0.0
TX0044460,U10045,P02774,M00424,0.0,20251115172357,Reims,PAYPAL,Food,montant <= 0.0
TX0044462,U05384,P04154,M00321,124.94,,Lyon,PAYPAL,Food,timestamp != 14 caracteres | timestamp non numerique
TX0044551,U10310,P02396,M00380,81.81,20250313,Marseille,CASH,Food,timestamp != 14 caracteres
TX0044967,U09291,P04257,M00256,-230.5,20250315202724,Lille,CARD,Health,montant <= 0.0
TX0045136,U08196,P01639,M00477,5.96,202408081540,Toulouse,CARD,Toys,timestamp != 14 caracteres
TX0045180,U02923,P01965,M00588,266.97,202505241021,Saint-Etienne,BANK_TRANSFER,Clothing,timestamp != 14 caracteres
TX0045290,U09181,P00008,M00508,0.0,20240828014900,Strasbourg,CARD,Automotive,montant <= 0.0
TX0045343,U03921,P02474,M00399,108.71,NA,Le Havre,PAYPAL,Beauty,timestamp != 14 caracteres | timestamp non numerique
TX0045572,U03559,P03386,M00528,27.09,2024110423183200,Reims,CASH,Toys,timestamp != 14 caracteres
TX0045600,U03495,P01280,M00230,14.35,2025060710510900,Strasbourg,CARD,Health,timestamp != 14 caracteres
TX0045611,U08392,P00504,M00448,0.0,20251109094452,Paris,CARD,Electronics,montant <= 0.0
TX0045753,U03910,P02194,M98074,76.6,,Paris,CASH,Sports,timestamp != 14 caracteres | timestamp non numerique
TX0045789,U08984,P04127,M00330,-230.5,20240420201202,Bordeaux,BANK_TRANSFER,Books,montant <= 0.0
TX0045827,U00219,P03940,M00561,380.48,,Lille,PAYPAL,Home & Garden,timestamp != 14 caracteres | timestamp non numerique
TX0045832,U10320,P03536,M00527,33.78,20250215,Lyon,PAYPAL,Toys,timestamp != 14 caracteres
TX0045853,U02196,P04399,M00258,82.8,202510161733,Paris,CASH,Electronics,timestamp != 14 caracteres
TX0045863,U01372,P05230,M00171,-15.9,20240515183125,Toulouse,PAYPAL,Beauty,montant <= 0.0
TX0045932,U04131,P05665,M00390,0.0,20250114174205,Paris,CARD,Automotive,montant <= 0.0
TX0045936,U09454,P01115,M00323,0.0,20251207184300,Lyon,PAYPAL,Food,montant <= 0.0
TX0045972,U02017,P05057,M00144,-1.0,20251116231110,Bordeaux,PAYPAL,Health,montant <= 0.0
TX0045991,U02556,P02882,M00300,0.0,20250621221804,Lyon,CASH,Food,montant <= 0.0
TX0046069,U02853,P00684,M00327,640.36,20240519,Toulouse,CRYPTO,Sports,timestamp != 14 caracteres
TX0046127,U05593,P00511,M00219,-15.9,20240904114243,Grenoble,CARD,Books,montant <= 0.0
TX0046227,U04028,P04966,M00384,-15.9,20250609065957,Le Havre,PAYPAL,Clothing,montant <= 0.0
TX0046280,U07457,P00240,M00262,1110.25,NA,Montpellier,CRYPTO,Electronics,timestamp != 14 caracteres | timestamp non numerique
TX0046398,U00726,P00270,M00088,-15.9,20250718122310,Marseille,CARD,Food,montant <= 0.0
TX0046468,U02150,P03062,M00390,-15.9,20251115193854,Paris,CASH,Automotive,montant <= 0.0
TX0046489,U06013,P05230,M00171,-1.0,20250222161118,Paris,CASH,Beauty,montant <= 0.0
TX0046526,U03707,P04653,M00082,0.0,20251127185308,Paris,CASH,Sports,montant <= 0.0
TX0046573,U08902,P02096,M00545,0.0,20240213072217,Reims,CARD,Electronics,montant <= 0.0
TX0046586,U04615,P04954,M00099,-15.9,20240704190023,Dijon,CARD,Automotive,montant <= 0.0
TX0046606,U10447,P02838,M00235,40.22,NA,Paris,PAYPAL,Beauty,timestamp != 14 caracteres | timestamp non numerique
TX0046616,U02789,P00898,M00417,418.18,,Le Havre,BANK_TRANSFER,Sports,timestamp != 14 caracteres | timestamp non numerique
TX0046661,U01018,P01127,M00126,14.56,NA,Saint-Etienne,CARD,Food,timestamp != 14 caracteres | timestamp non numerique
TX0046719,U03168,P01666,M00324,104.45,20250328,Montpellier,CARD,Food,timestamp != 14 caracteres
TX0046917,U02857,P04102,M00255,972.02,202509150358,Paris,PAYPAL,Automotive,timestamp != 14 caracteres
TX0047016,U07196,P05772,M00450,-230.5,20240421131535,Lyon,CARD,Clothing,montant <= 0.0
TX0047023,U09846,P04440,M00560,-15.9,20251201154123,Montpellier,CASH,Health,montant <= 0.0
TX0047072,U04560,P03046,M00559,-15.9,20251111135619,Dijon,CARD,Electronics,montant <= 0.0
TX0047330,U01795,P00858,M00010,94.41,NA,Reims,CASH,Health,timestamp != 14 caracteres | timestamp non numerique
TX0047363,U09164,P04866,M00006,-15.9,20250710160653,Grenoble,CARD,Home & Garden,montant <= 0.0
TX0047379,U04729,P03254,M00456,0.0,20251206110521,Nice,CARD,Automotive,montant <= 0.0
TX0047381,U02921,P02803,M00226,0.0,20240618175824,Nantes,CARD,Books,montant <= 0.0
TX0047523,U03763,P00340,M00248,132.58,20241203,Paris,CASH,Clothing,timestamp != 14 caracteres
TX0047533,U11511,P04000,M00116,-230.5,20241116191528,Lille,PAYPAL,Health,montant <= 0.0
TX0047548,U09620,P04196,M00160,-230.5,20241121033449,Lille,PAYPAL,Automotive,montant <= 0.0
TX0047577,U07541,P03506,M00412,195.9,,Villeurbanne,CARD,Health,timestamp != 14 caracteres | timestamp non numerique
TX0047703,U04546,P05578,M00076,-230.5,20241118022013,Nîmes,CARD,Health,montant <= 0.0
TX0047941,U00088,P01299,M00318,331.57,20240225,Nîmes,CARD,Health,timestamp != 14 caracteres
TX0047953,U10501,P05298,M00131,63.69,,Reims,CARD,Beauty,timestamp != 14 caracteres | timestamp non numerique
TX0048030,U11376,P01799,M00324,52.25,20240411,Dijon,PAYPAL,Food,timestamp != 14 caracteres
TX0048048,U02995,P02030,M00384,-15.9,20250626013010,Nîmes,CARD,Clothing,montant <= 0.0
TX0048105,U02150,P05337,M00143,-230.5,20251113070930,Paris,PAYPAL,Automotive,montant <= 0.0
TX0048234,U02539,P04109,M00461,0.0,20240413130627,Rennes,CRYPTO,Sports,montant <= 0.0
TX0048342,U07937,P02682,M00008,-1.0,20250111094643,Montpellier,PAYPAL,Sports,montant <= 0.0
TX0048462,U10124,P04082,M00408,130.62,NA,Lyon,CASH,Toys,timestamp != 14 caracteres | timestamp non numerique
TX0048466,U06622,P00123,M00245,0.0,20240223103106,Paris,CARD,Food,montant <= 0.0
TX0048666,U10111,P05697,M00444,89.02,,Paris,CASH,Automotive,timestamp != 14 caracteres | timestamp non numerique
TX0048745,U00075,P01809,M00526,765.76,20251214,Rennes,CASH,Automotive,timestamp != 14 caracteres
TX0049007,U10925,P01217,M00513,0.0,20241125094219,Paris,CARD,Home & Garden,montant <= 0.0
TX0049055,U08333,P05500,M00514,-1.0,20240908132523,Montpellier,CARD,Health,montant <= 0.0
TX0049060,U00792,P04041,M00107,0.0,20240502110148,Dijon,BANK_TRANSFER,Books,montant <= 0.0
TX0049094,U05375,P00627,M00120,-230.5,20240310104722,Nîmes,BANK_TRANSFER,Food,montant <= 0.0
TX0049186,U10798,P00182,M00535,0.0,20241212075900,Saint-Etienne,BANK_TRANSFER,Health,montant <= 0.0
TX0049193,U08475,P00234,M00103,-230.5,20240408163632,Lille,BANK_TRANSFER,Health,montant <= 0.0
TX0049311,U04034,P03422,M00406,-1.0,20250110145138,Angers,PAYPAL,Home & Garden,montant <= 0.0
TX0049419,U08172,P05512,M00013,-1.0,20250620160115,Rennes,CASH,Clothing,montant <= 0.0
TX0049560,U09095,P03047,M00106,80.09,202410231132,Marseille,BANK_TRANSFER,Health,timestamp != 14 caracteres
TX0049570,U06316,P01212,M00274,161.54,202503290833,Toulouse,PAYPAL,Toys,timestamp != 14 caracteres
TX0049697,U03177,P00264,M00277,-1.0,20251105092834,Lyon,PAYPAL,Automotive,montant <= 0.0
TX0049705,U00039,P03651,M00188,0.0,20241226055840,Lille,PAYPAL,Health,montant <= 0.0
TX0049858,U11655,P04802,M00428,-15.9,20250201132139,Strasbourg,BANK_TRANSFER,Home & Garden,montant <= 0.0
TX0049877,U03346,P03198,M00190,-1.0,20240530011431,Nîmes,CRYPTO,Automotive,montant <= 0.0
TX0049929,U07397,P03828,M00346,46.65,,Strasbourg,BANK_TRANSFER,Toys,timestamp != 14 caracteres | timestamp non numerique
TX0049944,U00594,P03077,M00262,-230.5,20240210083453,Nantes,CRYPTO,Electronics,montant <= 0.0
TX0049948,U11623,P01482,M00536,-230.5,20250709101301,Paris,CARD,Food,montant <= 0.0
TX0049958,U05563,P03470,M00447,47.52,NA,Nîmes,PAYPAL,Books,timestamp != 14 caracteres | timestamp non numerique
TX0050060,U06254,P01794,M00542,145.05,,Paris,CARD,Toys,timestamp != 14 caracteres | timestamp non numerique
TX0050128,U11021,P00813,M00050,0.0,20251103055344,Lille,PAYPAL,Beauty,montant <= 0.0
TX0050158,U02931,P02214,M00030,53.49,,Villeurbanne,CASH,Food,timestamp != 14 caracteres | timestamp non numerique
TX0050206,U10115,P05902,M00105,-230.5,20250903005136,Grenoble,CASH,Food,montant <= 0.0
TX0050233,U02734,P04165,M00437,2412.22,NA,Strasbourg,CRYPTO,Health,timestamp != 14 caracteres | timestamp non numerique
TX0050247,U00550,P04944,M00488,85.92,202511191015,Marseille,PAYPAL,Home & Garden,timestamp != 14 caracteres
TX0050372,U01701,P01402,M00511,-1.0,20241020164212,Paris,CASH,Books,montant <= 0.0
TX0050385,U09666,P03070,M00126,-15.9,20250415172342,Strasbourg,BANK_TRANSFER,Food,montant <= 0.0
TX0050522,U04680,P03391,M00225,-15.9,20250321215710,Marseille,CRYPTO,Electronics,montant <= 0.0
TX0050532,U05926,P01979,M00434,534.16,2024042807320300,Nantes,PAYPAL,Clothing,timestamp != 14 caracteres
TX0050549,U00655,P00169,M00584,-230.5,20240812184656,Paris,PAYPAL,Electronics,montant <= 0.0
TX0050674,U04487,P01337,M00344,-230.5,20250930201411,Paris,CARD,Beauty,montant <= 0.0
TX0050697,U05288,P04485,M00299,24.36,NA,Bordeaux,CRYPTO,Books,timestamp != 14 caracteres | timestamp non numerique
TX0050799,U00938,P04295,M00368,0.0,20250605113939,Toulon,PAYPAL,Sports,montant <= 0.0
TX0050915,U03592,P03465,M00093,-15.9,20241118212937,Paris,CASH,Health,montant <= 0.0
TX0051058,U08205,P00573,M00506,0.0,20240425191816,Rennes,PAYPAL,Books,montant <= 0.0
TX0051281,U07083,P05067,M00420,304.37,2024051520251500,Paris,PAYPAL,Home & Garden,timestamp != 14 caracteres
TX0051325,U05949,P00360,M00052,0.0,20251006202132,Reims,PAYPAL,Food,montant <= 0.0
TX0051423,U04179,P02171,M00160,476.72,NA,Toulon,CARD,Automotive,timestamp != 14 caracteres | timestamp non numerique
TX0051505,U01917,P02545,M00054,789.3,NA,Toulouse,BANK_TRANSFER,Electronics,timestamp != 14 caracteres | timestamp non numerique
TX0051542,U09382,P04567,M00154,-1.0,20250903164701,Saint-Etienne,CARD,Health,montant <= 0.0
TX0051665,U04392,P05090,M00093,-15.9,20251103141801,Montpellier,CARD,Health,montant <= 0.0
TX0051754,U08836,P04867,M00191,966.71,NA,Paris,CASH,Automotive,timestamp != 14 caracteres | timestamp non numerique
TX0051843,U03211,P00113,M00357,51.92,NA,Lyon,CARD,Electronics,timestamp != 14 caracteres | timestamp non numerique
TX0051856,U05652,P05223,M00242,-230.5,20240415011942,Paris,CARD,Sports,montant <= 0.0
TX0052151,U06598,P00052,M00431,155.74,202407071611,Marseille,PAYPAL,Beauty,timestamp != 14 caracteres
TX0052198,U00449,P01379,M00117,146.32,,Villeurbanne,CASH,Toys,timestamp != 14 caracteres | timestamp non numerique
TX0052279,U07356,P00578,M00439,-1.0,20241130201301,Bordeaux,CASH,Toys,montant <= 0.0
TX0052287,U09004,P05028,M00371,-15.9,20250808152545,Villeurbanne,BANK_TRANSFER,Health,montant <= 0.0
TX0052756,U01408,P05074,M00424,-1.0,20250903132349,Toulouse,PAYPAL,Food,montant <= 0.0
TX0053108,U08009,P03275,M00383,1020.88,202406210947,Paris,PAYPAL,Sports,timestamp != 14 caracteres
TX0053155,U04826,P05235,M00420,0.0,20250311105013,Angers,BANK_TRANSFER,Home & Garden,montant <= 0.0
TX0053211,U07739,P01766,M00497,0.0,20241218215939,Nîmes,BANK_TRANSFER,Sports,montant <= 0.0
TX0053213,U02062,P02912,M00220,-1.0,20241021080226,Reims,BANK_TRANSFER,Sports,montant <= 0.0
TX0053266,U08993,P02917,M00187,-230.5,20241026134312,Montpellier,BANK_TRANSFER,Health,montant <= 0.0
TX0053484,U02026,P03001,M00075,0.0,20250712174046,Lyon,CARD,Health,montant <= 0.0
TX0053552,U07217,P00961,M00337,-1.0,20240929120030,Lille,CARD,Home & Garden,montant <= 0.0
TX0053627,U11645,P00932,M00572,-1.0,20250918202529,Nîmes,BANK_TRANSFER,Home & Garden,montant <= 0.0
TX0053715,U05615,P05910,M00519,-1.0,20250615182802,Grenoble,CASH,Automotive,montant <= 0.0
TX0053778,U08425,P00476,M00447,-230.5,20250923,Nantes,CARD,Books,montant <= 0.0 | timestamp != 14 caracteres
TX0053810,U07524,P04283,M00129,-15.9,20241017200524,Paris,PAYPAL,Food,montant <= 0.0
TX0054005,U11922,P01255,M00480,-15.9,20240105063630,Toulouse,PAYPAL,Clothing,montant <= 0.0
TX0054068,U00381,P05403,M00356,429.87,2024033009373200,Lyon,CARD,Sports,timestamp != 14 caracteres
TX0054124,U05196,P04826,M00505,-1.0,20240530223316,Paris,CRYPTO,Automotive,montant <= 0.0
TX0054181,U08612,P02508,M00390,-15.9,20240208004925,Paris,CARD,Automotive,montant <= 0.0
TX0054238,U10991,P01494,M00251,-230.5,20241019121839,Paris,BANK_TRANSFER,Automotive,montant <= 0.0
TX0054286,U08145,P00138,M00058,-230.5,20250615073820,Paris,CARD,Health,montant <= 0.0
TX0054289,U04141,P05650,M00170,0.0,20250515215650,Villeurbanne,CARD,Electronics,montant <= 0.0
TX0054379,U05596,P03346,M00235,0.0,20251012110906,Villeurbanne,PAYPAL,Beauty,montant <= 0.0
TX0054384,U90196,P04980,M00112,-15.9,20250521143309,Nice,BANK_TRANSFER,Electronics,montant <= 0.0
TX0054404,U06039,P02969,M00176,53.1,20241201,Saint-Etienne,BANK_TRANSFER,Toys,timestamp != 14 caracteres
TX0054425,U00258,P02933,M00458,0.0,20240701170526,Dijon,CARD,Home & Garden,montant <= 0.0
TX0054468,U01036,P04715,M00090,60.08,NA,Paris,BANK_TRANSFER,Books,timestamp != 14 caracteres | timestamp non numerique
TX0054624,U06951,P02142,M00367,-230.5,20250518085501,Marseille,CARD,Electronics,montant <= 0.0
TX0054628,U07937,P02249,M00082,132.89,20250817,Montpellier,PAYPAL,Sports,timestamp != 14 caracteres
TX0054653,U10059,P01824,M00195,-1.0,20250524155739,Rennes,PAYPAL,Sports,montant <= 0.0
TX0054798,U06222,P00403,M00374,217.82,20240616,Marseille,CASH,Home & Garden,timestamp != 14 caracteres
TX0054827,U08175,P04710,M00146,-230.5,20241113180101,Rennes,BANK_TRANSFER,Sports,montant <= 0.0
TX0054897,U03362,P05024,M00560,46.96,NA,Paris,CASH,Health,timestamp != 14 caracteres | timestamp non numerique
TX0054928,U06042,P01185,M00128,125.86,NA,Marseille,CARD,Food,timestamp != 14 caracteres | timestamp non numerique
TX0054942,U06211,P01662,M00287,-15.9,20240104141634,Toulon,CASH,Food,montant <= 0.0
TX0055101,U09835,P03035,M00198,-1.0,20240507154757,Nice,CASH,Sports,montant <= 0.0
TX0055121,U01522,P00556,M00353,-1.0,20241111083241,Villeurbanne,CARD,Toys,montant <= 0.0
TX0055142,U07881,P04957,M00484,0.0,20240721203419,Lille,CARD,Home & Garden,montant <= 0.0
TX0055178,U03237,P02816,M00333,77.97,,Lyon,CARD,Toys,timestamp != 14 caracteres | timestamp non numerique
TX0055231,U04229,P02165,M00368,186.62,,Nice,BANK_TRANSFER,Sports,timestamp != 14 caracteres | timestamp non numerique
TX0055247,U01706,P00942,M00325,0.0,20250101174714,Toulouse,CASH,Clothing,montant <= 0.0
TX0055522,U11539,P03473,M00234,-1.0,20250821001512,Paris,CARD,Food,montant <= 0.0
TX0055654,U06433,P05556,M00234,-1.0,20240303135542,Toulouse,PAYPAL,Food,montant <= 0.0
TX0055677,U10410,P04729,M00025,0.0,20241102174705,Grenoble,BANK_TRANSFER,Food,montant <= 0.0
TX0055704,U08944,P04230,M00484,711.66,,Villeurbanne,BANK_TRANSFER,Home & Garden,timestamp != 14 caracteres | timestamp non numerique
TX0055708,U09439,P05291,M00529,-1.0,20241118042134,Montpellier,CRYPTO,Electronics,montant <= 0.0
TX0055758,U10363,P03241,M00121,-230.5,20240522153355,Paris,CARD,Automotive,montant <= 0.0
TX0055818,U00229,P04558,M00036,-230.5,20250804222018,Paris,CRYPTO,Sports,montant <= 0.0
TX0055819,U05133,P01239,M00593,-230.5,20241205151430,Montpellier,CARD,Electronics,montant <= 0.0
TX0055835,U05862,P04266,M00337,-1.0,20240922202742,Lyon,CASH,Home & Garden,montant <= 0.0
TX0055922,U01353,P04411,M00388,-15.9,20250327185728,Toulouse,CARD,Home & Garden,montant <= 0.0
TX0056011,U08879,P03890,M00049,344.7,202405120550,Paris,CARD,Sports,timestamp != 14 caracteres
TX0056193,U06374,P02326,M00067,-1.0,20240811193319,Bordeaux,CASH,Beauty,montant <= 0.0
TX0056289,U08820,P04244,M00311,100.03,,Marseille,CARD,Beauty,timestamp != 14 caracteres | timestamp non numerique
TX0056308,U03626,P05846,M00242,0.0,20240616153527,Le Havre,BANK_TRANSFER,Sports,montant <= 0.0
TX0056366,U07923,P02516,M00431,0.0,20250519200830,Le Havre,PAYPAL,Beauty,montant <= 0.0
TX0056403,U01618,P01558,M00057,-15.9,20250502205126,Saint-Etienne,PAYPAL,Sports,montant <= 0.0
TX0056461,U10812,P01975,M00364,89.78,202403061836,Grenoble,BANK_TRANSFER,Sports,timestamp != 14 caracteres
TX0056514,U03510,P02455,M00042,-230.5,20240618115929,Saint-Etienne,CASH,Automotive,montant <= 0.0
TX0056639,U03922,P05214,M00239,-15.9,20250108134148,Lyon,CARD,Beauty,montant <= 0.0
TX0056707,U07422,P01988,M00319,0.0,20240614220636,Saint-Etienne,CARD,Books,montant <= 0.0
TX0056755,U04863,P05579,M00199,-230.5,20240503133201,Toulouse,CARD,Electronics,montant <= 0.0
TX0056765,U03398,P00566,M00238,0.0,20250304223619,Le Havre,CARD,Books,montant <= 0.0
TX0056876,U02635,P05467,M00052,0.0,20241018115719,Marseille,BANK_TRANSFER,Food,montant <= 0.0
TX0056908,U05563,P03527,M00330,-15.9,20251206203106,Nîmes,CASH,Books,montant <= 0.0
TX0057005,U05920,P02361,M00283,0.0,20240314140800,Bordeaux,BANK_TRANSFER,Home & Garden,montant <= 0.0
TX0057158,U11874,P04928,M00362,144.34,,Nantes,CARD,Sports,timestamp != 14 caracteres | timestamp non numerique
TX0057243,U01656,P00236,M00404,0.0,20240522132814,Lyon,PAYPAL,Beauty,montant <= 0.0
TX0057275,U09806,P04965,M00447,-15.9,20250601173451,Paris,CASH,Books,montant <= 0.0
TX0057355,U01433,P00251,M00078,-230.5,20241226101457,Strasbourg,PAYPAL,Automotive,montant <= 0.0
TX0057356,U03240,P01525,M00556,-1.0,20250214155517,Lille,CARD,Electronics,montant <= 0.0
TX0057430,U09009,P02350,M00198,0.0,20251116163118,Paris,PAYPAL,Sports,montant <= 0.0
TX0057440,U07574,P03696,M00457,-1.0,20240516154759,Lille,PAYPAL,Toys,montant <= 0.0
TX0057484,U10040,P03932,M00398,-230.5,20240623034740,Nîmes,PAYPAL,Automotive,montant <= 0.0
TX0057493,U05618,P02431,M00074,0.0,20240509170950,Toulon,PAYPAL,Clothing,montant <= 0.0
TX0057510,U07861,P02938,M00142,-230.5,20250331150506,Toulouse,CARD,Toys,montant <= 0.0
TX0057619,U03239,P00799,M00386,18.78,2024062711345100,Lille,PAYPAL,Books,timestamp != 14 caracteres
TX0057649,U08990,P02332,M00105,66.08,202501110929,Toulouse,BANK_TRANSFER,Food,timestamp != 14 caracteres
TX0057684,U06359,P01182,M00043,0.0,20241006052846,Saint-Etienne,PAYPAL,Toys,montant <= 0.0
TX0057731,U09848,P04425,M00246,141.6,,Strasbourg,PAYPAL,Toys,timestamp != 14 caracteres | timestamp non numerique
TX0057778,U05962,P01761,M00161,-1.0,20240725095839,Montpellier,CRYPTO,Beauty,montant <= 0.0
TX0057804,U04106,P00181,M00493,-1.0,20250309221559,Toulon,CARD,Health,montant <= 0.0
TX0057809,U09174,P00623,M00164,0.0,20241018192418,Marseille,CARD,Clothing,montant <= 0.0
TX0057826,U06734,P02368,M00033,76.32,2024120117171600,Paris,CARD,Electronics,timestamp != 14 caracteres
TX0057895,U00442,P04928,M00362,-15.9,20240622204600,Strasbourg,CARD,Sports,montant <= 0.0
TX0057991,U11672,P00343,M00458,0.0,20241128171048,Marseille,PAYPAL,Home & Garden,montant <= 0.0
TX0058069,U11096,P03329,M00096,65.02,202508161201,Montpellier,PAYPAL,Clothing,timestamp != 14 caracteres
TX0058120,U07327,P02490,M00588,211.19,20250107,Nantes,CASH,Clothing,timestamp != 14 caracteres
TX0058346,U11917,P00360,M00052,-230.5,20251104125653,Marseille,PAYPAL,Food,montant <= 0.0
TX0058400,U02575,P00853,M00069,-1.0,20251022093956,Paris,PAYPAL,Home & Garden,montant <= 0.0
TX0058458,U04046,P01899,M00053,17.29,2025110207471500,Bordeaux,PAYPAL,Books,timestamp != 14 caracteres
TX0058512,U11734,P03400,M00521,-230.5,20250224103428,Lille,BANK_TRANSFER,Health,montant <= 0.0
TX0058747,U06614,P00850,M00175,0.0,20241113193214,Rennes,CARD,Clothing,montant <= 0.0
TX0058903,U02225,P05354,M00056,73.26,202507251946,Paris,CARD,Beauty,timestamp != 14 caracteres
TX0058908,U04728,P02780,M00430,-15.9,20250515163042,Marseille,CASH,Toys,montant <= 0.0
TX0058994,U07685,P01811,M00005,44.24,2024011813204300,Lille,BANK_TRANSFER,Health,timestamp != 14 caracteres
TX0059072,U10449,P05963,M00354,395.54,,Paris,CARD,Sports,timestamp != 14 caracteres | timestamp non numerique
TX0059201,U08730,P05959,M00409,-230.5,20240522170649,Reims,PAYPAL,Books,montant <= 0.0
TX0059204,U00102,P00477,M00099,-15.9,20250610205729,Nice,CASH,Automotive,montant <= 0.0
TX0059327,U10337,P01517,M00176,122.1,20250909,Lyon,CARD,Toys,timestamp != 14 caracteres
TX0059430,U10961,P00059,M00220,0.0,20251016113148,Montpellier,BANK_TRANSFER,Sports,montant <= 0.0
TX0059480,U09102,P04143,M00492,151.71,2025092916545600,Strasbourg,PAYPAL,Beauty,timestamp != 14 caracteres
TX0059701,U03761,P03356,M00025,-15.9,20250711190650,Lille,PAYPAL,Food,montant <= 0.0
TX0059740,U04858,P04574,M00036,32.83,,Reims,CARD,Sports,timestamp != 14 caracteres | timestamp non numerique
TX0059796,U11479,P01734,M00283,-230.5,20251024145138,Nantes,CASH,Home & Garden,montant <= 0.0
TX0059821,U06198,P00087,M00587,0.0,20241125203034,Lille,BANK_TRANSFER,Automotive,montant <= 0.0
TX0059844,U03554,P01599,M00537,265.38,NA,Villeurbanne,PAYPAL,Home & Garden,timestamp != 14 caracteres | timestamp non numerique
TX0059849,U01489,P00312,M00051,-1.0,20250823092415,Montpellier,CARD,Toys,montant <= 0.0
TX0059974,U09621,P04450,M00232,24.04,NA,Le Havre,CASH,Books,timestamp != 14 caracteres | timestamp non numerique
TX0060002,U08885,P03086,M00481,-230.5,20240321071313,Strasbourg,BANK_TRANSFER,Health,montant <= 0.0
TX0060198,U10236,P00859,M00440,-230.5,20240529152420,Rennes,CRYPTO,Clothing,montant <= 0.0
TX0060205,U01557,P00456,M00192,250.83,2025031307091600,Rennes,BANK_TRANSFER,Clothing,timestamp != 14 caracteres
TX0060206,U03615,P02679,M00101,530.9,2025022709293900,Lyon,BANK_TRANSFER,Automotive,timestamp != 14 caracteres
TX0060453,U03481,P01095,M00519,-15.9,20240308154509,Marseille,BANK_TRANSFER,Automotive,montant <= 0.0
TX0060471,U08418,P02397,M00577,96.33,,Lyon,CARD,Books,timestamp != 14 caracteres | timestamp non numerique
TX0060502,U06205,P04506,M00027,-1.0,20250725203949,Dijon,CARD,Beauty,montant <= 0.0
TX0060559,U11787,P01348,M00416,0.0,20250620161110,Le Havre,BANK_TRANSFER,Clothing,montant <= 0.0
TX0060646,U06101,P03023,M00043,126.29,NA,Rennes,CARD,Toys,timestamp != 14 caracteres | timestamp non numerique
TX0060672,U10817,P02596,M00392,1895.33,2024080917453100,Paris,CARD,Electronics,timestamp != 14 caracteres
TX0060731,U04181,P05298,M00131,0.0,20240406164936,Angers,PAYPAL,Beauty,montant <= 0.0
TX0060765,U06649,P02928,M00433,169.45,20250906,Bordeaux,CARD,Automotive,timestamp != 14 caracteres
TX0060790,U07283,P03797,M00502,0.0,20240817194600,Strasbourg,CARD,Automotive,montant <= 0.0
TX0060804,U05811,P01445,M00179,22.02,2025030620342800,Nantes,BANK_TRANSFER,Food,timestamp != 14 caracteres
TX0060870,U09701,P05216,M00194,-1.0,20250616230716,Strasbourg,PAYPAL,Toys,montant <= 0.0
TX0060990,U10664,P00630,M00228,-15.9,20240321041955,Toulon,BANK_TRANSFER,Toys,montant <= 0.0
TX0061101,U10551,P05118,M00282,3314.15,202505190524,Paris,CARD,Automotive,timestamp != 14 caracteres
TX0061194,U07851,P03921,M00246,0.0,20250609115229,Bordeaux,CRYPTO,Toys,montant <= 0.0
TX0061351,U07600,P04229,M00516,0.0,20240215200215,Rennes,PAYPAL,Toys,montant <= 0.0
TX0061378,U05738,P00409,M00284,-15.9,20240508032540,Paris,CRYPTO,Electronics,montant <= 0.0
TX0061431,U01017,P05918,M00247,3323.35,20250701,Toulon,CASH,Electronics,timestamp != 14 caracteres
TX0061494,U09179,P00886,M00111,0.0,20241230094410,Strasbourg,CASH,Toys,montant <= 0.0
TX0061577,U06026,P04260,M00369,0.0,20240501141851,Nice,CARD,Food,montant <= 0.0
TX0061603,U01383,P04682,M00161,-1.0,20240622203149,Nice,BANK_TRANSFER,Beauty,montant <= 0.0
TX0061645,U05790,P01681,M00252,341.81,2024121607273600,Nice,CRYPTO,Home & Garden,timestamp != 14 caracteres
TX0061738,U00572,P00214,M00231,-230.5,20250209160842,Paris,CASH,Electronics,montant <= 0.0
TX0061806,U08449,P02444,M00124,-15.9,20250819181235,Lille,BANK_TRANSFER,Health,montant <= 0.0
TX0062184,U10813,P05839,M00269,136.69,202408261229,Nantes,CARD,Clothing,timestamp != 14 caracteres
TX0062303,U04320,P03294,M00592,0.0,20251010100251,Paris,CASH,Electronics,montant <= 0.0
TX0062325,U05073,P03048,M00384,0.0,20250518163849,Montpellier,BANK_TRANSFER,Clothing,montant <= 0.0
TX0062374,U06347,P03841,M00469,193.68,NA,Nîmes,CRYPTO,Sports,timestamp != 14 caracteres | timestamp non numerique
TX0062441,U02107,P01801,M00112,584.9,20240122,Paris,BANK_TRANSFER,Electronics,timestamp != 14 caracteres
TX0062454,U07540,P03806,M00515,0.0,20251025090301,Lille,BANK_TRANSFER,Books,montant <= 0.0
TX0062574,U08320,P04316,M00451,0.0,20250815192901,Marseille,CRYPTO,Sports,montant <= 0.0
TX0062782,U09646,P02671,M00421,6.2,2025082118482900,Lyon,PAYPAL,Food,timestamp != 14 caracteres
TX0062908,U07435,P05979,M00412,0.0,20240415094029,Lyon,CASH,Health,montant <= 0.0
TX0062934,U04086,P03348,M00064,0.0,20250710172827,Toulouse,CASH,Home & Garden,montant <= 0.0
TX0063042,U01731,P01757,M00056,0.0,20250409113227,Toulouse,CARD,Beauty,montant <= 0.0
TX0063085,U05557,P04441,M00177,54.49,,Paris,CASH,Books,timestamp != 14 caracteres | timestamp non numerique
TX0063194,U01667,P01530,M00014,30.81,2024061612201600,Reims,PAYPAL,Books,timestamp != 14 caracteres
TX0063347,U02460,P00872,M00254,-230.5,20250701133033,Strasbourg,CARD,Beauty,montant <= 0.0
TX0063398,U07641,P01247,M00042,-15.9,20251214172139,Lyon,CARD,Automotive,montant <= 0.0
TX0063606,U03213,P01645,M00039,32.33,2025120310232000,Lyon,CARD,Health,timestamp != 14 caracteres
TX0063769,U00835,P03723,M00281,64.21,20240904,Rennes,CARD,Beauty,timestamp != 14 caracteres
TX0063913,U07816,P03822,M00518,-230.5,20251201120354,Grenoble,CARD,Books,montant <= 0.0
TX0063985,U01233,P00488,M00183,-230.5,20250809073126,Lyon,CASH,Automotive,montant <= 0.0
TX0064028,U09389,P01434,M00458,-230.5,20240324115833,Lyon,CARD,Home & Garden,montant <= 0.0
TX0064063,U11821,P00588,M00181,1222.86,20250508,Bordeaux,CARD,Sports,timestamp != 14 caracteres
TX0064130,U05438,P02313,M00099,2006.56,20240514,Toulouse,PAYPAL,Automotive,timestamp != 14 caracteres
TX0064173,U09809,P03221,M00140,-1.0,20240803154200,Lyon,CARD,Clothing,montant <= 0.0
TX0064187,U06305,P02757,M00415,1079.79,NA,Lille,PAYPAL,Automotive,timestamp != 14 caracteres | timestamp non numerique
TX0064324,U03294,P04149,M00159,0.0,20241001133041,Lyon,CASH,Health,montant <= 0.0
TX0064383,U09876,P03766,M00112,-15.9,20241218212036,Marseille,CARD,Electronics,montant <= 0.0
TX0064420,U01013,P04256,M00078,345.7,2024123113181900,Dijon,PAYPAL,Automotive,timestamp != 14 caracteres
TX0064502,U06423,P05045,M00567,-1.0,20250227134150,Nice,BANK_TRANSFER,Food,montant <= 0.0
TX0064716,U04227,P00317,M00358,-1.0,20250329072710,Montpellier,CRYPTO,Food,montant <= 0.0
TX0064897,U11649,P00812,M00074,-15.9,20250728001400,Saint-Etienne,,Clothing,montant <= 0.0
TX0064932,U07937,P03465,M00093,-1.0,20250610081454,,CASH,Health,montant <= 0.0
TX0065048,U03664,P00089,M00100,-1.0,20250319155725,Nice,PAYPAL,Clothing,montant <= 0.0
TX0065305,U05943,P04705,M00013,0.0,20250911190703,Toulon,PAYPAL,Clothing,montant <= 0.0
TX0065405,U04430,P01649,M00151,0.0,20250328151832,Bordeaux,BANK_TRANSFER,Home & Garden,montant <= 0.0
TX0065509,U11514,P01424,M00415,4444.94,2025091821515400,Marseille,CARD,Automotive,timestamp != 14 caracteres
TX0065525,U01143,P03183,M00572,-230.5,20240427190132,Paris,CRYPTO,Home & Garden,montant <= 0.0
TX0065613,U02820,P05527,M00308,40.98,20241008,Paris,BANK_TRANSFER,Toys,timestamp != 14 caracteres
TX0065614,U09776,P03422,M00406,1577.56,20250925,Rennes,PAYPAL,Home & Garden,timestamp != 14 caracteres
TX0065814,U01218,P04831,M00218,-15.9,20250316025337,Rennes,CARD,Books,montant <= 0.0
TX0065962,U10812,P03675,M00463,226.99,20240517,Angers,BANK_TRANSFER,Electronics,timestamp != 14 caracteres
TX0066117,U05942,P05473,M00111,13.7,,Paris,CASH,Toys,timestamp != 14 caracteres | timestamp non numerique
TX0066203,U04997,P04903,M00454,0.0,20251126004012,Nîmes,CASH,Beauty,montant <= 0.0
TX0066292,U08174,P00507,M00061,-15.9,20241015144913,Bordeaux,CRYPTO,Books,montant <= 0.0
TX0066336,U01656,P01836,M00342,-1.0,20241113223055,Lyon,CARD,Food,montant <= 0.0
TX0066449,U07982,P01252,M00133,130.84,202501290519,Nice,BANK_TRANSFER,Home & Garden,timestamp != 14 caracteres
TX0066623,U03021,P05091,M00286,-230.5,20250824191809,Villeurbanne,CARD,Books,montant <= 0.0
TX0066685,U08460,P04019,M00562,-1.0,20240705233958,Nantes,CRYPTO,Beauty,montant <= 0.0
TX0066893,U07184,P04561,M00153,0.0,20250212155333,Villeurbanne,CARD,Books,montant <= 0.0
TX0067006,U08611,P02987,M00597,793.01,20251015,Nîmes,CASH,Home & Garden,timestamp != 14 caracteres
TX0067048,U11040,P02709,M00200,25.99,NA,Marseille,PAYPAL,Beauty,timestamp != 14 caracteres | timestamp non numerique
TX0067077,U01596,P03014,M00317,-1.0,20240311184206,Paris,PAYPAL,Automotive,montant <= 0.0
TX0067192,U05228,P01164,M00013,0.0,20250702112319,Paris,CRYPTO,Clothing,montant <= 0.0
TX0067311,U09998,P03208,M00322,134.04,NA,Lyon,BANK_TRANSFER,Toys,timestamp != 14 caracteres | timestamp non numerique
TX0067557,U08881,P02799,M00142,-1.0,20250729180859,Nantes,CARD,Toys,montant <= 0.0
TX0067596,U91957,P01024,M00015,0.0,20250726073801,Reims,CRYPTO,Books,montant <= 0.0
TX0067778,U08922,P01900,M00050,-1.0,20250128155800,Marseille,CARD,Beauty,montant <= 0.0
TX0067812,U07421,P02022,M00518,-15.9,20240620164219,Lyon,CARD,Books,montant <= 0.0
TX0067841,U04462,P02869,M00262,0.0,20250404013552,Lille,CARD,Electronics,montant <= 0.0
TX0067977,U05915,P02824,M00364,922.49,NA,Nice,CARD,Sports,timestamp != 14 caracteres | timestamp non numerique
TX0067992,U04995,P05635,M00337,0.0,20251101210412,Nice,CARD,Home & Garden,montant <= 0.0
TX0068198,U11963,P04890,M00013,-15.9,20240415170607,Paris,BANK_TRANSFER,Clothing,montant <= 0.0
TX0068204,U10468,P02316,M00165,1203.79,,Villeurbanne,CARD,Automotive,timestamp != 14 caracteres | timestamp non numerique
TX0068242,U02069,P01677,M00578,0.0,20250806122833,Paris,BANK_TRANSFER,Home & Garden,montant <= 0.0
TX0068273,U01865,P05569,M00354,0.0,20250216070438,Nice,BANK_TRANSFER,Sports,montant <= 0.0
TX0068299,U10463,P05480,M00396,15.8,NA,Lyon,BANK_TRANSFER,Books,timestamp != 14 caracteres | timestamp non numerique
TX0068312,U01475,P03874,M00114,-15.9,20241017180707,Toulon,CARD,Automotive,montant <= 0.0
TX0068475,U06250,P04519,M00003,-15.9,20250113082433,Lyon,CARD,Health,montant <= 0.0
TX0068509,U01602,P04715,M00090,-1.0,20251020134431,Paris,BANK_TRANSFER,Books,montant <= 0.0
TX0068923,U01887,P02486,M00082,0.0,20240928204214,Montpellier,CASH,Sports,montant <= 0.0
TX0068962,U06942,P03422,M00406,0.0,20240823222923,Nice,CARD,Home & Garden,montant <= 0.0
TX0069210,U03107,P02882,M00300,28.4,202512271420,Paris,CARD,Food,timestamp != 14 caracteres
TX0069402,U11460,P01547,M00281,45.74,202405201149,Dijon,BANK_TRANSFER,Beauty,timestamp != 14 caracteres
TX0069445,U07569,P03800,M00181,216.75,NA,Rennes,CASH,Sports,timestamp != 14 caracteres | timestamp non numerique
TX0069525,U02790,P01250,M00566,-230.5,20251024093200,Paris,BANK_TRANSFER,Electronics,montant <= 0.0
TX0069663,U00012,P02971,M00066,0.0,20240715210138,Le Havre,BANK_TRANSFER,Clothing,montant <= 0.0
TX0069752,U01761,P05520,M00227,-15.9,20250803081707,Strasbourg,CARD,Sports,montant <= 0.0
TX0069816,U03744,P00498,M00496,-1.0,20250113131305,Nice,PAYPAL,Health,montant <= 0.0
TX0069833,U06897,P03143,M00591,0.0,20241125133450,Lyon,CARD,Toys,montant <= 0.0
TX0069881,U05854,P02561,M00480,269.26,202404151232,Marseille,CARD,Clothing,timestamp != 14 caracteres
TX0069959,U09722,P03634,M00275,-15.9,20240608115400,Marseille,CRYPTO,Sports,montant <= 0.0
TX0069996,U10670,P00329,M00424,-230.5,20241213215245,Marseille,CARD,Food,montant <= 0.0
TX0070383,U01771,P03420,M00523,-15.9,20250221193525,Bordeaux,PAYPAL,Beauty,montant <= 0.0
TX0070391,U11508,P04004,M00365,0.0,20241014185154,Saint-Etienne,CARD,Sports,montant <= 0.0
TX0070404,U09080,P01761,M00161,29.37,20251111,Le Havre,CARD,Beauty,timestamp != 14 caracteres
TX0070464,U09601,P02021,M00374,-1.0,20240418074302,Paris,PAYPAL,Home & Garden,montant <= 0.0
TX0070482,U05196,P00266,M00513,-15.9,20250512193238,Paris,PAYPAL,Home & Garden,montant <= 0.0
TX0070668,U06051,P04381,M00061,-1.0,20240120080532,Paris,CASH,Books,montant <= 0.0
TX0070727,U00732,P00696,M00477,-1.0,20250506183523,Toulouse,PAYPAL,Toys,montant <= 0.0
TX0070900,U03936,P05551,M00213,0.0,20250104042205,Angers,CARD,Food,montant <= 0.0
TX0071028,U08042,P00345,M00583,-1.0,20250803183407,Nantes,CARD,Sports,montant <= 0.0
TX0071089,U05018,P00632,M00383,-1.0,20240525165355,Paris,CARD,Sports,montant <= 0.0
TX0071092,U00174,P04754,M00512,-230.5,20251213131805,Paris,BANK_TRANSFER,Books,montant <= 0.0
TX0071143,U07374,P04552,M00448,0.0,20240312115338,Angers,CARD,Electronics,montant <= 0.0
TX0071151,U09067,P01674,M00118,-230.5,20251214102315,Marseille,BANK_TRANSFER,Books,montant <= 0.0
TX0071198,U08841,P04980,M00112,3801.03,20240512,Strasbourg,CASH,Electronics,timestamp != 14 caracteres
TX0071268,U10634,P01051,M00532,54.31,NA,Paris,CARD,Books,timestamp != 14 caracteres | timestamp non numerique
TX0071302,U04452,P01029,M00072,413.64,2025021515171100,Marseille,PAYPAL,Electronics,timestamp != 14 caracteres
TX0071361,U05951,P00447,M00488,-15.9,20250816102557,Paris,PAYPAL,Home & Garden,montant <= 0.0
TX0071432,U02289,P02547,M00146,-230.5,20240822150411,Paris,CASH,Sports,montant <= 0.0
TX0071507,U01959,P00913,M00135,0.0,20240825140319,Nantes,CARD,Beauty,montant <= 0.0
TX0071510,U11189,P04933,M00375,-230.5,20240527173743,Lyon,CARD,Sports,montant <= 0.0
TX0071536,U03373,P04820,M00084,-1.0,20241017201244,Saint-Etienne,PAYPAL,Electronics,montant <= 0.0
TX0071573,U03822,P00357,M00135,66.62,,Lyon,CASH,Beauty,timestamp != 14 caracteres | timestamp non numerique
TX0071623,U02484,P05517,M00372,0.0,20241006114621,Lyon,CARD,Clothing,montant <= 0.0
TX0071744,U08924,P02539,M00264,-230.5,20250115095725,Toulouse,CASH,Home & Garden,montant <= 0.0
TX0071793,U03689,P05357,M00094,-230.5,20251129020741,Nantes,CARD,Home & Garden,montant <= 0.0
TX0071974,U04011,P02835,M00494,-1.0,20240628214344,Grenoble,BANK_TRANSFER,Books,montant <= 0.0
TX0071995,U04164,P00242,M00083,-1.0,20241026104420,Paris,CARD,Automotive,montant <= 0.0
TX0072044,U11615,P01636,M00529,1459.1,2024061214254100,Paris,CARD,Electronics,timestamp != 14 caracteres
TX0072091,U05907,P04211,M00516,138.1,,Marseille,CARD,Toys,timestamp != 14 caracteres | timestamp non numerique
TX0072123,U03469,P01209,M00337,641.63,202403300749,Lyon,PAYPAL,Home & Garden,timestamp != 14 caracteres
TX0072237,U04885,P00051,M00058,-1.0,20251201192102,Paris,PAYPAL,Health,montant <= 0.0
TX0072479,U06955,P04854,M00001,0.0,20241108154854,Paris,CARD,Books,montant <= 0.0
TX0072700,U11096,P03197,M00422,0.0,20250625125254,Montpellier,CARD,Food,montant <= 0.0
TX0072759,U11642,P04474,M00561,0.0,20250124181630,Marseille,CARD,Home & Garden,montant <= 0.0
TX0072853,U10335,P05103,M00514,-230.5,20250314155144,Toulouse,CARD,Health,montant <= 0.0
TX0072861,U05199,P04343,M00094,-230.5,20240521172314,Strasbourg,CARD,Home & Garden,montant <= 0.0
TX0072979,U02286,P00032,M00505,865.56,,Lille,PAYPAL,Automotive,timestamp != 14 caracteres | timestamp non numerique
TX0072987,U11503,P01948,M00142,0.0,20250604142347,Lille,CASH,Toys,montant <= 0.0
TX0073056,U05286,P03592,M00139,-1.0,20250906132759,Toulouse,PAYPAL,Health,montant <= 0.0
TX0073061,U04188,P04670,M00012,-1.0,20250516053657,Toulouse,CARD,Toys,montant <= 0.0
TX0073081,U08657,P00066,M00527,0.0,20240309185943,Lille,CARD,Toys,montant <= 0.0
TX0073237,U10712,P03654,M00262,920.46,,Toulouse,CARD,Electronics,timestamp != 14 caracteres | timestamp non numerique
TX0073254,U10446,P01134,M00141,64.78,NA,Nice,CASH,Food,timestamp != 14 caracteres | timestamp non numerique
TX0073480,U09628,P05561,M00519,-15.9,20250220053448,Lyon,CARD,Automotive,montant <= 0.0
TX0073524,U06997,P05911,M00078,90.59,NA,Toulouse,PAYPAL,Automotive,timestamp != 14 caracteres | timestamp non numerique
TX0073596,U10659,P05139,M00572,169.76,NA,Paris,PAYPAL,Home & Garden,timestamp != 14 caracteres | timestamp non numerique
TX0073612,U11504,P01386,M00507,208.05,NA,Toulon,CASH,Electronics,timestamp != 14 caracteres | timestamp non numerique
TX0073689,U01572,P04126,M00546,-230.5,20250608111207,Toulouse,PAYPAL,Health,montant <= 0.0
TX0073692,U04547,P05586,M00199,-1.0,20240202075156,Nice,CARD,Electronics,montant <= 0.0
TX0073696,U10410,P05064,M00254,0.0,20251125102827,Nantes,BANK_TRANSFER,Beauty,montant <= 0.0
TX0073710,U04863,P01582,M00554,0.0,20240207175301,Nantes,CASH,Automotive,montant <= 0.0
TX0074088,U01408,P00705,M00141,-15.9,20250204175109,Toulouse,PAYPAL,Food,montant <= 0.0
TX0074190,U09396,P02617,M00124,52.88,,Reims,CARD,Health,timestamp != 14 caracteres | timestamp non numerique
TX0074197,U06157,P02093,M00490,70.04,20250914,Marseille,CRYPTO,Food,timestamp != 14 caracteres
TX0074233,U09611,P04042,M00539,-15.9,20240929042834,Toulon,CRYPTO,Automotive,montant <= 0.0
TX0074262,U01943,P05358,M00500,590.78,202405121744,Nice,PAYPAL,Home & Garden,timestamp != 14 caracteres
TX0074368,U05834,P01213,M00444,-230.5,20240306144209,Villeurbanne,BANK_TRANSFER,Automotive,montant <= 0.0
TX0074376,U00342,P04035,M00279,1597.31,202504231507,Villeurbanne,PAYPAL,Automotive,timestamp != 14 caracteres
TX0074557,U03373,P01464,M00141,0.0,20250420132222,Saint-Etienne,PAYPAL,Food,montant <= 0.0
TX0074618,U05256,P03288,M00513,0.0,20241020171236,Angers,CARD,Home & Garden,montant <= 0.0
TX0074761,U06198,P00665,M00482,0.0,20240711180942,Lille,CASH,Sports,montant <= 0.0
TX0074849,U06092,P01807,M00354,1626.99,20250106,Dijon,CARD,Sports,timestamp != 14 caracteres
TX0074877,U10212,P05047,M00315,435.46,2024032403140700,Toulouse,CARD,Electronics,timestamp != 14 caracteres
TX0074892,U04002,P03523,M00225,0.0,20251113184351,Nice,CARD,Electronics,montant <= 0.0
TX0074923,U11710,P01811,M00005,43.84,202404061415,Montpellier,CARD,Health,timestamp != 14 caracteres
TX0074966,U02876,P01856,M00488,-1.0,20240914083309,Lyon,CARD,Home & Garden,montant <= 0.0
TX0075041,U03820,P01650,M00564,-230.5,20240303102127,Nice,CASH,Home & Garden,montant <= 0.0
TX0075069,U07533,P02194,M00307,-1.0,20240703224625,Marseille,PAYPAL,Sports,montant <= 0.0
TX0075075,U05605,P01305,M00269,-1.0,20240319132155,Marseille,CASH,Clothing,montant <= 0.0
TX0075172,U07692,P02103,M00106,-230.5,20250430101845,Toulouse,CARD,Health,montant <= 0.0
TX0075267,U11315,P01390,M00439,8.58,,Villeurbanne,CRYPTO,Toys,timestamp != 14 caracteres | timestamp non numerique
TX0075519,U10668,P04260,M00369,-230.5,20251125061420,Marseille,CARD,Food,montant <= 0.0
TX0075696,U08398,P03090,M00218,0.0,20250114181822,Le Havre,CARD,Books,montant <= 0.0
TX0075700,U00705,P03551,M00133,-1.0,20250608140807,Paris,CASH,Home & Garden,montant <= 0.0
TX0075727,U05211,P02393,M00183,-230.5,20241008090249,Reims,PAYPAL,Automotive,montant <= 0.0
TX0075731,U03905,P05985,M00064,-1.0,20250221113411,Montpellier,BANK_TRANSFER,Home & Garden,montant <= 0.0
TX0075805,U11617,P05272,M00363,-15.9,20240705181940,Paris,BANK_TRANSFER,Beauty,montant <= 0.0
TX0075831,U06892,P05425,M00193,-230.5,20241205105440,Toulouse,BANK_TRANSFER,Toys,montant <= 0.0
TX0075842,U11100,P01461,M00461,0.0,20250621035140,Grenoble,PAYPAL,Sports,montant <= 0.0
TX0075856,U03972,P04318,M00456,796.48,NA,Reims,CASH,Automotive,timestamp != 14 caracteres | timestamp non numerique
TX0075949,U01721,P00650,M00170,0.0,20251004,Angers,CARD,Electronics,montant <= 0.0 | timestamp != 14 caracteres
TX0075963,U04257,P03197,M00422,-1.0,20250506153927,Paris,CARD,Food,montant <= 0.0
TX0075970,U09876,P05044,M00395,-15.9,20240820194958,Rennes,BANK_TRANSFER,Home & Garden,montant <= 0.0
TX0076036,U07330,P01186,M00372,103.08,,Rennes,CARD,Clothing,timestamp != 14 caracteres | timestamp non numerique
TX0076386,U11716,P03751,M00282,0.0,20250711180138,Saint-Etienne,CASH,Automotive,montant <= 0.0
TX0076407,U11668,P02442,M00441,-230.5,20241105182719,Lyon,BANK_TRANSFER,Automotive,montant <= 0.0
TX0076939,U02919,P01295,M00514,46.86,2025052023563100,Lyon,CRYPTO,Health,timestamp != 14 caracteres
TX0076955,U00968,P00881,M00211,0.0,20250423132455,Lille,CASH,Food,montant <= 0.0
TX0076999,U09045,P00809,M00073,-15.9,20240509061945,Nantes,CASH,Toys,montant <= 0.0
TX0077011,U01162,P04407,M00133,0.0,20250609145618,Marseille,BANK_TRANSFER,Home & Garden,montant <= 0.0
TX0077081,U10697,P04967,M00405,-1.0,20240815200028,Paris,BANK_TRANSFER,Beauty,montant <= 0.0
TX0077103,U06900,P05523,M00146,-230.5,20250530111443,Paris,CARD,Sports,montant <= 0.0
TX0077120,U03312,P04508,M00264,0.0,20250609160952,Lille,CRYPTO,Home & Garden,montant <= 0.0
TX0077185,U04208,P00561,M00225,-1.0,20240628015439,Marseille,PAYPAL,Electronics,montant <= 0.0
TX0077293,U01812,P00487,M00142,131.45,202408141833,Toulon,CASH,Toys,timestamp != 14 caracteres
TX0077312,U07909,P00493,M00129,29.55,,Angers,PAYPAL,Food,timestamp != 14 caracteres | timestamp non numerique
TX0077470,U08410,P02412,M00372,450.67,202411030700,Nantes,BANK_TRANSFER,Clothing,timestamp != 14 caracteres
TX0077674,U07461,P02967,M00166,184.89,20251026,Toulouse,CASH,Electronics,timestamp != 14 caracteres
TX0077714,U00696,P03928,M00066,274.26,202501161007,Lyon,CASH,Clothing,timestamp != 14 caracteres
TX0077860,U01168,P04941,M00270,-1.0,20250114221348,Toulon,PAYPAL,Clothing,montant <= 0.0
TX0077937,U10445,P04555,M00519,-15.9,20250331114953,Bordeaux,BANK_TRANSFER,Automotive,montant <= 0.0
TX0077938,U11624,P00060,M00173,-1.0,20250928103139,Toulouse,CRYPTO,Toys,montant <= 0.0
TX0077942,U06014,P02854,M00512,27.82,2024040118011900,Rennes,CASH,Books,timestamp != 14 caracteres
TX0077972,U04086,P03768,M00336,1587.94,202502201452,Toulouse,CASH,Electronics,timestamp != 14 caracteres
TX0077973,U00892,P03208,M00322,-15.9,20240829204116,Marseille,CARD,Toys,montant <= 0.0
TX0078015,U04905,P05113,M00139,0.0,20250829170959,Toulouse,CARD,Health,montant <= 0.0
TX0078164,U00369,P00322,M00142,0.0,20240226140840,Marseille,PAYPAL,Toys,montant <= 0.0
TX0078202,U08662,P03535,M00496,0.0,20240329214839,Lille,CARD,Health,montant <= 0.0
TX0078218,U08097,P03354,M00124,0.0,20250129075646,Dijon,CARD,Health,montant <= 0.0
TX0078226,U05953,P05696,M00563,45.68,,Bordeaux,BANK_TRANSFER,Toys,timestamp != 14 caracteres | timestamp non numerique
TX0078346,U04892,P02472,M00593,1519.43,20240625,Saint-Etienne,BANK_TRANSFER,Electronics,timestamp != 14 caracteres
TX0078385,U11572,P04643,M00472,-230.5,20250104172547,Nîmes,PAYPAL,Home & Garden,montant <= 0.0
TX0078468,U02051,P05110,M00115,16.29,NA,Nice,PAYPAL,Health,timestamp != 14 caracteres | timestamp non numerique
TX0078469,U01374,P03508,M00365,0.0,20241029222900,Toulon,BANK_TRANSFER,Sports,montant <= 0.0
TX0078507,U06482,P05554,M00450,-230.5,20240921012538,Lille,CASH,Clothing,montant <= 0.0
TX0078540,U06393,P04410,M00529,-230.5,20240705111521,Angers,CRYPTO,Electronics,montant <= 0.0
TX0078678,U09250,P05013,M00593,1615.4,202408280338,Paris,BANK_TRANSFER,Electronics,timestamp != 14 caracteres
TX0078779,U10923,P02300,M00232,-230.5,20250521071608,Nice,CASH,Books,montant <= 0.0
TX0078970,U08137,P04978,M00213,67.36,NA,Nantes,CARD,Food,timestamp != 14 caracteres | timestamp non numerique
TX0079029,U11905,P00950,M00268,9.85,2024122907552400,Nice,CASH,Toys,timestamp != 14 caracteres
TX0079064,U08279,P05280,M00102,244.4,202507040636,Nice,CRYPTO,Home & Garden,timestamp != 14 caracteres
TX0079238,U08032,P02941,M00563,0.0,20240405105402,Paris,CARD,Toys,montant <= 0.0
TX0079242,U00099,P05747,M00425,-230.5,20241103092814,Lille,CASH,Health,montant <= 0.0
TX0079267,U11474,P00191,M00039,-15.9,20250718173207,Dijon,CASH,Health,montant <= 0.0
TX0079360,U10970,P01379,M00117,-15.9,20250425082840,Nantes,PAYPAL,Toys,montant <= 0.0
TX0079366,U01372,P04442,M00443,127.75,202409081232,Toulouse,CARD,Beauty,timestamp != 14 caracteres
TX0079482,U10664,P00855,M00516,0.0,20240913200236,Toulon,BANK_TRANSFER,Toys,montant <= 0.0
TX0079496,U11064,P02073,M00185,-15.9,20240307184007,Nantes,CASH,Food,montant <= 0.0
TX0079503,U01244,P00937,M00463,-230.5,20251112220503,Marseille,CARD,Electronics,montant <= 0.0
TX0079590,U00492,P03128,M00302,74.6,202510162326,Villeurbanne,CASH,Food,timestamp != 14 caracteres
TX0079602,U00996,P03252,M00539,1459.05,2025110114245200,Marseille,PAYPAL,Automotive,timestamp != 14 caracteres
TX0079630,U06618,P00307,M00400,-15.9,20250920110541,Paris,BANK_TRANSFER,Books,montant <= 0.0
TX0079713,U07318,P02549,M00178,-1.0,20250522125047,Montpellier,CARD,Health,montant <= 0.0
TX0079763,U03317,P04465,M00499,9712.68,2024060704113100,Reims,CRYPTO,Electronics,timestamp != 14 caracteres
TX0079999,U07421,P00918,M00262,0.0,20240622093339,Lyon,BANK_TRANSFER,Electronics,montant <= 0.0
TX0080178,U09930,P04497,M00576,181.82,,Saint-Etienne,BANK_TRANSFER,Books,timestamp != 14 caracteres | timestamp non numerique
TX0080257,U00190,P04981,M00361,-1.0,20250402204318,Bordeaux,CRYPTO,Health,montant <= 0.0
TX0080278,U03186,P05929,M00441,1584.83,20241201,Bordeaux,CASH,Automotive,timestamp != 14 caracteres
TX0080339,U09171,P00699,M00492,-1.0,20250728185644,Lille,BANK_TRANSFER,Beauty,montant <= 0.0
TX0080492,U00502,P01589,M00415,1071.71,,Paris,BANK_TRANSFER,Automotive,timestamp != 14 caracteres | timestamp non numerique
TX0080498,U09400,P05594,M00008,416.06,20240816,Paris,PAYPAL,Sports,timestamp != 14 caracteres
TX0080529,U09781,P04412,M00216,451.32,,Strasbourg,CARD,Automotive,timestamp != 14 caracteres | timestamp non numerique
TX0080572,U05601,P00058,M00364,0.0,20240427033400,Montpellier,PAYPAL,Sports,montant <= 0.0
TX0080772,U06227,P05753,M00580,0.0,20250609180816,Nîmes,PAYPAL,Clothing,montant <= 0.0
TX0080806,U05252,P04249,M00112,713.48,202407171508,Toulon,PAYPAL,Electronics,timestamp != 14 caracteres
TX0080819,U08656,P04299,M00323,-230.5,20240819094333,Nîmes,PAYPAL,Food,montant <= 0.0
TX0080845,U04096,P00894,M00067,-15.9,20250523015203,Grenoble,PAYPAL,Beauty,montant <= 0.0
TX0080856,U00791,P01316,M00399,0.0,20240603163457,Strasbourg,BANK_TRANSFER,Beauty,montant <= 0.0
TX0081020,U06853,P03000,M00343,0.0,20250724120254,Bordeaux,PAYPAL,Beauty,montant <= 0.0
TX0081091,U10981,P01596,M00012,-15.9,20240529204644,Saint-Etienne,CARD,Toys,montant <= 0.0
TX0081269,U03320,P05844,M00339,-1.0,20250914174926,Montpellier,CASH,Automotive,montant <= 0.0
TX0081422,U10192,P02117,M00524,-1.0,20250530092448,Marseille,CASH,Food,montant <= 0.0
TX0081464,U10765,P04640,M00486,-15.9,20251028185902,Nice,PAYPAL,Books,montant <= 0.0
TX0081551,U05981,P03811,M00577,-230.5,20240624,Paris,CARD,Books,montant <= 0.0 | timestamp != 14 caracteres
TX0081631,U02669,P01018,M00233,0.0,20251204173507,Nantes,BANK_TRANSFER,Automotive,montant <= 0.0
TX0081661,U09225,P05312,M00050,-1.0,20250713170333,Toulouse,CASH,Beauty,montant <= 0.0
TX0081687,U09733,P04787,M00432,416.3,20240927,Paris,BANK_TRANSFER,Automotive,timestamp != 14 caracteres
TX0081713,U07130,P00912,M00581,-1.0,20250910075219,Paris,BANK_TRANSFER,Sports,montant <= 0.0
TX0081767,U10802,P05020,M00057,-15.9,20240711155842,Reims,CARD,Sports,montant <= 0.0
TX0081769,U06571,P02696,M00219,-230.5,20240621212319,Paris,CARD,Books,montant <= 0.0
TX0081840,U02214,P00974,M00366,-230.5,20240318214927,Paris,CASH,Beauty,montant <= 0.0
TX0081875,U11222,P01389,M00582,-230.5,20250913184857,Paris,CARD,Books,montant <= 0.0
TX0081997,U06535,P00695,M00126,-230.5,20250218154007,Strasbourg,BANK_TRANSFER,Food,montant <= 0.0
TX0082026,U07212,P02169,M00149,0.0,20240826083524,Lille,PAYPAL,Electronics,montant <= 0.0
TX0082036,U07195,P02353,M00422,58.72,202511032028,Villeurbanne,BANK_TRANSFER,Food,timestamp != 14 caracteres
TX0082084,U08921,P05083,M00377,0.0,20250701162954,Toulouse,PAYPAL,Clothing,montant <= 0.0
TX0082086,U04955,P02423,M00058,-1.0,20240504111608,Paris,BANK_TRANSFER,Health,montant <= 0.0
TX0082105,U09357,P03428,M00021,92.75,,Montpellier,CARD,Toys,timestamp != 14 caracteres | timestamp non numerique
TX0082267,U01823,P00845,M00221,86.85,NA,Reims,CARD,Food,timestamp != 14 caracteres | timestamp non numerique
TX0082502,U05112,P04768,M00157,-1.0,20250528145551,Toulouse,PAYPAL,Clothing,montant <= 0.0
TX0082540,U07788,P03469,M00587,1286.54,202408201054,Reims,CRYPTO,Automotive,timestamp != 14 caracteres
TX0082557,U04405,P00516,M00113,0.0,20250224090502,Villeurbanne,BANK_TRANSFER,Health,montant <= 0.0
TX0082562,U07273,P00159,M00471,965.45,NA,Paris,CARD,Automotive,timestamp != 14 caracteres | timestamp non numerique
TX0082576,U05303,P03325,M00480,222.3,,Toulouse,BANK_TRANSFER,Clothing,timestamp != 14 caracteres | timestamp non numerique
TX0082607,U07065,P05882,M00343,0.0,20240215051752,Paris,CASH,Beauty,montant <= 0.0
TX0082643,U01917,P01666,M00324,47.53,,Toulouse,PAYPAL,Food,timestamp != 14 caracteres | timestamp non numerique
TX0082862,U10191,P02165,M00368,201.0,NA,Le Havre,CASH,Sports,timestamp != 14 caracteres | timestamp non numerique
TX0082941,U11800,P04936,M00308,-1.0,20250330094355,Angers,BANK_TRANSFER,Toys,montant <= 0.0
TX0082950,U08894,P00064,M00594,89.75,2024112209350100,Paris,PAYPAL,Sports,timestamp != 14 caracteres
TX0083076,U09865,P03135,M00461,0.0,20240417141057,Marseille,CARD,Sports,montant <= 0.0
TX0083211,U05601,P04666,M00478,-230.5,20250203204417,Montpellier,CARD,Electronics,montant <= 0.0
TX0083241,U03744,P05348,M00184,216.94,202504250816,Nice,PAYPAL,Health,timestamp != 14 caracteres
TX0083247,U09545,P04327,M00032,0.0,20251108095003,Grenoble,BANK_TRANSFER,Books,montant <= 0.0
TX0083282,U06800,P03500,M00256,-230.5,20240203230432,Saint-Etienne,PAYPAL,Health,montant <= 0.0
TX0083284,U08068,P00986,M00523,-230.5,20250511140621,Saint-Etienne,CARD,Beauty,montant <= 0.0
TX0083318,U10063,P05146,M00252,0.0,20240413070208,Nîmes,PAYPAL,Home & Garden,montant <= 0.0
TX0083367,U11107,P02566,M00317,-15.9,20240915231656,Angers,PAYPAL,Automotive,montant <= 0.0
TX0083455,U08893,P02494,M00079,-15.9,20240416191055,Marseille,CARD,Clothing,montant <= 0.0
TX0083508,U09937,P05511,M00226,-15.9,20250527093739,Marseille,BANK_TRANSFER,Books,montant <= 0.0
TX0083675,U05237,P03036,M00457,50.44,202406261837,Dijon,CRYPTO,Toys,timestamp != 14 caracteres
TX0083779,U10960,P03230,M00178,-15.9,20250225215926,Dijon,CASH,Health,montant <= 0.0
TX0084061,U09482,P02908,M00206,-15.9,20240425104848,Nice,CARD,Electronics,montant <= 0.0
TX0084174,U03679,P03932,M00398,0.0,20250403195908,,BANK_TRANSFER,Automotive,montant <= 0.0
TX0084288,U11056,P00562,M00330,-15.9,20250205140814,Paris,CASH,Books,montant <= 0.0
TX0084321,U10096,P04553,M00028,0.0,20250619125055,Montpellier,BANK_TRANSFER,Sports,montant <= 0.0
TX0084416,U00311,P05905,M00026,0.0,20241015070139,Dijon,CASH,Beauty,montant <= 0.0
TX0084437,U06859,P03165,M00579,-1.0,20250126202834,Nice,PAYPAL,Beauty,montant <= 0.0
TX0084480,U02476,P01891,M00592,3298.94,202501261903,Marseille,CRYPTO,Electronics,timestamp != 14 caracteres
TX0084491,U05408,P02726,M00151,123.39,2025010912154400,Paris,CARD,Home & Garden,timestamp != 14 caracteres
TX0084587,U00167,P01040,M00371,0.0,20250709222148,Marseille,CASH,Health,montant <= 0.0
TX0084704,U04507,P02908,M00206,-1.0,20250812074502,Montpellier,BANK_TRANSFER,Electronics,montant <= 0.0
TX0084747,U11137,P03655,M00379,112.45,202411132113,Nantes,CARD,Books,timestamp != 14 caracteres
TX0084873,U01651,P05971,M00382,-230.5,20250225054033,Toulouse,CARD,Automotive,montant <= 0.0
TX0084952,U07676,P03923,M00405,54.61,,Reims,CRYPTO,Beauty,timestamp != 14 caracteres | timestamp non numerique
TX0084965,U08540,P04917,M00583,0.0,20250811130430,Toulouse,PAYPAL,Sports,montant <= 0.0
TX0085073,U08151,P02883,M00237,51.16,NA,Dijon,CARD,Clothing,timestamp != 14 caracteres | timestamp non numerique
TX0085104,U05645,P04447,M00118,0.0,20250609070359,Montpellier,CARD,Books,montant <= 0.0
TX0085226,U08665,P00628,M00379,0.0,20240625031634,Marseille,CARD,Books,montant <= 0.0
TX0085234,U02899,P00893,M00176,-230.5,20240704030459,Nice,CARD,Toys,montant <= 0.0
TX0085510,U00983,P02126,M00131,112.97,,Toulon,BANK_TRANSFER,Beauty,timestamp != 14 caracteres | timestamp non numerique
TX0085615,U00914,P00847,M00166,1293.75,20250925,Lyon,CARD,Electronics,timestamp != 14 caracteres
TX0085662,U02787,P02552,M00559,0.0,20240922052027,Rennes,CASH,Electronics,montant <= 0.0
TX0085840,U06009,P05225,M00041,3177.41,,Paris,CARD,Automotive,timestamp != 14 caracteres | timestamp non numerique
TX0085875,U00071,P02476,M00468,95.93,202408301500,Toulouse,CARD,Clothing,timestamp != 14 caracteres
TX0086135,U03024,P04591,M00429,-1.0,20241226194228,Nîmes,CARD,Home & Garden,montant <= 0.0
TX0086174,U08460,P01185,M00128,-15.9,20240313195441,Nantes,CASH,Food,montant <= 0.0
TX0086176,U01482,P02872,M00074,280.16,NA,Paris,CARD,Clothing,timestamp != 14 caracteres | timestamp non numerique
TX0086190,U03643,P03579,M00146,0.0,20250208103414,Lyon,BANK_TRANSFER,Sports,montant <= 0.0
TX0086426,U01025,P03366,M00321,48.57,,Nantes,PAYPAL,Food,timestamp != 14 caracteres | timestamp non numerique
TX0086470,U04904,P04155,M00119,0.0,20251107182643,Lille,CASH,Beauty,montant <= 0.0
TX0086532,U00805,P04297,M00220,2389.94,202405120303,Montpellier,CRYPTO,Sports,timestamp != 14 caracteres
TX0086592,U09539,P01630,M00219,-230.5,20240907211342,Rennes,PAYPAL,Books,montant <= 0.0
TX0086612,U04995,P00829,M00432,0.0,20251013174106,Nice,BANK_TRANSFER,Automotive,montant <= 0.0
TX0086666,U02047,P03992,M00502,653.92,20250928,Lille,CRYPTO,Automotive,timestamp != 14 caracteres
TX0086675,U00716,P03037,M00025,-230.5,20250526153128,Marseille,CARD,Food,montant <= 0.0
TX0086693,U09372,P03155,M00096,78.96,202503060103,Montpellier,PAYPAL,Clothing,timestamp != 14 caracteres
TX0086711,U10264,P03950,M00241,0.0,20250721224631,Nantes,CARD,Beauty,montant <= 0.0
TX0086730,U09505,P05259,M00253,0.0,20250113103435,Saint-Etienne,CASH,Health,montant <= 0.0
TX0086741,U00536,P03268,M00420,0.0,20250206011515,Le Havre,CASH,Home & Garden,montant <= 0.0
TX0086805,U05645,P02353,M00422,-1.0,20250312023122,Montpellier,CARD,Food,montant <= 0.0
TX0086872,U05197,P00385,M00062,-230.5,20250622141932,Paris,CARD,Beauty,montant <= 0.0
TX0086995,U02860,P03005,M00410,-230.5,20240517111354,Rennes,BANK_TRANSFER,Toys,montant <= 0.0
TX0087088,U11116,P03756,M00327,528.11,2025080712062800,Toulouse,CRYPTO,Sports,timestamp != 14 caracteres
TX0087133,U06365,P01045,M00341,-1.0,20241122163306,Marseille,CASH,Beauty,montant <= 0.0
TX0087183,U10839,P02919,M00345,-1.0,20250724212357,Toulouse,CARD,Electronics,montant <= 0.0
TX0087258,U03294,P04682,M00161,0.0,20241001074553,Lyon,CARD,Beauty,montant <= 0.0
TX0087261,U07232,P05733,M00001,-15.9,20250927120127,Montpellier,CARD,Books,montant <= 0.0
TX0087287,U04630,P00754,M00585,-15.9,20240623095502,Strasbourg,CASH,Clothing,montant <= 0.0
TX0087391,U02197,P01658,M00287,-15.9,20250522120839,Strasbourg,CARD,Food,montant <= 0.0
TX0087408,U11391,P05023,M00293,0.0,20240727175511,Lille,CARD,Beauty,montant <= 0.0
TX0087484,U08904,P05483,M00411,-230.5,20250212142957,Lyon,BANK_TRANSFER,Sports,montant <= 0.0
TX0087533,U06394,P04388,M00203,-230.5,20250122175641,Paris,CRYPTO,Sports,montant <= 0.0
TX0087726,U04882,P02004,M00492,0.0,20240625074608,Angers,CASH,Beauty,montant <= 0.0
TX0087733,U05796,P05493,M00010,-230.5,20240326155925,Angers,CASH,Health,montant <= 0.0
TX0088195,U09842,P04784,M00523,-230.5,20250520080655,Toulouse,BANK_TRANSFER,Beauty,montant <= 0.0
TX0088393,U00884,P02871,M00202,125.08,NA,Grenoble,CRYPTO,Toys,timestamp != 14 caracteres | timestamp non numerique
TX0088416,U02159,P03649,M00066,-1.0,20241101140418,Lille,CARD,Clothing,montant <= 0.0
TX0088434,U08583,P01944,M00202,-230.5,20240405083143,Lille,CARD,Toys,montant <= 0.0
TX0088455,U01308,P04792,M00484,-15.9,20251122234055,Paris,BANK_TRANSFER,Home & Garden,montant <= 0.0
TX0088515,U00295,P05788,M00172,144.85,,Lille,CRYPTO,Clothing,timestamp != 14 caracteres | timestamp non numerique
TX0088533,U07411,P03585,M00270,-230.5,20240409191253,Reims,CRYPTO,Clothing,montant <= 0.0
TX0088725,U10545,P00943,M00144,177.33,NA,Paris,CARD,Health,timestamp != 14 caracteres | timestamp non numerique
TX0088798,U08775,P04504,M00017,-230.5,20250909094112,Marseille,CARD,Beauty,montant <= 0.0
TX0088868,U00417,P03410,M00135,163.93,20250504,Lyon,CARD,Beauty,timestamp != 14 caracteres
TX0088872,U11320,P05792,M00419,607.27,20250318,Reims,CRYPTO,Automotive,timestamp != 14 caracteres
TX0089059,U07684,P04778,M00352,0.0,20241012080438,Paris,CASH,Home & Garden,montant <= 0.0
TX0089101,U04166,P04037,M00022,-230.5,20251218020050,Montpellier,CARD,Books,montant <= 0.0
TX0089135,U05430,P01175,M00079,-230.5,20251023221901,Marseille,CASH,Clothing,montant <= 0.0
TX0089202,U08439,P04700,M00386,-15.9,20241204172743,Toulouse,CARD,Books,montant <= 0.0
TX0089279,U11866,P05346,M00262,-1.0,20251005203648,Dijon,CARD,Electronics,montant <= 0.0
TX0089321,U03284,P05752,M00121,-1.0,20250218191313,Nîmes,CARD,Automotive,montant <= 0.0
TX0089354,U07982,P02692,M00473,476.45,20250512,Nice,CASH,Home & Garden,timestamp != 14 caracteres
TX0089498,U10501,P01010,M00472,0.0,20240920130729,Reims,CRYPTO,Home & Garden,montant <= 0.0
TX0089530,U05069,P03780,M00419,0.0,20250805103628,Lille,CASH,Automotive,montant <= 0.0
TX0089613,U10317,P05400,M00528,-15.9,20240526223158,Nice,CARD,Toys,montant <= 0.0
TX0089678,U01437,P01677,M00578,0.0,20240715085413,Lille,CRYPTO,Home & Garden,montant <= 0.0
TX0089691,U04357,P03813,M00293,30.72,202410141621,Montpellier,BANK_TRANSFER,Beauty,timestamp != 14 caracteres
TX0089718,U01626,P02320,M00032,-230.5,20250515183445,Lille,CARD,Books,montant <= 0.0
TX0089781,U02925,P00943,M00144,0.0,20240124141505,Lyon,PAYPAL,Health,montant <= 0.0
TX0089831,U02473,P03804,M00131,0.0,20251204113907,Grenoble,CARD,Beauty,montant <= 0.0
TX0089916,U10244,P01452,M00026,194.26,NA,Nîmes,PAYPAL,Beauty,timestamp != 14 caracteres | timestamp non numerique
TX0089924,U06182,P02614,M00134,-15.9,20250711131033,Nantes,BANK_TRANSFER,Books,montant <= 0.0
TX0090013,U07842,P05103,M00514,-230.5,20250630210126,Le Havre,CARD,Health,montant <= 0.0
TX0090032,U05049,P01941,M00247,-1.0,20250412072117,Lille,PAYPAL,Electronics,montant <= 0.0
TX0090096,U05479,P03906,M00159,-15.9,20241226233326,Saint-Etienne,CARD,Health,montant <= 0.0
TX0090098,U11594,P04933,M00375,-230.5,20250619093529,Villeurbanne,BANK_TRANSFER,Sports,montant <= 0.0
TX0090151,U00487,P02876,M00543,-1.0,20241028164746,Paris,CASH,Books,montant <= 0.0
TX0090250,U00795,P05035,M00106,168.95,2025101319241300,Montpellier,PAYPAL,Health,timestamp != 14 caracteres
TX0090301,U00550,P01288,M00533,-15.9,20251118121232,Marseille,PAYPAL,Toys,montant <= 0.0
TX0090513,U01816,P04651,M00446,247.92,,Le Havre,BANK_TRANSFER,Home & Garden,timestamp != 14 caracteres | timestamp non numerique
TX0090571,U09400,P05537,M00482,549.56,20240704,Paris,CRYPTO,Sports,timestamp != 14 caracteres
TX0090586,U07188,P05304,M00532,0.0,20241212181133,Lyon,BANK_TRANSFER,Books,montant <= 0.0
TX0090656,U03073,P04037,M00022,11.16,2025020719174500,Paris,PAYPAL,Books,timestamp != 14 caracteres
TX0090668,U10589,P00410,M00584,0.0,20251031154301,Paris,CARD,Electronics,montant <= 0.0
TX0090671,U01859,P04366,M00276,287.13,202411051330,Angers,PAYPAL,Clothing,timestamp != 14 caracteres
TX0090676,U10696,P02190,M00318,-230.5,20250416105415,Rennes,BANK_TRANSFER,Health,montant <= 0.0
TX0090813,U03831,P00516,M00113,120.81,NA,Nantes,BANK_TRANSFER,Health,timestamp != 14 caracteres | timestamp non numerique
TX0090814,U04733,P04654,M00572,352.79,20250107,Villeurbanne,BANK_TRANSFER,Home & Garden,timestamp != 14 caracteres
TX0090982,U05365,P03252,M00539,3230.82,20251209,Nice,CARD,Automotive,timestamp != 14 caracteres
TX0091088,U08866,P05256,M00324,16.64,NA,Lyon,CASH,Food,timestamp != 14 caracteres | timestamp non numerique
TX0091300,U02033,P04334,M00449,-15.9,20240620233022,Marseille,BANK_TRANSFER,Toys,montant <= 0.0
TX0091333,U08974,P02686,M00338,12.74,202411131108,Marseille,PAYPAL,Books,timestamp != 14 caracteres
TX0091369,U00172,P02829,M00342,-1.0,20241029180101,Bordeaux,PAYPAL,Food,montant <= 0.0
TX0091392,U05284,P05618,M00158,0.0,20240627122637,Paris,BANK_TRANSFER,Electronics,montant <= 0.0
TX0091458,U05317,P01612,M00084,-15.9,20250217014233,Toulouse,PAYPAL,Electronics,montant <= 0.0
TX0091589,U00077,P02951,M00383,0.0,20250613143627,Nantes,BANK_TRANSFER,Sports,montant <= 0.0
TX0091968,U07132,P03903,M00280,-230.5,20240603122735,Toulouse,CARD,Health,montant <= 0.0
TX0092013,U08247,P03218,M00571,107.06,20251116,Paris,CASH,Sports,timestamp != 14 caracteres
TX0092054,U02464,P00861,M00059,601.09,20250923,Nice,CASH,Automotive,timestamp != 14 caracteres
TX0092069,U06710,P02238,M00540,50.13,NA,Montpellier,CRYPTO,Books,timestamp != 14 caracteres | timestamp non numerique
TX0092201,U03441,P03093,M00162,153.48,2024121611562400,Rennes,CARD,Clothing,timestamp != 14 caracteres
TX0092418,U07387,P01815,M00170,522.4,202510301354,Angers,CARD,Electronics,timestamp != 14 caracteres
TX0092437,U07714,P02055,M00391,9.99,202404160706,Lyon,PAYPAL,Books,timestamp != 14 caracteres
TX0092460,U04018,P02787,M00500,689.49,20250429,Reims,CARD,Home & Garden,timestamp != 14 caracteres
TX0092469,U08560,P01032,M00405,-15.9,20250101170717,Lille,CARD,Beauty,montant <= 0.0
TX0092541,U11928,P00129,M00591,0.0,20240107062132,Dijon,CARD,Toys,montant <= 0.0
TX0092561,U02819,P00513,M00243,0.0,20240511144810,Grenoble,PAYPAL,Electronics,montant <= 0.0
TX0092629,U10610,P00392,M00353,0.0,20240820233017,Bordeaux,PAYPAL,Toys,montant <= 0.0
TX0092692,U07730,P01514,M00455,0.0,20250402152536,Paris,CARD,Books,montant <= 0.0
TX0092794,U08837,P02469,M00450,0.0,20240904054857,Nice,CRYPTO,Clothing,montant <= 0.0
TX0092799,U10297,P02274,M00096,122.44,2024051913211600,Marseille,CASH,Clothing,timestamp != 14 caracteres
TX0092817,U09261,P04182,M00166,0.0,20250306174613,Bordeaux,PAYPAL,Electronics,montant <= 0.0
TX0092932,U06939,P01442,M00395,0.0,20250620111624,Paris,CASH,Home & Garden,montant <= 0.0
TX0093005,U09096,P00646,M00205,13.3,202405191339,Dijon,CARD,Toys,timestamp != 14 caracteres
TX0093046,U08512,P05899,M00355,-1.0,20250918150551,Toulouse,BANK_TRANSFER,Books,montant <= 0.0
TX0093077,U10071,P04042,M00539,-15.9,20241012082739,Paris,BANK_TRANSFER,Automotive,montant <= 0.0
TX0093161,U09154,P05978,M00333,-15.9,20251130214330,Lyon,CRYPTO,Toys,montant <= 0.0
TX0093208,U06708,P04420,M00312,0.0,20240825190944,Paris,PAYPAL,Beauty,montant <= 0.0
TX0093296,U04134,P01771,M00107,43.88,20240526,Paris,BANK_TRANSFER,Books,timestamp != 14 caracteres
TX0093374,U03270,P03353,M00417,552.22,NA,Toulouse,CARD,Sports,timestamp != 14 caracteres | timestamp non numerique
TX0093381,U07863,P03248,M00307,0.0,20241222201826,Nice,CASH,Sports,montant <= 0.0
TX0093440,U08759,P03351,M00098,0.0,20240818220858,Bordeaux,CASH,Food,montant <= 0.0
TX0093449,U10320,P05712,M00271,-15.9,20250213173945,Lyon,BANK_TRANSFER,Beauty,montant <= 0.0
TX0093502,U09260,P00422,M00017,0.0,20250407201230,Toulouse,CARD,Beauty,montant <= 0.0
TX0093575,U10388,P05991,M00586,0.0,20241205195830,Lyon,CASH,Sports,montant <= 0.0
TX0093677,U06706,P04871,M00287,-230.5,20240124131130,Lille,CARD,Food,montant <= 0.0
TX0093735,U04197,P04411,M00388,0.0,20250221203503,Marseille,CASH,Home & Garden,montant <= 0.0
TX0093762,U07942,P01451,M00048,-1.0,20240706133233,Marseille,BANK_TRANSFER,Sports,montant <= 0.0
TX0093850,U00409,P04557,M00087,-15.9,20250210225755,Paris,PAYPAL,Electronics,montant <= 0.0
TX0093883,U04074,P01443,M00341,14.82,NA,Bordeaux,CARD,Beauty,timestamp != 14 caracteres | timestamp non numerique
TX0093972,U00425,P04317,M00368,91.8,20241101,Paris,CARD,Sports,timestamp != 14 caracteres
TX0094197,U08202,P01766,M00497,165.01,20241118,Paris,PAYPAL,Sports,timestamp != 14 caracteres
TX0094246,U10257,P02379,M00396,59.5,,Lyon,BANK_TRANSFER,Books,timestamp != 14 caracteres | timestamp non numerique
TX0094289,U10754,P00385,M00062,25.62,,Lyon,CARD,Beauty,timestamp != 14 caracteres | timestamp non numerique
TX0094301,U05387,P05896,M00497,0.0,20250616142749,Nantes,BANK_TRANSFER,Sports,montant <= 0.0
TX0094341,U00200,P00251,M00078,271.69,202406081623,Le Havre,CASH,Automotive,timestamp != 14 caracteres
TX0094365,U11050,P04033,M00162,147.91,20250325,Paris,BANK_TRANSFER,Clothing,timestamp != 14 caracteres
TX0094472,U07004,P03840,M00568,0.0,20240605141946,Le Havre,CARD,Automotive,montant <= 0.0
TX0094479,U02907,P01732,M00043,96.95,20250319,Montpellier,CARD,Toys,timestamp != 14 caracteres
TX0094483,U09112,P00868,M00198,129.72,NA,Lyon,CARD,Sports,timestamp != 14 caracteres | timestamp non numerique
TX0094553,U06955,P02979,M00582,61.76,20250502,Paris,PAYPAL,Books,timestamp != 14 caracteres
TX0094722,U05926,P03517,M00474,300.04,,Nantes,CASH,Beauty,timestamp != 14 caracteres | timestamp non numerique
TX0094726,U01050,P02687,M00025,0.0,20251021183722,Saint-Etienne,PAYPAL,Food,montant <= 0.0
TX0094795,U00832,P03593,M00585,-230.5,20240809135625,Nice,CARD,Clothing,montant <= 0.0
TX0094903,U07422,P00518,M00310,-15.9,20241210073735,Saint-Etienne,CARD,Home & Garden,montant <= 0.0
TX0095179,U09446,P05636,M00068,0.0,20250618163408,Toulon,PAYPAL,Electronics,montant <= 0.0
TX0095209,U10617,P03866,M00407,-230.5,20241110084342,Marseille,PAYPAL,Automotive,montant <= 0.0
TX0095283,U08726,P03765,M00304,461.16,202405070709,Paris,PAYPAL,Sports,timestamp != 14 caracteres
TX0095322,U00637,P03954,M00389,599.32,NA,Montpellier,CASH,Electronics,timestamp != 14 caracteres | timestamp non numerique
TX0095520,U00520,P01631,M00299,67.65,202510311007,Nantes,CARD,Books,timestamp != 14 caracteres
TX0095528,U03216,P02711,M00335,-230.5,20250212164340,Strasbourg,PAYPAL,Automotive,montant <= 0.0
TX0095571,U03587,P00016,M00554,-15.9,20241003024013,Paris,CARD,Automotive,montant <= 0.0
TX0095597,U02273,P01878,M00303,-1.0,20250408143641,Marseille,CARD,Health,montant <= 0.0
TX0095704,U09304,P01399,M00474,-15.9,20250628231020,Paris,CARD,Beauty,montant <= 0.0
TX0095793,U07565,P03672,M00185,68.51,,Marseille,CARD,Food,timestamp != 14 caracteres | timestamp non numerique
TX0095807,U09533,P01372,M00052,-1.0,20240629012229,Montpellier,CRYPTO,Food,montant <= 0.0
TX0095896,U06369,P05811,M00152,-1.0,20240604092201,Paris,CRYPTO,Beauty,montant <= 0.0
TX0095904,U07170,P01388,M00348,0.0,20250104071249,Bordeaux,CARD,Food,montant <= 0.0
TX0095997,U11787,P03907,M00267,-15.9,20240818143916,Le Havre,CRYPTO,Sports,montant <= 0.0
TX0096085,U11093,P05001,M00515,0.0,20240505150830,Toulon,CARD,Books,montant <= 0.0
TX0096130,U05846,P02974,M00317,-230.5,20251107065324,Marseille,CASH,Automotive,montant <= 0.0
TX0096136,U06144,P05873,M00331,85.68,,Marseille,CARD,Health,timestamp != 14 caracteres | timestamp non numerique
TX0096197,U03561,P04123,M00163,-15.9,20240604160754,Le Havre,CARD,Books,montant <= 0.0
TX0096246,U07906,P03981,M00024,-15.9,20240405154145,Villeurbanne,PAYPAL,Health,montant <= 0.0
TX0096307,U07718,P01417,M00449,130.55,20250916,Lyon,PAYPAL,Toys,timestamp != 14 caracteres
TX0096370,U05755,P02192,M00045,30.87,2025061917302600,Strasbourg,PAYPAL,Books,timestamp != 14 caracteres
TX0096436,U04415,P01539,M00439,0.0,20250822173944,Nîmes,PAYPAL,Toys,montant <= 0.0
TX0096506,U05969,P02553,M00006,0.0,20240103214409,Nice,CARD,Home & Garden,montant <= 0.0
TX0096587,U10993,P04136,M00173,79.73,20250509,Strasbourg,PAYPAL,Toys,timestamp != 14 caracteres
TX0096600,U06594,P02912,M00220,-230.5,20241223182739,Angers,CASH,Sports,montant <= 0.0
TX0096616,U08710,P00052,M00431,150.85,NA,Paris,CASH,Beauty,timestamp != 14 caracteres | timestamp non numerique
TX0096642,U00638,P05079,M00482,-15.9,20250214153310,,PAYPAL,Sports,montant <= 0.0
TX0096657,U06717,P02566,M00317,484.53,202502250914,Paris,CARD,Automotive,timestamp != 14 caracteres
TX0096736,U01636,P01563,M00098,0.0,20240810081311,Paris,CARD,Food,montant <= 0.0
TX0096750,U04689,P00227,M00332,-230.5,20250330182017,Reims,CARD,Food,montant <= 0.0
TX0096918,U00754,P05635,M00337,0.0,20251106172010,Paris,BANK_TRANSFER,Home & Garden,montant <= 0.0
TX0097002,U04396,P02702,M00068,0.0,20250305230651,Lille,CASH,Electronics,montant <= 0.0
TX0097012,U07054,P04322,M00465,350.43,2025070601362400,Toulon,CASH,Clothing,timestamp != 14 caracteres
TX0097036,U04383,P04603,M00327,-230.5,20250317080657,Nice,CRYPTO,Sports,montant <= 0.0
TX0097148,U05862,P04971,M00205,-15.9,20240813095544,Lyon,CASH,Toys,montant <= 0.0
TX0097332,U10782,P05832,M00230,0.0,20240505132817,Reims,CASH,Health,montant <= 0.0
TX0097373,U02068,P03876,M00286,-230.5,20240713091034,Lyon,BANK_TRANSFER,Books,montant <= 0.0
TX0097387,U00916,P05708,M00438,-1.0,20240105113959,Reims,BANK_TRANSFER,Automotive,montant <= 0.0
TX0097559,U08991,P00944,M00329,0.0,20240130170414,Paris,CASH,Electronics,montant <= 0.0
TX0097613,U02492,P03261,M00419,0.0,20250203121654,Nice,CARD,Automotive,montant <= 0.0
TX0097626,U01090,P00335,M00512,35.03,202512201637,Strasbourg,CARD,Books,timestamp != 14 caracteres
TX0097767,U07310,P03335,M00309,-230.5,20240508035935,Toulouse,CRYPTO,Home & Garden,montant <= 0.0
TX0097833,U00999,P01579,M00330,-15.9,20241016114330,Rennes,CASH,Books,montant <= 0.0
TX0097854,U01260,P00036,M00431,123.6,202512181526,Toulouse,PAYPAL,Beauty,timestamp != 14 caracteres
TX0098073,U04086,P01076,M00560,75.69,2025072912265400,Toulouse,BANK_TRANSFER,Health,timestamp != 14 caracteres
TX0098295,U09998,P04499,M00563,39.85,2024071817001700,Lyon,BANK_TRANSFER,Toys,timestamp != 14 caracteres
TX0098365,U01134,P04730,M00106,-230.5,20240824154236,Marseille,PAYPAL,Health,montant <= 0.0
TX0098461,U08355,P03554,M00430,132.44,2024050713055300,Nantes,CRYPTO,Toys,timestamp != 14 caracteres
TX0098462,U07310,P02918,M00481,-15.9,20240924184240,Marseille,CARD,Health,montant <= 0.0
TX0098490,U03935,P03394,M00583,0.0,20240607071755,Paris,CASH,Sports,montant <= 0.0
TX0098524,U07777,P05299,M00052,0.0,20250903005644,Montpellier,PAYPAL,Food,montant <= 0.0
TX0098833,U04370,P03042,M00329,-230.5,20251109182422,Rennes,PAYPAL,Electronics,montant <= 0.0
TX0098863,U00260,P01212,M00274,0.0,20241022070845,Saint-Etienne,CASH,Toys,montant <= 0.0
TX0099096,U08682,P00409,M00284,739.29,NA,Bordeaux,BANK_TRANSFER,Electronics,timestamp != 14 caracteres | timestamp non numerique
TX0099111,U02168,P00724,M00155,-1.0,20241102142204,Lyon,PAYPAL,Clothing,montant <= 0.0
TX0099113,U00457,P05194,M00083,1159.92,,Paris,PAYPAL,Automotive,timestamp != 14 caracteres | timestamp non numerique
TX0099115,U08166,P02568,M00120,-1.0,20240327071407,Rennes,BANK_TRANSFER,Food,montant <= 0.0
TX0099221,U02451,P02180,M00391,7.55,2025110218024600,Dijon,BANK_TRANSFER,Books,timestamp != 14 caracteres
TX0099483,U08666,P02601,M00338,82.03,20240217,Strasbourg,CARD,Books,timestamp != 14 caracteres
TX0099485,U04604,P00821,M00402,168.67,NA,Bordeaux,CASH,Books,timestamp != 14 caracteres | timestamp non numerique
TX0099552,U11065,P03092,M00436,42.19,202409192242,Nice,CARD,Home & Garden,timestamp != 14 caracteres
TX0099594,U08736,P03579,M00146,240.15,,Marseille,BANK_TRANSFER,Sports,timestamp != 14 caracteres | timestamp non numerique
TX0099753,U02568,P00896,M00308,-230.5,20250913121651,Saint-Etienne,CASH,Toys,montant <= 0.0
TX0099762,U03330,P01358,M00321,-1.0,20250403001509,Strasbourg,PAYPAL,Food,montant <= 0.0
TX0099846,U03069,P02029,M00278,-15.9,20250911103138,Bordeaux,CRYPTO,Clothing,montant <= 0.0
TX0099893,U00307,P02861,M00586,231.51,,Paris,BANK_TRANSFER,Sports,timestamp != 14 caracteres | timestamp non numerique
TX0100046,U00837,P01762,M00455,0.0,20251003195235,Angers,CARD,Books,montant <= 0.0
TX0100056,U04570,P01482,M00536,-230.5,20250811103830,Nice,CARD,Food,montant <= 0.0
TX0100099,U09354,P03336,M00164,-15.9,20241109115544,Toulouse,CRYPTO,Clothing,montant <= 0.0
TX0100105,U00503,P02516,M00431,-15.9,20241204194048,Rennes,PAYPAL,Beauty,montant <= 0.0
TX0100202,U00134,P03094,M00387,-230.5,20241031140413,Paris,CASH,Automotive,montant <= 0.0
TX0100251,U02348,P05023,M00293,-15.9,20250201021821,Nice,CASH,Beauty,montant <= 0.0
TX0100254,U09078,P02937,M00250,45.55,2025031023234800,Toulouse,CARD,Beauty,timestamp != 14 caracteres
TX0100287,U09128,P00213,M00182,-230.5,20240615054938,Paris,PAYPAL,Clothing,montant <= 0.0
TX0100372,U07772,P00232,M00063,-230.5,20251214205103,Paris,CARD,Books,montant <= 0.0
TX0100375,U02290,P01073,M00024,0.0,20251203115911,Bordeaux,CARD,Health,montant <= 0.0
TX0100423,U07078,P02924,M00108,129.44,NA,Lyon,BANK_TRANSFER,Health,timestamp != 14 caracteres | timestamp non numerique
TX0100431,U07875,P00680,M00411,362.31,202404100859,,BANK_TRANSFER,Sports,timestamp != 14 caracteres
TX0100433,U02086,P03446,M00152,-1.0,20250620143209,Paris,CRYPTO,Beauty,montant <= 0.0
TX0100482,U06359,P01651,M00026,0.0,20241214203930,Saint-Etienne,CARD,Beauty,montant <= 0.0
TX0100621,U06669,P04003,M00183,-15.9,20241219170601,Lille,CASH,Automotive,montant <= 0.0
TX0100638,U04002,P00372,M00284,379.8,NA,Marseille,CASH,Electronics,timestamp != 14 caracteres | timestamp non numerique
TX0100819,U05110,P05802,M00600,-1.0,20250711221810,Paris,CASH,Beauty,montant <= 0.0
TX0100919,U05460,P03133,M00066,-230.5,20240428075217,Paris,BANK_TRANSFER,Clothing,montant <= 0.0
TX0101072,U06950,P00136,M00424,-1.0,20240211075048,Rennes,PAYPAL,Food,montant <= 0.0
TX0101081,U07973,P04070,M00289,-1.0,20240705223203,Bordeaux,CASH,Electronics,montant <= 0.0
TX0101094,U00799,P01138,M00575,-1.0,20250318181250,Paris,BANK_TRANSFER,Electronics,montant <= 0.0
TX0101263,U09801,P05966,M00179,-15.9,20240824175856,Lille,CASH,Food,montant <= 0.0
TX0101331,U05926,P02468,M00440,0.0,20241118011134,Reims,,Clothing,montant <= 0.0
TX0101340,U08885,P01658,M00287,35.19,20250426,Strasbourg,CARD,Food,timestamp != 14 caracteres
TX0101434,U00085,P01797,M00162,-15.9,20250601153430,Toulouse,BANK_TRANSFER,Clothing,montant <= 0.0
TX0101467,U11807,P02566,M00317,-230.5,20251209085750,Lyon,CARD,Automotive,montant <= 0.0
TX0101483,U07905,P02668,M00302,-230.5,20250604162915,Villeurbanne,PAYPAL,Food,montant <= 0.0
TX0101533,U02025,P02197,M00441,0.0,20241104163611,Saint-Etienne,CARD,Automotive,montant <= 0.0
TX0101535,U09913,P04016,M00102,-15.9,20250325154600,Strasbourg,PAYPAL,Home & Garden,montant <= 0.0
TX0101555,U07801,P01117,M00426,-15.9,20250618175124,Marseille,BANK_TRANSFER,Beauty,montant <= 0.0
TX0101704,U03942,P05661,M00264,0.0,20250606080952,Toulouse,CARD,Home & Garden,montant <= 0.0
TX0101782,U01993,P04229,M00516,15.21,2024111707493100,Nice,CRYPTO,Toys,timestamp != 14 caracteres
TX0101829,U11417,P05005,M00092,-230.5,20240729122610,Toulouse,BANK_TRANSFER,Sports,montant <= 0.0
TX0101871,U05963,P00556,M00353,0.0,20240605101026,Nantes,BANK_TRANSFER,Toys,montant <= 0.0
TX0101897,U07571,P05404,M00457,117.34,20250802,Nîmes,CARD,Toys,timestamp != 14 caracteres
TX0101925,U08536,P01685,M00204,3839.45,20250621,Nîmes,BANK_TRANSFER,Electronics,timestamp != 14 caracteres
TX0102003,U06712,P02327,M00139,394.7,202411241720,Lyon,BANK_TRANSFER,Health,timestamp != 14 caracteres
TX0102167,U05899,P05473,M00111,15.52,NA,Paris,CARD,Toys,timestamp != 14 caracteres | timestamp non numerique
TX0102319,U01755,P01417,M00449,0.0,20250517085350,Paris,PAYPAL,Toys,montant <= 0.0
TX0102408,U11428,P00222,M00600,132.64,,Le Havre,CASH,Beauty,timestamp != 14 caracteres | timestamp non numerique
TX0102416,U02382,P00567,M00455,63.06,,Strasbourg,CARD,Books,timestamp != 14 caracteres | timestamp non numerique
TX0102474,U08429,P03054,M00422,76.57,,Nice,CASH,Food,timestamp != 14 caracteres | timestamp non numerique
TX0102553,U07273,P00756,M00325,-1.0,20240813163356,Paris,CARD,Clothing,montant <= 0.0
TX0102679,U06867,P01592,M00580,-15.9,20241023141838,Villeurbanne,CARD,Clothing,montant <= 0.0
TX0102747,U00875,P03344,M00301,0.0,20241010190411,Lille,CARD,Toys,montant <= 0.0
TX0102750,U10155,P00631,M00509,0.0,20251031114851,Paris,CASH,Beauty,montant <= 0.0
TX0102769,U09256,P00497,M00061,28.48,2024110416244300,Paris,CARD,Books,timestamp != 14 caracteres
TX0102770,U08360,P01527,M00212,82.72,,Toulon,CRYPTO,Health,timestamp != 14 caracteres | timestamp non numerique
TX0102928,U11833,P01120,M00329,-1.0,20250522184106,Bordeaux,CARD,Electronics,montant <= 0.0
TX0103055,U07211,P05417,M00479,32.57,20240714,Lille,PAYPAL,Beauty,timestamp != 14 caracteres
TX0103073,U01651,P01972,M00184,56.13,,Lyon,PAYPAL,Health,timestamp != 14 caracteres | timestamp non numerique
TX0103165,U06268,P02003,M00192,-15.9,20251130200653,Paris,CARD,Clothing,montant <= 0.0
TX0103178,U06036,P02147,M00246,-230.5,20251006095431,Nîmes,CRYPTO,Toys,montant <= 0.0
TX0103353,U05545,P03730,M00319,-230.5,20250814024126,Reims,BANK_TRANSFER,Books,montant <= 0.0
TX0103393,U06965,P04657,M00071,-1.0,20250914140802,Nantes,CARD,Home & Garden,montant <= 0.0
TX0103418,U03980,P03043,M00243,1791.28,202509161007,Toulouse,BANK_TRANSFER,Electronics,timestamp != 14 caracteres
TX0103531,U08266,P04760,M00087,847.44,20240221,Nice,PAYPAL,Electronics,timestamp != 14 caracteres
TX0103795,U02627,P00033,M00051,-1.0,20250111204756,Paris,CARD,Toys,montant <= 0.0
TX0103842,U11221,P05989,M00028,-15.9,20250103041543,Strasbourg,CARD,Sports,montant <= 0.0
TX0103870,U05434,P00393,M00564,-1.0,20240701202233,Toulon,CASH,Home & Garden,montant <= 0.0
TX0103906,U10953,P03248,M00307,0.0,20240310175734,Nantes,PAYPAL,Sports,montant <= 0.0
TX0104021,U07062,P02815,M00589,-1.0,20241220120501,Lille,CASH,Books,montant <= 0.0
TX0104091,U05887,P05432,M00479,108.49,20250913,Lille,BANK_TRANSFER,Beauty,timestamp != 14 caracteres
TX0104106,U10470,P04522,M00572,-1.0,20250524153143,Toulouse,PAYPAL,Home & Garden,montant <= 0.0
TX0104155,U11124,P01288,M00533,22.9,2024080121010500,Grenoble,CARD,Toys,timestamp != 14 caracteres
TX0104307,U09349,P01022,M00218,-230.5,20240720204625,Marseille,CASH,Books,montant <= 0.0
TX0104335,U06959,P00068,M00334,0.0,20240617174156,Paris,CARD,Beauty,montant <= 0.0
TX0104337,U01875,P01329,M00435,83.23,2024120918125400,Nice,PAYPAL,Food,timestamp != 14 caracteres
TX0104354,U00907,P05222,M00173,27.79,202505211251,Lille,CASH,Toys,timestamp != 14 caracteres
TX0104365,U09491,P02213,M00278,303.07,,Nantes,BANK_TRANSFER,Clothing,timestamp != 14 caracteres | timestamp non numerique
TX0104372,U08283,P04326,M00462,-15.9,20250821174610,Lille,BANK_TRANSFER,Beauty,montant <= 0.0
TX0104410,U10204,P02759,M00054,-1.0,20250807134627,Paris,PAYPAL,Electronics,montant <= 0.0
TX0104433,U02085,P04819,M00492,-1.0,20250216163554,Angers,CARD,Beauty,montant <= 0.0
TX0104479,U03379,P04421,M00525,-15.9,20250705173950,Paris,BANK_TRANSFER,Automotive,montant <= 0.0
TX0104556,U11386,P01020,M00034,-1.0,20241004125239,Dijon,BANK_TRANSFER,Health,montant <= 0.0
TX0104616,U11722,P03632,M94246,41.14,2025112802253100,Paris,CASH,Food,timestamp != 14 caracteres
TX0104667,U09506,P01464,M00141,20.2,,Grenoble,PAYPAL,Food,timestamp != 14 caracteres | timestamp non numerique
TX0104848,U02396,P01284,M00388,628.11,2025052918354300,Rennes,BANK_TRANSFER,Home & Garden,timestamp != 14 caracteres
TX0104936,U09628,P03556,M00460,-15.9,20250219202815,Lyon,CARD,Home & Garden,montant <= 0.0
TX0104960,U00265,P02470,M00507,-15.9,20250301213627,Nantes,CRYPTO,Electronics,montant <= 0.0
TX0105155,U04384,P04108,M00310,26.46,202508230808,Lyon,CARD,Home & Garden,timestamp != 14 caracteres
TX0105172,U00549,P04886,M00434,-1.0,20250517094714,Marseille,PAYPAL,Clothing,montant <= 0.0
TX0105432,U00373,P04669,M00535,241.02,NA,Nîmes,CASH,Health,timestamp != 14 caracteres | timestamp non numerique
TX0105523,U10877,P02738,M00385,-15.9,20240809150150,Paris,CARD,Electronics,montant <= 0.0
TX0105660,U03509,P05127,M00159,106.59,NA,Toulon,CARD,Health,timestamp != 14 caracteres | timestamp non numerique
TX0105676,U11904,P03703,M00162,0.0,20251101101747,Reims,CASH,Clothing,montant <= 0.0
TX0105843,U08776,P04444,M00580,-15.9,20240724164336,Marseille,BANK_TRANSFER,Clothing,montant <= 0.0
TX0105861,U02647,P04219,M00554,-15.9,20240510075100,Dijon,PAYPAL,Automotive,montant <= 0.0
TX0105901,U05210,P04253,M00584,604.26,202511211145,Lille,CARD,Electronics,timestamp != 14 caracteres
TX0105925,U06222,P02687,M00025,-230.5,20240619140706,Marseille,PAYPAL,Food,montant <= 0.0
TX0105944,U02116,P01510,M00146,-230.5,20250507191802,Lille,PAYPAL,Sports,montant <= 0.0
TX0106097,U07904,P03492,M00368,-1.0,20240917132138,Toulon,CRYPTO,Sports,montant <= 0.0
TX0106141,U10832,P05253,M00222,-230.5,20251003161546,Lille,CARD,Beauty,montant <= 0.0
TX0106159,U01461,P05397,M00046,-15.9,20240727115652,Montpellier,CASH,Health,montant <= 0.0
TX0106207,U08688,P00364,M00564,776.66,20250616,Le Havre,CARD,Home & Garden,timestamp != 14 caracteres
TX0106224,U06613,P05255,M00129,20.1,20240310,Strasbourg,BANK_TRANSFER,Food,timestamp != 14 caracteres
TX0106351,U01693,P03623,M00134,0.0,20250119223718,Nantes,CASH,Books,montant <= 0.0
TX0106442,U10078,P00279,M00110,-230.5,20240917161201,Toulouse,CARD,Health,montant <= 0.0
TX0106469,U02149,P02526,M00102,-230.5,20240604200420,Toulon,BANK_TRANSFER,Home & Garden,montant <= 0.0
TX0106584,U02517,P00657,M00476,0.0,20250205154201,Strasbourg,CARD,Electronics,montant <= 0.0
TX0106597,U09033,P03511,M00187,15.87,,Reims,PAYPAL,Health,timestamp != 14 caracteres | timestamp non numerique
TX0106657,U03388,P05039,M00083,590.29,20250626,Lyon,PAYPAL,Automotive,timestamp != 14 caracteres
TX0106764,U10610,P05631,M00046,214.2,NA,Nîmes,PAYPAL,Health,timestamp != 14 caracteres | timestamp non numerique
TX0106892,U11136,P04276,M00281,13.48,2024061020422800,Dijon,BANK_TRANSFER,Beauty,timestamp != 14 caracteres
TX0106967,U06207,P03349,M00498,-230.5,20241106162339,Paris,CARD,Sports,montant <= 0.0
TX0106977,U10728,P00614,M00430,-230.5,20240625192945,Strasbourg,CARD,Toys,montant <= 0.0
TX0106983,U03123,P02382,M00097,26.85,,Bordeaux,BANK_TRANSFER,Toys,timestamp != 14 caracteres | timestamp non numerique
TX0107075,U08038,P05964,M00066,505.23,2025081516103000,Toulouse,CARD,Clothing,timestamp != 14 caracteres
TX0107181,U05163,P01551,M00037,-15.9,20250128093043,Paris,CASH,Books,montant <= 0.0
TX0107192,U00335,P05055,M00305,0.0,20250504102104,Rennes,CARD,Food,montant <= 0.0
TX0107373,U03374,P02474,M00399,0.0,20240207110450,Marseille,BANK_TRANSFER,Beauty,montant <= 0.0
TX0107394,U11131,P05185,M00192,224.95,20250525,Le Havre,PAYPAL,Clothing,timestamp != 14 caracteres
TX0107576,U06002,P00061,M00572,618.93,202507261733,Lyon,CASH,Home & Garden,timestamp != 14 caracteres
TX0107738,U10229,P05971,M00382,0.0,20240710211024,Grenoble,CARD,Automotive,montant <= 0.0
TX0107817,U06355,P05728,M00178,0.0,20250406053912,Grenoble,PAYPAL,Health,montant <= 0.0
TX0107833,U00490,P05940,M00197,105.74,20240225,Toulouse,BANK_TRANSFER,Electronics,timestamp != 14 caracteres
TX0107900,U05548,P05017,M00094,0.0,20250801163607,Toulouse,PAYPAL,Home & Garden,montant <= 0.0
TX0107903,U06142,P01188,M00525,1344.79,NA,Toulouse,PAYPAL,Automotive,timestamp != 14 caracteres | timestamp non numerique
TX0107955,U00110,P03272,M00569,127.33,,Villeurbanne,CASH,Health,timestamp != 14 caracteres | timestamp non numerique
TX0108067,U09936,P04376,M00085,-230.5,20240223224015,Toulon,PAYPAL,Beauty,montant <= 0.0
TX0108111,U01329,P00633,M00497,366.03,NA,Toulouse,BANK_TRANSFER,Sports,timestamp != 14 caracteres | timestamp non numerique
TX0108118,U11477,P04778,M00352,-15.9,20251231212934,Dijon,BANK_TRANSFER,Home & Garden,montant <= 0.0
TX0108225,U01383,P02268,M00129,31.79,,Nice,CRYPTO,Food,timestamp != 14 caracteres | timestamp non numerique
TX0108268,U04814,P02192,M00045,0.0,20241110081103,Lille,CASH,Books,montant <= 0.0
TX0108298,U07237,P00725,M00007,22.79,NA,Montpellier,CASH,Books,timestamp != 14 caracteres | timestamp non numerique
TX0108517,U11836,P04130,M00158,0.0,20250615094405,Paris,PAYPAL,Electronics,montant <= 0.0
TX0108529,U07362,P02632,M00589,81.55,2025010316255000,Rennes,CASH,Books,timestamp != 14 caracteres
TX0108560,U03919,P03612,M00348,0.0,20240410174325,Lyon,CARD,Food,montant <= 0.0
TX0108644,U05433,P00440,M00465,-1.0,20240215162924,Lyon,CARD,Clothing,montant <= 0.0
TX0108699,U05317,P04806,M00037,-15.9,20250511104907,Toulouse,BANK_TRANSFER,Books,montant <= 0.0
TX0108735,U06275,P05305,M00284,0.0,20240522024538,Grenoble,CRYPTO,Electronics,montant <= 0.0
TX0108997,U08993,P04958,M00193,13.0,20241212,Montpellier,BANK_TRANSFER,Toys,timestamp != 14 caracteres
TX0109025,U02498,P05341,M00462,-15.9,20240827143120,Angers,PAYPAL,Beauty,montant <= 0.0
TX0109026,U02301,P01697,M00106,0.0,20241028180130,Paris,CARD,Health,montant <= 0.0
TX0109041,U04047,P01711,M00512,29.14,NA,Angers,BANK_TRANSFER,Books,timestamp != 14 caracteres | timestamp non numerique
TX0109238,U02747,P05885,M00413,-1.0,20240829132854,Toulouse,PAYPAL,Automotive,montant <= 0.0
TX0109268,U04596,P03177,M00043,0.0,20250328125413,Bordeaux,CARD,Toys,montant <= 0.0
TX0109305,U11371,P00833,M00211,-15.9,20240916160613,Lyon,CASH,Food,montant <= 0.0
TX0109428,U03851,P01820,M00007,114.17,,Toulon,CARD,Books,timestamp != 14 caracteres | timestamp non numerique
TX0109432,U03491,P04206,M00169,-1.0,20251205180623,Paris,BANK_TRANSFER,Books,montant <= 0.0
TX0109567,U06993,P05935,M00003,0.0,20250331073858,Angers,CASH,Health,montant <= 0.0
TX0109633,U00873,P01568,M00057,374.88,20240818,Lille,BANK_TRANSFER,Sports,timestamp != 14 caracteres
TX0109704,U10327,P05065,M00375,-15.9,20251026085210,Lyon,PAYPAL,Sports,montant <= 0.0
TX0109746,U09332,P05509,M00230,-230.5,20250215151301,Lyon,CARD,Health,montant <= 0.0
TX0109760,U06670,P05905,M00026,-230.5,20250914135038,Toulouse,BANK_TRANSFER,Beauty,montant <= 0.0
TX0109970,U05667,P01459,M00396,-15.9,20241216090526,Nantes,CASH,Books,montant <= 0.0
TX0109974,U06378,P03008,M00403,0.0,20250610150333,Saint-Etienne,CARD,Food,montant <= 0.0
TX0109981,U09154,P03145,M00196,-15.9,20250619095912,Lyon,CRYPTO,Automotive,montant <= 0.0
TX0110100,U03942,P05492,M00223,1056.0,20250630,Paris,CARD,Automotive,timestamp != 14 caracteres
TX0110123,U03193,P00850,M00175,74.53,20250127,Strasbourg,CASH,Clothing,timestamp != 14 caracteres
TX0110161,U00268,P04797,M00583,66.22,202512181921,Nantes,CASH,Sports,timestamp != 14 caracteres
TX0110225,U04795,P05941,M00516,0.0,20250913161955,Paris,CARD,Toys,montant <= 0.0
TX0110243,U05336,P04122,M00453,-1.0,20250826230102,Bordeaux,PAYPAL,Health,montant <= 0.0
TX0110274,U04377,P00354,M00315,1942.15,202409200855,Marseille,CARD,Electronics,timestamp != 14 caracteres
TX0110322,U10167,P03287,M00262,-230.5,20250503194511,Nantes,CASH,Electronics,montant <= 0.0
TX0110338,U11684,P01410,M00260,30.17,20240730,Paris,CASH,Clothing,timestamp != 14 caracteres
TX0110389,U02464,P03544,M00138,148.29,,Nice,CASH,Toys,timestamp != 14 caracteres | timestamp non numerique
TX0110395,U08516,P03011,M00259,17.97,2024071815252500,Strasbourg,CARD,Clothing,timestamp != 14 caracteres
TX0110414,U07415,P05084,M00387,188.47,202508101825,Rennes,PAYPAL,Automotive,timestamp != 14 caracteres
TX0110453,U06503,P05258,M00339,3117.63,202409290555,Toulouse,CARD,Automotive,timestamp != 14 caracteres
TX0110538,U00395,P05945,M00140,273.64,202407101953,Angers,PAYPAL,Clothing,timestamp != 14 caracteres
TX0110725,U11747,P03276,M00522,141.02,,Grenoble,CRYPTO,Home & Garden,timestamp != 14 caracteres | timestamp non numerique
TX0111009,U11026,P03447,M00342,-15.9,20250824182328,Toulon,CRYPTO,Food,montant <= 0.0
TX0111035,U11820,P04457,M00235,0.0,20240512114854,Toulon,BANK_TRANSFER,Beauty,montant <= 0.0
TX0111139,U04077,P03125,M00290,59.71,NA,Nice,PAYPAL,Health,timestamp != 14 caracteres | timestamp non numerique
TX0111182,U08579,P02161,M00588,102.88,,Reims,CRYPTO,Clothing,timestamp != 14 caracteres | timestamp non numerique
TX0111309,U02174,P02150,M00185,85.3,,Montpellier,BANK_TRANSFER,Food,timestamp != 14 caracteres | timestamp non numerique
TX0111403,U07853,P01109,M00534,0.0,20240430154216,Paris,CARD,Health,montant <= 0.0
TX0111408,U04364,P02694,M00259,169.65,NA,Villeurbanne,PAYPAL,Clothing,timestamp != 14 caracteres | timestamp non numerique
TX0111488,U00348,P01457,M00031,100.54,NA,Paris,BANK_TRANSFER,Beauty,timestamp != 14 caracteres | timestamp non numerique
TX0111581,U11406,P02889,M00108,-15.9,20240430093107,Paris,CARD,Health,montant <= 0.0
TX0111658,U01505,P01311,M00193,-230.5,20250317160413,Paris,CARD,Toys,montant <= 0.0
TX0111678,U00365,P05882,M00343,41.21,NA,Lyon,CARD,Beauty,timestamp != 14 caracteres | timestamp non numerique
TX0111725,U00281,P04261,M00447,47.05,202505071712,Paris,BANK_TRANSFER,Books,timestamp != 14 caracteres
TX0111901,U04680,P05003,M00241,-1.0,20250305124141,Marseille,CARD,Beauty,montant <= 0.0
TX0111904,U01457,P05060,M00132,167.42,NA,Paris,BANK_TRANSFER,Beauty,timestamp != 14 caracteres | timestamp non numerique
TX0111913,U11811,P02006,M00559,2231.15,,Strasbourg,CARD,Electronics,timestamp != 14 caracteres | timestamp non numerique
TX0111936,U09709,P03906,M00159,-1.0,20240823200808,Marseille,CARD,Health,montant <= 0.0
TX0111973,U03376,P05392,M00468,142.07,202511271853,Strasbourg,PAYPAL,Clothing,timestamp != 14 caracteres
TX0112087,U10641,P04817,M00364,-1.0,20250802203904,Marseille,CARD,Sports,montant <= 0.0
TX0112161,U10950,P01186,M00372,-1.0,20240803195633,Lille,CASH,Clothing,montant <= 0.0
TX0112193,U05904,P05890,M00484,-1.0,20240413212758,Paris,BANK_TRANSFER,Home & Garden,montant <= 0.0
TX0112264,U10968,P02669,M00550,176.2,,Toulon,CARD,Health,timestamp != 14 caracteres | timestamp non numerique
TX0112305,U06370,P02175,M00411,-15.9,20251216145917,Bordeaux,PAYPAL,Sports,montant <= 0.0
TX0112323,U06358,P04839,M00098,54.91,20240823,Nîmes,BANK_TRANSFER,Food,timestamp != 14 caracteres
TX0112336,U01379,P04981,M00361,0.0,20240810150312,Marseille,BANK_TRANSFER,Health,montant <= 0.0
TX0112513,U02690,P00619,M00172,70.13,202411271540,Paris,CASH,Clothing,timestamp != 14 caracteres
TX0112515,U00780,P05518,M00527,120.93,NA,Nîmes,CASH,Toys,timestamp != 14 caracteres | timestamp non numerique
TX0112594,U04184,P04261,M00447,0.0,20240525171032,Toulouse,CARD,Books,montant <= 0.0
TX0112633,U07767,P03704,M00288,-230.5,20240123152745,Paris,BANK_TRANSFER,Beauty,montant <= 0.0
TX0112726,U02757,P02801,M00177,0.0,20250715165248,Villeurbanne,CASH,Books,montant <= 0.0
TX0112867,U08922,P00546,M00451,-1.0,20241007094722,Marseille,PAYPAL,Sports,montant <= 0.0
TX0112896,U01193,P03319,M00561,-15.9,20240530224225,Nîmes,PAYPAL,Home & Garden,montant <= 0.0
TX0112902,U05323,P05810,M00309,0.0,20250605143017,Paris,CASH,Home & Garden,montant <= 0.0
TX0112930,U11849,P03536,M00527,0.0,20240928185923,Nîmes,PAYPAL,Toys,montant <= 0.0
TX0112956,U10950,P05060,M00132,322.25,20240523,Lille,CRYPTO,Beauty,timestamp != 14 caracteres
TX0112961,U11367,P00268,M00377,-15.9,20241019094459,Lyon,BANK_TRANSFER,Clothing,montant <= 0.0
TX0112995,U10278,P04541,M00533,51.82,2024120415061400,Villeurbanne,CARD,Toys,timestamp != 14 caracteres
TX0113066,U00998,P05597,M00074,165.57,202403231325,Paris,CASH,Clothing,timestamp != 14 caracteres
TX0113127,U07422,P05581,M00595,0.0,20250121155613,Saint-Etienne,CARD,Health,montant <= 0.0
TX0113218,U10375,P00572,M00583,-230.5,20241108143407,Paris,CARD,Sports,montant <= 0.0
TX0113264,U03641,P03031,M00141,0.0,20250918182837,Paris,CASH,Food,montant <= 0.0
TX0113328,U03702,P02525,M00170,-15.9,20240502043810,Rennes,CASH,Electronics,montant <= 0.0
TX0113416,U05626,P00994,M00337,0.0,20250306154338,Saint-Etienne,CARD,Home & Garden,montant <= 0.0
TX0113432,U01120,P02284,M00266,-230.5,20251023155504,Nice,PAYPAL,Electronics,montant <= 0.0
TX0113445,U00297,P02925,M00577,160.26,202510081537,Paris,PAYPAL,Books,timestamp != 14 caracteres
TX0113589,U05949,P00587,M00236,-15.9,20250213191305,Bordeaux,CRYPTO,Sports,montant <= 0.0
TX0113613,U04201,P04902,M00512,63.85,202506292326,Paris,CARD,Books,timestamp != 14 caracteres
TX0113710,U01537,P00162,M00135,0.0,20250403074604,Toulon,BANK_TRANSFER,Beauty,montant <= 0.0
TX0113775,U05458,P01946,M00428,0.0,20250811080818,Nîmes,PAYPAL,Home & Garden,montant <= 0.0
TX0113815,U11321,P01352,M00447,-230.5,20241105182144,Nantes,CARD,Books,montant <= 0.0
TX0113859,U08530,P01523,M00476,-15.9,20251202182659,Nantes,CARD,Electronics,montant <= 0.0
TX0113906,U00403,P00126,M00388,-15.9,20241024080806,Rennes,CARD,Home & Garden,montant <= 0.0
TX0113912,U05627,P01514,M00455,43.76,2024060705425100,Paris,CARD,Books,timestamp != 14 caracteres
TX0114275,U03175,P01144,M00513,740.8,2025032413244500,Montpellier,CARD,Home & Garden,timestamp != 14 caracteres
TX0114387,U10047,P03366,M00321,52.37,202512061032,Nantes,CASH,Food,timestamp != 14 caracteres
TX0114409,U07845,P00464,M00473,-15.9,20250524193559,Paris,CASH,Home & Garden,montant <= 0.0
TX0114415,U01538,P03545,M00490,-230.5,20240419233309,Montpellier,PAYPAL,Food,montant <= 0.0
TX0114492,U00479,P00575,M00375,-230.5,20241103191109,Paris,PAYPAL,Sports,montant <= 0.0
TX0114548,U03981,P04961,M00093,-1.0,20251124235607,Paris,CASH,Health,montant <= 0.0
TX0114550,U08068,P03614,M00092,-230.5,20250210120737,Saint-Etienne,CARD,Sports,montant <= 0.0
TX0114592,U10372,P04652,M00039,-230.5,20240828161920,Paris,CARD,Health,montant <= 0.0
TX0114604,U04349,P00733,M00104,-1.0,20250331123851,Le Havre,CARD,Toys,montant <= 0.0
TX0114634,U08338,P03051,M00317,1447.18,20250506,Bordeaux,BANK_TRANSFER,Automotive,timestamp != 14 caracteres
TX0114705,U10228,P02410,M00584,0.0,20250120101049,Paris,CARD,Electronics,montant <= 0.0
TX0114839,U05791,P04768,M00157,545.93,,Rennes,PAYPAL,Clothing,timestamp != 14 caracteres | timestamp non numerique
TX0114912,U00175,P01034,M00310,-230.5,20250413083655,Paris,CARD,Home & Garden,montant <= 0.0
TX0115001,U03283,P00647,M00275,-1.0,20250708083713,Nice,CARD,Sports,montant <= 0.0
TX0115107,U07125,P03576,M00435,68.9,202412171301,Paris,BANK_TRANSFER,Food,timestamp != 14 caracteres
TX0115286,U09389,P02913,M00282,3404.8,2025021010583500,Lyon,CRYPTO,Automotive,timestamp != 14 caracteres
TX0115432,U03702,P00477,M00099,-1.0,20240615211220,Rennes,CARD,Automotive,montant <= 0.0
TX0115465,U03769,P04880,M00435,-230.5,20240630121013,Marseille,CARD,Food,montant <= 0.0
TX0115498,U11364,P04372,M00398,-15.9,20240907170302,Paris,CASH,Automotive,montant <= 0.0
TX0115534,U11235,P00647,M00275,452.4,2025090609373400,Paris,CASH,Sports,timestamp != 14 caracteres
TX0115624,U02688,P03092,M00436,-15.9,20240914200553,Lille,CRYPTO,Home & Garden,montant <= 0.0
TX0115691,U02350,P04630,M00407,-230.5,20241117122735,Paris,CARD,Automotive,montant <= 0.0
TX0115718,U10096,P01559,M00082,26.56,,Montpellier,CARD,Sports,timestamp != 14 caracteres | timestamp non numerique
TX0115769,U05411,P02049,M00186,174.04,,Montpellier,CARD,Beauty,timestamp != 14 caracteres | timestamp non numerique
TX0115846,U01658,P05775,M00346,41.15,2025041206362800,Dijon,CARD,Toys,timestamp != 14 caracteres
TX0115962,U11980,P04034,M00590,186.86,NA,Paris,CASH,Health,timestamp != 14 caracteres | timestamp non numerique
TX0115968,U10485,P03534,M00167,-1.0,20250225122217,Toulouse,BANK_TRANSFER,Electronics,montant <= 0.0
TX0116021,U09829,P96622,M00224,-1.0,20251020140541,Toulouse,CRYPTO,Automotive,montant <= 0.0
TX0116027,U11222,P05455,M00204,0.0,20250729014015,Paris,PAYPAL,Electronics,montant <= 0.0
TX0116115,U07296,P01319,M00126,0.0,20251124161929,Toulouse,CRYPTO,Food,montant <= 0.0
TX0116223,U11140,P03994,M00529,-230.5,20240721231546,Nantes,PAYPAL,Electronics,montant <= 0.0
TX0116333,U10597,P03592,M00139,0.0,20251212160413,Lyon,PAYPAL,Health,montant <= 0.0
TX0116343,U07017,P04125,M00303,220.45,20250604,Marseille,CARD,Health,timestamp != 14 caracteres
TX0116404,U05158,P01428,M00551,-230.5,20251204201534,Marseille,PAYPAL,Toys,montant <= 0.0
TX0116438,U03644,P04483,M00363,-1.0,20241020133230,Strasbourg,CASH,Beauty,montant <= 0.0
TX0116470,U01046,P01926,M00427,8.98,NA,Paris,CRYPTO,Books,timestamp != 14 caracteres | timestamp non numerique
TX0116659,U04136,P02164,M00325,349.98,202406101457,Toulouse,CASH,Clothing,timestamp != 14 caracteres
TX0116715,U11295,P04065,M00079,0.0,20251124151941,Strasbourg,CASH,Clothing,montant <= 0.0
TX0116776,U05615,P01997,M00143,25.68,2024021216575400,Grenoble,CASH,Automotive,timestamp != 14 caracteres
TX0116804,U09265,P00251,M00078,112.26,202411152010,Marseille,CRYPTO,Automotive,timestamp != 14 caracteres
TX0116844,U01712,P02589,M00052,38.16,NA,Rennes,CARD,Food,timestamp != 14 caracteres | timestamp non numerique
TX0116862,U09885,P04280,M00153,0.0,20250831114520,Rennes,PAYPAL,Books,montant <= 0.0
TX0117044,U00008,P03745,M00507,-15.9,20250511111502,Paris,CASH,Electronics,montant <= 0.0
TX0117245,U04060,P03693,M00149,-230.5,20250524161843,Le Havre,BANK_TRANSFER,Electronics,montant <= 0.0
TX0117297,U06074,P00893,M00176,-230.5,20241227112806,Toulouse,CARD,Toys,montant <= 0.0
TX0117484,U09860,P03105,M00275,-1.0,20250526185155,Paris,CARD,Sports,montant <= 0.0
TX0117609,U08935,P01890,M00227,163.52,202510310902,Dijon,CARD,Sports,timestamp != 14 caracteres
TX0117627,U11103,P03474,M00449,171.16,20250210,Paris,CARD,Toys,timestamp != 14 caracteres
TX0117735,U08614,P02740,M00465,-15.9,20250320161406,Reims,CARD,Clothing,montant <= 0.0
TX0117885,U08378,P03853,M00181,-230.5,20250104190023,Montpellier,BANK_TRANSFER,Sports,montant <= 0.0
TX0117924,U07531,P02420,M00109,112.34,,Strasbourg,CASH,Beauty,timestamp != 14 caracteres | timestamp non numerique
TX0118042,U09625,P01166,M00440,-15.9,20240808172718,Montpellier,CASH,Clothing,montant <= 0.0
TX0118062,U11547,P03312,M00051,67.76,NA,Lyon,CRYPTO,Toys,timestamp != 14 caracteres | timestamp non numerique
TX0118183,U00182,P00111,M00208,-230.5,20240303191657,Toulouse,CARD,Toys,montant <= 0.0
TX0118247,U08037,P04209,M00528,55.2,20250702,Montpellier,CARD,Toys,timestamp != 14 caracteres
TX0118275,U01328,P03979,M00375,-230.5,20250705112238,Le Havre,PAYPAL,Sports,montant <= 0.0
TX0118468,U10468,P00380,M00223,0.0,20250603191953,Le Havre,CARD,Automotive,montant <= 0.0
TX0118498,U09343,P04048,M00529,0.0,20240724173511,Villeurbanne,PAYPAL,Electronics,montant <= 0.0
TX0118644,U08893,P03959,M00558,118.45,2024022807263800,Nice,CARD,Clothing,timestamp != 14 caracteres
TX0118758,U08682,P02610,M00258,1959.74,,Bordeaux,CARD,Electronics,timestamp != 14 caracteres | timestamp non numerique
TX0118837,U10632,P04801,M00009,-230.5,20240207173333,Bordeaux,CRYPTO,Health,montant <= 0.0
TX0118844,U09643,P02359,M00153,-1.0,20241116144404,Marseille,CASH,Books,montant <= 0.0
TX0118948,U01169,P01825,M00016,-1.0,20250228060857,Saint-Etienne,CARD,Beauty,montant <= 0.0
TX0119033,U09493,P00617,M00161,-1.0,20251111210847,Nantes,CARD,Beauty,montant <= 0.0
TX0119058,U02000,P01455,M00578,63.25,2025051614333900,Toulouse,CRYPTO,Home & Garden,timestamp != 14 caracteres
TX0119078,U08659,P03088,M00571,0.0,20250114184005,Montpellier,PAYPAL,Sports,montant <= 0.0
TX0119083,U04795,P02133,M00189,-15.9,20250827072409,Angers,CARD,Books,montant <= 0.0
TX0119135,U04141,P05245,M00084,-230.5,20250517194951,Villeurbanne,CARD,Electronics,montant <= 0.0
TX0119209,U06608,P03788,M00475,-230.5,20250502170732,Lyon,PAYPAL,Toys,montant <= 0.0
TX0119247,U00287,P05078,M00576,0.0,20241016095007,Grenoble,BANK_TRANSFER,Books,montant <= 0.0
TX0119250,U00031,P01774,M00408,102.11,20240626,Marseille,PAYPAL,Toys,timestamp != 14 caracteres
TX0119258,U09369,P05908,M00225,2018.53,20240518,Reims,CRYPTO,Electronics,timestamp != 14 caracteres
TX0119264,U11752,P03395,M00146,-230.5,20251213084653,Saint-Etienne,CASH,Sports,montant <= 0.0
TX0119386,U07374,P01726,M00592,1770.16,2024032208254900,Angers,BANK_TRANSFER,Electronics,timestamp != 14 caracteres
TX0119408,U00613,P05660,M00599,29.78,2025021110365100,Montpellier,CARD,Food,timestamp != 14 caracteres
TX0119487,U11967,P01747,M00193,-15.9,20240911070228,Paris,CASH,Toys,montant <= 0.0
TX0119497,U10539,P03365,M00094,822.3,,Marseille,CASH,Home & Garden,timestamp != 14 caracteres | timestamp non numerique
TX0119636,U07583,P02123,M00494,30.25,20240316,Nantes,BANK_TRANSFER,Books,timestamp != 14 caracteres
TX0119686,U08857,P01416,M00519,0.0,20250903224823,Strasbourg,CARD,Automotive,montant <= 0.0
TX0119701,U11807,P04750,M00122,4944.24,202501011134,Lyon,CARD,Electronics,timestamp != 14 caracteres
TX0119826,U02166,P03985,M00007,-230.5,20250823220453,Montpellier,CRYPTO,Books,montant <= 0.0
TX0119928,U00442,P03982,M00423,768.63,NA,Strasbourg,CARD,Home & Garden,timestamp != 14 caracteres | timestamp non numerique
TX0119955,U08540,P04976,M00397,309.24,,Toulouse,CARD,Sports,timestamp != 14 caracteres | timestamp non numerique
TX0119968,U07980,P01251,M00379,0.0,20250914234823,Lyon,CARD,Books,montant <= 0.0
TX0119969,U07699,P02169,M00149,-230.5,20240828084008,Lille,CARD,Electronics,montant <= 0.0
TX0120339,U08340,P00918,M00262,0.0,20240920164945,Rennes,CARD,Electronics,montant <= 0.0
TX0120577,U05287,P01143,M00338,145.05,20250110,Bordeaux,CASH,Books,timestamp != 14 caracteres
TX0120622,U04556,P01197,M00597,-230.5,20241125201631,Angers,CARD,Home & Garden,montant <= 0.0
TX0120623,U09495,P05249,M00480,0.0,20250112064222,Paris,BANK_TRANSFER,Clothing,montant <= 0.0
TX0120881,U02011,P03649,M00066,-15.9,20240626144610,Nice,CRYPTO,Clothing,montant <= 0.0
TX0120961,U00451,P05794,M00255,0.0,20241204010954,Grenoble,CASH,Automotive,montant <= 0.0
TX0121016,U09698,P00635,M00440,93.36,NA,Toulouse,CARD,Clothing,timestamp != 14 caracteres | timestamp non numerique
TX0121071,U00134,P04690,M00183,-230.5,20250220101643,Reims,BANK_TRANSFER,Automotive,montant <= 0.0
TX0121082,U05389,P03308,M00498,410.42,202505281208,Marseille,CARD,Sports,timestamp != 14 caracteres
TX0121195,U11905,P00717,M00531,2155.1,,Nice,CASH,Electronics,timestamp != 14 caracteres | timestamp non numerique
TX0121234,U05686,P01963,M00133,84.09,2024062117133500,Strasbourg,BANK_TRANSFER,Home & Garden,timestamp != 14 caracteres
TX0121266,U05812,P05500,M00514,390.11,2024072920302200,Dijon,CARD,Health,timestamp != 14 caracteres
TX0121332,U01763,P02306,M00568,0.0,20241122173545,Nantes,CASH,Automotive,montant <= 0.0
TX0121403,U01465,P01384,M00063,14.75,NA,Montpellier,PAYPAL,Books,timestamp != 14 caracteres | timestamp non numerique
TX0121538,U10265,P02491,M00339,-230.5,20250704202033,Nice,CARD,Automotive,montant <= 0.0
TX0121670,U01963,P03384,M00541,382.05,20240817,Montpellier,CARD,Home & Garden,timestamp != 14 caracteres
TX0121765,U01510,P01674,M00118,15.39,2025100111395300,Paris,CRYPTO,Books,timestamp != 14 caracteres
TX0121785,U05021,P05521,M00224,675.14,NA,Lyon,BANK_TRANSFER,Automotive,timestamp != 14 caracteres | timestamp non numerique
TX0121813,U08859,P02176,M00353,246.29,,Strasbourg,PAYPAL,Toys,timestamp != 14 caracteres | timestamp non numerique
TX0121863,U06979,P04694,M00483,0.0,20240416142908,Nantes,CRYPTO,Health,montant <= 0.0
TX0122044,U09905,P01622,M00595,86.99,,Lille,CASH,Health,timestamp != 14 caracteres | timestamp non numerique
TX0122062,U08705,P05039,M00083,-15.9,20250519160300,Nîmes,CASH,Automotive,montant <= 0.0
TX0122083,U01383,P03429,M00442,88.47,20240613,Nice,BANK_TRANSFER,Home & Garden,timestamp != 14 caracteres
TX0122145,U07078,P02273,M00081,-230.5,20240314052301,Lyon,BANK_TRANSFER,Toys,montant <= 0.0
TX0122255,U08460,P00293,M00501,75.45,,Strasbourg,CASH,Beauty,timestamp != 14 caracteres | timestamp non numerique
TX0122275,U06502,P00780,M00308,-230.5,20241021182354,Nice,CASH,Toys,montant <= 0.0
TX0122309,U05147,P02946,M00547,0.0,20250211124954,Saint-Etienne,BANK_TRANSFER,Health,montant <= 0.0
TX0122543,U01945,P01556,M00490,-1.0,20240721204725,Lyon,CASH,Food,montant <= 0.0
TX0122663,U01525,P02958,M00141,-230.5,20250110135832,Lyon,CRYPTO,Food,montant <= 0.0
TX0122701,U03941,P00477,M00099,0.0,20250111105229,Nice,CRYPTO,Automotive,montant <= 0.0
TX0122777,U00973,P02543,M00402,-15.9,20250827131809,Marseille,CARD,Books,montant <= 0.0
TX0122788,U05092,P04265,M00318,101.37,202512270953,Montpellier,PAYPAL,Health,timestamp != 14 caracteres
TX0122791,U04392,P03063,M00020,0.0,20251002151049,Montpellier,CARD,Health,montant <= 0.0
TX0122806,U03312,P05992,M00564,-230.5,20250624160332,Lille,PAYPAL,Home & Garden,montant <= 0.0
TX0122986,U04471,P04549,M00449,87.02,,Lyon,CARD,Toys,timestamp != 14 caracteres | timestamp non numerique
TX0123175,U04589,P02865,M00276,-1.0,20241214143942,Lyon,BANK_TRANSFER,Clothing,montant <= 0.0
TX0123235,U02594,P01051,M00532,49.03,,Saint-Etienne,PAYPAL,Books,timestamp != 14 caracteres | timestamp non numerique
TX0123309,U04605,P05794,M00255,25.51,NA,Lyon,PAYPAL,Automotive,timestamp != 14 caracteres | timestamp non numerique
TX0123312,U06819,P03988,M00208,-230.5,20250320191914,Toulouse,PAYPAL,Toys,montant <= 0.0
TX0123339,U06201,P01039,M00045,0.0,20250623230220,Marseille,CASH,Books,montant <= 0.0
TX0123462,U02602,P05826,M00330,-1.0,20241001194137,Lyon,BANK_TRANSFER,Books,montant <= 0.0
TX0123481,U08153,P04359,M00109,-230.5,20251103161449,Nice,CARD,Beauty,montant <= 0.0
TX0123503,U08370,P03962,M00281,153.87,202409161934,Nantes,CRYPTO,Beauty,timestamp != 14 caracteres
TX0123566,U03544,P00430,M00151,1215.15,NA,Angers,BANK_TRANSFER,Home & Garden,timestamp != 14 caracteres | timestamp non numerique
TX0123581,U09268,P03234,M00549,-15.9,NA,Toulon,CARD,Sports,montant <= 0.0 | timestamp != 14 caracteres | timestamp non numerique
TX0123584,U01532,P01156,M00098,0.0,20250208035956,Paris,PAYPAL,Food,montant <= 0.0
TX0123630,U05899,P03119,M00077,0.0,20241004170049,Paris,PAYPAL,Toys,montant <= 0.0
TX0123654,U00817,P03815,M00511,-1.0,20240312195126,Lyon,CASH,Books,montant <= 0.0
TX0123670,U03312,P01794,M00542,-1.0,20241113054711,Lille,PAYPAL,Toys,montant <= 0.0
TX0123677,U03390,P00070,M00022,-230.5,20251002134012,Toulon,CARD,Books,montant <= 0.0
TX0123683,U10782,P03172,M00069,429.6,20240511,Le Havre,PAYPAL,Home & Garden,timestamp != 14 caracteres
TX0123686,U03509,P01597,M00560,0.0,20240730141500,Toulon,CARD,Health,montant <= 0.0
TX0123780,U07343,P00542,M00146,499.1,NA,Angers,CARD,Sports,timestamp != 14 caracteres | timestamp non numerique
TX0123810,U04730,P01504,M00260,-230.5,20240527215559,Grenoble,BANK_TRANSFER,Clothing,montant <= 0.0
TX0123839,U05058,P00595,M00400,-230.5,20250404013118,Reims,CRYPTO,Books,montant <= 0.0
TX0123874,U01968,P03764,M00544,223.07,,Nantes,BANK_TRANSFER,Automotive,timestamp != 14 caracteres | timestamp non numerique
TX0123892,U01390,P05518,M00527,-230.5,20250114125015,Grenoble,CARD,Toys,montant <= 0.0
TX0123897,U02264,P02065,M00523,8.7,,Lyon,CRYPTO,Beauty,timestamp != 14 caracteres | timestamp non numerique
TX0123943,U05851,P05207,M00038,0.0,20240328171629,Montpellier,PAYPAL,Electronics,montant <= 0.0
TX0123962,U06085,P03237,M00012,-230.5,20240723172015,Le Havre,CARD,Toys,montant <= 0.0
TX0124021,U08015,P02987,M00597,-15.9,20240227162239,Strasbourg,CARD,Home & Garden,montant <= 0.0
TX0124049,U04672,P05923,M00597,216.07,2025073110330600,Marseille,CARD,Home & Garden,timestamp != 14 caracteres
TX0124166,U02718,P03700,M00094,-15.9,20240508160502,Saint-Etienne,PAYPAL,Home & Garden,montant <= 0.0
TX0124219,U06533,P01420,M00500,-230.5,20240425140844,Montpellier,PAYPAL,Home & Garden,montant <= 0.0
TX0124263,U06131,P04129,M00433,-15.9,20251209140201,Toulouse,CASH,Automotive,montant <= 0.0
TX0124267,U04324,P05726,M00581,367.92,2024101800094600,Bordeaux,BANK_TRANSFER,Sports,timestamp != 14 caracteres
TX0124292,U06734,P04033,M00162,-1.0,20241215155636,Dijon,BANK_TRANSFER,Clothing,montant <= 0.0
TX0124340,U08827,P00518,M00310,-230.5,20251208222938,Toulouse,CASH,Home & Garden,montant <= 0.0
TX0124441,U03574,P04200,M00436,-1.0,20240214210459,Toulouse,CASH,Home & Garden,montant <= 0.0
TX0124577,U00933,P03126,M00234,-1.0,20250519215641,Toulouse,CARD,Food,montant <= 0.0
TX0124767,U07026,P03082,M00537,57.52,,Grenoble,CARD,Home & Garden,timestamp != 14 caracteres | timestamp non numerique
TX0124812,U08396,P05428,M00567,0.0,20240812054248,Bordeaux,PAYPAL,Food,montant <= 0.0
TX0124940,U03277,P01670,M00433,-230.5,20250513233114,Paris,CASH,Automotive,montant <= 0.0
TX0124960,U10923,P01383,M00039,29.6,,Nice,CASH,Health,timestamp != 14 caracteres | timestamp non numerique
TX0125042,U06747,P02276,M00160,-1.0,20250110092842,Marseille,CASH,Automotive,montant <= 0.0
TX0125095,U11161,P04263,M00142,-15.9,20241229145902,Le Havre,CARD,Toys,montant <= 0.0
TX0125209,U02974,P04936,M00308,0.0,20250317161638,Paris,CARD,Toys,montant <= 0.0
TX0125331,U04689,P05833,M00263,0.0,20250210162353,Lille,CASH,Health,montant <= 0.0
TX0125399,U02663,P00859,M00440,0.0,20250111185247,Paris,CARD,Clothing,montant <= 0.0
TX0125408,U03363,P03304,M00114,0.0,20250505092319,Lyon,CRYPTO,Automotive,montant <= 0.0
TX0125482,U03948,P05237,M00514,-1.0,20250913112950,Paris,PAYPAL,Health,montant <= 0.0
TX0125537,U05439,P04773,M00351,0.0,20240318092834,Paris,BANK_TRANSFER,Electronics,montant <= 0.0
TX0125561,U11379,P04152,M00153,0.0,20240120115144,Nantes,CARD,Books,montant <= 0.0
TX0125648,U10645,P03800,M00181,-1.0,20250621174429,Toulon,CARD,Sports,montant <= 0.0
TX0125671,U00059,P03725,M00440,0.0,20240824080933,Rennes,BANK_TRANSFER,Clothing,montant <= 0.0
TX0125729,U08782,P00736,M00241,57.66,2024053003082200,Toulouse,CASH,Beauty,timestamp != 14 caracteres
TX0125851,U02705,P04154,M00321,-15.9,20250728111631,Nîmes,BANK_TRANSFER,Food,montant <= 0.0
TX0126013,U11440,P04220,M00016,-15.9,20250223170004,Paris,CARD,Beauty,montant <= 0.0
TX0126308,U07982,P00297,M00589,64.92,,Paris,PAYPAL,Books,timestamp != 14 caracteres | timestamp non numerique
TX0126387,U11284,P04611,M00332,27.36,NA,Paris,BANK_TRANSFER,Food,timestamp != 14 caracteres | timestamp non numerique
TX0126391,U10412,P01701,M00284,742.05,,Marseille,CARD,Electronics,timestamp != 14 caracteres | timestamp non numerique
TX0126410,U02891,P05271,M00590,0.0,20250910072119,Bordeaux,PAYPAL,Health,montant <= 0.0
TX0126436,U02116,P03327,M00112,-230.5,20240216175107,Lille,CASH,Electronics,montant <= 0.0
TX0126520,U98750,P05283,M00323,-15.9,20240426065659,Paris,PAYPAL,Food,montant <= 0.0
TX0126527,U06376,P03916,M00559,-230.5,20251222230009,Paris,BANK_TRANSFER,Electronics,montant <= 0.0
TX0126549,U09963,P03193,M00090,7.65,2024082121372500,Toulon,PAYPAL,Books,timestamp != 14 caracteres
TX0126577,U00248,P00865,M00174,-230.5,20240527132934,Lyon,CARD,Toys,montant <= 0.0
TX0126789,U01186,P01621,M00327,196.78,,Toulouse,BANK_TRANSFER,Sports,timestamp != 14 caracteres | timestamp non numerique
TX0126854,U11478,P03993,M00035,0.0,20251009095804,Nice,CARD,Sports,montant <= 0.0
TX0126887,U05523,P02903,M00556,140.4,2025012605290100,Paris,BANK_TRANSFER,Electronics,timestamp != 14 caracteres
TX0127043,U06661,P01633,M00233,469.66,2025021007094700,Paris,CRYPTO,Automotive,timestamp != 14 caracteres
TX0127075,U11972,P05514,M00103,-15.9,20240907180217,Paris,CASH,Health,montant <= 0.0
TX0127153,U00956,P00580,M00084,679.97,202501301008,Lille,CASH,Electronics,timestamp != 14 caracteres
TX0127203,U09702,P01919,M00338,0.0,20250109175535,Lyon,BANK_TRANSFER,Books,montant <= 0.0
TX0127237,U09378,P03805,M00310,0.0,20240429081759,Lyon,CARD,Home & Garden,montant <= 0.0
TX0127332,U09369,P04862,M00417,320.67,20240728,Reims,CARD,Sports,timestamp != 14 caracteres
TX0127491,U06323,P01332,M00513,40.21,,Lyon,PAYPAL,Home & Garden,timestamp != 14 caracteres | timestamp non numerique
TX0127577,U06460,P05205,M00439,0.0,20251204075641,Toulon,CARD,Toys,montant <= 0.0
TX0127861,U11373,P04829,M00266,1895.49,202505041928,Toulouse,CARD,Electronics,timestamp != 14 caracteres
TX0127915,U04165,P02238,M00540,0.0,20250526075851,Paris,PAYPAL,Books,montant <= 0.0
TX0128017,U08494,P01417,M00449,0.0,20240901200625,Saint-Etienne,CARD,Toys,montant <= 0.0
TX0128033,U09559,P02526,M00102,370.63,NA,Paris,CARD,Home & Garden,timestamp != 14 caracteres | timestamp non numerique
TX0128041,U11036,P00456,M00192,-1.0,20240927102547,Villeurbanne,BANK_TRANSFER,Clothing,montant <= 0.0
TX0128057,U00884,P01802,M00383,-15.9,20240912165758,Grenoble,CASH,Sports,montant <= 0.0
TX0128064,U08355,P04072,M00515,-15.9,20240524063900,Toulouse,CRYPTO,Books,montant <= 0.0
TX0128109,U04701,P05077,M00373,-1.0,20240623163454,Paris,CARD,Health,montant <= 0.0
TX0128125,U04473,P01273,M00116,-15.9,20240606223735,Le Havre,CASH,Health,montant <= 0.0
TX0128133,U01904,P03124,M00445,-230.5,20251115165758,Rennes,CARD,Food,montant <= 0.0
TX0128206,U11047,P00280,M00267,-230.5,20250529224822,Marseille,CARD,Sports,montant <= 0.0
TX0128255,U01965,P02097,M00574,0.0,20250403164544,Rennes,PAYPAL,Toys,montant <= 0.0
TX0128306,U09048,P04130,M00158,2194.66,202408210814,Strasbourg,BANK_TRANSFER,Electronics,timestamp != 14 caracteres
TX0128310,U03856,P02379,M00396,0.0,20251111074849,Lyon,CRYPTO,Books,montant <= 0.0
TX0128385,U03700,P05611,M00137,750.07,202504271121,Nîmes,BANK_TRANSFER,Home & Garden,timestamp != 14 caracteres
TX0128431,U03560,P02195,M00028,1455.26,20240623,Bordeaux,CASH,Sports,timestamp != 14 caracteres
TX0128492,U00783,P02585,M00204,0.0,20250607162137,Marseille,CARD,Electronics,montant <= 0.0
TX0128508,U09486,P05858,M00008,16.05,,Reims,PAYPAL,Sports,timestamp != 14 caracteres | timestamp non numerique
TX0128688,U01517,P00298,M00259,-230.5,20241005105343,Reims,PAYPAL,Clothing,montant <= 0.0
TX0128770,U00271,P05105,M00350,-1.0,20251213191049,Lille,PAYPAL,Health,montant <= 0.0
TX0128901,U01579,P01743,M00352,1462.47,202503020120,Saint-Etienne,PAYPAL,Home & Garden,timestamp != 14 caracteres
TX0128944,U07193,P05369,M00406,0.0,20241204155629,Paris,CASH,Home & Garden,montant <= 0.0
TX0129011,U03634,P01538,M00249,104.34,,Nantes,BANK_TRANSFER,Beauty,timestamp != 14 caracteres | timestamp non numerique
TX0129091,U00017,P00543,M00102,69.22,2025010119512100,Bordeaux,BANK_TRANSFER,Home & Garden,timestamp != 14 caracteres
TX0129140,U04792,P02441,M00171,0.0,20250814132953,Paris,CARD,Beauty,montant <= 0.0
TX0129233,U09880,P04781,M00426,0.0,20240209215428,Marseille,CARD,Beauty,montant <= 0.0
TX0129390,U05545,P01560,M00440,-230.5,20250702221239,Reims,CARD,Clothing,montant <= 0.0
TX0129420,U00395,P02610,M00258,-230.5,20240523152700,Angers,BANK_TRANSFER,Electronics,montant <= 0.0
TX0129636,U00487,P00830,M00550,182.65,20250117,Paris,CASH,Health,timestamp != 14 caracteres
TX0129663,U02707,P03794,M00588,0.0,20251008220705,Strasbourg,PAYPAL,Clothing,montant <= 0.0
TX0129734,U04546,P02705,M00402,23.57,2024032811452300,Nantes,BANK_TRANSFER,Books,timestamp != 14 caracteres
TX0129779,U07368,P05269,M00254,0.0,20240514225933,Le Havre,CASH,Beauty,montant <= 0.0
TX0129823,U07087,P00323,M00219,-15.9,20240920173134,Nîmes,BANK_TRANSFER,Books,montant <= 0.0
TX0129827,U04725,P05519,M00376,-230.5,20250924154135,Nantes,CARD,Food,montant <= 0.0
TX0129942,U01442,P01213,M00444,563.86,,Marseille,CASH,Automotive,timestamp != 14 caracteres | timestamp non numerique
TX0130370,U07226,P01039,M00045,-15.9,20251215095847,Toulouse,CRYPTO,Books,montant <= 0.0
TX0130392,U08617,P02256,M00433,-1.0,20251025102503,Marseille,PAYPAL,Automotive,montant <= 0.0
TX0130398,U04535,P03611,M00394,7.73,2025030508300700,Nice,CARD,Books,timestamp != 14 caracteres
TX0130458,U01583,P02849,M00437,53.02,20240616,Paris,PAYPAL,Health,timestamp != 14 caracteres
TX0130485,U01524,P04651,M00446,-1.0,20241108103210,Toulouse,CASH,Home & Garden,montant <= 0.0
TX0130503,U00380,P04842,M00352,236.44,2024031602230500,Paris,BANK_TRANSFER,Home & Garden,timestamp != 14 caracteres
TX0130580,U10745,P04558,M00036,-15.9,20251224090441,Lyon,CARD,Sports,montant <= 0.0
TX0130588,U11762,P00929,M00112,2374.32,2024100109463700,Marseille,CRYPTO,Electronics,timestamp != 14 caracteres
TX0130646,U06585,P01183,M00490,-1.0,20240311121123,Lille,CARD,Food,montant <= 0.0
TX0130793,U11189,P00320,M00554,1106.29,20240401,Lyon,PAYPAL,Automotive,timestamp != 14 caracteres
TX0130799,U09235,P05533,M00484,-15.9,20250417095253,Dijon,PAYPAL,Home & Garden,montant <= 0.0
TX0130800,U07786,P02476,M00468,-1.0,20240616070219,Paris,PAYPAL,Clothing,montant <= 0.0
TX0130848,U08826,P01775,M00129,45.53,2024091711243700,Paris,PAYPAL,Food,timestamp != 14 caracteres
TX0130877,U10468,P02415,M00503,35.65,2025083017375000,Nice,BANK_TRANSFER,Clothing,timestamp != 14 caracteres
TX0131011,U11311,P02288,M00323,97.08,NA,Reims,CARD,Food,timestamp != 14 caracteres | timestamp non numerique
TX0131202,U04995,P00132,M00484,-15.9,20251111221227,Nice,BANK_TRANSFER,Home & Garden,montant <= 0.0
TX0131343,U08688,P03748,M00460,-1.0,20250616105648,Nîmes,BANK_TRANSFER,Home & Garden,montant <= 0.0
TX0131421,U11363,P05213,M00376,70.3,,Lyon,PAYPAL,Food,timestamp != 14 caracteres | timestamp non numerique
TX0131455,U09614,P02439,M00428,-1.0,20250913151826,Strasbourg,BANK_TRANSFER,Home & Garden,montant <= 0.0
TX0131481,U00715,P02956,M00187,0.0,20251002162734,Paris,PAYPAL,Health,montant <= 0.0
TX0131567,U04934,P05621,M00099,186.53,202402221339,Bordeaux,PAYPAL,Automotive,timestamp != 14 caracteres
TX0131580,U11874,P00546,M00451,-15.9,20240214021452,Nantes,CARD,Sports,montant <= 0.0
TX0131633,U03562,P01047,M00042,-1.0,20250901121912,Angers,CARD,Automotive,montant <= 0.0
TX0131652,U09795,P05766,M00471,0.0,20250523134105,Strasbourg,CARD,Automotive,montant <= 0.0
TX0131672,U06463,P02840,M00591,0.0,20240819204518,Dijon,CASH,Toys,montant <= 0.0
TX0131852,U06742,P05812,M00279,0.0,20250819204633,Toulon,PAYPAL,Automotive,montant <= 0.0
TX0131862,U00735,P04588,M00500,0.0,20240802155522,Paris,PAYPAL,Home & Garden,montant <= 0.0
TX0132021,U04193,P00837,M00422,0.0,20240701224957,Nice,BANK_TRANSFER,Food,montant <= 0.0
TX0132191,U06065,P01215,M00178,295.52,2025082423144000,Dijon,BANK_TRANSFER,Health,timestamp != 14 caracteres
TX0132280,U06553,P00756,M00325,1777.83,2024072401425700,,CRYPTO,Clothing,timestamp != 14 caracteres
TX0132335,U11807,P01206,M00160,-230.5,20250521042801,Lyon,PAYPAL,Automotive,montant <= 0.0
TX0132459,U09083,P00020,M00115,92.33,2024061017271600,Rennes,CASH,Health,timestamp != 14 caracteres
TX0132520,U08431,P01378,M00151,35.73,NA,Lyon,BANK_TRANSFER,Home & Garden,timestamp != 14 caracteres | timestamp non numerique
TX0132522,U06747,P03622,M00470,5.93,20250429,Marseille,BANK_TRANSFER,Food,timestamp != 14 caracteres
TX0132530,U02329,P90770,M00472,891.22,20241122,Le Havre,PAYPAL,Home & Garden,timestamp != 14 caracteres
TX0132543,U01067,P00965,M00363,-15.9,20241120160857,Rennes,PAYPAL,Beauty,montant <= 0.0
TX0132561,U06505,P04573,M00414,0.0,20241003090517,Rennes,CARD,Beauty,montant <= 0.0
TX0132571,U08769,P02119,M00015,25.47,,Nice,CARD,Books,timestamp != 14 caracteres | timestamp non numerique
TX0132742,U08031,P01515,M00377,-15.9,20241101170648,Grenoble,PAYPAL,Clothing,montant <= 0.0
TX0132874,U04652,P04851,M00069,-1.0,20240529075557,Toulon,BANK_TRANSFER,Home & Garden,montant <= 0.0
TX0132878,U11989,P03525,M00026,60.56,20250622,Marseille,CRYPTO,Beauty,timestamp != 14 caracteres
TX0132933,U00201,P03892,M00310,0.0,20251025081328,Rennes,CARD,Home & Garden,montant <= 0.0
TX0132939,U01439,P00666,M00340,-230.5,20251013183233,Marseille,PAYPAL,Sports,montant <= 0.0
TX0132992,U05257,P05332,M00337,-230.5,20241222155721,Grenoble,PAYPAL,Home & Garden,montant <= 0.0
TX0133044,U04128,P00705,M00141,0.0,20240617163845,Paris,CASH,Food,montant <= 0.0
TX0133054,U05505,P05134,M00160,1318.18,202405271135,Bordeaux,CARD,Automotive,timestamp != 14 caracteres
TX0133065,U02131,P03598,M00393,-230.5,20240717161337,Bordeaux,CASH,Sports,montant <= 0.0
TX0133093,U04080,P03859,M00171,-15.9,20241220174106,Saint-Etienne,CASH,Beauty,montant <= 0.0
TX0133118,U02707,P04558,M00036,115.84,2025042411140700,Strasbourg,CARD,Sports,timestamp != 14 caracteres
TX0133134,U10643,P05711,M00120,-230.5,20250509060416,Saint-Etienne,CARD,Food,montant <= 0.0
TX0133258,U09244,P03033,M00169,-15.9,20251210113429,Nîmes,CASH,Books,montant <= 0.0
TX0133271,U09129,P05169,M00586,482.4,202509061236,Lyon,CARD,Sports,timestamp != 14 caracteres
TX0133305,U01651,P04576,M00525,-230.5,20250203045857,Lyon,CARD,Automotive,montant <= 0.0
TX0133365,U10816,P04802,M00428,-230.5,20250114043320,Nantes,PAYPAL,Home & Garden,montant <= 0.0
TX0133436,U04548,P05269,M00254,-15.9,20250206213419,Toulouse,BANK_TRANSFER,Beauty,montant <= 0.0
TX0133570,U11928,P04418,M00241,131.26,NA,Bordeaux,CARD,Beauty,timestamp != 14 caracteres | timestamp non numerique
TX0133662,U01903,P05571,M00402,-230.5,20251016170258,Nîmes,CARD,Books,montant <= 0.0
TX0133720,U06135,P01582,M00554,278.53,,Toulon,BANK_TRANSFER,Automotive,timestamp != 14 caracteres | timestamp non numerique
TX0133813,U06044,P01601,M00023,0.0,20240715105257,Grenoble,CARD,Food,montant <= 0.0
TX0133821,U09102,P04520,M00488,82.08,NA,Strasbourg,CASH,Home & Garden,timestamp != 14 caracteres | timestamp non numerique
TX0133870,U10013,P04992,M00102,-15.9,20250909154829,Paris,CARD,Home & Garden,montant <= 0.0
TX0133914,U05096,P01873,M00150,34.57,2025110507015900,Lille,PAYPAL,Toys,timestamp != 14 caracteres
TX0133980,U05429,P02456,M00506,-1.0,20251021143501,Grenoble,PAYPAL,Books,montant <= 0.0
TX0134101,U09884,P01211,M00337,1764.71,,Lille,CARD,Home & Garden,timestamp != 14 caracteres | timestamp non numerique
TX0134154,U05487,P02052,M00559,0.0,20250628074102,Grenoble,BANK_TRANSFER,Electronics,montant <= 0.0
TX0134160,U11820,P02550,M00593,-15.9,20240621140346,Toulon,BANK_TRANSFER,Electronics,montant <= 0.0
TX0134179,U00445,P01433,M00595,307.73,2025062008562500,Paris,CARD,Health,timestamp != 14 caracteres
TX0134269,U08141,P00030,M00428,448.82,20250925,Nice,CARD,Home & Garden,timestamp != 14 caracteres
TX0134344,U01099,P04842,M00352,120.39,2025083008355000,Paris,PAYPAL,Home & Garden,timestamp != 14 caracteres
TX0134528,U10091,P03077,M00107,0.0,20240902220556,Montpellier,BANK_TRANSFER,Books,montant <= 0.0
TX0134611,U01843,P02086,M00432,-15.9,20250905121139,Montpellier,CARD,Automotive,montant <= 0.0
TX0134666,U05691,P01802,M00383,-15.9,20251016163605,Toulouse,PAYPAL,Sports,montant <= 0.0
TX0134697,U09559,P04519,M00003,-15.9,20240520103715,Toulouse,CASH,Health,montant <= 0.0
TX0134808,U04792,P05515,M00476,3385.81,,Paris,CASH,Electronics,timestamp != 14 caracteres | timestamp non numerique
TX0134824,U03254,P00269,M00133,0.0,20240506065319,Montpellier,CARD,Home & Garden,montant <= 0.0
TX0134895,U11509,P02003,M00192,161.03,NA,Montpellier,PAYPAL,Clothing,timestamp != 14 caracteres | timestamp non numerique
TX0135058,U10465,P04003,M00183,-1.0,20241115091405,Strasbourg,BANK_TRANSFER,Automotive,montant <= 0.0
TX0135152,U08258,P03663,M00082,626.99,NA,Saint-Etienne,PAYPAL,Sports,timestamp != 14 caracteres | timestamp non numerique
TX0135240,U09393,P03039,M00372,-1.0,20241029082809,Dijon,BANK_TRANSFER,Clothing,montant <= 0.0
TX0135262,U09432,P05103,M00514,0.0,20251007181717,Paris,CARD,Health,montant <= 0.0
TX0135271,U01945,P04510,M00139,-15.9,20240923113628,Lyon,CRYPTO,Health,montant <= 0.0
TX0135327,U09025,P05809,M00577,-15.9,20241223151347,Paris,CARD,Books,montant <= 0.0
TX0135403,U03713,P02809,M00030,7.03,,Bordeaux,CASH,Food,timestamp != 14 caracteres | timestamp non numerique
TX0135584,U05473,P01740,M00255,1387.54,202403232016,Lyon,CRYPTO,Automotive,timestamp != 14 caracteres
TX0135587,U07537,P01139,M00286,-15.9,20251104205318,Angers,CASH,Books,montant <= 0.0
TX0135650,U06803,P05289,M00024,-15.9,20241218215956,Marseille,PAYPAL,Health,montant <= 0.0
TX0135710,U01717,P04875,M00473,385.46,2024060817254200,Marseille,PAYPAL,Home & Garden,timestamp != 14 caracteres
TX0135743,U05329,P02775,M00553,-1.0,20250325171338,Nantes,BANK_TRANSFER,Clothing,montant <= 0.0
TX0135770,U05546,P01130,M00390,0.0,20250608071632,Paris,BANK_TRANSFER,Automotive,montant <= 0.0
TX0135795,U07923,P02669,M00550,-15.9,20240917100827,Le Havre,PAYPAL,Health,montant <= 0.0
TX0135837,U05907,P03805,M00310,0.0,20250824225945,Marseille,CARD,Home & Garden,montant <= 0.0
TX0135879,U07316,P00702,M00294,46.48,NA,Paris,CRYPTO,Books,timestamp != 14 caracteres | timestamp non numerique
TX0135935,U00115,P00867,M00406,-15.9,20250205163254,Le Havre,CARD,Home & Garden,montant <= 0.0
TX0135939,U08042,P03018,M00203,-1.0,20250704194447,Nantes,CARD,Sports,montant <= 0.0
TX0135960,U04259,P05636,M00068,-15.9,20241115152047,Le Havre,CARD,Electronics,montant <= 0.0
TX0135962,U10623,P05683,M00260,0.0,20250807063819,Toulon,BANK_TRANSFER,Clothing,montant <= 0.0
TX0136021,U07186,P04611,M00332,24.98,,Strasbourg,CASH,Food,timestamp != 14 caracteres | timestamp non numerique
TX0136074,U02961,P04873,M00576,-15.9,20240513192605,Toulouse,CARD,Books,montant <= 0.0
TX0136132,U04602,P02876,M00543,0.0,20240523195639,Paris,CARD,Books,montant <= 0.0
TX0136152,U11086,P03483,M00407,0.0,20250607144737,Toulouse,CASH,Automotive,montant <= 0.0
TX0136175,U06129,P02041,M00074,-230.5,20250606031802,Paris,CARD,Clothing,montant <= 0.0
TX0136242,U08250,P03682,M00401,301.25,,Lille,BANK_TRANSFER,Clothing,timestamp != 14 caracteres | timestamp non numerique
TX0136384,U02458,P00210,M00331,220.57,20250615,Bordeaux,CARD,Health,timestamp != 14 caracteres
TX0136596,U04952,P05101,M00583,556.27,20250710,Lille,PAYPAL,Sports,timestamp != 14 caracteres
TX0136626,U03776,P04554,M00593,0.0,20251022095858,Strasbourg,PAYPAL,Electronics,montant <= 0.0
TX0136639,U07114,P01290,M00353,122.87,2025052612161100,Bordeaux,BANK_TRANSFER,Toys,timestamp != 14 caracteres
TX0136769,U08841,P02767,M00198,0.0,20240210140150,Marseille,BANK_TRANSFER,Sports,montant <= 0.0
TX0136854,U02999,P00490,M00145,-230.5,20241121164019,Grenoble,CARD,Food,montant <= 0.0
TX0136990,U04259,P05980,M00122,3333.86,,Reims,CRYPTO,Electronics,timestamp != 14 caracteres | timestamp non numerique
TX0137052,U04775,P05620,M00294,67.65,,Reims,CASH,Books,timestamp != 14 caracteres | timestamp non numerique
TX0137156,U09573,P03675,M00463,0.0,20240508094557,Reims,CARD,Electronics,montant <= 0.0
TX0137167,U08758,P02236,M00500,0.0,20240925153226,Nice,CASH,Home & Garden,montant <= 0.0
TX0137188,U09214,P03450,M00163,-230.5,20240319131004,Villeurbanne,CRYPTO,Books,montant <= 0.0
TX0137238,U00617,P04534,M00489,263.81,202406140805,Lille,CARD,Health,timestamp != 14 caracteres
TX0137288,U03164,P02107,M00470,0.0,20250227081728,Angers,CARD,Food,montant <= 0.0
TX0137479,U00298,P02265,M00393,-1.0,20241212124339,Paris,CASH,Sports,montant <= 0.0
TX0137511,U02821,P02872,M00074,-15.9,20251218152510,Lyon,CARD,Clothing,montant <= 0.0
TX0137559,U09360,P02867,M00167,248.49,2025122509360800,Toulouse,CARD,Electronics,timestamp != 14 caracteres
TX0137573,U01959,P00393,M00564,0.0,20240910165432,Le Havre,CARD,Home & Garden,montant <= 0.0
TX0137602,U03731,P05143,M00522,175.12,,Paris,CASH,Home & Garden,timestamp != 14 caracteres | timestamp non numerique
TX0137839,U09785,P05240,M00076,-230.5,20250507165021,Bordeaux,CASH,Health,montant <= 0.0
TX0137954,U11149,P01658,M00287,0.0,20240622061422,Saint-Etienne,CASH,Food,montant <= 0.0
TX0138042,U09295,P04470,M00358,-230.5,20251008182417,Villeurbanne,BANK_TRANSFER,Food,montant <= 0.0
