user_id,derniere_transaction,frequence,montant,recence_jours,score_r,score_f,score_m,score_rfm,segment_rfm
U11226,2024-07-14,1,1.91,535,1,1,1,111,Perdus
U02432,2025-06-14,1,3.73,200,3,1,1,311,Perdus
U11519,2024-02-29,1,4.76,671,1,1,1,111,Perdus
U96839,2025-03-17,1,5.3,289,2,1,1,211,Perdus
U08945,2025-10-30,1,5.63,62,4,1,1,411,Nouveaux
U05530,2025-10-06,1,5.7,86,4,1,1,411,Nouveaux
U11015,2025-12-08,1,5.7,23,5,1,1,511,Nouveaux
U00512,2024-12-29,1,5.86,367,2,1,1,211,Perdus
U07686,2025-05-31,1,6.32,214,3,1,1,311,Perdus
U08265,2025-12-07,1,6.7,24,5,1,1,511,Nouveaux
U96339,2024-11-24,1,8.8,402,1,1,1,111,Perdus
U95754,2025-07-26,1,9.48,158,3,1,1,311,Perdus
U07084,2024-12-20,1,11.65,376,2,1,1,211,Perdus
U91407,2024-09-13,1,11.72,474,1,1,1,111,Perdus
U98792,2024-11-22,1,11.8,404,1,1,1,111,Perdus
U91833,2024-02-20,1,11.87,680,1,1,1,111,Perdus
U00697,2025-09-06,1,11.91,116,4,1,1,411,Nouveaux
U06773,2024-07-21,2,12.13,528,1,1,1,111,Perdus
U90569,2025-06-27,1,12.65,187,3,1,1,311,Perdus
U06810,2025-12-09,1,12.66,22,5,1,1,511,Nouveaux
U93886,2024-08-16,1,13.26,502,1,1,1,111,Perdus
U11276,2025-10-13,1,13.53,79,4,1,1,411,Nouveaux
U99531,2025-09-16,1,13.61,106,4,1,1,411,Nouveaux
U91219,2025-01-29,1,13.73,336,2,1,1,211,Perdus
U96797,2024-12-19,1,13.76,377,2,1,1,211,Perdus
U91873,2025-05-09,1,13.79,236,3,1,1,311,Perdus
U91042,2025-06-18,1,14.31,196,3,1,1,311,Perdus
U10865,2025-02-27,1,14.55,307,2,1,1,211,Perdus
U09431,2025-12-26,1,14.94,5,5,1,1,511,Nouveaux
U11057,2024-06-26,1,14.97,553,1,1,1,111,Perdus
U92280,2025-04-26,1,15.27,249,2,1,1,211,Perdus
U02002,2024-10-14,1,15.42,443,1,1,1,111,Perdus
U08851,2025-10-26,1,16.09,66,4,1,1,411,Nouveaux
U05108,2024-03-08,1,16.27,663,1,1,1,111,Perdus
U06908,2024-07-04,1,16.5,545,1,1,1,111,Perdus
U97547,2025-10-26,1,16.69,66,4,1,1,411,Nouveaux
U98163,2025-05-14,1,16.71,231,3,1,1,311,Perdus
U99347,2024-08-31,1,17.96,487,1,1,1,111,Perdus
U05595,2025-06-07,1,18.64,207,3,1,1,311,Perdus
U04734,2024-11-06,1,18.7,420,1,1,1,111,Perdus
U92216,2025-08-19,1,18.76,134,3,1,1,311,Perdus
U08261,2025-08-29,2,18.87,124,4,1,1,411,Nouveaux
U90895,2025-07-01,1,18.98,183,3,1,1,311,Perdus
U11867,2025-10-21,1,18.99,71,4,1,1,411,Nouveaux
U99137,2025-11-29,1,19.01,32,5,1,1,511,Nouveaux
U93721,2025-02-09,1,19.32,325,2,1,1,211,Perdus
U00032,2025-02-09,1,19.46,325,2,1,1,211,Perdus
U99950,2025-07-16,1,19.65,168,3,1,1,311,Perdus
U02530,2025-07-27,1,20.05,157,3,1,1,311,Perdus
U02581,2025-07-06,1,20.11,178,3,1,1,311,Perdus
U96622,2024-08-18,1,20.32,500,1,1,1,111,Perdus
U11659,2025-07-06,1,20.35,178,3,1,1,311,Perdus
U00898,2025-09-12,1,20.51,110,4,1,1,411,Nouveaux
U96443,2025-12-17,1,20.81,14,5,1,1,511,Nouveaux
U94218,2024-03-07,1,20.91,664,1,1,1,111,Perdus
U02861,2024-10-30,1,21.01,427,1,1,1,111,Perdus
U06417,2025-08-21,1,21.15,132,3,1,1,311,Perdus
U08506,2024-06-30,1,21.69,549,1,1,1,111,Perdus
U96246,2025-04-20,1,22.38,255,2,1,1,211,Perdus
U06125,2025-12-17,1,22.45,14,5,1,1,511,Nouveaux
U10876,2025-05-13,1,22.58,232,3,1,1,311,Perdus
U00275,2024-01-26,1,22.65,705,1,1,1,111,Perdus
U01732,2025-03-08,1,22.85,298,2,1,1,211,Perdus
U96087,2025-01-06,1,23.3,359,2,1,1,211,Perdus
U99213,2024-05-03,1,23.66,607,1,1,1,111,Perdus
U91805,2024-09-24,1,23.97,463,1,1,1,111,Perdus
U10573,2024-12-03,1,24.26,393,1,1,1,111,Perdus
U03658,2024-07-05,1,24.52,544,1,1,1,111,Perdus
U92691,2025-07-18,1,24.95,166,3,1,1,311,Perdus
U01163,2025-11-09,1,24.96,52,4,1,1,411,Nouveaux
U93209,2024-09-24,1,25.17,463,1,1,1,111,Perdus
U07577,2025-08-12,1,25.2,141,3,1,1,311,Perdus
U04261,2025-12-24,1,25.52,7,5,1,1,511,Nouveaux
U01466,2025-11-06,1,26.0,55,4,1,1,411,Nouveaux
U94352,2024-05-08,1,26.47,602,1,1,1,111,Perdus
U93707,2024-10-22,1,26.6,435,1,1,1,111,Perdus
U97855,2024-09-26,1,26.61,461,1,1,1,111,Perdus
U04666,2025-12-22,1,26.74,9,5,1,1,511,Nouveaux
U00700,2025-11-27,2,26.79,34,5,1,1,511,Nouveaux
U02443,2025-11-23,1,26.87,38,5,1,1,511,Nouveaux
U00764,2025-11-29,1,27.2,32,5,1,1,511,Nouveaux
U08212,2025-02-28,2,27.26,306,2,1,1,211,Perdus
U07658,2025-05-06,1,27.61,239,3,1,1,311,Perdus
U04486,2024-01-21,1,27.8,710,1,1,1,111,Perdus
U96967,2025-09-15,1,27.88,107,4,1,1,411,Nouveaux
U01226,2024-11-20,1,28.42,406,1,1,1,111,Perdus
U97067,2024-04-24,1,29.11,616,1,1,1,111,Perdus
U94086,2025-05-05,1,29.35,240,3,1,1,311,Perdus
U09188,2024-04-02,1,29.51,638,1,1,1,111,Perdus
U92910,2025-07-08,1,29.59,176,3,1,1,311,Perdus
U05409,2025-05-02,1,29.92,243,3,1,1,311,Perdus
U93202,2025-04-07,1,29.93,268,2,1,1,211,Perdus
U06254,2024-09-18,1,30.22,469,1,1,1,111,Perdus
U97982,2024-12-26,1,30.62,370,2,1,1,211,Perdus
U02708,2024-06-28,1,31.07,551,1,1,1,111,Perdus
U91639,2025-01-31,1,31.26,334,2,1,1,211,Perdus
U09409,2025-10-28,1,31.47,64,4,1,1,411,Nouveaux
U95773,2024-11-23,1,31.51,403,1,1,1,111,Perdus
U08724,2024-09-22,1,32.23,465,1,1,1,111,Perdus
U05956,2024-07-11,2,32.32,538,1,1,1,111,Perdus
U00121,2024-09-22,1,32.42,465,1,1,1,111,Perdus
U99888,2025-09-01,1,32.86,121,4,1,1,411,Nouveaux
U98817,2024-02-23,1,33.18,677,1,1,1,111,Perdus
U10868,2024-01-29,1,33.73,702,1,1,1,111,Perdus
U04867,2025-09-24,1,33.74,98,4,1,1,411,Nouveaux
U07651,2025-11-15,1,34.21,46,5,1,1,511,Nouveaux
U91711,2024-06-24,1,34.89,555,1,1,1,111,Perdus
U91829,2025-03-27,1,34.89,279,2,1,1,211,Perdus
U00966,2024-04-21,1,34.99,619,1,1,1,111,Perdus
U92599,2025-05-02,1,35.1,243,3,1,1,311,Perdus
U97865,2025-08-04,1,35.72,149,3,1,1,311,Perdus
U08678,2025-12-21,3,36.47,10,5,1,1,511,Nouveaux
U98673,2025-03-04,1,37.03,302,2,1,1,211,Perdus
U02513,2025-10-23,1,37.05,69,4,1,1,411,Nouveaux
U97843,2024-01-12,1,37.19,719,1,1,1,111,Perdus
U00575,2025-09-17,1,37.82,105,4,1,1,411,Nouveaux
U03266,2025-01-02,1,37.84,363,2,1,1,211,Perdus
U03967,2025-06-29,1,37.94,185,3,1,1,311,Perdus
U11899,2025-11-13,1,38.34,48,4,1,1,411,Nouveaux
U06766,2024-01-18,2,38.38,713,1,1,1,111,Perdus
U95341,2025-07-19,1,38.81,165,3,1,1,311,Perdus
U93779,2025-09-11,1,39.7,111,4,1,1,411,Nouveaux
U90604,2025-07-05,1,40.13,179,3,1,1,311,Perdus
U91535,2025-01-07,1,40.21,358,2,1,1,211,Perdus
U11452,2024-03-28,1,41.19,643,1,1,1,111,Perdus
U91157,2024-05-27,1,41.49,583,1,1,1,111,Perdus
U03804,2025-11-08,1,41.52,53,4,1,1,411,Nouveaux
U11105,2024-09-24,3,41.61,463,1,1,1,111,Perdus
U92329,2025-10-10,1,41.77,82,4,1,1,411,Nouveaux
U01210,2024-02-26,1,41.82,674,1,1,1,111,Perdus
U94524,2025-04-15,1,41.97,260,2,1,1,211,Perdus
U95352,2024-07-28,1,42.95,521,1,1,1,111,Perdus
U92888,2024-09-16,1,42.97,471,1,1,1,111,Perdus
U02398,2025-09-08,1,43.08,114,4,1,1,411,Nouveaux
U04968,2025-08-20,2,43.14,133,3,1,1,311,Perdus
U06137,2024-04-22,1,43.5,618,1,1,1,111,Perdus
U10067,2025-05-07,1,43.95,238,3,1,1,311,Perdus
U03246,2025-04-06,1,44.36,269,2,1,1,211,Perdus
U96860,2025-03-04,1,44.47,302,2,1,1,211,Perdus
U02227,2025-12-02,1,44.51,29,5,1,1,511,Nouveaux
U98327,2025-04-17,1,44.69,258,2,1,1,211,Perdus
U94236,2025-08-26,1,44.76,127,4,1,1,411,Nouveaux
U94273,2024-03-06,1,46.08,665,1,1,1,111,Perdus
U99566,2024-01-21,1,46.27,710,1,1,1,111,Perdus
U00252,2025-12-01,1,46.27,30,5,1,1,511,Nouveaux
U96232,2024-01-16,1,46.31,715,1,1,1,111,Perdus
U09122,2025-06-14,1,46.42,200,3,1,1,311,Perdus
U94183,2025-11-16,1,46.46,45,5,1,1,511,Nouveaux
U08792,2025-12-05,1,46.72,26,5,1,1,511,Nouveaux
U06884,2025-10-24,3,46.78,68,4,1,1,411,Nouveaux
U01166,2025-10-03,1,46.79,89,4,1,1,411,Nouveaux
U96374,2025-05-06,1,47.29,239,3,1,1,311,Perdus
U00599,2025-06-13,1,47.59,201,3,1,1,311,Perdus
U06290,2024-06-17,1,47.73,562,1,1,1,111,Perdus
U10626,2025-12-02,1,47.79,29,5,1,1,511,Nouveaux
U01624,2024-12-28,1,47.83,368,2,1,1,211,Perdus
U98175,2025-06-19,1,48.25,195,3,1,1,311,Perdus
U94388,2024-03-16,1,48.37,655,1,1,1,111,Perdus
U94063,2025-01-05,1,48.86,360,2,1,1,211,Perdus
U96217,2024-12-12,1,49.0,384,1,1,1,111,Perdus
U99967,2025-04-08,1,49.28,267,2,1,1,211,Perdus
U03248,2025-05-07,1,49.29,238,3,1,1,311,Perdus
U95038,2024-09-16,1,49.82,471,1,1,1,111,Perdus
U05642,2025-04-15,1,50.84,260,2,1,1,211,Perdus
U95953,2025-07-11,1,50.85,173,3,1,1,311,Perdus
U00158,2024-05-23,1,50.9,587,1,1,1,111,Perdus
U05617,2025-09-29,1,51.04,93,4,1,1,411,Nouveaux
U05399,2025-11-12,2,51.06,49,4,1,1,411,Nouveaux
U91465,2024-03-01,1,51.29,670,1,1,1,111,Perdus
U00481,2024-11-14,1,51.33,412,1,1,1,111,Perdus
U01462,2025-10-18,2,51.4,74,4,1,1,411,Nouveaux
U07354,2024-09-29,1,52.27,458,1,1,1,111,Perdus
U11505,2025-10-11,2,52.87,81,4,1,1,411,Nouveaux
U93100,2025-04-26,1,53.22,249,2,1,1,211,Perdus
U98751,2024-07-04,1,53.28,545,1,1,1,111,Perdus
U08795,2024-06-11,1,53.66,568,1,1,1,111,Perdus
U92354,2024-06-29,1,54.63,550,1,1,1,111,Perdus
U92407,2025-07-04,1,54.71,180,3,1,1,311,Perdus
U03209,2025-08-24,2,55.22,129,3,1,1,311,Perdus
U95381,2025-05-07,1,55.37,238,3,1,1,311,Perdus
U04394,2024-06-13,1,55.38,566,1,1,1,111,Perdus
U03244,2024-11-17,1,55.8,409,1,1,1,111,Perdus
U94076,2024-07-01,1,55.9,548,1,1,1,111,Perdus
U91048,2025-11-06,1,55.95,55,4,1,1,411,Nouveaux
U07050,2024-04-23,1,56.03,617,1,1,1,111,Perdus
U09211,2025-08-15,1,56.16,138,3,1,1,311,Perdus
U91163,2024-08-11,1,56.8,507,1,1,1,111,Perdus
U96167,2024-11-26,1,56.9,400,1,1,1,111,Perdus
U98916,2025-02-18,1,57.22,316,2,1,1,211,Perdus
U92593,2025-04-29,1,58.02,246,3,1,1,311,Perdus
U09159,2025-03-08,1,58.19,298,2,1,1,211,Perdus
U02779,2024-09-18,1,58.24,469,1,1,1,111,Perdus
U91678,2024-08-28,1,58.52,490,1,1,1,111,Perdus
U97244,2024-12-09,1,58.93,387,1,1,1,111,Perdus
U09410,2024-08-30,1,59.46,488,1,1,1,111,Perdus
U02834,2024-01-20,1,59.48,711,1,1,1,111,Perdus
U08395,2024-12-01,2,59.7,395,1,1,1,111,Perdus
U05781,2025-10-14,1,59.75,78,4,1,1,411,Nouveaux
U06801,2025-04-19,1,60.09,256,2,1,1,211,Perdus
U08413,2024-05-14,1,60.22,596,1,1,1,111,Perdus
U11681,2024-11-25,1,60.27,401,1,1,1,111,Perdus
U97846,2024-10-18,1,60.34,439,1,1,1,111,Perdus
U93863,2024-05-05,1,60.6,605,1,1,1,111,Perdus
U97049,2025-01-29,1,60.6,336,2,1,1,211,Perdus
U95926,2025-11-17,1,60.85,44,5,1,1,511,Nouveaux
U96535,2024-08-22,1,62.48,496,1,1,1,111,Perdus
U03519,2025-11-12,1,62.63,49,4,1,1,411,Nouveaux
U99973,2024-10-10,1,62.9,447,1,1,1,111,Perdus
U97832,2024-01-10,1,63.07,721,1,1,1,111,Perdus
U91967,2024-12-24,1,63.16,372,2,1,1,211,Perdus
U92213,2025-02-07,1,63.29,327,2,1,1,211,Perdus
U92250,2025-10-07,1,63.49,85,4,1,1,411,Nouveaux
U92228,2025-08-09,1,63.55,144,3,1,1,311,Perdus
U95702,2024-06-21,1,63.77,558,1,1,1,111,Perdus
U91930,2024-10-31,1,64.57,426,1,1,1,111,Perdus
U93319,2024-11-04,1,64.58,422,1,1,1,111,Perdus
U93467,2025-04-14,1,64.71,261,2,1,1,211,Perdus
U95091,2025-11-04,1,64.96,57,4,1,1,411,Nouveaux
U96719,2024-09-08,1,65.24,479,1,1,1,111,Perdus
U04254,2025-12-29,2,65.62,2,5,1,1,511,Nouveaux
U98303,2025-01-11,1,66.89,354,2,1,1,211,Perdus
U09139,2024-09-22,3,67.27,465,1,1,1,111,Perdus
U00841,2024-03-11,1,67.36,660,1,1,1,111,Perdus
U92114,2024-10-08,1,67.94,449,1,1,1,111,Perdus
U95057,2025-05-03,1,68.73,242,3,1,1,311,Perdus
U95178,2024-10-02,1,68.74,455,1,1,1,111,Perdus
U91112,2025-07-13,1,68.98,171,3,1,1,311,Perdus
U04975,2025-08-05,1,69.2,148,3,1,1,311,Perdus
U03464,2025-08-27,1,69.31,126,4,1,1,411,Nouveaux
U01705,2025-12-23,1,69.4,8,5,1,1,511,Nouveaux
U10389,2025-07-06,1,69.52,178,3,1,1,311,Perdus
U92720,2024-04-05,1,70.09,635,1,1,1,111,Perdus
U06665,2025-01-19,2,70.27,346,2,1,1,211,Perdus
U90346,2025-04-12,1,70.45,263,2,1,1,211,Perdus
U06895,2024-11-12,2,70.46,414,1,1,1,111,Perdus
U07471,2025-01-25,2,70.87,340,2,1,1,211,Perdus
U06348,2025-12-20,2,70.91,11,5,1,1,511,Nouveaux
U04093,2025-07-06,1,71.45,178,3,1,1,311,Perdus
U05081,2025-12-25,1,71.85,6,5,1,1,511,Nouveaux
U01078,2024-06-29,3,72.2,550,1,1,1,111,Perdus
U05652,2024-08-17,2,72.8,501,1,1,1,111,Perdus
U96975,2024-11-28,1,73.86,398,1,1,1,111,Perdus
U90688,2024-12-25,1,74.38,371,2,1,1,211,Perdus
U01019,2025-12-25,2,74.62,6,5,1,1,511,Nouveaux
U10558,2024-11-28,2,74.81,398,1,1,1,111,Perdus
U96032,2025-09-23,1,75.12,99,4,1,1,411,Nouveaux
U95470,2024-05-26,1,75.2,584,1,1,1,111,Perdus
U11129,2024-07-26,3,75.47,523,1,1,1,111,Perdus
U03072,2025-12-15,1,75.67,16,5,1,1,511,Nouveaux
U01200,2025-01-20,4,76.01,345,2,1,1,211,Perdus
U00733,2024-01-27,1,76.1,704,1,1,1,111,Perdus
U00249,2025-06-27,1,76.14,187,3,1,1,311,Perdus
U95840,2025-05-08,1,76.19,237,3,1,1,311,Perdus
U97906,2024-06-01,1,76.71,578,1,1,1,111,Perdus
U96907,2025-05-01,1,76.95,244,3,1,1,311,Perdus
U05329,2025-04-12,2,77.02,263,2,1,1,211,Perdus
U99062,2025-03-08,1,77.53,298,2,1,1,211,Perdus
U06033,2024-01-23,2,77.93,708,1,1,1,111,Perdus
U98189,2025-06-11,1,78.0,203,3,1,1,311,Perdus
U05991,2025-12-11,2,78.18,20,5,1,1,511,Nouveaux
U01237,2025-09-29,1,79.04,93,4,1,1,411,Nouveaux
U03949,2025-09-17,2,79.04,105,4,1,1,411,Nouveaux
U01310,2025-11-02,3,79.18,59,4,1,1,411,Nouveaux
U10543,2025-12-06,1,79.42,25,5,1,1,511,Nouveaux
U11992,2025-10-15,2,79.86,77,4,1,1,411,Nouveaux
U07294,2025-12-14,1,79.89,17,5,1,1,511,Nouveaux
U10392,2024-04-06,2,80.02,634,1,1,1,111,Perdus
U06693,2025-05-23,2,80.11,222,3,1,1,311,Perdus
U01740,2025-03-22,2,80.25,284,2,1,1,211,Perdus
U99606,2025-08-28,1,80.27,125,4,1,1,411,Nouveaux
U98436,2025-06-11,1,80.7,203,3,1,1,311,Perdus
U03849,2025-11-21,2,81.3,40,5,1,1,511,Nouveaux
U08385,2025-10-18,1,82.41,74,4,1,1,411,Nouveaux
U09315,2025-09-24,3,82.42,98,4,1,1,411,Nouveaux
U00027,2024-04-02,1,82.75,638,1,1,1,111,Perdus
U04520,2025-12-20,1,82.87,11,5,1,1,511,Nouveaux
U05576,2025-11-24,1,82.88,37,5,1,1,511,Nouveaux
U90290,2025-04-16,1,83.0,259,2,1,1,211,Perdus
U98241,2025-03-30,1,83.04,276,2,1,1,211,Perdus
U99801,2024-04-26,1,83.31,614,1,1,1,111,Perdus
U09913,2025-03-23,1,83.61,283,2,1,1,211,Perdus
U09061,2025-12-24,1,85.54,7,5,1,1,511,Nouveaux
U08539,2024-08-21,3,85.55,497,1,1,1,111,Perdus
U90452,2024-12-04,1,85.8,392,1,1,1,111,Perdus
U06782,2024-02-28,2,86.16,672,1,1,1,111,Perdus
U08529,2024-07-23,1,86.22,526,1,1,1,111,Perdus
U01841,2024-05-14,2,86.87,596,1,1,1,111,Perdus
U92254,2025-08-03,1,87.05,150,3,1,1,311,Perdus
U05692,2024-07-20,3,87.56,529,1,1,1,111,Perdus
U07546,2024-03-24,2,87.68,647,1,1,1,111,Perdus
U05229,2024-11-29,2,87.73,397,1,1,1,111,Perdus
U04190,2025-12-31,2,88.1,0,5,1,1,511,Nouveaux
U96206,2025-01-17,1,88.15,348,2,1,1,211,Perdus
U11133,2025-02-15,3,88.77,319,2,1,1,211,Perdus
U09603,2025-05-20,2,88.83,225,3,1,1,311,Perdus
U99402,2024-10-25,1,88.94,432,1,1,1,111,Perdus
U91750,2025-11-14,1,89.43,47,4,1,1,411,Nouveaux
U07357,2025-05-19,1,89.77,226,3,1,1,311,Perdus
U97495,2024-08-17,1,90.61,501,1,1,1,111,Perdus
U94425,2024-07-08,1,90.67,541,1,1,1,111,Perdus
U93148,2024-03-12,1,90.79,659,1,1,1,111,Perdus
U99006,2024-04-18,1,91.05,622,1,1,1,111,Perdus
U94495,2024-03-25,1,91.96,646,1,1,1,111,Perdus
U08116,2025-04-09,1,93.28,266,2,1,1,211,Perdus
U10746,2025-12-31,2,93.62,0,5,1,1,511,Nouveaux
U09097,2025-11-12,1,93.64,49,4,1,1,411,Nouveaux
U98506,2025-09-22,1,94.07,100,4,1,1,411,Nouveaux
U09817,2025-12-22,2,94.21,9,5,1,1,511,Nouveaux
U07844,2025-06-26,1,94.35,188,3,1,1,311,Perdus
U02604,2025-10-11,2,94.45,81,4,1,1,411,Nouveaux
U06040,2025-12-30,2,94.76,1,5,1,1,511,Nouveaux
U02327,2024-05-31,3,94.83,579,1,1,1,111,Perdus
U00981,2025-12-14,1,94.86,17,5,1,1,511,Nouveaux
U00231,2025-06-27,2,95.36,187,3,1,1,311,Perdus
U09320,2025-12-28,1,96.02,3,5,1,1,511,Nouveaux
U10146,2025-07-22,4,96.67,162,3,1,1,311,Perdus
U94363,2024-07-05,1,96.97,544,1,1,1,111,Perdus
U93107,2024-06-17,1,97.2,562,1,1,1,111,Perdus
U93981,2025-02-25,1,97.22,309,2,1,1,211,Perdus
U03288,2024-10-28,2,97.91,429,1,1,1,111,Perdus
U10235,2025-12-24,2,98.28,7,5,1,1,511,Nouveaux
U02299,2024-07-22,3,98.4,527,1,1,1,111,Perdus
U94720,2025-01-15,1,98.41,350,2,1,1,211,Perdus
U93083,2024-11-26,1,98.49,400,1,1,1,111,Perdus
U06956,2025-10-28,1,99.57,64,4,1,1,411,Nouveaux
U11169,2024-08-18,2,99.71,500,1,1,1,111,Perdus
U11584,2024-03-29,2,99.98,642,1,1,1,111,Perdus
U09837,2024-09-30,3,100.1,457,1,1,1,111,Perdus
U06535,2024-11-05,1,100.28,421,1,1,1,111,Perdus
U00618,2025-12-15,3,100.36,16,5,1,1,511,Nouveaux
U01330,2025-01-23,2,100.49,342,2,1,1,211,Perdus
U08094,2025-06-29,2,100.84,185,3,1,1,311,Perdus
U07507,2025-11-06,1,100.93,55,4,1,1,411,Nouveaux
U01075,2025-08-08,1,101.28,145,3,1,1,311,Perdus
U02552,2025-02-15,1,101.59,319,2,1,1,211,Perdus
U92205,2024-07-17,1,101.87,532,1,1,1,111,Perdus
U10255,2024-06-13,1,101.97,566,1,1,1,111,Perdus
U98227,2025-03-29,1,102.03,277,2,1,1,211,Perdus
U90076,2024-06-23,1,102.06,556,1,1,1,111,Perdus
U10591,2024-05-01,2,102.92,609,1,1,1,111,Perdus
U98677,2025-12-29,1,103.15,2,5,1,1,511,Nouveaux
U94004,2024-06-24,1,103.32,555,1,1,1,111,Perdus
U04067,2025-09-21,2,103.91,101,4,1,1,411,Nouveaux
U11778,2024-04-30,4,104.2,610,1,1,1,111,Perdus
U07418,2024-09-28,2,105.05,459,1,1,1,111,Perdus
U10135,2024-10-10,3,105.27,447,1,1,1,111,Perdus
U05412,2025-03-17,1,105.46,289,2,1,1,211,Perdus
U06681,2024-04-29,1,105.88,611,1,1,1,111,Perdus
U02331,2025-07-14,2,105.93,170,3,1,1,311,Perdus
U98760,2024-07-11,1,107.15,538,1,1,1,111,Perdus
U00726,2025-05-31,2,107.42,214,3,1,1,311,Perdus
U08223,2025-12-26,3,108.11,5,5,1,1,511,Nouveaux
U95558,2024-04-16,1,108.17,624,1,1,1,111,Perdus
U91257,2025-01-23,1,108.22,342,2,1,1,211,Perdus
U11092,2024-04-13,2,108.45,627,1,1,1,111,Perdus
U01223,2025-04-08,1,108.8,267,2,1,1,211,Perdus
U06346,2025-12-23,4,109.61,8,5,2,1,521,Nouveaux
U02158,2025-07-23,2,109.73,161,3,1,1,311,Perdus
U03438,2024-06-16,2,109.95,563,1,1,1,111,Perdus
U08785,2025-02-27,1,110.37,307,2,1,1,211,Perdus
U90296,2025-11-23,1,110.39,38,5,1,1,511,Nouveaux
U98017,2024-11-14,1,110.5,412,1,1,1,111,Perdus
U93246,2024-07-27,1,111.13,522,1,1,1,111,Perdus
U08865,2025-03-10,1,111.18,296,2,1,1,211,Perdus
U06138,2024-02-16,3,111.76,684,1,1,1,111,Perdus
U95014,2025-06-17,1,111.85,197,3,1,1,311,Perdus
U94445,2025-10-12,1,111.98,80,4,1,1,411,Nouveaux
U06080,2025-11-09,1,112.31,52,4,1,1,411,Nouveaux
U03837,2025-04-19,2,112.63,256,2,1,1,211,Perdus
U94341,2025-02-14,1,113.5,320,2,1,1,211,Perdus
U02180,2025-07-11,2,114.22,173,3,1,1,311,Perdus
U02143,2025-10-18,2,115.29,74,4,1,1,411,Nouveaux
U96030,2025-08-29,1,115.67,124,4,1,1,411,Nouveaux
U00631,2025-11-23,4,116.12,38,5,2,1,521,Nouveaux
U04723,2025-08-29,3,116.44,124,4,1,1,411,Nouveaux
U02458,2025-03-23,2,116.6,283,2,1,1,211,Perdus
U07342,2025-01-02,3,116.92,363,2,1,1,211,Perdus
U99271,2025-09-12,1,117.26,110,4,1,1,411,Nouveaux
U01046,2025-04-24,4,117.53,251,2,1,1,211,Perdus
U11302,2025-10-30,1,118.32,62,4,1,1,411,Nouveaux
U06860,2025-09-20,2,118.42,102,4,1,1,411,Nouveaux
U06596,2025-01-14,2,118.6,351,2,1,1,211,Perdus
U00343,2025-11-13,1,118.88,48,4,1,1,411,Nouveaux
U02337,2024-03-28,3,118.94,643,1,1,1,111,Perdus
U93678,2025-04-10,1,119.15,265,2,1,1,211,Perdus
U01582,2024-08-19,2,119.24,499,1,1,1,111,Perdus
U04302,2025-01-12,3,119.5,353,2,1,1,211,Perdus
U95003,2025-06-12,1,119.83,202,3,1,1,311,Perdus
U11797,2024-07-31,3,119.99,518,1,1,1,111,Perdus
U01520,2025-08-31,3,121.57,122,4,1,1,411,Nouveaux
U94738,2024-02-14,1,122.26,686,1,1,1,111,Perdus
U00935,2025-05-12,1,122.72,233,3,1,1,311,Perdus
U90918,2024-11-28,1,123.23,398,1,1,1,111,Perdus
U08801,2025-06-22,5,123.38,192,3,2,1,321,Perdus
U08062,2025-12-05,3,123.4,26,5,1,1,511,Nouveaux
U07596,2025-09-18,4,123.48,104,4,2,1,421,Nouveaux
U06197,2025-12-09,1,123.6,22,5,1,1,511,Nouveaux
U02328,2024-05-18,1,123.63,592,1,1,1,111,Perdus
U11614,2024-05-29,2,123.65,581,1,1,1,111,Perdus
U94038,2024-10-17,1,123.96,440,1,1,1,111,Perdus
U08774,2024-11-25,2,124.9,401,1,1,1,111,Perdus
U00078,2024-07-09,1,125.36,540,1,1,1,111,Perdus
U11345,2025-07-25,2,125.59,159,3,1,1,311,Perdus
U93665,2025-02-02,1,125.67,332,2,1,1,211,Perdus
U07040,2025-12-29,1,125.96,2,5,1,1,511,Nouveaux
U11249,2024-01-24,1,126.08,707,1,1,1,111,Perdus
U06841,2025-12-26,2,126.57,5,5,1,1,511,Nouveaux
U08256,2025-11-26,4,126.65,35,5,2,1,521,Nouveaux
U11822,2025-10-22,1,126.83,70,4,1,1,411,Nouveaux
U10012,2024-03-02,2,127.21,669,1,1,1,111,Perdus
U08112,2024-10-08,1,127.57,449,1,1,1,111,Perdus
U98986,2025-05-08,1,127.69,237,3,1,1,311,Perdus
U96429,2025-01-24,1,127.83,341,2,1,1,211,Perdus
U99922,2025-08-15,1,128.45,138,3,1,1,311,Perdus
U00985,2025-03-21,2,128.52,285,2,1,1,211,Perdus
U00823,2025-11-06,3,128.52,55,4,1,1,411,Nouveaux
U02764,2025-03-16,2,128.61,290,2,1,1,211,Perdus
U03539,2025-01-05,1,128.75,360,2,1,1,211,Perdus
U94311,2024-02-16,1,128.85,684,1,1,1,111,Perdus
U01375,2024-06-20,1,128.91,559,1,1,1,111,Perdus
U00845,2024-08-07,1,128.96,511,1,1,1,111,Perdus
U10687,2024-04-27,2,129.19,613,1,1,1,111,Perdus
U96618,2025-11-06,1,129.69,55,4,1,1,411,Nouveaux
U11266,2024-02-07,3,129.77,693,1,1,1,111,Perdus
U03375,2025-11-07,1,129.9,54,4,1,1,411,Nouveaux
U09658,2025-11-22,2,130.03,39,5,1,1,511,Nouveaux
U01306,2025-01-28,3,130.45,337,2,1,1,211,Perdus
U02004,2024-05-01,2,130.56,609,1,1,1,111,Perdus
U05736,2025-12-24,3,130.88,7,5,1,1,511,Nouveaux
U92587,2024-01-23,1,131.77,708,1,1,1,111,Perdus
U07868,2025-10-27,2,132.02,65,4,1,1,411,Nouveaux
U10462,2024-02-18,2,132.3,682,1,1,1,111,Perdus
U03690,2024-06-02,1,132.51,577,1,1,1,111,Perdus
U90731,2025-11-17,1,132.65,44,5,1,1,511,Nouveaux
U08634,2024-11-20,2,132.75,406,1,1,1,111,Perdus
U03286,2025-12-19,2,133.55,12,5,1,1,511,Nouveaux
U94287,2025-05-29,1,133.67,216,3,1,1,311,Perdus
U04794,2025-03-15,3,134.47,291,2,1,1,211,Perdus
U08178,2025-09-10,1,134.9,112,4,1,1,411,Nouveaux
U04252,2025-12-08,1,134.91,23,5,1,1,511,Nouveaux
U05765,2025-11-15,2,135.25,46,5,1,1,511,Nouveaux
U91697,2025-04-26,1,135.73,249,2,1,1,211,Perdus
U09162,2025-09-27,5,135.8,95,4,2,1,421,Nouveaux
U02421,2025-10-27,1,136.18,65,4,1,1,411,Nouveaux
U10351,2025-12-06,3,136.62,25,5,1,1,511,Nouveaux
U01910,2025-09-18,2,136.82,104,4,1,1,411,Nouveaux
U04213,2025-12-29,3,137.24,2,5,1,1,511,Nouveaux
U97068,2025-06-11,1,137.87,203,3,1,1,311,Perdus
U01802,2025-12-04,2,138.19,27,5,1,1,511,Nouveaux
U05068,2025-02-13,1,139.05,321,2,1,1,211,Perdus
U10956,2025-04-28,3,139.1,247,2,1,1,211,Perdus
U95005,2025-02-04,1,139.6,330,2,1,1,211,Perdus
U07638,2025-11-11,1,140.06,50,4,1,1,411,Nouveaux
U01954,2025-07-29,3,140.13,155,3,1,1,311,Perdus
U00041,2025-07-26,2,140.17,158,3,1,1,311,Perdus
U97802,2024-09-10,1,140.26,477,1,1,1,111,Perdus
U01070,2025-04-11,2,140.29,264,2,1,1,211,Perdus
U95120,2025-02-22,1,140.82,312,2,1,1,211,Perdus
U04355,2025-10-03,2,141.45,89,4,1,1,411,Nouveaux
U05320,2024-07-06,1,141.72,543,1,1,1,111,Perdus
U04177,2024-04-17,1,141.96,623,1,1,1,111,Perdus
U07943,2025-01-29,1,142.51,336,2,1,1,211,Perdus
U07468,2024-08-25,4,142.77,493,1,1,1,111,Perdus
U02661,2024-03-11,2,142.87,660,1,1,1,111,Perdus
U93829,2025-09-08,1,143.08,114,4,1,1,411,Nouveaux
U01703,2025-02-25,1,143.29,309,2,1,1,211,Perdus
U08134,2025-08-09,1,143.35,144,3,1,1,311,Perdus
U09413,2025-04-08,2,143.47,267,2,1,1,211,Perdus
U95289,2025-07-07,1,143.57,177,3,1,1,311,Perdus
U02863,2025-04-19,2,143.67,256,2,1,1,211,Perdus
U03140,2024-06-28,2,144.38,551,1,1,1,111,Perdus
U09051,2024-05-14,1,145.17,596,1,1,1,111,Perdus
U09187,2025-02-22,2,145.17,312,2,1,1,211,Perdus
U01336,2025-06-27,2,145.88,187,3,1,1,311,Perdus
U04736,2024-02-21,3,145.88,679,1,1,1,111,Perdus
U03142,2025-11-11,1,145.9,50,4,1,1,411,Nouveaux
U10256,2025-07-19,3,145.91,165,3,1,1,311,Perdus
U11237,2024-10-17,2,145.93,440,1,1,1,111,Perdus
U10014,2025-11-11,4,146.09,50,4,2,1,421,Nouveaux
U07653,2025-07-13,2,146.12,171,3,1,1,311,Perdus
U06340,2024-07-23,2,146.44,526,1,1,1,111,Perdus
U94637,2025-11-11,1,146.49,50,4,1,1,411,Nouveaux
U04198,2024-04-29,3,147.01,611,1,1,1,111,Perdus
U07675,2024-05-25,3,147.65,585,1,1,1,111,Perdus
U99971,2024-05-14,1,147.69,596,1,1,1,111,Perdus
U01100,2025-10-06,1,148.27,86,4,1,1,411,Nouveaux
U06756,2024-10-16,3,148.79,441,1,1,1,111,Perdus
U95956,2024-05-08,1,149.11,602,1,1,1,111,Perdus
U08293,2024-08-17,2,149.32,501,1,1,1,111,Perdus
U07484,2025-10-29,2,149.8,63,4,1,1,411,Nouveaux
U10528,2024-01-22,3,149.8,709,1,1,1,111,Perdus
U10441,2025-10-29,2,150.09,63,4,1,1,411,Nouveaux
U05485,2025-05-03,2,150.54,242,3,1,1,311,Perdus
U96462,2025-05-20,1,150.61,225,3,1,1,311,Perdus
U04146,2024-03-30,2,151.12,641,1,1,1,111,Perdus
U93293,2025-02-01,1,151.51,333,2,1,1,211,Perdus
U01962,2024-07-16,2,151.57,533,1,1,1,111,Perdus
U01860,2024-06-26,3,152.36,553,1,1,1,111,Perdus
U07640,2025-10-27,4,152.41,65,4,2,1,421,Nouveaux
U10657,2025-12-09,2,152.49,22,5,1,1,511,Nouveaux
U06218,2024-09-24,2,152.97,463,1,1,1,111,Perdus
U11826,2025-12-24,1,153.12,7,5,1,1,511,Nouveaux
U10087,2025-09-04,1,153.19,118,4,1,1,411,Nouveaux
U10581,2025-05-27,1,153.27,218,3,1,1,311,Perdus
U06982,2025-03-12,1,153.32,294,2,1,1,211,Perdus
U92096,2025-03-25,1,153.96,281,2,1,1,211,Perdus
U11340,2025-11-08,2,154.45,53,4,1,1,411,Nouveaux
U02223,2025-09-23,3,154.45,99,4,1,1,411,Nouveaux
U05552,2025-12-19,2,154.93,12,5,1,1,511,Nouveaux
U08929,2025-02-19,5,155.14,315,2,2,1,221,Perdus
U97248,2024-07-14,1,155.3,535,1,1,1,111,Perdus
U99251,2024-12-23,1,157.11,373,2,1,1,211,Perdus
U06524,2025-07-19,2,157.6,165,3,1,1,311,Perdus
U02612,2025-05-15,1,157.76,230,3,1,1,311,Perdus
U91274,2025-01-23,1,158.43,342,2,1,1,211,Perdus
U00385,2025-02-09,2,158.54,325,2,1,1,211,Perdus
U97066,2025-11-13,1,158.79,48,4,1,1,411,Nouveaux
U97410,2025-04-26,1,159.08,249,2,1,1,211,Perdus
U05469,2024-02-17,2,159.2,683,1,1,1,111,Perdus
U00164,2025-09-22,3,159.55,100,4,1,1,411,Nouveaux
U01106,2024-11-29,1,160.28,397,1,1,1,111,Perdus
U94324,2024-11-30,1,160.62,396,1,1,1,111,Perdus
U11800,2025-04-23,3,161.12,252,2,1,1,211,Perdus
U10239,2025-12-23,2,161.52,8,5,1,1,511,Nouveaux
U09234,2025-01-31,3,161.59,334,2,1,1,211,Perdus
U01126,2025-10-27,3,162.07,65,4,1,1,411,Nouveaux
U02451,2025-11-29,3,162.26,32,5,1,1,511,Nouveaux
U05324,2025-12-18,4,162.31,13,5,2,1,521,Nouveaux
U94905,2024-12-01,1,162.94,395,1,1,1,111,Perdus
U03483,2025-12-15,1,162.97,16,5,1,1,511,Nouveaux
U99776,2025-02-10,1,162.99,324,2,1,1,211,Perdus
U08773,2025-01-01,2,163.22,364,2,1,1,211,Perdus
U05744,2024-12-01,8,163.25,395,1,3,1,131,A risque
U01077,2025-06-30,3,163.68,184,3,1,1,311,Perdus
U09847,2025-12-30,4,163.69,1,5,2,1,521,Nouveaux
U04042,2024-09-21,2,164.15,466,1,1,1,111,Perdus
U00665,2025-08-21,1,164.25,132,3,1,1,311,Perdus
U07399,2025-08-21,2,164.27,132,3,1,1,311,Perdus
U11674,2024-06-10,1,164.34,569,1,1,1,111,Perdus
U02009,2024-09-28,3,164.4,459,1,1,1,111,Perdus
U98955,2024-04-26,1,164.42,614,1,1,1,111,Perdus
U92181,2024-03-29,1,164.71,642,1,1,1,111,Perdus
U94914,2025-10-26,1,164.91,66,4,1,1,411,Nouveaux
U05887,2025-11-19,2,165.07,42,5,1,1,511,Nouveaux
U96020,2024-06-03,1,165.26,576,1,1,1,111,Perdus
U06173,2025-08-28,3,165.3,125,4,1,1,411,Nouveaux
U03910,2025-08-10,3,165.39,143,3,1,1,311,Perdus
U08478,2024-07-22,3,165.53,527,1,1,1,111,Perdus
U09217,2024-12-15,1,166.31,381,2,1,1,211,Perdus
U10736,2025-09-27,3,166.63,95,4,1,1,411,Nouveaux
U06695,2024-03-27,2,167.14,644,1,1,1,111,Perdus
U10233,2025-12-30,2,167.35,1,5,1,1,511,Nouveaux
U03352,2025-12-30,5,168.38,1,5,2,1,521,Nouveaux
U01664,2025-10-16,2,168.81,76,4,1,1,411,Nouveaux
U01684,2025-09-13,3,168.96,109,4,1,1,411,Nouveaux
U11054,2025-06-25,4,169.08,189,3,1,1,311,Perdus
U05976,2025-05-22,3,169.4,223,3,1,1,311,Perdus
U90075,2025-08-22,1,169.45,131,3,1,1,311,Perdus
U09683,2025-09-22,2,169.91,100,4,1,1,411,Nouveaux
U01528,2025-10-18,5,170.24,74,4,2,1,421,Nouveaux
U05947,2025-09-21,4,171.16,101,4,2,1,421,Nouveaux
U05784,2024-10-17,2,171.36,440,1,1,1,111,Perdus
U09244,2025-10-15,4,171.72,77,4,2,1,421,Nouveaux
U10916,2025-02-13,3,172.06,321,2,1,1,211,Perdus
U09276,2025-02-09,1,173.6,325,2,1,1,211,Perdus
U94152,2024-06-05,1,173.8,574,1,1,1,111,Perdus
U07864,2025-10-23,1,174.09,69,4,1,1,411,Nouveaux
U07160,2024-09-21,4,175.11,466,1,1,1,111,Perdus
U05249,2024-03-11,1,175.62,660,1,1,1,111,Perdus
U06529,2025-03-30,3,175.83,276,2,1,1,211,Perdus
U98389,2024-06-29,1,176.21,550,1,1,1,111,Perdus
U90481,2024-01-09,1,176.91,722,1,1,1,111,Perdus
U10346,2025-02-20,2,177.36,314,2,1,1,211,Perdus
U07709,2025-12-23,1,177.72,8,5,1,1,511,Nouveaux
U11429,2024-08-30,4,178.0,488,1,1,1,111,Perdus
U92222,2024-05-20,1,179.12,590,1,1,1,111,Perdus
U06620,2025-09-03,4,179.18,119,4,2,1,421,Nouveaux
U97993,2025-06-03,1,179.41,211,3,1,1,311,Perdus
U92962,2025-06-15,1,179.41,199,3,1,1,311,Perdus
U92138,2025-08-15,1,180.6,138,3,1,1,311,Perdus
U06450,2024-05-31,4,180.88,579,1,1,1,111,Perdus
U11622,2025-07-01,1,181.51,183,3,1,1,311,Perdus
U00662,2024-12-02,2,181.71,394,1,1,1,111,Perdus
U09220,2025-11-08,2,181.97,53,4,1,1,411,Nouveaux
U10686,2024-11-03,1,182.31,423,1,1,1,111,Perdus
U10266,2024-01-16,3,182.64,715,1,1,1,111,Perdus
U91558,2025-06-22,1,183.43,192,3,1,1,311,Perdus
U05394,2024-06-19,2,183.61,560,1,1,1,111,Perdus
U04423,2025-11-15,1,183.91,46,5,1,1,511,Nouveaux
U01485,2024-07-05,1,184.06,544,1,1,1,111,Perdus
U07986,2025-09-21,4,184.1,101,4,2,1,421,Nouveaux
U96586,2024-06-27,1,184.23,552,1,1,1,111,Perdus
U11287,2024-10-08,1,184.45,449,1,1,1,111,Perdus
U09711,2024-07-15,3,185.83,534,1,1,1,111,Perdus
U05627,2024-09-24,4,186.04,463,1,1,1,111,Perdus
U00705,2025-06-23,2,186.17,191,3,1,1,311,Perdus
U94638,2025-12-01,1,186.8,30,5,1,1,511,Nouveaux
U07229,2025-06-01,3,188.1,213,3,1,1,311,Perdus
U94578,2025-12-08,1,188.98,23,5,1,1,511,Nouveaux
U93795,2024-12-02,1,189.25,394,1,1,1,111,Perdus
U09896,2024-11-26,3,189.56,400,1,1,1,111,Perdus
U02745,2025-12-18,4,189.99,13,5,2,1,521,Nouveaux
U11046,2024-07-20,1,190.46,529,1,1,1,111,Perdus
U98222,2025-12-20,1,191.07,11,5,1,1,511,Nouveaux
U03619,2025-11-17,3,191.08,44,5,1,1,511,Nouveaux
U95786,2025-09-22,1,191.75,100,4,1,1,411,Nouveaux
U06134,2025-12-27,3,191.99,4,5,1,1,511,Nouveaux
U00119,2025-12-24,3,192.17,7,5,1,1,511,Nouveaux
U00772,2025-09-29,4,192.71,93,4,2,1,421,Nouveaux
U00897,2025-11-10,2,193.08,51,4,1,1,411,Nouveaux
U95000,2024-08-13,1,193.12,505,1,1,1,111,Perdus
U00632,2025-11-04,1,194.26,57,4,1,1,411,Nouveaux
U08524,2025-03-24,3,194.6,282,2,1,1,211,Perdus
U05294,2024-03-31,3,194.69,640,1,1,1,111,Perdus
U11295,2025-11-27,5,195.69,34,5,2,1,521,Nouveaux
U01011,2024-08-23,2,196.95,495,1,1,1,111,Perdus
U99100,2024-12-13,1,197.05,383,2,1,1,211,Perdus
U11855,2025-12-06,1,198.61,25,5,1,1,511,Nouveaux
U98026,2025-10-20,1,199.18,72,4,1,1,411,Nouveaux
U06216,2025-09-21,3,199.76,101,4,1,1,411,Nouveaux
U05572,2024-04-21,3,200.83,619,1,1,1,111,Perdus
U09606,2024-05-09,2,201.68,601,1,1,1,111,Perdus
U05854,2024-04-05,5,201.72,635,1,2,1,121,Perdus
U02889,2024-12-26,3,203.18,370,2,1,1,211,Perdus
U03271,2025-11-18,3,203.53,43,5,1,1,511,Nouveaux
U10682,2025-10-02,3,203.74,90,4,1,1,411,Nouveaux
U08495,2025-05-15,1,204.36,230,3,1,1,311,Perdus
U06252,2025-04-28,5,204.44,247,2,2,1,221,Perdus
U02997,2024-08-12,2,204.54,506,1,1,1,111,Perdus
U06116,2025-09-09,1,205.5,113,4,1,1,411,Nouveaux
U06376,2025-12-18,5,205.51,13,5,2,1,521,Nouveaux
U01634,2025-12-14,1,205.75,17,5,1,1,511,Nouveaux
U07748,2024-10-20,1,205.81,437,1,1,1,111,Perdus
U07895,2025-09-05,2,206.78,117,4,1,1,411,Nouveaux
U99211,2024-06-11,1,207.28,568,1,1,1,111,Perdus
U04230,2025-11-12,4,207.84,49,4,2,1,421,Nouveaux
U93953,2025-10-20,1,207.96,72,4,1,1,411,Nouveaux
U07800,2024-07-12,3,208.36,537,1,1,1,111,Perdus
U93129,2025-04-30,1,208.4,245,3,1,1,311,Perdus
U03697,2024-09-28,5,208.49,459,1,2,1,121,Perdus
U11080,2024-06-27,3,209.19,552,1,1,1,111,Perdus
U08809,2025-10-20,3,209.69,72,4,1,1,411,Nouveaux
U00564,2025-12-27,3,210.18,4,5,1,1,511,Nouveaux
U03057,2025-06-25,4,210.23,189,3,1,1,311,Perdus
U95171,2025-05-20,1,211.01,225,3,1,1,311,Perdus
U09459,2024-12-10,3,211.04,386,1,1,1,111,Perdus
U09141,2024-07-29,3,211.09,520,1,1,1,111,Perdus
U07402,2025-08-29,3,211.3,124,4,1,1,411,Nouveaux
U01467,2025-11-22,3,212.25,39,5,1,1,511,Nouveaux
U03345,2024-07-16,1,213.33,533,1,1,1,111,Perdus
U04231,2025-03-21,2,214.15,285,2,1,1,211,Perdus
U95302,2025-11-29,1,214.54,32,5,1,1,511,Nouveaux
U97333,2024-07-12,1,214.57,537,1,1,1,111,Perdus
U07297,2025-10-19,1,215.44,73,4,1,1,411,Nouveaux
U97350,2024-10-08,1,215.57,449,1,1,1,111,Perdus
U03239,2024-09-14,7,216.42,473,1,2,1,121,Perdus
U01085,2025-10-13,3,216.8,79,4,1,1,411,Nouveaux
U03851,2025-07-31,5,216.96,153,3,2,1,321,Perdus
U03557,2024-11-21,3,217.28,405,1,1,1,111,Perdus
U05070,2024-11-27,2,218.29,399,1,1,1,111,Perdus
U00588,2024-05-15,2,218.31,595,1,1,1,111,Perdus
U00174,2025-12-29,4,218.9,2,5,2,1,521,Nouveaux
U05335,2025-10-25,2,220.11,67,4,1,1,411,Nouveaux
U03982,2024-06-30,4,220.36,549,1,1,1,111,Perdus
U95119,2025-09-28,2,221.08,94,4,1,1,411,Nouveaux
U09826,2025-04-18,3,222.08,257,2,1,1,211,Perdus
U06278,2025-06-13,3,222.12,201,3,1,1,311,Perdus
U00643,2025-05-16,3,222.19,229,3,1,1,311,Perdus
U06375,2024-06-27,7,222.97,552,1,2,1,121,Perdus
U04808,2025-12-01,2,223.48,30,5,1,1,511,Nouveaux
U05340,2024-12-31,3,223.52,365,2,1,1,211,Perdus
U09476,2025-04-22,3,223.75,253,2,1,1,211,Perdus
U11336,2025-10-06,2,223.81,86,4,1,1,411,Nouveaux
U05292,2025-12-20,3,224.42,11,5,1,1,511,Nouveaux
U03989,2025-12-18,4,224.91,13,5,2,1,521,Nouveaux
U00859,2025-01-09,2,225.3,356,2,1,1,211,Perdus
U09310,2024-12-21,2,226.74,375,2,1,1,211,Perdus
U97345,2025-01-20,1,227.13,345,2,1,1,211,Perdus
U03930,2024-02-23,1,227.24,677,1,1,1,111,Perdus
U01150,2025-02-21,1,227.79,313,2,1,1,211,Perdus
U05288,2025-07-31,5,228.49,153,3,2,1,321,Perdus
U01776,2024-10-23,2,228.93,434,1,1,1,111,Perdus
U11447,2024-05-07,3,229.42,603,1,1,1,111,Perdus
U04378,2024-08-27,6,229.82,491,1,2,1,121,Perdus
U11791,2025-12-23,2,230.26,8,5,1,1,511,Nouveaux
U10740,2024-11-26,3,230.93,400,1,1,1,111,Perdus
U07971,2025-10-31,1,231.23,61,4,1,1,411,Nouveaux
U00194,2025-10-10,2,231.62,82,4,1,1,411,Nouveaux
U95670,2025-11-25,1,231.69,36,5,1,1,511,Nouveaux
U10293,2025-01-29,1,232.45,336,2,1,1,211,Perdus
U11566,2025-05-30,3,233.52,215,3,1,1,311,Perdus
U07871,2025-11-24,2,233.85,37,5,1,1,511,Nouveaux
U03582,2025-08-20,3,234.5,133,3,1,1,311,Perdus
U09216,2025-11-23,2,235.2,38,5,1,1,511,Nouveaux
U02344,2025-11-22,3,236.1,39,5,1,1,511,Nouveaux
U06305,2025-12-27,2,239.15,4,5,1,1,511,Nouveaux
U09756,2025-09-12,5,239.23,110,4,2,1,421,Nouveaux
U11274,2025-06-27,4,239.93,187,3,1,1,311,Perdus
U90981,2025-03-22,1,240.37,284,2,1,1,211,Perdus
U01957,2025-03-30,7,240.5,276,2,2,1,221,Perdus
U03488,2025-03-13,3,241.13,293,2,1,1,211,Perdus
U91534,2025-04-27,1,241.17,248,2,1,1,211,Perdus
U04571,2025-10-10,4,241.52,82,4,2,1,421,Nouveaux
U07705,2024-11-23,2,241.94,403,1,1,1,111,Perdus
U00777,2025-11-20,4,242.45,41,5,2,1,521,Nouveaux
U01613,2025-08-04,4,242.5,149,3,1,1,311,Perdus
U05916,2025-01-28,5,243.19,337,2,2,1,221,Perdus
U04455,2025-03-29,3,243.48,277,2,1,1,211,Perdus
U06482,2025-01-06,2,243.63,359,2,1,1,211,Perdus
U00179,2025-01-06,5,245.37,359,2,2,1,221,Perdus
U01569,2024-11-19,3,245.48,407,1,1,1,111,Perdus
U02417,2024-08-29,2,246.07,489,1,1,1,111,Perdus
U95824,2024-11-15,1,246.15,411,1,1,1,111,Perdus
U92823,2024-03-09,1,246.2,662,1,1,1,111,Perdus
U11537,2025-08-13,4,246.57,140,3,1,1,311,Perdus
U10732,2025-12-17,1,247.01,14,5,1,1,511,Nouveaux
U06688,2024-03-19,3,248.06,652,1,1,1,111,Perdus
U98194,2024-04-13,1,248.67,627,1,1,1,111,Perdus
U07051,2025-07-10,3,249.37,174,3,1,1,311,Perdus
U05235,2025-03-10,1,249.4,296,2,1,1,211,Perdus
U08448,2025-04-29,5,249.63,246,2,2,1,221,Perdus
U10920,2025-07-22,2,249.7,162,3,1,1,311,Perdus
U01565,2025-12-27,4,250.51,4,5,2,1,521,Nouveaux
U92190,2025-12-13,1,250.61,18,5,1,1,511,Nouveaux
U97274,2025-11-10,2,250.61,51,4,1,1,411,Nouveaux
U94293,2025-04-19,1,250.73,256,2,1,1,211,Perdus
U03090,2024-09-26,3,251.1,461,1,1,1,111,Perdus
U11988,2025-11-16,3,251.33,45,5,1,1,511,Nouveaux
U00773,2025-03-08,2,251.4,298,2,1,1,211,Perdus
U11915,2024-08-19,1,251.47,499,1,1,1,111,Perdus
U09308,2024-02-10,2,251.53,690,1,1,1,111,Perdus
U07884,2025-04-02,1,251.75,273,2,1,1,211,Perdus
U05273,2025-12-15,1,252.69,16,5,1,1,511,Nouveaux
U00992,2024-12-29,4,252.71,367,2,1,1,211,Perdus
U97956,2024-02-23,1,254.37,677,1,1,1,111,Perdus
U06331,2025-07-21,2,254.38,163,3,1,1,311,Perdus
U09472,2025-10-25,6,254.48,67,4,2,1,421,Nouveaux
U96342,2025-10-08,1,254.53,84,4,1,1,411,Nouveaux
U08807,2025-08-29,6,254.59,124,4,2,1,421,Nouveaux
U01374,2024-12-29,4,254.79,367,2,1,1,211,Perdus
U07325,2025-09-05,3,254.82,117,4,1,1,411,Nouveaux
U11405,2025-12-18,3,255.03,13,5,1,1,511,Nouveaux
U00902,2024-11-21,3,255.99,405,1,1,1,111,Perdus
U10947,2025-12-02,1,256.17,29,5,1,1,511,Nouveaux
U00497,2025-10-04,3,256.72,88,4,1,1,411,Nouveaux
U98992,2025-08-07,2,256.73,146,3,1,1,311,Perdus
U00879,2025-10-06,2,256.89,86,4,1,1,411,Nouveaux
U04465,2025-04-18,4,257.51,257,2,1,1,211,Perdus
U01786,2024-12-22,3,257.77,374,2,1,1,211,Perdus
U02725,2025-07-17,5,257.95,167,3,2,1,321,Perdus
U07466,2025-12-09,5,258.12,22,5,2,1,521,Nouveaux
U02108,2024-10-17,2,258.18,440,1,1,1,111,Perdus
U07503,2024-11-26,2,258.85,400,1,1,1,111,Perdus
U09655,2025-06-12,7,259.0,202,3,2,1,321,Perdus
U09077,2025-08-08,3,259.52,145,3,1,1,311,Perdus
U10747,2025-08-21,4,259.93,132,3,1,1,311,Perdus
U06295,2025-11-20,3,261.43,41,5,1,1,511,Nouveaux
U94107,2025-06-16,1,261.91,198,3,1,1,311,Perdus
U01084,2024-11-20,4,263.58,406,1,1,1,111,Perdus
U08955,2025-04-20,3,263.92,255,2,1,1,211,Perdus
U05395,2024-08-26,6,264.64,492,1,2,1,121,Perdus
U92761,2025-03-08,1,264.84,298,2,1,1,211,Perdus
U09105,2024-04-21,1,265.39,619,1,1,1,111,Perdus
U08815,2024-04-09,2,266.13,631,1,1,1,111,Perdus
U11703,2024-05-29,4,266.21,581,1,1,1,111,Perdus
U06619,2024-02-29,2,266.78,671,1,1,1,111,Perdus
U90106,2024-02-14,1,266.95,686,1,1,1,111,Perdus
U09253,2025-07-13,2,266.96,171,3,1,1,311,Perdus
U03850,2025-01-24,4,266.98,341,2,1,1,211,Perdus
U97308,2024-08-13,1,267.3,505,1,1,1,111,Perdus
U09439,2025-04-04,2,267.4,271,2,1,1,211,Perdus
U00202,2025-10-12,2,267.77,80,4,1,1,411,Nouveaux
U95456,2024-11-26,1,268.03,400,1,1,1,111,Perdus
U01920,2024-01-14,2,268.25,717,1,1,1,111,Perdus
U09745,2025-12-28,6,268.41,3,5,2,1,521,Nouveaux
U06990,2025-05-07,6,268.52,238,3,2,1,321,Perdus
U05215,2025-07-11,5,269.51,173,3,2,1,321,Perdus
U02366,2024-08-31,3,269.6,487,1,1,1,111,Perdus
U03078,2025-09-06,1,269.68,116,4,1,1,411,Nouveaux
U09290,2025-02-14,4,270.01,320,2,1,1,211,Perdus
U00951,2025-12-16,1,270.25,15,5,1,1,511,Nouveaux
U05289,2024-07-10,2,270.54,539,1,1,1,111,Perdus
U01459,2025-04-16,1,271.04,259,2,1,1,211,Perdus
U08694,2025-09-26,1,271.26,96,4,1,1,411,Nouveaux
U09912,2025-10-29,5,272.27,63,4,2,1,421,Nouveaux
U00301,2024-08-18,3,272.46,500,1,1,1,111,Perdus
U02488,2024-11-12,2,273.4,414,1,1,1,111,Perdus
U08846,2025-11-29,4,273.58,32,5,2,1,521,Nouveaux
U09566,2024-01-28,2,274.43,703,1,1,1,111,Perdus
U00890,2024-10-17,2,274.73,440,1,1,1,111,Perdus
U93738,2024-08-02,1,274.77,516,1,1,1,111,Perdus
U02070,2025-11-19,4,274.87,42,5,2,1,521,Nouveaux
U07492,2024-03-28,3,275.23,643,1,1,1,111,Perdus
U02133,2024-03-27,3,275.44,644,1,1,1,111,Perdus
U11842,2025-09-18,3,275.53,104,4,1,1,411,Nouveaux
U10789,2025-09-18,2,275.67,104,4,1,1,411,Nouveaux
U07027,2025-12-31,5,276.0,0,5,2,1,521,Nouveaux
U04287,2024-07-28,8,276.18,521,1,3,1,131,A risque
U02405,2025-05-01,2,276.2,244,3,1,1,311,Perdus
U10027,2025-11-06,2,276.2,55,4,1,1,411,Nouveaux
U03767,2024-06-05,2,276.28,574,1,1,1,111,Perdus
U10669,2024-06-24,4,276.74,555,1,1,1,111,Perdus
U99651,2025-10-20,1,276.8,72,4,1,1,411,Nouveaux
U08698,2025-12-27,1,277.43,4,5,1,1,511,Nouveaux
U02320,2024-04-29,2,277.44,611,1,1,1,111,Perdus
U05774,2025-11-15,3,278.57,46,5,1,1,511,Nouveaux
U11917,2025-11-14,3,278.6,47,5,1,1,511,Nouveaux
U11061,2024-12-28,3,279.6,368,2,1,1,211,Perdus
U99015,2025-01-18,1,279.84,347,2,1,1,211,Perdus
U08337,2025-11-26,5,280.54,35,5,2,1,521,Nouveaux
U09950,2025-10-10,4,280.78,82,4,2,1,421,Nouveaux
U94858,2025-05-01,1,280.98,244,3,1,1,311,Perdus
U95646,2025-01-30,1,281.31,335,2,1,1,211,Perdus
U06928,2025-08-25,1,281.89,128,4,1,1,411,Nouveaux
U96842,2024-08-13,1,282.63,505,1,1,1,111,Perdus
U11121,2025-02-08,2,283.27,326,2,1,1,211,Perdus
U00522,2024-08-12,4,284.33,506,1,1,1,111,Perdus
U08276,2024-08-14,5,285.13,504,1,2,1,121,Perdus
U07345,2025-11-02,2,285.5,59,4,1,1,411,Nouveaux
U04431,2024-09-24,7,285.65,463,1,2,1,121,Perdus
U11201,2025-12-30,1,286.13,1,5,1,1,511,Nouveaux
U00456,2025-03-24,2,286.7,282,2,1,1,211,Perdus
U09218,2025-02-23,7,286.88,311,2,2,1,221,Perdus
U04497,2025-10-31,4,286.99,61,4,2,1,421,Nouveaux
U00547,2024-11-10,4,287.04,416,1,1,1,111,Perdus
U03023,2025-12-23,5,287.32,8,5,2,1,521,Nouveaux
U09843,2025-10-24,2,288.07,68,4,1,1,411,Nouveaux
U11232,2025-07-27,2,289.01,157,3,1,1,311,Perdus
U09717,2025-08-18,3,289.11,135,3,1,1,311,Perdus
U04059,2025-11-26,2,289.42,35,5,1,1,511,Nouveaux
U04192,2025-05-24,3,290.34,221,3,1,1,311,Perdus
U00580,2025-10-06,3,290.45,86,4,1,1,411,Nouveaux
U03197,2024-01-24,3,290.55,707,1,1,1,111,Perdus
U11227,2025-12-28,3,290.65,3,5,1,1,511,Nouveaux
U00132,2024-12-01,2,290.91,395,1,1,1,111,Perdus
U04839,2025-03-25,6,291.01,281,2,2,1,221,Perdus
U09650,2024-12-09,4,292.12,387,1,1,1,111,Perdus
U02858,2025-03-31,5,292.43,275,2,2,1,221,Perdus
U07578,2025-09-20,4,292.6,102,4,2,1,421,Nouveaux
U09192,2025-07-20,1,292.74,164,3,1,1,311,Perdus
U10597,2025-12-31,2,292.96,0,5,1,1,511,Nouveaux
U06098,2025-08-22,2,293.65,131,3,1,1,311,Perdus
U95568,2024-06-18,1,293.66,561,1,1,1,111,Perdus
U04022,2025-05-23,3,293.71,222,3,1,1,311,Perdus
U09175,2025-04-16,4,295.37,259,2,1,1,211,Perdus
U07161,2025-12-22,4,295.49,9,5,2,1,521,Nouveaux
U04518,2025-08-10,5,295.51,143,3,2,1,321,Perdus
U02762,2024-09-10,2,296.28,477,1,1,1,111,Perdus
U08653,2025-11-19,2,298.08,42,5,1,1,511,Nouveaux
U00788,2025-02-10,5,298.23,324,2,2,1,221,Perdus
U06572,2025-09-19,5,298.71,103,4,2,1,421,Nouveaux
U92108,2024-05-21,1,299.18,589,1,1,1,111,Perdus
U02202,2025-05-21,4,299.32,224,3,1,1,311,Perdus
U10039,2025-09-09,4,299.64,113,4,2,1,421,Nouveaux
U95535,2024-11-20,1,299.77,406,1,1,1,111,Perdus
U03202,2025-04-13,4,300.62,262,2,1,1,211,Perdus
U00312,2024-08-10,4,300.7,508,1,1,1,111,Perdus
U06075,2025-09-22,4,300.81,100,4,2,1,421,Nouveaux
U00576,2025-06-06,2,301.05,208,3,1,1,311,Perdus
U07542,2025-12-15,2,301.31,16,5,1,1,511,Nouveaux
U06701,2025-10-20,6,302.23,72,4,2,1,421,Nouveaux
U03243,2024-12-27,2,302.35,369,2,1,1,211,Perdus
U05039,2025-07-14,1,302.45,170,3,1,1,311,Perdus
U03075,2024-10-25,5,302.7,432,1,2,1,121,Perdus
U08709,2025-12-02,4,305.22,29,5,2,1,521,Nouveaux
U99217,2025-01-07,1,305.93,358,2,1,1,211,Perdus
U02828,2024-10-07,4,306.04,450,1,1,1,111,Perdus
U08592,2025-08-15,2,306.38,138,3,1,1,311,Perdus
U11688,2025-12-24,5,306.51,7,5,2,1,521,Nouveaux
U09384,2025-09-01,3,307.1,121,4,1,1,411,Nouveaux
U09657,2024-03-13,1,307.11,658,1,1,1,111,Perdus
U02469,2025-11-27,4,308.69,34,5,2,1,521,Nouveaux
U07927,2024-02-07,1,308.74,693,1,1,1,111,Perdus
U07866,2025-11-13,1,308.87,48,4,1,1,411,Nouveaux
U10381,2025-12-25,4,309.0,6,5,2,1,521,Nouveaux
U97140,2024-11-30,1,309.2,396,1,1,1,111,Perdus
U05917,2024-12-25,4,309.75,371,2,1,1,211,Perdus
U07794,2025-12-31,3,310.67,0,5,1,1,511,Nouveaux
U06240,2024-04-29,3,310.8,611,1,1,1,111,Perdus
U02097,2025-11-23,2,311.2,38,5,1,1,511,Nouveaux
U10972,2024-12-30,2,311.49,366,2,1,1,211,Perdus
U05710,2025-11-18,4,311.49,43,5,2,1,521,Nouveaux
U11211,2024-12-27,2,311.75,369,2,1,1,211,Perdus
U05708,2025-01-29,3,312.16,336,2,1,1,211,Perdus
U08346,2025-12-30,3,313.44,1,5,1,1,511,Nouveaux
U00938,2025-07-03,1,313.72,181,3,1,1,311,Perdus
U09716,2025-10-26,2,314.36,66,4,1,1,411,Nouveaux
U08147,2025-10-20,6,314.49,72,4,2,1,421,Nouveaux
U08314,2025-07-03,5,315.65,181,3,2,1,321,Perdus
U07870,2025-12-21,3,315.84,10,5,1,1,511,Nouveaux
U08706,2025-06-12,3,316.02,202,3,1,1,311,Perdus
U02687,2025-10-20,2,317.46,72,4,1,1,411,Nouveaux
U95807,2025-10-09,1,318.39,83,4,1,1,411,Nouveaux
U05342,2025-11-05,3,318.41,56,4,1,1,411,Nouveaux
U11911,2025-12-31,3,318.7,0,5,1,1,511,Nouveaux
U09466,2025-09-26,6,319.92,96,4,2,1,421,Nouveaux
U03882,2025-06-11,4,319.99,203,3,1,1,311,Perdus
U11554,2025-11-29,3,320.28,32,5,1,1,511,Nouveaux
U07841,2024-06-19,4,320.34,560,1,1,1,111,Perdus
U07234,2025-12-28,9,320.41,3,5,3,1,531,Perdus
U03493,2025-07-26,2,320.61,158,3,1,1,311,Perdus
U94873,2024-06-30,1,321.02,549,1,1,1,111,Perdus
U01784,2025-11-26,3,321.06,35,5,1,1,511,Nouveaux
U07386,2025-12-24,2,321.14,7,5,1,1,511,Nouveaux
U09738,2024-10-09,2,322.49,448,1,1,1,111,Perdus
U95872,2024-07-31,1,322.68,518,1,1,1,111,Perdus
U00649,2025-02-17,2,322.73,317,2,1,1,211,Perdus
U11949,2025-06-11,3,323.35,203,3,1,1,311,Perdus
U06634,2025-08-20,7,323.66,133,3,2,1,321,Perdus
U96670,2025-02-18,1,324.68,316,2,1,1,211,Perdus
U01165,2024-03-17,2,324.79,654,1,1,1,111,Perdus
U08368,2024-11-21,4,324.99,405,1,1,1,111,Perdus
U07490,2025-09-25,2,326.54,97,4,1,1,411,Nouveaux
U10975,2025-07-25,2,326.93,159,3,1,1,311,Perdus
U03589,2025-01-03,2,327.41,362,2,1,1,211,Perdus
U01222,2025-12-12,5,327.77,19,5,2,1,521,Nouveaux
U08345,2024-02-22,3,327.89,678,1,1,1,111,Perdus
U03827,2024-05-18,4,328.04,592,1,1,1,111,Perdus
U11329,2025-01-29,2,328.94,336,2,1,1,211,Perdus
U01448,2025-12-15,2,329.26,16,5,1,1,511,Nouveaux
U03666,2025-10-06,4,329.3,86,4,2,1,421,Nouveaux
U04973,2025-08-30,3,329.61,123,4,1,1,411,Nouveaux
U08611,2025-10-21,4,330.37,71,4,2,1,421,Nouveaux
U09831,2025-12-21,2,330.45,10,5,1,1,511,Nouveaux
U98350,2025-08-13,1,330.48,140,3,1,1,311,Perdus
U90354,2025-03-20,1,331.03,286,2,1,1,211,Perdus
U03083,2025-03-17,2,331.59,289,2,1,1,211,Perdus
U09643,2025-09-24,6,332.94,98,4,2,1,421,Nouveaux
U10941,2024-03-24,6,335.35,647,1,2,1,121,Perdus
U09753,2025-12-15,6,335.64,16,5,2,1,521,Nouveaux
U05230,2024-10-27,8,335.71,430,1,3,1,131,A risque
U03217,2024-12-17,3,335.91,379,2,1,1,211,Perdus
U93544,2024-11-29,1,336.05,397,1,1,1,111,Perdus
U06390,2025-12-06,3,336.16,25,5,1,1,511,Nouveaux
U04914,2024-08-06,5,336.27,512,1,2,1,121,Perdus
U04561,2024-08-19,6,336.44,499,1,2,1,121,Perdus
U02980,2025-05-13,8,336.54,232,3,3,1,331,Perdus
U05221,2025-12-26,4,336.63,5,5,2,1,521,Nouveaux
U90812,2025-12-06,1,337.56,25,5,1,1,511,Nouveaux
U07003,2024-07-28,3,337.71,521,1,1,1,111,Perdus
U97742,2024-10-10,1,337.77,447,1,1,1,111,Perdus
U10827,2024-05-29,2,338.42,581,1,1,1,111,Perdus
U04783,2025-12-26,4,338.83,5,5,2,1,521,Nouveaux
U10139,2025-10-21,2,338.88,71,4,1,1,411,Nouveaux
U03665,2025-10-31,3,339.13,61,4,1,1,411,Nouveaux
U03151,2025-09-22,3,339.18,100,4,1,1,411,Nouveaux
U06226,2025-10-07,2,340.93,85,4,1,1,411,Nouveaux
U09370,2025-12-09,3,340.96,22,5,1,1,511,Nouveaux
U09006,2025-09-20,4,341.61,102,4,2,1,421,Nouveaux
U00713,2024-07-02,2,342.21,547,1,1,1,111,Perdus
U02297,2025-06-25,5,342.38,189,3,2,1,321,Perdus
U07434,2025-11-13,3,342.49,48,4,1,1,411,Nouveaux
U09270,2025-09-30,5,342.67,92,4,2,1,421,Nouveaux
U11774,2025-04-29,6,342.94,246,3,2,1,321,Perdus
U97149,2025-10-28,1,343.0,64,4,1,1,411,Nouveaux
U08113,2025-12-20,3,343.54,11,5,1,1,511,Nouveaux
U01207,2025-09-26,4,343.83,96,4,2,1,421,Nouveaux
U97933,2024-09-12,1,343.97,475,1,1,1,111,Perdus
U01961,2025-08-30,2,344.84,123,4,1,1,411,Nouveaux
U11657,2024-12-14,7,345.62,382,2,2,1,221,Perdus
U10406,2025-06-07,1,345.65,207,3,1,1,311,Perdus
U04536,2025-07-30,4,345.9,154,3,1,1,311,Perdus
U03541,2024-05-29,5,346.2,581,1,2,1,121,Perdus
U08227,2025-12-25,5,346.42,6,5,2,1,521,Nouveaux
U10557,2025-10-15,4,347.39,77,4,2,1,421,Nouveaux
U02071,2025-07-23,4,347.59,161,3,1,1,311,Perdus
U10520,2025-01-30,2,347.81,335,2,1,1,211,Perdus
U08440,2024-08-11,4,348.37,507,1,1,1,111,Perdus
U08552,2025-02-27,5,348.65,307,2,2,1,221,Perdus
U07280,2025-11-22,3,348.95,39,5,1,1,511,Nouveaux
U07777,2025-12-31,6,348.99,0,5,2,1,521,Nouveaux
U05739,2025-12-19,4,350.28,12,5,2,1,521,Nouveaux
U07081,2024-11-29,7,350.96,397,1,2,1,121,Perdus
U11426,2025-12-19,2,350.99,12,5,1,1,511,Nouveaux
U06435,2025-12-23,4,351.09,8,5,2,1,521,Nouveaux
U05379,2025-11-25,5,351.32,36,5,2,1,521,Nouveaux
U04938,2025-10-12,3,351.46,80,4,1,1,411,Nouveaux
U00030,2025-09-27,5,351.88,95,4,2,1,421,Nouveaux
U01937,2025-06-30,2,351.93,184,3,1,1,311,Perdus
U11372,2024-09-19,7,352.15,468,1,2,1,121,Perdus
U02979,2025-08-31,3,352.61,122,4,1,1,411,Nouveaux
U06968,2025-09-09,4,353.06,113,4,2,1,421,Nouveaux
U04833,2024-10-20,5,353.96,437,1,2,1,121,Perdus
U10025,2025-01-18,7,354.05,347,2,2,1,221,Perdus
U10369,2024-05-30,4,354.56,580,1,1,1,111,Perdus
U02033,2024-03-15,3,356.07,656,1,1,1,111,Perdus
U00455,2025-11-13,2,356.16,48,4,1,1,411,Nouveaux
U09973,2024-02-11,2,356.68,689,1,1,1,111,Perdus
U06371,2024-12-26,5,357.3,370,2,2,1,221,Perdus
U02686,2025-01-31,4,357.98,334,2,1,1,211,Perdus
U01949,2025-12-29,3,358.37,2,5,1,1,511,Nouveaux
U01284,2025-06-24,4,358.47,190,3,1,1,311,Perdus
U02597,2025-05-27,4,359.11,218,3,1,1,311,Perdus
U06969,2025-06-23,2,359.54,191,3,1,1,311,Perdus
U09511,2025-08-11,4,360.22,142,3,1,1,311,Perdus
U10103,2024-06-22,2,360.37,557,1,1,1,111,Perdus
U11386,2024-10-21,3,360.58,436,1,1,1,111,Perdus
U08591,2024-04-26,3,361.67,614,1,1,1,111,Perdus
U09700,2025-11-29,5,361.71,32,5,2,1,521,Nouveaux
U11217,2025-04-19,5,362.38,256,2,2,1,221,Perdus
U09778,2025-08-22,4,363.8,131,3,1,1,311,Perdus
U05959,2024-10-21,4,363.94,436,1,1,1,111,Perdus
U05746,2025-03-27,3,364.22,279,2,1,1,211,Perdus
U11534,2024-11-25,2,365.76,401,1,1,1,111,Perdus
U09062,2025-12-22,7,366.2,9,5,3,1,531,Perdus
U03652,2025-10-07,6,366.23,85,4,2,1,421,Nouveaux
U01720,2024-09-29,3,366.5,458,1,1,1,111,Perdus
U02322,2024-08-28,4,366.87,490,1,1,1,111,Perdus
U09942,2025-09-13,3,367.38,109,4,1,1,411,Nouveaux
U06819,2024-08-24,4,368.02,494,1,1,1,111,Perdus
U02857,2025-09-18,5,368.22,104,4,2,1,421,Nouveaux
U10090,2024-11-22,1,368.34,404,1,1,1,111,Perdus
U04033,2024-07-31,5,368.9,518,1,2,1,121,Perdus
U03899,2024-08-27,3,369.06,491,1,1,1,111,Perdus
U11754,2024-11-30,5,369.26,396,1,2,1,121,Perdus
U06882,2025-08-27,5,369.4,126,4,2,1,421,Nouveaux
U00083,2025-12-13,3,369.45,18,5,1,1,511,Nouveaux
U00533,2025-10-31,4,370.44,61,4,2,1,421,Nouveaux
U05682,2025-05-18,4,370.5,227,3,1,1,311,Perdus
U03969,2024-10-22,5,371.02,435,1,2,1,121,Perdus
U11160,2025-12-11,2,371.21,20,5,1,1,511,Nouveaux
U05363,2024-05-21,4,372.13,589,1,1,1,111,Perdus
U94348,2024-06-22,1,373.01,557,1,1,1,111,Perdus
U09508,2025-03-06,3,373.13,300,2,1,1,211,Perdus
U07743,2025-12-27,8,373.99,4,5,3,1,531,Perdus
U94244,2025-12-08,1,374.25,23,5,1,1,511,Nouveaux
U01387,2024-10-24,3,374.62,433,1,1,1,111,Perdus
U00049,2025-11-17,4,374.9,44,5,2,1,521,Nouveaux
U10568,2025-09-25,5,375.43,97,4,2,1,421,Nouveaux
U04322,2025-12-18,4,375.83,13,5,2,1,521,Nouveaux
U07467,2025-02-28,6,376.68,306,2,2,1,221,Perdus
U07298,2025-12-30,8,377.53,1,5,3,1,531,Perdus
U06230,2025-04-25,8,377.6,250,2,3,1,231,A risque
U06657,2025-05-25,3,377.78,220,3,1,1,311,Perdus
U07749,2024-10-21,2,378.87,436,1,1,1,111,Perdus
U08995,2025-12-18,6,379.11,13,5,2,1,521,Nouveaux
U05202,2025-12-05,3,379.71,26,5,1,1,511,Nouveaux
U04071,2024-12-12,4,379.77,384,1,1,1,111,Perdus
U98614,2024-09-17,1,379.85,470,1,1,1,111,Perdus
U11920,2024-10-22,2,380.74,435,1,1,1,111,Perdus
U07497,2025-12-15,7,380.81,16,5,3,1,531,Perdus
U10966,2024-11-16,2,381.57,410,1,1,1,111,Perdus
U03754,2025-03-16,3,381.78,290,2,1,1,211,Perdus
U08943,2024-04-04,4,381.79,636,1,1,1,111,Perdus
U07516,2025-03-24,4,382.4,282,2,1,1,211,Perdus
U09780,2025-12-30,4,382.91,1,5,2,1,521,Nouveaux
U01137,2024-07-28,4,383.12,521,1,1,1,111,Perdus
U04916,2025-02-22,5,383.3,312,2,2,1,221,Perdus
U00924,2024-12-21,2,383.89,375,2,1,1,211,Perdus
U01241,2025-03-18,4,384.19,288,2,1,1,211,Perdus
U08830,2025-05-17,4,384.28,228,3,1,1,311,Perdus
U06719,2025-12-22,5,384.61,9,5,2,1,521,Nouveaux
U03898,2025-11-22,1,384.85,39,5,1,1,511,Nouveaux
U08834,2025-02-15,5,385.14,319,2,2,1,221,Perdus
U04363,2024-01-20,1,385.63,711,1,1,1,111,Perdus
U02856,2025-04-30,7,386.49,245,3,2,1,321,Perdus
U04750,2024-08-08,4,387.34,510,1,1,1,111,Perdus
U93155,2024-07-19,1,387.63,530,1,1,1,111,Perdus
U02551,2025-09-29,6,388.01,93,4,2,1,421,Nouveaux
U05341,2025-08-24,4,388.35,129,4,1,1,411,Nouveaux
U11158,2025-09-10,2,389.14,112,4,1,1,411,Nouveaux
U11127,2024-10-27,2,389.83,430,1,1,1,111,Perdus
U06832,2025-11-22,3,390.9,39,5,1,1,511,Nouveaux
U94655,2024-05-26,1,391.59,584,1,1,1,111,Perdus
U05344,2024-09-11,3,391.71,476,1,1,1,111,Perdus
U06787,2024-11-04,4,392.86,422,1,1,1,111,Perdus
U01644,2025-09-29,4,393.53,93,4,2,1,421,Nouveaux
U09070,2025-10-30,5,394.24,62,4,2,1,421,Nouveaux
U06843,2024-08-26,4,395.06,492,1,1,1,111,Perdus
U00398,2025-10-14,5,395.44,78,4,2,1,421,Nouveaux
U05396,2024-06-25,3,395.6,554,1,1,1,111,Perdus
U11183,2025-12-29,4,396.43,2,5,2,1,521,Nouveaux
U04496,2025-01-19,2,398.02,346,2,1,1,211,Perdus
U94398,2024-11-04,1,399.93,422,1,1,1,111,Perdus
U05877,2024-03-21,3,400.03,650,1,1,1,111,Perdus
U09314,2025-11-21,3,400.09,40,5,1,1,511,Nouveaux
U00803,2025-04-23,4,400.32,252,2,1,1,211,Perdus
U00356,2025-12-29,2,400.34,2,5,1,1,511,Nouveaux
U97687,2024-09-16,1,402.06,471,1,1,1,111,Perdus
U03646,2025-07-19,4,402.7,165,3,1,1,311,Perdus
U08164,2025-11-07,1,402.73,54,4,1,1,411,Nouveaux
U08096,2025-12-11,3,402.82,20,5,1,1,511,Nouveaux
U99399,2024-10-08,1,402.99,449,1,1,1,111,Perdus
U05193,2025-09-13,5,403.45,109,4,2,1,421,Nouveaux
U11563,2025-06-03,1,405.2,211,3,1,1,311,Perdus
U00026,2024-09-28,3,405.27,459,1,1,1,111,Perdus
U09888,2025-10-16,5,406.85,76,4,2,1,421,Nouveaux
U06783,2025-08-09,2,407.59,144,3,1,1,311,Perdus
U00742,2025-07-29,4,408.2,155,3,1,1,311,Perdus
U03178,2025-12-06,1,408.29,25,5,1,1,511,Nouveaux
U05028,2025-03-28,8,408.8,278,2,3,1,231,A risque
U09272,2025-07-09,2,409.54,175,3,1,1,311,Perdus
U09151,2025-11-19,1,409.77,42,5,1,1,511,Nouveaux
U07309,2024-03-27,2,410.62,644,1,1,1,111,Perdus
U06521,2025-04-16,4,410.87,259,2,1,1,211,Perdus
U05072,2024-03-28,5,411.51,643,1,2,1,121,Perdus
U10579,2025-12-31,7,411.63,0,5,3,1,531,Perdus
U07570,2024-04-11,6,411.69,629,1,2,1,121,Perdus
U90759,2025-10-11,1,411.88,81,4,1,1,411,Nouveaux
U10418,2025-10-10,5,412.2,82,4,2,1,421,Nouveaux
U06258,2025-11-20,4,412.37,41,5,2,1,521,Nouveaux
U09672,2025-09-28,5,412.39,94,4,2,1,421,Nouveaux
U04103,2025-12-31,4,412.98,0,5,2,1,521,Nouveaux
U05712,2025-08-25,7,413.77,128,4,2,1,421,Nouveaux
U02578,2024-04-27,1,413.97,613,1,1,1,111,Perdus
U99932,2025-12-19,1,414.23,12,5,1,1,511,Nouveaux
U11871,2025-12-28,2,414.29,3,5,1,1,511,Nouveaux
U00055,2024-12-27,3,414.59,369,2,1,1,211,Perdus
U03881,2025-01-10,2,415.2,355,2,1,1,211,Perdus
U09651,2025-01-23,4,416.61,342,2,1,1,211,Perdus
U00611,2025-06-24,4,416.74,190,3,1,1,311,Perdus
U01204,2025-12-31,5,416.83,0,5,2,1,521,Nouveaux
U09289,2024-06-19,4,416.98,560,1,1,1,111,Perdus
U00988,2024-12-18,3,417.47,378,2,1,1,211,Perdus
U02622,2025-05-04,2,417.89,241,3,1,1,311,Perdus
U02956,2025-04-21,4,417.98,254,2,1,1,211,Perdus
U09518,2024-06-29,6,417.98,550,1,2,1,121,Perdus
U94043,2024-08-20,1,418.76,498,1,1,1,111,Perdus
U03964,2025-12-18,7,419.0,13,5,3,1,531,Perdus
U06113,2024-08-07,3,419.16,511,1,1,1,111,Perdus
U06406,2025-11-20,3,420.28,41,5,1,1,511,Nouveaux
U02516,2025-08-31,3,420.79,122,4,1,1,411,Nouveaux
U01653,2024-09-24,4,420.93,463,1,1,1,111,Perdus
U02335,2025-09-04,1,421.18,118,4,1,1,411,Nouveaux
U11527,2025-12-17,3,421.19,14,5,1,1,511,Nouveaux
U04603,2025-09-25,4,421.51,97,4,2,1,421,Nouveaux
U02595,2025-09-15,3,421.55,107,4,1,1,411,Nouveaux
U00674,2025-03-13,9,421.79,293,2,3,1,231,A risque
U06880,2025-06-13,2,423.1,201,3,1,1,311,Perdus
U11379,2024-03-21,4,423.13,650,1,1,1,111,Perdus
U98544,2024-09-29,1,423.25,458,1,1,1,111,Perdus
U08749,2025-09-02,2,423.44,120,4,1,1,411,Nouveaux
U07446,2025-10-25,5,423.53,67,4,2,1,421,Nouveaux
U91679,2025-07-24,1,423.87,160,3,1,1,311,Perdus
U94174,2025-08-30,1,423.9,123,4,1,1,411,Nouveaux
U06151,2025-12-05,4,423.94,26,5,2,1,521,Nouveaux
U11763,2025-10-29,7,425.08,63,4,2,1,421,Nouveaux
U11841,2024-10-12,5,425.23,445,1,2,1,121,Perdus
U97449,2025-06-22,2,425.44,192,3,1,1,311,Perdus
U09920,2024-08-07,5,425.48,511,1,2,1,121,Perdus
U08914,2025-05-06,1,425.92,239,3,1,1,311,Perdus
U07706,2025-11-29,2,426.67,32,5,1,1,511,Nouveaux
U98917,2025-02-26,1,427.45,308,2,1,1,211,Perdus
U01395,2024-07-21,4,428.42,528,1,1,1,111,Perdus
U02702,2024-09-13,4,428.86,474,1,1,1,111,Perdus
U11139,2024-12-25,4,430.44,371,2,1,1,211,Perdus
U09303,2025-11-27,3,430.5,34,5,1,1,511,Nouveaux
U04016,2024-07-24,3,431.16,525,1,1,1,111,Perdus
U04176,2024-12-28,5,431.44,368,2,2,1,221,Perdus
U08839,2024-04-19,2,431.59,621,1,1,1,111,Perdus
U10867,2025-12-26,3,432.5,5,5,1,1,511,Nouveaux
U06311,2025-06-21,9,433.07,193,3,3,1,331,Perdus
U05709,2025-06-02,4,433.35,212,3,1,1,311,Perdus
U11635,2025-02-10,6,433.61,324,2,2,1,221,Perdus
U08069,2025-03-11,4,433.63,295,2,1,1,211,Perdus
U04133,2025-02-27,2,433.74,307,2,1,1,211,Perdus
U10176,2025-11-24,4,434.04,37,5,2,1,521,Nouveaux
U10495,2024-10-19,4,435.04,438,1,1,1,111,Perdus
U00187,2025-08-15,6,435.15,138,3,2,1,321,Perdus
U03445,2025-08-03,3,435.63,150,3,1,1,311,Perdus
U10170,2024-09-08,6,435.96,479,1,2,1,121,Perdus
U03079,2025-05-21,3,436.71,224,3,1,1,311,Perdus
U09537,2025-07-25,9,437.1,159,3,3,1,331,Perdus
U98345,2025-10-16,1,438.3,76,4,1,1,411,Nouveaux
U02695,2024-05-29,5,438.63,581,1,2,1,121,Perdus
U10917,2025-03-17,4,439.82,289,2,1,1,211,Perdus
U00574,2025-07-27,7,440.56,157,3,2,1,321,Perdus
U00177,2025-11-17,5,440.95,44,5,2,1,521,Nouveaux
U09039,2025-03-23,3,440.96,283,2,1,1,211,Perdus
U04809,2025-02-05,3,442.41,329,2,1,1,211,Perdus
U00239,2025-01-31,7,442.67,334,2,2,1,221,Perdus
U02669,2025-09-13,3,443.53,109,4,1,1,411,Nouveaux
U04299,2024-07-26,3,443.78,523,1,1,1,111,Perdus
U10036,2025-10-15,3,444.22,77,4,1,1,411,Nouveaux
U09868,2024-10-19,3,444.63,438,1,1,1,111,Perdus
U09632,2025-10-26,1,444.94,66,4,1,1,411,Nouveaux
U09296,2024-09-15,5,445.24,472,1,2,1,121,Perdus
U10100,2025-06-23,5,445.44,191,3,2,1,321,Perdus
U92302,2024-12-20,2,445.7,376,2,1,1,211,Perdus
U08687,2025-08-30,3,446.34,123,4,1,1,411,Nouveaux
U07366,2025-11-07,2,446.46,54,4,1,1,411,Nouveaux
U02577,2024-11-25,7,446.54,401,1,2,1,121,Perdus
U00602,2025-12-18,2,446.98,13,5,1,1,511,Nouveaux
U07557,2025-09-28,4,447.45,94,4,2,1,421,Nouveaux
U05861,2025-12-22,4,447.59,9,5,2,1,521,Nouveaux
U00034,2025-12-06,6,447.71,25,5,2,1,521,Nouveaux
U00248,2025-11-29,7,447.81,32,5,2,1,521,Nouveaux
U06839,2025-08-16,3,448.09,137,3,1,1,311,Perdus
U94446,2024-06-17,1,448.14,562,1,1,1,111,Perdus
U01736,2024-06-27,4,449.11,552,1,1,1,111,Perdus
U02684,2025-09-21,4,449.61,101,4,2,1,421,Nouveaux
U02109,2025-02-28,7,449.9,306,2,2,1,221,Perdus
U03771,2025-08-21,4,450.47,132,3,1,1,311,Perdus
U02902,2025-12-17,5,450.68,14,5,2,1,521,Nouveaux
U01824,2024-09-22,4,451.22,465,1,1,1,111,Perdus
U03366,2025-08-30,2,451.52,123,4,1,1,411,Nouveaux
U04073,2024-07-19,2,452.45,530,1,1,1,111,Perdus
U04336,2025-09-20,4,453.07,102,4,2,1,421,Nouveaux
U03362,2025-01-26,2,453.75,339,2,1,1,211,Perdus
U00469,2024-12-18,4,453.96,378,2,1,1,211,Perdus
U03485,2025-10-18,4,454.47,74,4,2,1,421,Nouveaux
U05143,2024-12-10,3,455.87,386,1,1,1,111,Perdus
U09858,2024-12-30,5,456.5,366,2,2,1,221,Perdus
U04184,2024-03-15,5,456.66,656,1,2,1,121,Perdus
U00470,2024-05-24,6,457.2,586,1,2,1,121,Perdus
U05248,2025-11-27,5,457.48,34,5,2,1,521,Nouveaux
U11119,2025-08-05,4,458.54,148,3,1,1,311,Perdus
U05508,2024-08-24,1,458.77,494,1,1,1,111,Perdus
U05293,2025-12-27,4,459.12,4,5,2,1,521,Nouveaux
U10905,2025-11-04,2,460.12,57,4,1,1,411,Nouveaux
U07306,2025-04-27,10,461.34,248,2,3,1,231,A risque
U01471,2025-09-19,4,461.92,103,4,2,1,421,Nouveaux
U09967,2025-02-24,6,462.14,310,2,2,1,221,Perdus
U09706,2025-07-16,2,463.02,168,3,1,1,311,Perdus
U11468,2025-03-20,2,463.3,286,2,1,1,211,Perdus
U91682,2025-03-07,2,463.85,299,2,1,1,211,Perdus
U11272,2024-12-14,4,464.24,382,2,1,1,211,Perdus
U11050,2025-08-29,7,464.92,124,4,2,1,421,Nouveaux
U07857,2025-11-30,3,465.21,31,5,1,1,511,Nouveaux
U01680,2025-08-22,5,465.59,131,3,2,1,321,Perdus
U01706,2025-05-14,4,467.08,231,3,1,1,311,Perdus
U07935,2025-06-27,4,467.26,187,3,1,1,311,Perdus
U04083,2025-03-29,7,467.46,277,2,2,1,221,Perdus
U00316,2025-11-27,2,468.42,34,5,1,1,511,Nouveaux
U09497,2025-05-06,2,468.66,239,3,1,1,311,Perdus
U03570,2025-09-12,3,469.26,110,4,1,1,411,Nouveaux
U00488,2025-02-17,7,469.42,317,2,2,1,221,Perdus
U10937,2024-11-29,5,470.91,397,1,2,1,121,Perdus
U03065,2025-12-28,9,471.21,3,5,3,1,531,Perdus
U98434,2025-04-05,1,472.07,270,2,1,1,211,Perdus
U10719,2025-10-31,2,472.33,61,4,1,1,411,Nouveaux
U11803,2024-11-10,5,472.36,416,1,2,1,121,Perdus
U05752,2025-04-26,2,472.56,249,2,1,1,211,Perdus
U09828,2024-10-23,4,472.62,434,1,1,1,111,Perdus
U05891,2025-05-27,6,472.73,218,3,2,1,321,Perdus
U00383,2025-10-29,2,475.67,63,4,1,1,411,Nouveaux
U05797,2024-09-20,6,476.17,467,1,2,1,121,Perdus
U05778,2024-11-21,2,476.57,405,1,1,1,111,Perdus
U09478,2024-09-09,1,477.59,478,1,1,1,111,Perdus
U04125,2024-10-28,4,478.38,429,1,1,1,111,Perdus
U99698,2024-12-14,1,478.48,382,2,1,1,211,Perdus
U06786,2024-03-29,4,479.42,642,1,1,1,111,Perdus
U04437,2025-06-27,3,479.43,187,3,1,1,311,Perdus
U00862,2025-09-24,7,479.64,98,4,2,1,421,Nouveaux
U04905,2025-08-21,8,480.33,132,3,3,1,331,Perdus
U05702,2025-12-31,6,480.9,0,5,2,1,521,Nouveaux
U97347,2024-05-26,1,481.03,584,1,1,1,111,Perdus
U01512,2025-02-19,3,481.47,315,2,1,1,211,Perdus
U04926,2025-12-30,3,481.82,1,5,1,1,511,Nouveaux
U02576,2025-11-27,6,482.05,34,5,2,1,521,Nouveaux
U02821,2025-12-29,5,482.27,2,5,2,1,521,Nouveaux
U04332,2024-04-28,4,482.53,612,1,1,1,111,Perdus
U03566,2025-11-10,4,482.95,51,4,2,1,421,Nouveaux
U03318,2025-01-27,4,483.68,338,2,1,1,211,Perdus
U00209,2024-09-27,9,484.54,460,1,3,1,131,A risque
U01952,2025-09-09,4,484.58,113,4,2,1,421,Nouveaux
U04471,2025-11-08,4,485.61,53,4,2,1,421,Nouveaux
U01598,2025-08-12,10,488.54,141,3,3,1,331,Perdus
U93121,2024-11-20,1,490.38,406,1,1,1,111,Perdus
U04316,2025-02-12,2,490.43,322,2,1,1,211,Perdus
U00386,2025-10-06,5,490.77,86,4,2,1,421,Nouveaux
U06770,2024-09-18,8,493.08,469,1,3,1,131,A risque
U06069,2024-11-08,5,493.39,418,1,2,1,121,Perdus
U09663,2025-12-21,5,493.42,10,5,2,1,521,Nouveaux
U06322,2025-09-11,4,493.89,111,4,2,1,421,Nouveaux
U00648,2025-07-18,2,494.31,166,3,1,1,311,Perdus
U00971,2025-01-26,3,494.35,339,2,1,1,211,Perdus
U11190,2025-11-29,4,494.39,32,5,2,1,521,Nouveaux
U01384,2024-09-07,6,494.43,480,1,2,1,121,Perdus
U11268,2025-11-28,2,494.47,33,5,1,1,511,Nouveaux
U11629,2025-10-19,2,494.53,73,4,1,1,411,Nouveaux
U08719,2025-05-16,2,495.38,229,3,1,1,311,Perdus
U00070,2025-10-24,2,495.4,68,4,1,1,411,Nouveaux
U05767,2025-10-31,8,495.51,61,4,3,1,431,Perdus
U04469,2025-05-13,4,495.59,232,3,1,1,311,Perdus
U03419,2025-01-31,7,497.14,334,2,2,1,221,Perdus
U02246,2024-03-30,3,498.29,641,1,1,1,111,Perdus
U03276,2025-02-19,5,498.42,315,2,2,1,221,Perdus
U02274,2025-10-27,3,498.66,65,4,1,1,411,Nouveaux
U06172,2025-11-29,4,499.16,32,5,2,1,521,Nouveaux
U01643,2025-09-30,5,499.7,92,4,2,1,421,Nouveaux
U98590,2024-06-19,1,499.78,560,1,1,1,111,Perdus
U05750,2025-09-28,9,500.66,94,4,3,1,431,Perdus
U07934,2025-10-28,7,501.06,64,4,2,1,421,Nouveaux
U01984,2025-10-15,3,501.39,77,4,1,1,411,Nouveaux
U11757,2025-07-29,5,501.43,155,3,2,1,321,Perdus
U11400,2025-11-04,3,501.88,57,4,1,1,411,Nouveaux
U03523,2024-04-05,3,502.1,635,1,1,1,111,Perdus
U09854,2025-09-18,3,502.43,104,4,1,1,411,Nouveaux
U10203,2025-11-06,4,502.87,55,4,2,1,421,Nouveaux
U06313,2025-07-19,2,503.28,165,3,1,1,311,Perdus
U02826,2025-12-21,6,503.34,10,5,2,1,521,Nouveaux
U08373,2025-04-27,7,505.59,248,2,2,1,221,Perdus
U01641,2024-11-26,6,506.55,400,1,2,1,121,Perdus
U11106,2024-07-27,6,506.77,522,1,2,1,121,Perdus
U05501,2025-09-30,2,507.92,92,4,1,1,411,Nouveaux
U96132,2025-10-30,1,508.0,62,4,1,1,411,Nouveaux
U05445,2025-05-10,4,508.06,235,3,1,1,311,Perdus
U04768,2024-11-17,9,508.46,409,1,3,1,131,A risque
U06557,2025-01-20,4,508.96,345,2,1,1,211,Perdus
U04586,2025-10-29,3,509.31,63,4,1,1,411,Nouveaux
U02785,2025-07-27,8,509.35,157,3,3,1,331,Perdus
U04949,2025-11-30,7,509.72,31,5,3,1,531,Perdus
U01628,2024-07-28,5,510.81,521,1,2,1,121,Perdus
U05269,2025-08-24,5,510.87,129,3,2,1,321,Perdus
U10208,2025-03-01,9,511.04,305,2,3,1,231,A risque
U10516,2025-10-30,4,511.26,62,4,2,1,421,Nouveaux
U99736,2025-07-10,1,511.97,174,3,1,1,311,Perdus
U10453,2025-12-29,4,512.52,2,5,2,1,521,Nouveaux
U11996,2024-03-19,3,512.6,652,1,1,1,111,Perdus
U11840,2024-09-27,8,513.11,460,1,3,1,131,A risque
U11342,2025-08-26,6,513.2,127,4,2,1,421,Nouveaux
U00167,2025-07-15,3,513.8,169,3,1,1,311,Perdus
U02608,2025-05-28,3,514.23,217,3,1,1,311,Perdus
U09918,2025-11-30,5,514.28,31,5,2,1,521,Nouveaux
U01203,2025-06-01,3,514.34,213,3,1,1,311,Perdus
U06748,2024-10-11,3,514.63,446,1,1,1,111,Perdus
U10534,2025-01-17,3,515.38,348,2,1,1,211,Perdus
U10024,2025-10-30,5,515.85,62,4,2,1,421,Nouveaux
U94139,2025-08-20,1,515.91,133,3,1,1,311,Perdus
U02210,2024-11-30,7,516.69,396,1,2,1,121,Perdus
U06422,2025-04-24,8,517.22,251,2,3,1,231,A risque
U10197,2025-02-19,7,517.99,315,2,2,1,221,Perdus
U93919,2024-05-05,1,518.11,605,1,1,1,111,Perdus
U99177,2024-07-23,1,518.46,526,1,1,1,111,Perdus
U04240,2024-11-11,5,519.12,415,1,2,1,121,Perdus
U10207,2025-10-29,3,519.54,63,4,1,1,411,Nouveaux
U02298,2025-08-27,2,520.01,126,4,1,1,411,Nouveaux
U07066,2025-06-24,8,520.14,190,3,3,1,331,Perdus
U03808,2024-08-20,3,520.34,498,1,1,1,111,Perdus
U07976,2025-08-10,3,520.99,143,3,1,1,311,Perdus
U95373,2024-12-06,1,521.04,390,1,1,1,111,Perdus
U02135,2025-12-04,4,521.34,27,5,2,1,521,Nouveaux
U04712,2024-10-20,4,521.54,437,1,1,1,111,Perdus
U08503,2025-06-05,3,522.32,209,3,1,1,311,Perdus
U06506,2025-05-27,4,522.71,218,3,1,1,311,Perdus
U03013,2025-07-31,2,522.85,153,3,1,1,311,Perdus
U02960,2024-12-19,4,523.15,377,2,1,1,211,Perdus
U08386,2024-10-31,5,523.46,426,1,2,1,121,Perdus
U11043,2025-01-14,3,524.16,351,2,1,1,211,Perdus
U04262,2025-04-14,7,524.45,261,2,2,1,221,Perdus
U07089,2024-10-07,4,524.85,450,1,1,1,111,Perdus
U04362,2024-07-26,1,525.33,523,1,1,1,111,Perdus
U07525,2025-09-29,3,525.34,93,4,1,1,411,Nouveaux
U11353,2025-06-19,5,526.09,195,3,2,1,321,Perdus
U92045,2024-12-12,1,526.11,384,1,1,1,111,Perdus
U03019,2024-03-18,4,526.51,653,1,1,1,111,Perdus
U02263,2025-08-28,8,526.82,125,4,3,1,431,Perdus
U11802,2024-10-28,3,527.81,429,1,1,1,111,Perdus
U02720,2024-09-25,5,528.43,462,1,2,1,121,Perdus
U08049,2024-12-20,6,528.58,376,2,2,1,221,Perdus
U00539,2025-02-14,2,529.43,320,2,1,1,211,Perdus
U05880,2024-03-12,1,529.49,659,1,1,1,111,Perdus
U10344,2025-10-20,2,530.44,72,4,1,1,411,Nouveaux
U00025,2024-03-20,2,530.77,651,1,1,1,111,Perdus
U11626,2025-02-02,2,531.42,332,2,1,1,211,Perdus
U10618,2025-06-12,4,531.88,202,3,1,1,311,Perdus
U10222,2025-11-21,3,532.74,40,5,1,1,511,Nouveaux
U08825,2025-05-20,7,532.74,225,3,2,1,321,Perdus
U05586,2024-08-20,3,532.82,498,1,1,1,111,Perdus
U08858,2025-11-20,6,532.96,41,5,2,1,521,Nouveaux
U96424,2025-06-23,1,532.97,191,3,1,1,311,Perdus
U03888,2025-12-01,5,533.94,30,5,2,1,521,Nouveaux
U06459,2025-09-18,2,534.21,104,4,1,1,411,Nouveaux
U00368,2025-03-18,5,534.86,288,2,2,1,221,Perdus
U05594,2025-12-03,3,535.06,28,5,1,1,511,Nouveaux
U94192,2025-09-03,1,535.08,119,4,1,1,411,Nouveaux
U00170,2025-04-26,8,536.11,249,2,3,1,231,A risque
U08394,2025-01-26,9,536.13,339,2,3,1,231,A risque
U06798,2024-02-13,6,536.48,687,1,2,1,121,Perdus
U07529,2025-12-25,2,537.09,6,5,1,1,511,Nouveaux
U08844,2024-01-30,3,537.6,701,1,1,1,111,Perdus
U04569,2025-09-23,3,537.61,99,4,1,1,411,Nouveaux
U01193,2024-05-28,7,538.05,582,1,2,1,121,Perdus
U00571,2024-06-20,5,538.43,559,1,2,1,121,Perdus
U00645,2025-10-21,3,538.87,71,4,1,1,411,Nouveaux
U03870,2025-03-22,11,539.12,284,2,3,1,231,A risque
U11604,2025-09-30,5,539.55,92,4,2,1,421,Nouveaux
U01694,2025-03-21,2,541.37,285,2,1,1,211,Perdus
U11733,2025-08-30,3,541.98,123,4,1,1,411,Nouveaux
U00928,2024-12-27,4,542.47,369,2,1,1,211,Perdus
U05842,2025-08-29,5,542.89,124,4,2,1,421,Nouveaux
U06274,2025-11-13,4,543.22,48,4,2,1,421,Nouveaux
U00827,2024-09-30,6,543.33,457,1,2,1,121,Perdus
U10930,2025-06-16,3,544.6,198,3,1,1,311,Perdus
U92325,2024-05-04,1,544.92,606,1,1,1,111,Perdus
U03174,2025-08-09,2,545.57,144,3,1,1,311,Perdus
U09392,2025-06-24,3,545.64,190,3,1,1,311,Perdus
U10780,2024-08-16,6,545.67,502,1,2,1,121,Perdus
U10897,2024-06-09,1,547.87,570,1,1,1,111,Perdus
U11424,2024-12-24,1,547.96,372,2,1,1,211,Perdus
U07077,2024-09-27,5,548.05,460,1,2,1,121,Perdus
U09388,2024-11-27,2,548.18,399,1,1,1,111,Perdus
U07700,2025-09-13,4,548.28,109,4,2,1,421,Nouveaux
U03281,2024-08-29,6,548.61,489,1,2,1,121,Perdus
U98356,2024-07-23,1,549.31,526,1,1,1,111,Perdus
U02393,2025-06-01,5,549.34,213,3,2,1,321,Perdus
U07462,2025-04-24,10,549.37,251,2,3,1,231,A risque
U08374,2024-11-01,3,549.55,425,1,1,1,111,Perdus
U01543,2025-11-30,3,550.76,31,5,1,1,511,Nouveaux
U03259,2024-12-26,8,551.08,370,2,3,1,231,A risque
U03412,2025-09-30,6,551.27,92,4,2,1,421,Nouveaux
U03049,2025-06-03,4,551.29,211,3,1,1,311,Perdus
U03653,2025-10-23,11,551.57,69,4,3,1,431,Perdus
U05735,2025-04-23,9,552.83,252,2,3,1,231,A risque
U08498,2025-01-28,3,554.84,337,2,1,1,211,Perdus
U10253,2024-11-26,2,554.95,400,1,1,1,111,Perdus
U02124,2025-08-29,6,555.27,124,4,2,1,421,Nouveaux
U05138,2025-08-25,5,555.61,128,4,2,1,421,Nouveaux
U08751,2024-11-30,3,556.0,396,1,1,1,111,Perdus
U95084,2025-01-30,1,556.23,335,2,1,1,211,Perdus
U02459,2025-01-23,2,556.25,342,2,1,1,211,Perdus
U10414,2024-02-22,2,556.48,678,1,1,1,111,Perdus
U01115,2025-07-21,8,556.51,163,3,3,1,331,Perdus
U10282,2025-05-24,7,556.81,221,3,2,1,321,Perdus
U06561,2025-08-31,6,557.67,122,4,2,1,421,Nouveaux
U07457,2024-10-04,6,557.89,453,1,2,1,121,Perdus
U01239,2024-03-25,3,558.29,646,1,1,1,111,Perdus
U08298,2025-05-29,3,558.32,216,3,1,1,311,Perdus
U06780,2025-03-28,2,558.5,278,2,1,1,211,Perdus
U00269,2025-09-29,3,560.42,93,4,1,1,411,Nouveaux
U03204,2024-01-07,1,561.0,724,1,1,1,111,Perdus
U03550,2025-12-29,4,561.16,2,5,2,1,521,Nouveaux
U07155,2024-03-29,6,561.32,642,1,2,1,121,Perdus
U10766,2024-03-28,7,561.43,643,1,2,1,121,Perdus
U00290,2024-08-20,4,561.98,498,1,1,1,111,Perdus
U06531,2024-11-22,6,562.25,404,1,2,1,121,Perdus
U00891,2024-05-22,3,563.69,588,1,1,1,111,Perdus
U04168,2024-09-24,1,563.76,463,1,1,1,111,Perdus
U08076,2024-08-18,4,564.39,500,1,1,1,111,Perdus
U03369,2025-10-15,1,565.01,77,4,1,1,411,Nouveaux
U05440,2025-01-31,8,565.06,334,2,3,1,231,A risque
U04369,2025-04-30,3,565.4,245,3,1,1,311,Perdus
U05724,2025-09-07,3,565.96,115,4,1,1,411,Nouveaux
U00337,2025-11-30,4,566.24,31,5,2,1,521,Nouveaux
U05632,2024-08-18,4,566.52,500,1,1,1,111,Perdus
U01230,2025-01-27,4,567.4,338,2,1,1,211,Perdus
U11568,2025-08-08,7,568.34,145,3,2,1,321,Perdus
U03285,2025-05-30,5,568.5,215,3,2,1,321,Perdus
U10458,2024-12-10,2,569.49,386,1,1,1,111,Perdus
U02610,2025-04-27,2,569.65,248,2,1,1,211,Perdus
U09145,2025-03-04,4,569.73,302,2,1,1,211,Perdus
U03987,2024-12-17,4,569.89,379,2,1,1,211,Perdus
U96583,2025-09-03,1,570.78,119,4,1,1,411,Nouveaux
U11780,2025-10-30,8,571.87,62,4,3,1,431,Perdus
U05311,2024-07-20,2,572.11,529,1,1,1,111,Perdus
U10577,2025-11-29,4,572.49,32,5,2,1,521,Nouveaux
U05176,2025-03-28,7,572.61,278,2,2,1,221,Perdus
U06749,2024-12-09,1,573.36,387,1,1,1,111,Perdus
U96269,2025-01-01,1,573.46,364,2,1,1,211,Perdus
U01672,2024-10-26,5,573.72,431,1,2,1,121,Perdus
U09153,2025-02-28,7,573.77,306,2,2,1,221,Perdus
U06655,2025-02-25,2,574.31,309,2,1,1,211,Perdus
U07269,2025-06-27,1,575.03,187,3,1,1,311,Perdus
U04752,2025-05-01,3,575.08,244,3,1,1,311,Perdus
U07094,2025-12-31,5,575.87,0,5,2,1,521,Nouveaux
U08494,2024-08-22,3,576.13,496,1,1,1,111,Perdus
U11799,2024-09-25,3,576.76,462,1,1,1,111,Perdus
U03171,2025-12-26,4,577.07,5,5,2,1,521,Nouveaux
U07090,2024-06-23,4,577.44,556,1,1,1,111,Perdus
U01217,2025-09-16,4,577.96,106,4,2,1,421,Nouveaux
U08674,2025-11-27,7,578.13,34,5,2,1,521,Nouveaux
U08342,2025-07-14,3,578.91,170,3,1,1,311,Perdus
U94042,2024-02-13,1,579.02,687,1,1,1,111,Perdus
U09190,2024-12-11,3,579.3,385,1,1,1,111,Perdus
U07227,2025-06-30,3,579.41,184,3,1,1,311,Perdus
U09057,2025-08-24,5,580.14,129,3,2,1,321,Perdus
U95228,2024-10-11,1,580.28,446,1,1,1,111,Perdus
U10159,2025-03-11,9,580.44,295,2,3,1,231,A risque
U05815,2025-11-14,1,580.46,47,5,1,1,511,Nouveaux
U11736,2025-01-14,2,580.53,351,2,1,1,211,Perdus
U06896,2025-01-25,11,580.55,340,2,3,1,231,A risque
U07321,2025-09-04,4,580.57,118,4,2,1,421,Nouveaux
U03943,2025-10-12,6,580.57,80,4,2,1,421,Nouveaux
U07109,2025-11-20,6,580.62,41,5,2,1,521,Nouveaux
U01617,2025-02-15,9,580.9,319,2,3,1,231,A risque
U00093,2024-01-31,2,581.84,700,1,1,1,111,Perdus
U03692,2025-11-26,5,581.88,35,5,2,1,521,Nouveaux
U11001,2025-04-23,2,581.98,252,2,1,1,211,Perdus
U02253,2025-12-22,4,582.07,9,5,2,1,521,Nouveaux
U07182,2025-10-07,6,582.14,85,4,2,1,421,Nouveaux
U01659,2025-09-16,3,582.71,106,4,1,1,411,Nouveaux
U01657,2025-01-11,5,582.92,354,2,2,1,221,Perdus
U01922,2025-06-14,6,584.24,200,3,2,1,321,Perdus
U01399,2025-03-12,2,584.27,294,2,1,1,211,Perdus
U06051,2024-02-26,5,584.9,674,1,2,1,121,Perdus
U07815,2025-11-28,2,585.76,33,5,1,1,511,Nouveaux
U10334,2024-10-19,4,586.54,438,1,1,1,111,Perdus
U92195,2025-02-15,1,586.57,319,2,1,1,211,Perdus
U04551,2025-11-14,6,587.28,47,4,2,1,421,Nouveaux
U05283,2024-12-16,8,587.35,380,2,3,1,231,A risque
U10322,2025-12-26,2,588.38,5,5,1,1,511,Nouveaux
U04446,2025-02-27,1,588.43,307,2,1,1,211,Perdus
U07485,2025-11-15,3,588.9,46,5,1,1,511,Nouveaux
U94369,2025-09-27,1,588.99,95,4,1,1,411,Nouveaux
U05881,2025-11-24,4,590.56,37,5,2,1,521,Nouveaux
U08871,2025-01-31,4,590.58,334,2,1,1,211,Perdus
U05821,2024-10-30,5,591.04,427,1,2,1,121,Perdus
U00589,2024-07-14,3,591.18,535,1,1,1,111,Perdus
U05655,2024-06-28,2,591.8,551,1,1,1,111,Perdus
U10983,2025-03-31,12,592.11,275,2,4,1,241,A risque
U07603,2025-05-21,2,592.13,224,3,1,1,311,Perdus
U10768,2025-07-24,7,594.83,160,3,2,1,321,Perdus
U06931,2025-04-20,7,594.9,255,2,2,1,221,Perdus
U08813,2025-10-23,3,595.51,69,4,1,1,411,Nouveaux
U02403,2025-08-27,7,597.02,126,4,2,1,421,Nouveaux
U01109,2025-08-17,6,597.82,136,3,2,1,321,Perdus
U02546,2025-04-16,6,597.88,259,2,2,1,221,Perdus
U10554,2025-09-26,1,600.11,96,4,1,1,411,Nouveaux
U00388,2024-11-09,2,600.2,417,1,1,1,111,Perdus
U06457,2025-11-29,4,600.81,32,5,2,1,521,Nouveaux
U09010,2025-08-20,5,601.56,133,3,2,1,321,Perdus
U00716,2025-08-17,5,602.24,136,3,2,1,321,Perdus
U93351,2024-08-25,1,602.39,493,1,1,1,111,Perdus
U01290,2025-07-21,8,603.18,163,3,3,1,331,Perdus
U08621,2024-11-27,9,603.24,399,1,3,1,131,A risque
U07134,2024-12-14,6,603.4,382,2,2,1,221,Perdus
U11108,2025-06-16,8,603.88,198,3,3,1,331,Perdus
U00855,2024-03-15,4,604.0,656,1,1,1,111,Perdus
U07201,2025-08-23,4,604.13,130,3,1,1,311,Perdus
U08179,2025-02-26,2,604.31,308,2,1,1,211,Perdus
U06668,2024-06-29,6,604.71,550,1,2,1,121,Perdus
U11667,2025-07-31,5,605.45,153,3,2,1,321,Perdus
U07209,2025-06-24,7,607.47,190,3,2,1,321,Perdus
U05831,2025-11-21,5,607.98,40,5,2,1,521,Nouveaux
U06763,2025-01-27,3,608.33,338,2,1,1,211,Perdus
U04062,2024-07-16,5,609.0,533,1,2,1,121,Perdus
U04500,2025-06-26,7,610.56,188,3,2,1,321,Perdus
U10632,2024-04-22,4,610.57,618,1,1,1,111,Perdus
U08167,2024-05-13,6,610.64,597,1,2,1,121,Perdus
U04371,2025-03-23,4,611.21,283,2,1,1,211,Perdus
U04816,2024-11-14,4,611.32,412,1,1,1,111,Perdus
U06242,2025-01-29,6,611.84,336,2,2,1,221,Perdus
U06118,2024-09-29,5,613.06,458,1,2,1,121,Perdus
U05993,2024-09-25,7,613.96,462,1,2,1,121,Perdus
U04609,2024-05-28,4,614.09,582,1,1,1,111,Perdus
U02641,2025-05-07,2,614.48,238,3,1,1,311,Perdus
U09686,2025-04-29,4,614.73,246,3,1,1,311,Perdus
U03896,2024-07-13,2,616.39,536,1,1,1,111,Perdus
U02209,2025-04-13,6,616.77,262,2,2,1,221,Perdus
U11283,2025-11-28,3,617.16,33,5,1,1,511,Nouveaux
U03586,2024-08-29,7,617.22,489,1,2,1,121,Perdus
U10319,2025-01-19,5,617.28,346,2,2,1,221,Perdus
U10533,2024-09-19,4,618.7,468,1,1,1,111,Perdus
U04054,2025-11-26,3,619.19,35,5,1,1,511,Nouveaux
U01778,2025-12-31,5,619.8,0,5,2,1,521,Nouveaux
U05180,2025-10-27,3,619.95,65,4,1,1,411,Nouveaux
U09136,2025-03-30,6,621.03,276,2,2,1,221,Perdus
U00328,2024-05-10,5,621.25,600,1,2,1,121,Perdus
U10752,2025-01-27,4,622.33,338,2,1,1,211,Perdus
U09377,2025-12-25,4,622.89,6,5,2,1,521,Nouveaux
U00467,2025-12-02,1,623.69,29,5,1,1,511,Nouveaux
U00807,2024-04-30,5,624.66,610,1,2,1,121,Perdus
U03963,2024-03-24,5,624.86,647,1,2,1,121,Perdus
U06266,2025-11-10,9,625.14,51,4,3,1,431,Perdus
U07632,2024-07-25,7,626.18,524,1,2,1,121,Perdus
U01403,2024-11-25,13,626.41,401,1,4,1,141,A risque
U07067,2025-09-27,4,626.53,95,4,2,1,421,Nouveaux
U09489,2024-09-23,3,627.51,464,1,1,1,111,Perdus
U04647,2025-08-09,2,627.53,144,3,1,1,311,Perdus
U11877,2025-04-21,6,627.91,254,2,2,1,221,Perdus
U09804,2025-06-18,3,629.05,196,3,1,1,311,Perdus
U07285,2024-12-27,4,629.05,369,2,1,1,211,Perdus
U00141,2025-06-23,4,629.29,191,3,1,1,311,Perdus
U06675,2025-06-26,5,629.95,188,3,2,1,321,Perdus
U10059,2025-07-23,5,629.98,161,3,2,1,321,Perdus
U04885,2025-12-05,5,630.7,26,5,2,1,521,Nouveaux
U00496,2024-03-31,4,630.8,640,1,1,1,111,Perdus
U00201,2025-10-15,8,631.52,77,4,3,1,431,Perdus
U11654,2025-12-01,5,631.98,30,5,2,1,521,Nouveaux
U10566,2025-12-24,2,632.02,7,5,1,1,511,Nouveaux
U05921,2024-05-24,4,632.09,586,1,1,1,111,Perdus
U09302,2025-09-28,7,632.11,94,4,2,1,421,Nouveaux
U03089,2025-12-28,5,632.54,3,5,2,1,521,Nouveaux
U00463,2025-05-22,2,632.83,223,3,1,1,311,Perdus
U02021,2024-01-31,2,633.48,700,1,1,1,111,Perdus
U06084,2025-11-28,6,633.67,33,5,2,1,521,Nouveaux
U05040,2025-12-14,2,634.6,17,5,1,1,511,Nouveaux
U05006,2024-07-09,2,635.46,540,1,1,1,111,Perdus
U99209,2025-03-11,1,638.41,295,2,1,1,211,Perdus
U00554,2025-10-24,6,639.31,68,4,2,1,421,Nouveaux
U02777,2025-10-28,3,639.35,64,4,1,1,411,Nouveaux
U00195,2025-01-24,10,639.52,341,2,3,1,231,A risque
U09381,2025-09-10,8,639.71,112,4,3,1,431,Perdus
U00826,2025-01-31,6,640.77,334,2,2,1,221,Perdus
U00474,2025-01-29,8,640.9,336,2,3,1,231,A risque
U06587,2024-06-20,2,641.13,559,1,1,1,111,Perdus
U07624,2025-03-08,6,641.55,298,2,2,1,221,Perdus
U07420,2024-10-24,5,642.44,433,1,2,1,121,Perdus
U92817,2025-12-16,1,643.79,15,5,1,1,511,Nouveaux
U11171,2025-12-25,7,644.17,6,5,3,1,531,Perdus
U03843,2025-09-28,4,645.13,94,4,2,1,421,Nouveaux
U07928,2025-09-27,9,645.21,95,4,3,1,431,Perdus
U03188,2025-07-28,7,645.25,156,3,2,1,321,Perdus
U01496,2025-01-13,6,645.32,352,2,2,1,221,Perdus
U09426,2025-10-24,4,645.48,68,4,2,1,421,Nouveaux
U03704,2025-07-13,4,645.55,171,3,1,1,311,Perdus
U05300,2025-10-26,7,646.58,66,4,2,1,421,Nouveaux
U03335,2025-11-29,13,647.02,32,5,4,1,541,Clients fideles
U06387,2025-02-26,5,649.09,308,2,2,1,221,Perdus
U06149,2025-06-12,3,649.53,202,3,1,1,311,Perdus
U01811,2025-12-05,4,649.95,26,5,2,1,521,Nouveaux
U08458,2025-02-25,5,650.58,309,2,2,1,221,Perdus
U07335,2025-10-17,4,650.7,75,4,2,1,421,Nouveaux
U92359,2024-05-27,1,651.28,583,1,1,1,111,Perdus
U03324,2024-10-24,4,651.49,433,1,1,1,111,Perdus
U10338,2024-10-21,3,651.63,436,1,1,1,111,Perdus
U01225,2024-10-29,2,652.45,428,1,1,1,111,Perdus
U09161,2025-11-23,4,652.92,38,5,2,1,521,Nouveaux
U03159,2025-01-31,6,653.51,334,2,2,1,221,Perdus
U01980,2025-06-28,1,654.05,186,3,1,1,311,Perdus
U00387,2024-10-04,4,654.17,453,1,1,1,111,Perdus
U08033,2024-05-03,5,654.34,607,1,2,1,121,Perdus
U09903,2025-11-15,3,655.29,46,5,1,1,511,Nouveaux
U11872,2025-08-26,5,656.47,127,4,2,1,421,Nouveaux
U10129,2025-11-15,4,656.56,46,5,2,1,521,Nouveaux
U11362,2025-05-06,3,657.05,239,3,1,1,311,Perdus
U02446,2025-12-07,3,657.09,24,5,1,1,511,Nouveaux
U01120,2025-10-28,4,658.29,64,4,2,1,421,Nouveaux
U08101,2024-07-30,2,658.72,519,1,1,1,111,Perdus
U02448,2024-01-30,4,658.84,701,1,1,1,111,Perdus
U00559,2024-03-27,3,659.1,644,1,1,1,111,Perdus
U00622,2025-02-04,3,659.27,330,2,1,1,211,Perdus
U10663,2025-05-27,4,659.91,218,3,1,1,311,Perdus
U97368,2025-09-13,1,660.4,109,4,1,1,411,Nouveaux
U07652,2025-06-21,5,661.29,193,3,2,1,321,Perdus
U01687,2025-09-29,8,661.71,93,4,3,1,431,Perdus
U10778,2025-09-21,3,662.12,101,4,1,1,411,Nouveaux
U07746,2025-10-28,8,663.42,64,4,3,1,431,Perdus
U07517,2024-10-07,3,663.82,450,1,1,1,111,Perdus
U01458,2025-09-21,2,664.63,101,4,1,1,411,Nouveaux
U07840,2024-12-17,5,665.53,379,2,2,1,221,Perdus
U05150,2025-09-17,7,665.72,105,4,2,1,421,Nouveaux
U07977,2025-10-31,5,665.76,61,4,2,1,421,Nouveaux
U01506,2025-02-18,5,666.7,316,2,2,1,221,Perdus
U00292,2025-07-23,4,666.87,161,3,1,1,311,Perdus
U05678,2024-08-29,4,668.31,489,1,1,1,111,Perdus
U01464,2025-01-20,2,668.69,345,2,1,1,211,Perdus
U05568,2025-08-28,5,668.71,125,4,2,1,421,Nouveaux
U02371,2025-10-31,5,668.71,61,4,2,1,421,Nouveaux
U06128,2024-09-24,4,669.13,463,1,1,1,111,Perdus
U09984,2024-12-23,8,670.25,373,2,3,1,231,A risque
U05587,2024-12-29,3,670.73,367,2,1,1,211,Perdus
U05066,2025-11-29,10,670.98,32,5,3,1,531,Perdus
U09594,2025-11-21,9,671.87,40,5,3,1,531,Perdus
U02425,2025-10-21,4,672.33,71,4,2,1,421,Nouveaux
U06163,2024-12-26,5,673.76,370,2,2,1,221,Perdus
U93150,2024-07-10,1,674.41,539,1,1,1,111,Perdus
U02111,2024-12-26,5,675.43,370,2,2,1,221,Perdus
U04832,2025-11-29,5,675.74,32,5,2,1,521,Nouveaux
U07358,2025-04-24,7,676.24,251,2,2,1,221,Perdus
U10541,2025-12-31,4,676.27,0,5,2,1,521,Nouveaux
U07947,2024-09-06,6,676.7,481,1,2,1,121,Perdus
U04260,2024-02-24,3,676.94,676,1,1,1,111,Perdus
U01545,2024-09-19,6,677.36,468,1,2,1,121,Perdus
U09470,2024-06-28,5,677.64,551,1,2,1,121,Perdus
U05356,2025-01-30,3,678.07,335,2,1,1,211,Perdus
U02112,2025-12-25,14,678.45,6,5,4,1,541,Clients fideles
U01652,2025-10-04,4,678.77,88,4,2,1,421,Nouveaux
U08177,2025-12-26,4,680.01,5,5,2,1,521,Nouveaux
U00986,2025-11-28,3,681.12,33,5,1,1,511,Nouveaux
U02792,2025-09-08,2,681.3,114,4,1,1,411,Nouveaux
U07740,2024-07-29,4,682.06,520,1,1,1,111,Perdus
U07664,2025-10-22,7,682.61,70,4,2,1,421,Nouveaux
U02367,2025-07-04,7,683.14,180,3,2,1,321,Perdus
U08028,2025-03-29,3,683.15,277,2,1,1,211,Perdus
U10586,2025-03-28,12,683.45,278,2,4,1,241,A risque
U00133,2024-07-18,3,684.64,531,1,1,1,111,Perdus
U06100,2024-11-08,4,685.16,418,1,1,1,111,Perdus
U06320,2024-12-31,6,685.22,365,2,2,1,221,Perdus
U01005,2025-01-17,7,685.93,348,2,2,1,221,Perdus
U03141,2025-08-16,5,686.42,137,3,2,1,321,Perdus
U11370,2024-12-30,9,686.46,366,2,3,1,231,A risque
U08692,2025-04-21,4,687.27,254,2,1,1,211,Perdus
U02437,2025-12-16,6,687.49,15,5,2,1,521,Nouveaux
U11155,2024-12-23,5,687.9,373,2,2,1,221,Perdus
U07858,2025-02-03,5,688.24,331,2,2,1,221,Perdus
U10223,2025-02-24,3,688.58,310,2,1,1,211,Perdus
U11690,2024-09-21,3,689.06,466,1,1,1,111,Perdus
U08985,2025-02-15,6,689.59,319,2,2,1,221,Perdus
U06591,2025-08-01,5,689.73,152,3,2,1,321,Perdus
U03944,2025-02-09,8,690.29,325,2,3,1,231,A risque
U07761,2025-09-21,6,690.62,101,4,2,1,421,Nouveaux
U03391,2025-05-18,5,690.84,227,3,2,1,321,Perdus
U03921,2024-09-08,6,690.9,479,1,2,1,121,Perdus
U00416,2025-09-24,4,691.85,98,4,2,1,421,Nouveaux
U02626,2025-09-16,4,692.34,106,4,2,1,421,Nouveaux
U05282,2024-07-25,4,692.46,524,1,1,1,111,Perdus
U01370,2024-12-25,8,692.89,371,2,3,1,231,A risque
U00629,2025-01-30,5,693.06,335,2,2,1,221,Perdus
U02962,2025-09-21,6,693.17,101,4,2,1,421,Nouveaux
U07680,2025-05-05,8,693.53,240,3,3,1,331,Perdus
U07251,2024-12-23,3,693.65,373,2,1,1,211,Perdus
U09788,2025-12-31,2,693.67,0,5,1,1,511,Nouveaux
U11150,2025-04-20,7,694.71,255,2,2,1,221,Perdus
U11182,2025-09-01,3,696.07,121,4,1,1,411,Nouveaux
U01746,2024-12-14,5,696.81,382,2,2,1,221,Perdus
U11453,2025-07-23,4,697.14,161,3,1,1,311,Perdus
U01691,2025-09-18,7,697.52,104,4,2,1,421,Nouveaux
U11714,2025-09-24,5,698.0,98,4,2,1,421,Nouveaux
U00298,2025-09-07,4,698.04,115,4,2,1,421,Nouveaux
U10394,2024-04-21,7,699.03,619,1,2,1,121,Perdus
U02126,2025-10-29,5,699.66,63,4,2,1,421,Nouveaux
U00040,2025-04-30,4,699.83,245,3,1,1,311,Perdus
U07037,2025-12-29,4,700.17,2,5,2,1,521,Nouveaux
U02193,2025-12-13,5,700.36,18,5,2,1,521,Nouveaux
U01148,2025-02-20,12,700.53,314,2,4,1,241,A risque
U07703,2025-12-29,4,701.26,2,5,2,1,521,Nouveaux
U01515,2024-01-15,3,701.56,716,1,1,1,111,Perdus
U11079,2025-11-24,6,701.76,37,5,2,1,521,Nouveaux
U01728,2024-12-25,2,702.19,371,2,1,1,211,Perdus
U02128,2025-12-31,3,702.56,0,5,1,1,511,Nouveaux
U08457,2025-02-28,3,702.98,306,2,1,1,211,Perdus
U01743,2025-03-02,7,702.99,304,2,2,1,221,Perdus
U10942,2025-10-18,3,703.0,74,4,1,1,411,Nouveaux
U01861,2025-02-21,8,703.12,313,2,3,1,231,A risque
U02139,2025-01-19,3,703.27,346,2,1,1,211,Perdus
U07284,2025-07-30,5,704.0,154,3,2,1,321,Perdus
U01792,2025-12-22,6,705.31,9,5,2,1,521,Nouveaux
U08221,2024-10-15,2,705.32,442,1,1,1,111,Perdus
U07825,2025-12-29,4,706.0,2,5,2,1,521,Nouveaux
U08300,2024-05-17,11,706.14,593,1,3,1,131,A risque
U01616,2025-10-19,5,706.44,73,4,2,1,421,Nouveaux
U03631,2025-10-31,3,706.62,61,4,1,1,411,Nouveaux
U08838,2024-05-31,6,706.95,579,1,2,1,121,Perdus
U94496,2025-08-17,1,707.19,136,3,1,1,311,Perdus
U08400,2025-09-25,3,707.75,97,4,1,1,411,Nouveaux
U03699,2024-07-18,3,709.98,531,1,1,1,111,Perdus
U10525,2025-05-29,6,710.42,216,3,2,1,321,Perdus
U00447,2024-10-15,6,711.47,442,1,2,1,121,Perdus
U10511,2025-11-26,4,711.51,35,5,2,1,521,Nouveaux
U03172,2025-12-31,3,711.53,0,5,1,1,511,Nouveaux
U02948,2024-02-13,4,711.66,687,1,1,1,111,Perdus
U09483,2024-06-29,5,711.72,550,1,2,1,121,Perdus
U02500,2025-01-15,4,712.91,350,2,1,1,211,Perdus
U11218,2025-10-31,3,713.1,61,4,1,1,411,Nouveaux
U05220,2025-04-23,5,713.55,252,2,2,1,221,Perdus
U10804,2025-07-31,9,714.67,153,3,3,1,331,Perdus
U08353,2024-08-25,6,715.12,493,1,2,1,121,Perdus
U00531,2025-12-18,2,715.29,13,5,1,1,511,Nouveaux
U04954,2025-08-16,5,715.82,137,3,2,1,321,Perdus
U08884,2025-12-17,7,716.33,14,5,3,1,531,Perdus
U11977,2025-12-23,9,717.33,8,5,3,1,531,Perdus
U11260,2025-08-19,6,717.38,134,3,2,1,321,Perdus
U98421,2025-03-05,1,718.86,301,2,1,1,211,Perdus
U03475,2025-12-07,7,719.51,24,5,3,1,531,Perdus
U00431,2025-12-13,6,719.53,18,5,2,1,521,Nouveaux
U07341,2025-05-16,6,720.22,229,3,2,1,321,Perdus
U00699,2024-10-09,5,720.42,448,1,2,1,121,Perdus
U11894,2025-11-28,7,720.9,33,5,2,1,521,Nouveaux
U06303,2025-05-21,4,721.23,224,3,1,1,311,Perdus
U05670,2024-09-12,9,721.38,475,1,3,1,131,A risque
U00989,2024-03-19,6,721.7,652,1,2,1,121,Perdus
U10409,2025-01-04,1,721.93,361,2,1,1,211,Perdus
U03038,2024-07-12,6,722.26,537,1,2,1,121,Perdus
U09213,2024-05-29,5,722.5,581,1,2,1,121,Perdus
U04247,2025-06-29,7,722.96,185,3,2,1,321,Perdus
U07831,2025-12-19,2,723.27,12,5,1,1,511,Nouveaux
U09883,2025-12-28,1,725.32,3,5,1,1,511,Nouveaux
U11880,2025-02-26,6,725.81,308,2,2,1,221,Perdus
U00123,2025-09-08,1,726.24,114,4,1,1,411,Nouveaux
U02160,2025-12-12,7,726.71,19,5,3,1,531,Perdus
U07121,2024-10-28,4,727.11,429,1,1,1,111,Perdus
U08072,2025-04-19,5,727.55,256,2,2,1,221,Perdus
U06481,2025-02-28,8,728.08,306,2,3,1,231,A risque
U02906,2025-11-28,6,728.56,33,5,2,1,521,Nouveaux
U02363,2024-09-28,3,728.71,459,1,1,1,111,Perdus
U08778,2025-11-27,9,729.48,34,5,3,1,531,Perdus
U06433,2024-05-30,4,730.33,580,1,1,1,111,Perdus
U08999,2025-11-29,6,730.65,32,5,2,1,521,Nouveaux
U09617,2024-08-05,8,730.75,513,1,3,1,131,A risque
U07919,2024-10-11,9,731.3,446,1,3,1,131,A risque
U09107,2025-11-27,11,731.37,34,5,3,1,531,Perdus
U00258,2024-05-29,3,731.46,581,1,1,1,111,Perdus
U08509,2024-11-27,6,731.61,399,1,2,1,121,Perdus
U00915,2025-02-22,1,731.62,312,2,1,1,211,Perdus
U02490,2025-08-23,1,732.07,130,3,1,1,311,Perdus
U94640,2025-09-28,1,732.64,94,4,1,1,411,Nouveaux
U08320,2025-08-26,2,732.93,127,4,1,1,411,Nouveaux
U01311,2025-12-31,7,733.26,0,5,3,1,531,Perdus
U98395,2025-01-25,1,733.33,340,2,1,1,211,Perdus
U08214,2025-06-01,7,733.35,213,3,2,1,321,Perdus
U04429,2025-10-26,5,733.56,66,4,2,1,421,Nouveaux
U10826,2025-01-24,6,733.68,341,2,2,1,221,Perdus
U05129,2024-10-22,6,733.87,435,1,2,1,121,Perdus
U02262,2025-02-26,4,734.06,308,2,1,1,211,Perdus
U09414,2025-05-15,3,736.34,230,3,1,1,311,Perdus
U07636,2024-12-20,6,736.56,376,2,2,1,221,Perdus
U04515,2024-08-17,3,737.53,501,1,1,1,111,Perdus
U10466,2025-02-06,7,737.7,328,2,2,1,221,Perdus
U09419,2025-02-13,3,738.74,321,2,1,1,211,Perdus
U02648,2025-10-26,3,740.06,66,4,1,1,411,Nouveaux
U04000,2025-12-12,1,740.22,19,5,1,1,511,Nouveaux
U10298,2025-10-26,8,740.26,66,4,3,1,431,Perdus
U11993,2025-11-18,5,740.77,43,5,2,1,521,Nouveaux
U00080,2025-08-21,6,741.59,132,3,2,1,321,Perdus
U11952,2025-08-26,2,741.72,127,4,1,1,411,Nouveaux
U01029,2024-11-22,3,742.13,404,1,1,1,111,Perdus
U06159,2024-12-13,7,742.33,383,2,2,1,221,Perdus
U99523,2025-10-05,1,742.75,87,4,1,1,411,Nouveaux
U02264,2025-03-09,5,743.49,297,2,2,1,221,Perdus
U00160,2024-11-13,8,743.81,413,1,3,1,131,A risque
U09975,2024-05-03,6,744.15,607,1,2,1,121,Perdus
U05450,2025-09-20,4,744.33,102,4,2,1,421,Nouveaux
U01536,2025-03-29,7,744.66,277,2,2,1,221,Perdus
U11601,2025-11-18,5,745.5,43,5,2,1,521,Nouveaux
U06799,2024-05-28,5,745.98,582,1,2,1,121,Perdus
U07387,2025-12-09,14,746.46,22,5,4,1,541,Clients fideles
U04283,2024-10-30,6,746.54,427,1,2,1,121,Perdus
U04769,2025-06-24,6,747.44,190,3,2,1,321,Perdus
U04831,2025-11-10,5,747.79,51,4,2,1,421,Nouveaux
U11885,2025-05-26,7,748.04,219,3,2,1,321,Perdus
U02440,2025-02-28,7,748.97,306,2,2,1,221,Perdus
U04482,2024-07-08,4,749.27,541,1,1,1,111,Perdus
U11316,2025-12-11,2,749.46,20,5,1,1,511,Nouveaux
U02203,2025-03-12,2,749.61,294,2,1,1,211,Perdus
U00036,2025-12-29,5,750.68,2,5,2,1,521,Nouveaux
U11141,2025-10-21,4,751.0,71,4,2,1,421,Nouveaux
U00948,2025-02-20,3,751.61,314,2,1,1,211,Perdus
U07784,2025-06-28,4,751.91,186,3,1,1,311,Perdus
U09586,2024-09-28,5,752.02,459,1,2,1,121,Perdus
U08348,2025-08-18,8,752.03,135,3,3,1,331,Perdus
U11990,2024-11-26,4,752.18,400,1,1,1,111,Perdus
U01709,2025-03-24,4,752.95,282,2,1,1,211,Perdus
U05359,2024-10-29,4,754.83,428,1,1,1,111,Perdus
U99139,2025-04-02,1,755.37,273,2,1,1,211,Perdus
U00060,2025-02-28,2,755.38,306,2,1,1,211,Perdus
U10539,2025-09-25,9,755.94,97,4,3,1,431,Perdus
U03458,2025-06-04,3,756.31,210,3,1,1,311,Perdus
U10196,2025-07-16,4,756.79,168,3,1,1,311,Perdus
U03799,2025-12-29,6,757.48,2,5,2,1,521,Nouveaux
U10083,2024-04-19,4,758.82,621,1,1,1,111,Perdus
U09429,2025-09-29,5,759.04,93,4,2,1,421,Nouveaux
U07204,2025-08-14,4,760.33,139,3,1,1,311,Perdus
U07223,2025-10-19,4,760.47,73,4,2,1,421,Nouveaux
U09340,2025-05-17,4,760.51,228,3,1,1,311,Perdus
U01994,2025-04-08,5,760.73,267,2,2,1,221,Perdus
U11632,2025-03-29,8,761.29,277,2,3,1,231,A risque
U08575,2025-04-23,4,761.75,252,2,1,1,211,Perdus
U02776,2025-10-31,5,762.21,61,4,2,1,421,Nouveaux
U09023,2025-01-24,3,762.24,341,2,1,1,211,Perdus
U04875,2025-04-22,1,762.34,253,2,1,1,211,Perdus
U05839,2024-04-27,3,762.73,613,1,1,1,111,Perdus
U05562,2025-10-15,7,762.89,77,4,2,1,421,Nouveaux
U06215,2025-12-31,6,763.51,0,5,2,1,521,Nouveaux
U01890,2025-11-28,7,764.26,33,5,2,1,521,Nouveaux
U03928,2025-09-08,10,764.38,114,4,3,1,431,Perdus
U10638,2025-11-02,8,764.84,59,4,3,1,431,Perdus
U99779,2024-06-12,1,766.12,567,1,1,1,111,Perdus
U02584,2024-08-24,4,766.21,494,1,1,1,111,Perdus
U11755,2025-10-20,4,766.99,72,4,2,1,421,Nouveaux
U07876,2025-06-19,7,767.16,195,3,2,1,321,Perdus
U04827,2025-07-16,1,767.49,168,3,1,1,311,Perdus
U07242,2024-02-27,4,767.96,673,1,1,1,111,Perdus
U06851,2024-05-15,4,768.13,595,1,1,1,111,Perdus
U04105,2025-12-25,11,768.62,6,5,3,1,531,Perdus
U93885,2024-07-29,1,769.62,520,1,1,1,111,Perdus
U10160,2025-12-21,8,770.07,10,5,3,1,531,Perdus
U10198,2025-09-24,4,771.08,98,4,2,1,421,Nouveaux
U09684,2025-11-24,1,771.71,37,5,1,1,511,Nouveaux
U11253,2025-09-30,5,772.09,92,4,2,1,421,Nouveaux
U07978,2024-04-17,6,772.54,623,1,2,1,121,Perdus
U08826,2025-07-22,8,773.14,162,3,3,1,331,Perdus
U00877,2024-12-09,2,774.36,387,1,1,1,111,Perdus
U01817,2025-10-04,3,775.03,88,4,1,1,411,Nouveaux
U01745,2025-04-26,2,775.05,249,2,1,1,211,Perdus
U09921,2025-12-31,6,775.09,0,5,2,1,521,Nouveaux
U08532,2024-03-19,3,775.27,652,1,1,1,111,Perdus
U11987,2024-08-27,5,775.41,491,1,2,1,121,Perdus
U02631,2025-05-18,3,775.51,227,3,1,1,311,Perdus
U93002,2024-08-11,1,775.91,507,1,1,1,111,Perdus
U05548,2025-10-06,3,776.26,86,4,1,1,411,Nouveaux
U09438,2025-07-21,6,776.77,163,3,2,1,321,Perdus
U05923,2025-03-28,10,777.38,278,2,3,1,231,A risque
U03433,2025-12-10,3,777.45,21,5,1,1,511,Nouveaux
U95295,2025-11-24,1,778.45,37,5,1,1,511,Nouveaux
U03026,2025-08-14,5,778.45,139,3,2,1,321,Perdus
U04656,2024-10-28,6,778.68,429,1,2,1,121,Perdus
U08828,2024-09-05,4,778.87,482,1,1,1,111,Perdus
U04051,2024-11-17,4,779.45,409,1,1,1,111,Perdus
U03913,2025-12-16,3,779.74,15,5,1,1,511,Nouveaux
U03296,2025-11-17,4,779.74,44,5,2,1,521,Nouveaux
U06631,2025-09-27,5,779.79,95,4,2,1,421,Nouveaux
U09047,2024-07-20,6,780.18,529,1,2,1,121,Perdus
U06754,2024-09-21,6,780.66,466,1,2,1,121,Perdus
U06709,2025-03-29,5,780.71,277,2,2,1,221,Perdus
U10870,2025-09-25,2,781.12,97,4,1,1,411,Nouveaux
U91977,2024-04-26,1,781.35,614,1,1,1,111,Perdus
U01130,2025-09-23,4,781.47,99,4,2,1,421,Nouveaux
U00138,2025-04-09,2,781.58,266,2,1,1,211,Perdus
U09895,2025-11-12,2,782.01,49,4,1,1,411,Nouveaux
U05733,2024-05-23,4,783.02,587,1,1,1,111,Perdus
U04877,2025-12-18,3,783.16,13,5,1,1,511,Nouveaux
U10910,2024-05-31,3,783.39,579,1,1,1,111,Perdus
U10786,2025-12-24,10,783.44,7,5,3,1,531,Perdus
U09982,2025-06-22,6,783.92,192,3,2,1,321,Perdus
U04173,2025-01-30,5,784.83,335,2,2,1,221,Perdus
U07416,2025-12-07,4,785.94,24,5,2,1,521,Nouveaux
U00514,2024-09-22,3,785.98,465,1,1,1,111,Perdus
U04862,2025-12-20,3,786.59,11,5,1,1,511,Nouveaux
U98105,2025-02-04,1,786.71,330,2,1,1,211,Perdus
U92033,2025-11-06,1,786.77,55,4,1,1,411,Nouveaux
U00068,2024-10-30,15,787.56,427,1,4,1,141,A risque
U08569,2025-11-03,2,787.8,58,4,1,1,411,Nouveaux
U06785,2025-12-07,2,789.07,24,5,1,1,511,Nouveaux
U03574,2024-02-27,2,790.12,673,1,1,1,111,Perdus
U01804,2025-04-07,9,790.65,268,2,3,1,231,A risque
U10640,2024-08-28,2,790.85,490,1,1,1,111,Perdus
U10122,2025-11-15,10,791.46,46,5,3,1,531,Perdus
U09619,2025-03-31,8,791.74,275,2,3,1,231,A risque
U05258,2025-09-21,5,792.09,101,4,2,1,421,Nouveaux
U00974,2024-11-20,5,792.13,406,1,2,1,121,Perdus
U05526,2025-11-25,7,792.63,36,5,2,1,521,Nouveaux
U03314,2025-09-03,5,792.79,119,4,2,1,421,Nouveaux
U08280,2024-07-22,8,793.76,527,1,3,1,131,A risque
U01025,2024-05-30,8,793.77,580,1,3,1,131,A risque
U02080,2025-05-17,7,793.82,228,3,2,1,321,Perdus
U11231,2025-02-13,3,794.18,321,2,1,1,211,Perdus
U06679,2025-06-21,6,794.88,193,3,2,1,321,Perdus
U05162,2025-09-06,11,795.15,116,4,3,1,431,Perdus
U07688,2025-04-28,6,795.52,247,2,2,1,221,Perdus
U90589,2024-12-22,1,796.13,374,2,1,1,211,Perdus
U10803,2025-12-26,1,797.1,5,5,1,1,511,Nouveaux
U06454,2024-11-23,7,797.15,403,1,2,1,121,Perdus
U04416,2025-10-17,3,797.48,75,4,1,1,411,Nouveaux
U11350,2025-05-30,5,798.87,215,3,2,1,321,Perdus
U10004,2025-05-17,6,799.0,228,3,2,1,321,Perdus
U05368,2025-05-25,5,800.77,220,3,2,1,321,Perdus
U05032,2025-11-30,3,800.92,31,5,1,1,511,Nouveaux
U07421,2024-09-27,8,800.93,460,1,3,1,131,A risque
U11898,2024-05-25,1,801.19,585,1,1,1,111,Perdus
U09925,2024-08-15,2,801.19,503,1,1,1,111,Perdus
U10352,2025-11-09,5,801.57,52,4,2,1,421,Nouveaux
U06597,2025-12-31,8,801.61,0,5,3,1,531,Perdus
U07722,2024-08-26,3,803.0,492,1,1,1,111,Perdus
U09878,2025-12-30,7,803.58,1,5,3,1,531,Perdus
U04732,2025-12-25,4,804.01,6,5,2,1,521,Nouveaux
U04510,2025-11-08,3,804.08,53,4,1,1,411,Nouveaux
U02433,2024-03-14,4,805.91,657,1,1,1,111,Perdus
U03198,2025-12-12,3,806.66,19,5,1,1,511,Nouveaux
U05124,2025-06-12,6,807.55,202,3,2,1,321,Perdus
U08505,2025-02-17,9,808.05,317,2,3,1,231,A risque
U09448,2024-07-25,3,808.68,524,1,1,1,111,Perdus
U11613,2025-01-23,14,809.01,342,2,4,1,241,A risque
U10433,2025-05-23,6,809.09,222,3,2,1,321,Perdus
U03108,2024-09-20,3,810.13,467,1,1,1,111,Perdus
U06582,2025-01-14,2,810.69,351,2,1,1,211,Perdus
U06166,2025-10-27,4,811.26,65,4,2,1,421,Nouveaux
U04367,2025-10-27,7,811.61,65,4,2,1,421,Nouveaux
U00889,2025-01-21,5,812.63,344,2,2,1,221,Perdus
U10053,2025-12-30,6,812.96,1,5,2,1,521,Nouveaux
U09503,2024-12-22,5,813.03,374,2,2,1,221,Perdus
U09782,2025-08-31,7,813.09,122,4,2,1,421,Nouveaux
U10864,2025-11-30,12,814.98,31,5,4,1,541,Clients fideles
U11402,2025-12-11,2,815.03,20,5,1,1,511,Nouveaux
U11502,2024-05-26,7,815.32,584,1,2,1,121,Perdus
U96574,2024-01-24,1,815.42,707,1,1,1,111,Perdus
U07361,2025-10-06,2,815.63,86,4,1,1,411,Nouveaux
U02802,2025-08-21,4,815.99,132,3,1,1,311,Perdus
U07343,2025-05-28,9,816.09,217,3,3,1,331,Perdus
U07914,2025-09-30,7,818.92,92,4,2,1,421,Nouveaux
U00690,2024-09-24,7,819.64,463,1,2,1,121,Perdus
U04601,2024-10-20,6,819.71,437,1,2,1,121,Perdus
U01291,2025-05-14,11,819.73,231,3,3,1,331,Perdus
U01157,2025-04-01,1,820.77,274,2,1,1,211,Perdus
U09163,2025-12-27,7,822.79,4,5,3,1,531,Perdus
U06432,2024-07-27,4,823.08,522,1,1,1,111,Perdus
U08623,2025-08-18,5,823.83,135,3,2,1,321,Perdus
U92206,2024-09-04,1,824.59,483,1,1,1,111,Perdus
U11055,2024-09-30,6,824.59,457,1,2,1,121,Perdus
U08318,2024-10-01,4,825.0,456,1,1,1,111,Perdus
U07562,2025-01-25,9,825.3,340,2,3,1,231,A risque
U01362,2024-09-22,7,825.78,465,1,2,1,121,Perdus
U09809,2024-08-19,8,825.81,499,1,3,1,131,A risque
U05318,2024-09-14,4,825.89,473,1,1,1,111,Perdus
U00958,2025-12-23,5,825.98,8,5,2,1,521,Nouveaux
U01873,2024-11-13,1,826.62,413,1,1,1,111,Perdus
U04346,2025-11-18,11,826.65,43,5,3,1,531,Perdus
U11720,2025-06-05,7,828.03,209,3,2,1,321,Perdus
U03945,2025-05-01,4,828.63,244,3,1,1,311,Perdus
U07157,2025-11-26,5,828.97,35,5,2,1,521,Nouveaux
U02512,2025-12-26,5,829.05,5,5,2,1,521,Nouveaux
U90337,2025-04-07,1,829.07,268,2,1,1,211,Perdus
U10907,2025-04-18,10,829.25,257,2,3,1,231,A risque
U09807,2025-09-19,12,829.96,103,4,4,1,441,Clients fideles
U05998,2025-07-08,6,830.36,176,3,2,1,321,Perdus
U02400,2024-11-26,7,830.39,400,1,2,1,121,Perdus
U97961,2025-08-19,1,830.45,134,3,1,1,311,Perdus
U08784,2025-08-16,5,831.87,137,3,2,1,321,Perdus
U11470,2025-03-22,6,833.74,284,2,2,1,221,Perdus
U05960,2025-02-05,2,834.0,329,2,1,1,211,Perdus
U05128,2024-11-29,4,834.26,397,1,1,1,111,Perdus
U04119,2025-10-10,3,834.83,82,4,1,1,411,Nouveaux
U10450,2024-09-13,6,836.99,474,1,2,1,121,Perdus
U09034,2025-06-20,6,837.57,194,3,2,1,321,Perdus
U03300,2025-09-28,4,838.54,94,4,2,1,421,Nouveaux
U03518,2025-07-31,5,839.04,153,3,2,1,321,Perdus
U06440,2024-08-29,2,839.18,489,1,1,1,111,Perdus
U06362,2025-11-28,4,839.84,33,5,2,1,521,Nouveaux
U02309,2025-09-25,8,839.9,97,4,3,1,431,Perdus
U04888,2025-02-24,5,840.14,310,2,2,1,221,Perdus
U01436,2024-08-20,11,840.55,498,1,3,1,131,A risque
U10974,2024-10-21,4,840.59,436,1,1,1,111,Perdus
U07405,2025-12-19,8,841.28,12,5,3,1,531,Perdus
U06185,2025-02-18,3,841.64,316,2,1,1,211,Perdus
U04530,2024-11-24,3,842.44,402,1,1,1,111,Perdus
U94238,2025-06-02,1,842.5,212,3,1,1,311,Perdus
U01912,2025-12-19,3,843.03,12,5,1,1,511,Nouveaux
U10711,2024-11-21,5,843.22,405,1,2,1,121,Perdus
U04982,2024-02-29,1,843.56,671,1,1,1,111,Perdus
U10967,2025-06-14,3,844.34,200,3,1,1,311,Perdus
U06910,2024-09-18,3,845.83,469,1,1,1,111,Perdus
U05679,2024-03-26,4,845.98,645,1,1,1,111,Perdus
U09256,2024-11-09,3,846.08,417,1,1,1,111,Perdus
U11486,2025-03-23,7,846.08,283,2,2,1,221,Perdus
U10064,2024-07-27,2,846.37,522,1,1,1,111,Perdus
U05439,2024-07-12,2,846.42,537,1,1,1,111,Perdus
U07984,2025-06-12,11,847.15,202,3,3,1,331,Perdus
U06416,2025-11-25,6,847.78,36,5,2,1,521,Nouveaux
U11860,2025-06-16,3,847.81,198,3,1,1,311,Perdus
U01570,2025-07-30,3,848.1,154,3,1,1,311,Perdus
U00984,2024-12-25,8,848.56,371,2,3,1,231,A risque
U04626,2025-12-22,7,848.61,9,5,3,1,531,Perdus
U01176,2025-08-30,6,848.79,123,4,2,1,421,Nouveaux
U02383,2024-12-29,5,850.07,367,2,2,1,221,Perdus
U08194,2024-11-23,2,850.18,403,1,1,1,111,Perdus
U09134,2025-02-25,5,850.23,309,2,2,1,221,Perdus
U94243,2024-11-03,1,850.63,423,1,1,1,111,Perdus
U08305,2024-08-31,4,852.14,487,1,1,1,111,Perdus
U01606,2025-09-13,2,852.91,109,4,1,1,411,Nouveaux
U05253,2025-07-19,5,853.31,165,3,2,1,321,Perdus
U03462,2025-03-05,4,853.65,301,2,1,1,211,Perdus
U07974,2025-12-01,3,853.91,30,5,1,1,511,Nouveaux
U04876,2025-11-06,6,853.96,55,4,2,1,421,Nouveaux
U10046,2025-05-19,4,855.12,226,3,1,1,311,Perdus
U10980,2025-12-24,4,855.4,7,5,2,1,521,Nouveaux
U00876,2024-11-01,3,856.42,425,1,1,1,111,Perdus
U05423,2024-12-26,6,856.82,370,2,2,1,221,Perdus
U08946,2024-03-18,2,857.8,653,1,1,1,111,Perdus
U11573,2025-10-16,4,860.06,76,4,2,1,421,Nouveaux
U05519,2024-08-12,4,860.57,506,1,1,1,111,Perdus
U05901,2025-11-29,11,861.3,32,5,3,1,531,Perdus
U00175,2025-07-18,6,861.58,166,3,2,1,321,Perdus
U00436,2025-11-24,2,862.24,37,5,1,1,511,Nouveaux
U01479,2024-12-29,5,862.45,367,2,2,1,221,Perdus
U11199,2025-05-12,2,865.14,233,3,1,1,311,Perdus
U08595,2024-04-03,8,865.82,637,1,3,1,131,A risque
U02164,2025-12-31,7,865.91,0,5,3,1,531,Perdus
U11101,2025-02-28,6,867.0,306,2,2,1,221,Perdus
U01498,2025-03-31,2,867.17,275,2,1,1,211,Perdus
U00018,2024-10-21,6,867.29,436,1,2,1,121,Perdus
U03468,2025-09-28,8,867.41,94,4,3,1,431,Perdus
U02454,2025-06-02,6,867.64,212,3,2,1,321,Perdus
U03387,2025-04-29,8,867.67,246,2,3,1,231,A risque
U92050,2024-12-06,1,868.04,390,1,1,1,111,Perdus
U09020,2024-09-09,8,868.1,478,1,3,1,131,A risque
U04899,2025-02-26,5,869.23,308,2,2,1,221,Perdus
U08351,2025-05-31,5,869.91,214,3,2,1,321,Perdus
U00207,2025-05-31,6,869.93,214,3,2,1,321,Perdus
U07531,2024-12-24,9,870.99,372,2,3,1,231,A risque
U09091,2024-06-29,4,871.15,550,1,1,1,111,Perdus
U02752,2024-09-13,4,872.76,474,1,1,1,111,Perdus
U08006,2025-03-26,11,873.04,280,2,3,1,231,A risque
U04590,2025-06-21,9,873.36,193,3,3,1,331,Perdus
U04977,2025-12-17,4,873.77,14,5,2,1,521,Nouveaux
U10488,2025-12-25,9,874.5,6,5,3,1,531,Perdus
U03322,2024-02-23,1,874.96,677,1,1,1,111,Perdus
U05471,2025-07-25,5,875.27,159,3,2,1,321,Perdus
U03183,2025-01-23,5,875.37,342,2,2,1,221,Perdus
U04985,2025-02-09,3,875.54,325,2,1,1,211,Perdus
U04932,2025-06-30,4,876.97,184,3,1,1,311,Perdus
U01492,2025-05-29,4,877.56,216,3,1,1,311,Perdus
U06078,2025-12-31,10,878.1,0,5,3,1,531,Perdus
U03878,2025-11-25,5,879.02,36,5,2,1,521,Nouveaux
U00159,2025-11-20,5,879.78,41,5,2,1,521,Nouveaux
U11583,2025-08-27,4,881.14,126,4,1,1,411,Nouveaux
U10925,2024-11-26,5,881.43,400,1,2,1,121,Perdus
U10681,2025-01-15,6,882.08,350,2,2,1,221,Perdus
U05332,2024-11-03,3,883.05,423,1,1,1,111,Perdus
U10793,2025-07-28,3,883.06,156,3,1,1,311,Perdus
U02598,2025-09-04,7,884.44,118,4,2,1,421,Nouveaux
U04810,2025-11-15,1,885.36,46,5,1,1,511,Nouveaux
U00904,2025-12-16,3,886.03,15,5,1,1,511,Nouveaux
U01889,2025-01-03,4,886.41,362,2,1,1,211,Perdus
U01420,2024-08-30,1,886.45,488,1,1,1,111,Perdus
U10529,2025-10-26,6,886.7,66,4,2,1,421,Nouveaux
U08114,2025-12-28,7,887.29,3,5,3,1,531,Perdus
U02710,2025-08-05,4,887.3,148,3,1,1,311,Perdus
U04531,2025-03-16,7,887.7,290,2,2,1,221,Perdus
U11700,2025-11-26,11,888.94,35,5,3,1,531,Perdus
U01960,2025-10-27,2,889.04,65,4,1,1,411,Nouveaux
U02592,2025-11-14,3,889.28,47,5,1,1,511,Nouveaux
U11074,2025-03-16,4,890.28,290,2,1,1,211,Perdus
U06821,2025-03-27,7,890.62,279,2,2,1,221,Perdus
U10299,2025-09-21,9,890.62,101,4,3,1,431,Perdus
U00551,2024-10-29,5,890.98,428,1,2,1,121,Perdus
U09688,2024-09-03,4,891.02,484,1,1,1,111,Perdus
U01609,2025-05-19,9,892.29,226,3,3,1,331,Perdus
U07940,2025-12-21,4,892.84,10,5,2,1,521,Nouveaux
U02121,2025-10-02,2,893.76,90,4,1,1,411,Nouveaux
U09268,2025-12-23,2,893.89,8,5,1,1,511,Nouveaux
U02689,2025-06-30,8,894.46,184,3,3,1,331,Perdus
U02539,2024-04-23,6,896.7,617,1,2,1,121,Perdus
U11376,2024-12-16,5,896.95,380,2,2,1,221,Perdus
U09311,2025-12-20,7,897.39,11,5,3,1,531,Perdus
U02984,2025-08-27,7,897.43,126,4,2,1,421,Nouveaux
U01044,2025-05-15,6,897.76,230,3,2,1,321,Perdus
U11311,2025-08-18,8,898.14,135,3,3,1,331,Perdus
U00483,2025-09-17,3,898.46,105,4,1,1,411,Nouveaux
U06154,2025-11-20,7,898.76,41,5,2,1,521,Nouveaux
U02991,2024-06-26,5,898.91,553,1,2,1,121,Perdus
U03424,2025-04-27,6,898.98,248,2,2,1,221,Perdus
U01377,2025-07-31,7,899.0,153,3,2,1,321,Perdus
U07715,2025-01-23,5,899.18,342,2,2,1,221,Perdus
U10281,2025-10-26,3,899.39,66,4,1,1,411,Nouveaux
U04452,2025-08-25,11,899.72,128,4,3,1,431,Perdus
U09228,2025-12-26,2,899.94,5,5,1,1,511,Nouveaux
U10385,2025-02-23,10,901.06,311,2,3,1,231,A risque
U08488,2025-08-25,3,901.47,128,4,1,1,411,Nouveaux
U06007,2024-11-24,4,902.35,402,1,1,1,111,Perdus
U11478,2025-11-30,6,902.61,31,5,2,1,521,Nouveaux
U10919,2024-11-28,3,902.62,398,1,1,1,111,Perdus
U09259,2024-10-19,5,902.77,438,1,2,1,121,Perdus
U09713,2025-08-31,5,903.26,122,4,2,1,421,Nouveaux
U10186,2025-09-27,7,903.34,95,4,2,1,421,Nouveaux
U09654,2024-11-25,1,903.55,401,1,1,1,111,Perdus
U93422,2025-07-05,2,903.82,179,3,1,1,311,Perdus
U00779,2025-09-25,3,903.98,97,4,1,1,411,Nouveaux
U07359,2025-01-31,8,905.11,334,2,3,1,231,A risque
U06603,2025-08-28,6,905.64,125,4,2,1,421,Nouveaux
U08481,2025-10-14,4,905.96,78,4,2,1,421,Nouveaux
U02353,2024-07-22,5,907.29,527,1,2,1,121,Perdus
U05644,2025-07-16,8,908.22,168,3,3,1,331,Perdus
U07537,2025-11-17,5,908.43,44,5,2,1,521,Nouveaux
U04847,2025-10-05,5,909.72,87,4,2,1,421,Nouveaux
U02435,2025-06-30,4,909.73,184,3,1,1,311,Perdus
U02941,2024-09-26,8,909.83,461,1,3,1,131,A risque
U11631,2025-06-29,6,910.28,185,3,2,1,321,Perdus
U01004,2025-07-13,3,910.31,171,3,1,1,311,Perdus
U10415,2025-12-30,8,910.67,1,5,3,1,531,Perdus
U07360,2025-10-11,5,910.78,81,4,2,1,421,Nouveaux
U03389,2025-03-30,6,911.21,276,2,2,1,221,Perdus
U03751,2025-09-21,4,911.29,101,4,2,1,421,Nouveaux
U10138,2025-12-10,2,911.53,21,5,1,1,511,Nouveaux
U08237,2025-07-17,4,911.66,167,3,1,1,311,Perdus
U11647,2024-10-27,6,912.11,430,1,2,1,121,Perdus
U11856,2025-01-21,6,912.74,344,2,2,1,221,Perdus
U10062,2024-08-17,8,913.54,501,1,3,1,131,A risque
U00375,2024-10-28,4,913.8,429,1,1,1,111,Perdus
U05555,2025-08-26,9,913.85,127,4,3,1,431,Perdus
U07829,2025-07-28,5,915.02,156,3,2,1,321,Perdus
U03632,2025-12-14,4,916.15,17,5,2,1,521,Nouveaux
U06090,2024-07-30,9,916.4,519,1,3,1,131,A risque
U09840,2025-07-29,15,916.43,155,3,4,1,341,Clients fideles
U02790,2025-10-19,3,916.57,73,4,1,1,411,Nouveaux
U06380,2025-09-18,8,916.76,104,4,3,1,431,Perdus
U09473,2025-05-26,5,918.8,219,3,2,1,321,Perdus
U08811,2024-11-26,15,919.73,400,1,4,1,141,A risque
U04058,2025-01-24,5,921.14,341,2,2,1,221,Perdus
U06744,2025-11-27,4,921.17,34,5,2,1,521,Nouveaux
U00932,2025-10-07,4,921.67,85,4,2,1,421,Nouveaux
U11242,2024-05-26,6,922.37,584,1,2,1,121,Perdus
U06034,2025-09-08,7,922.96,114,4,2,1,421,Nouveaux
U03382,2025-11-24,14,923.76,37,5,4,1,541,Clients fideles
U05772,2025-05-19,3,924.4,226,3,1,1,311,Perdus
U05504,2025-08-28,9,924.57,125,4,3,1,431,Perdus
U03133,2025-09-29,3,924.63,93,4,1,1,411,Nouveaux
U04988,2025-02-27,12,924.68,307,2,4,1,241,A risque
U08432,2025-09-23,5,925.37,99,4,2,1,421,Nouveaux
U02067,2025-10-12,10,925.69,80,4,3,1,431,Perdus
U08420,2025-09-02,8,925.82,120,4,3,1,431,Perdus
U04701,2024-06-26,4,925.88,553,1,1,1,111,Perdus
U06477,2025-07-31,12,925.98,153,3,4,1,341,Clients fideles
U05988,2025-06-22,3,926.57,192,3,1,1,311,Perdus
U08479,2025-10-27,7,927.14,65,4,2,1,421,Nouveaux
U04480,2025-11-19,8,927.59,42,5,3,1,531,Perdus
U07181,2025-09-26,10,928.59,96,4,3,1,431,Perdus
U03436,2025-08-16,7,929.22,137,3,2,1,321,Perdus
U10523,2024-04-25,3,929.32,615,1,1,1,111,Perdus
U11850,2024-10-20,6,929.86,437,1,2,1,121,Perdus
U01428,2024-03-12,7,930.9,659,1,2,1,121,Perdus
U08268,2025-12-18,8,931.02,13,5,3,1,531,Perdus
U03339,2024-12-03,11,932.8,393,1,3,2,132,A risque
U04889,2024-02-17,5,932.84,683,1,2,2,122,Perdus
U11271,2025-02-12,4,932.87,322,2,1,2,212,Perdus
U05583,2024-03-01,1,932.94,670,1,1,2,112,Perdus
U06673,2025-09-23,6,932.99,99,4,2,2,422,Nouveaux
U08334,2024-04-28,4,933.45,612,1,1,2,112,Perdus
U08958,2025-11-29,2,933.98,32,5,1,2,512,Nouveaux
U00679,2024-12-29,8,935.93,367,2,3,2,232,A risque
U01476,2025-12-28,4,936.79,3,5,2,2,522,Nouveaux
U06626,2024-06-27,3,938.44,552,1,1,2,112,Perdus
U06064,2025-04-27,13,938.93,248,2,4,2,242,A risque
U08452,2025-11-02,3,939.2,59,4,1,2,412,Nouveaux
U00868,2024-01-19,3,939.42,712,1,1,2,112,Perdus
U02272,2025-05-24,8,939.55,221,3,3,2,332,Perdus
U09777,2025-12-27,6,939.79,4,5,2,2,522,Nouveaux
U06494,2025-04-30,12,940.9,245,3,4,2,342,Clients fideles
U10439,2025-11-21,3,942.88,40,5,1,2,512,Nouveaux
U00342,2025-12-13,5,943.13,18,5,2,2,522,Nouveaux
U00130,2025-09-28,7,943.43,94,4,2,2,422,Nouveaux
U11749,2025-03-23,6,943.74,283,2,2,2,222,Perdus
U02846,2025-02-10,11,943.8,324,2,3,2,232,A risque
U05405,2024-11-17,4,943.84,409,1,1,2,112,Perdus
U05250,2025-10-31,3,944.72,61,4,1,2,412,Nouveaux
U09881,2025-08-31,6,945.18,122,4,2,2,422,Nouveaux
U04039,2024-05-20,7,945.3,590,1,2,2,122,Perdus
U04115,2024-12-13,8,945.98,383,2,3,2,232,A risque
U06716,2025-01-22,4,946.01,343,2,1,2,212,Perdus
U08038,2025-08-26,8,946.04,127,4,3,2,432,Perdus
U03925,2025-02-15,6,947.44,319,2,2,2,222,Perdus
U02182,2025-09-05,4,948.38,117,4,2,2,422,Nouveaux
U05893,2024-12-28,6,948.43,368,2,2,2,222,Perdus
U06755,2024-09-16,8,948.63,471,1,3,2,132,A risque
U02037,2024-11-28,3,949.14,398,1,1,2,112,Perdus
U02572,2025-11-25,4,949.19,36,5,2,2,522,Nouveaux
U10716,2024-12-04,3,949.2,392,1,1,2,112,Perdus
U11982,2025-06-25,9,950.18,189,3,3,2,332,Perdus
U07406,2025-03-06,4,950.51,300,2,1,2,212,Perdus
U04238,2024-09-19,2,950.57,468,1,1,2,112,Perdus
U04568,2025-11-25,3,950.9,36,5,1,2,512,Nouveaux
U11578,2024-08-03,4,950.9,515,1,1,2,112,Perdus
U10903,2025-11-14,7,952.0,47,5,2,2,522,Nouveaux
U11332,2025-04-24,12,953.52,251,2,4,2,242,A risque
U02224,2025-12-29,8,955.0,2,5,3,2,532,Perdus
U10105,2025-12-22,4,955.16,9,5,2,2,522,Nouveaux
U06299,2025-05-21,4,956.64,224,3,1,2,312,Perdus
U11004,2024-04-19,6,957.36,621,1,2,2,122,Perdus
U11941,2025-03-19,5,957.53,287,2,2,2,222,Perdus
U02211,2025-11-16,3,957.75,45,5,1,2,512,Nouveaux
U07453,2025-12-08,6,957.99,23,5,2,2,522,Nouveaux
U09707,2025-08-11,10,958.16,142,3,3,2,332,Perdus
U01141,2025-11-14,5,958.52,47,4,2,2,422,Nouveaux
U11170,2025-10-15,3,958.78,77,4,1,2,412,Nouveaux
U07837,2024-07-30,4,958.96,519,1,1,2,112,Perdus
U05827,2025-03-28,6,959.74,278,2,2,2,222,Perdus
U01529,2024-11-28,6,960.06,398,1,2,2,122,Perdus
U11041,2025-10-19,5,960.41,73,4,2,2,422,Nouveaux
U04903,2025-05-06,5,961.56,239,3,2,2,322,Perdus
U06212,2025-08-10,14,962.64,143,3,4,2,342,Clients fideles
U07727,2025-03-13,6,962.95,293,2,2,2,222,Perdus
U09334,2025-01-26,11,963.11,339,2,3,2,232,A risque
U09329,2024-10-26,11,964.21,431,1,3,2,132,A risque
U08388,2025-05-05,4,964.52,240,3,1,2,312,Perdus
U11562,2025-02-13,1,964.57,321,2,1,2,212,Perdus
U09299,2025-12-03,2,964.58,28,5,1,2,512,Nouveaux
U03326,2025-09-27,9,964.75,95,4,3,2,432,Perdus
U02032,2024-09-23,5,965.89,464,1,2,2,122,Perdus
U02638,2025-09-19,8,966.71,103,4,3,2,432,Perdus
U08408,2025-12-18,3,966.99,13,5,1,2,512,Nouveaux
U07609,2025-10-25,7,967.03,67,4,2,2,422,Nouveaux
U04358,2025-11-27,6,968.14,34,5,2,2,522,Nouveaux
U00143,2025-12-14,5,968.51,17,5,2,2,522,Nouveaux
U03768,2025-07-24,8,968.7,160,3,3,2,332,Perdus
U96405,2025-01-26,1,968.82,339,2,1,2,212,Perdus
U96418,2024-12-04,1,969.11,392,1,1,2,112,Perdus
U02788,2025-05-28,7,969.18,217,3,2,2,322,Perdus
U05977,2025-11-06,8,969.21,55,4,3,2,432,Perdus
U06683,2025-09-26,8,969.31,96,4,3,2,432,Perdus
U05753,2025-12-14,5,971.1,17,5,2,2,522,Nouveaux
U10325,2025-05-15,10,972.53,230,3,3,2,332,Perdus
U02157,2025-11-23,9,973.16,38,5,3,2,532,Perdus
U02259,2025-12-25,5,974.15,6,5,2,2,522,Nouveaux
U08200,2024-11-26,4,974.32,400,1,1,2,112,Perdus
U10572,2024-09-18,9,974.83,469,1,3,2,132,A risque
U06008,2025-08-28,2,975.63,125,4,1,2,412,Nouveaux
U09644,2025-04-23,2,975.83,252,2,1,2,212,Perdus
U04439,2025-07-19,10,976.53,165,3,3,2,332,Perdus
U02600,2025-09-24,3,977.02,98,4,1,2,412,Nouveaux
U07687,2025-05-15,5,978.83,230,3,2,2,322,Perdus
U03897,2025-03-26,9,979.35,280,2,3,2,232,A risque
U00606,2025-01-27,6,979.89,338,2,2,2,222,Perdus
U05571,2025-12-27,3,979.93,4,5,1,2,512,Nouveaux
U00653,2024-06-26,9,980.11,553,1,3,2,132,A risque
U04492,2025-09-09,6,980.31,113,4,2,2,422,Nouveaux
U07006,2025-11-17,6,980.73,44,5,2,2,522,Nouveaux
U08853,2024-12-10,3,981.14,386,1,1,2,112,Perdus
U06963,2025-12-09,1,981.22,22,5,1,2,512,Nouveaux
U06933,2025-10-30,3,981.33,62,4,1,2,412,Nouveaux
U07300,2025-04-27,6,984.05,248,2,2,2,222,Perdus
U02796,2025-02-24,9,984.82,310,2,3,2,232,A risque
U09200,2024-07-27,10,985.03,522,1,3,2,132,A risque
U03099,2025-05-31,7,985.13,214,3,2,2,322,Perdus
U11273,2025-12-26,6,986.83,5,5,2,2,522,Nouveaux
U11013,2025-04-05,7,988.49,270,2,2,2,222,Perdus
U05693,2025-04-28,4,989.06,247,2,1,2,212,Perdus
U10117,2025-07-31,9,989.73,153,3,3,2,332,Perdus
U02341,2024-08-20,4,990.13,498,1,1,2,112,Perdus
U02408,2025-01-31,12,990.19,334,2,4,2,242,A risque
U09332,2025-07-25,4,991.11,159,3,1,2,312,Perdus
U95574,2024-03-03,1,991.72,668,1,1,2,112,Perdus
U10645,2025-08-03,6,991.88,150,3,2,2,322,Perdus
U05573,2025-11-22,4,991.92,39,5,2,2,522,Nouveaux
U09819,2025-12-24,2,992.15,7,5,1,2,512,Nouveaux
U11479,2025-10-30,9,992.43,62,4,3,2,432,Perdus
U03786,2024-10-02,3,992.64,455,1,1,2,112,Perdus
U01122,2025-11-18,9,993.39,43,5,3,2,532,Perdus
U08327,2025-03-04,7,994.46,302,2,2,2,222,Perdus
U04633,2025-06-11,5,995.49,203,3,2,2,322,Perdus
U03604,2025-07-25,5,995.64,159,3,2,2,322,Perdus
U08736,2025-07-17,2,996.53,167,3,1,2,312,Perdus
U11238,2024-05-29,6,996.81,581,1,2,2,122,Perdus
U04472,2025-06-23,3,997.66,191,3,1,2,312,Perdus
U11191,2025-08-19,4,997.71,134,3,1,2,312,Perdus
U02226,2024-12-23,4,997.78,373,2,1,2,212,Perdus
U04009,2025-03-07,7,997.94,299,2,2,2,222,Perdus
U00778,2024-08-30,10,998.3,488,1,3,2,132,A risque
U02503,2025-12-14,6,998.52,17,5,2,2,522,Nouveaux
U04928,2024-09-10,4,999.72,477,1,1,2,112,Perdus
U05544,2025-09-30,7,1000.52,92,4,2,2,422,Nouveaux
U07113,2025-10-22,1,1000.67,70,4,1,2,412,Nouveaux
U06164,2024-07-30,4,1001.48,519,1,1,2,112,Perdus
U04739,2025-10-15,9,1002.97,77,4,3,2,432,Perdus
U07071,2025-04-26,7,1003.21,249,2,2,2,222,Perdus
U92515,2025-04-15,1,1003.72,260,2,1,2,212,Perdus
U06623,2025-04-30,4,1004.22,245,3,1,2,312,Perdus
U00276,2025-10-28,9,1005.01,64,4,3,2,432,Perdus
U00226,2025-12-10,4,1005.22,21,5,2,2,522,Nouveaux
U08548,2024-11-24,6,1005.42,402,1,2,2,122,Perdus
U11425,2024-06-28,6,1005.77,551,1,2,2,122,Perdus
U06169,2024-06-24,3,1006.17,555,1,1,2,112,Perdus
U11039,2024-06-14,9,1006.69,565,1,3,2,132,A risque
U05386,2024-12-29,4,1006.83,367,2,1,2,212,Perdus
U11497,2025-08-22,5,1007.02,131,3,2,2,322,Perdus
U09166,2025-11-20,4,1007.12,41,5,2,2,522,Nouveaux
U02306,2025-05-15,7,1007.3,230,3,2,2,322,Perdus
U01992,2025-08-28,3,1007.51,125,4,1,2,412,Nouveaux
U06280,2025-04-23,8,1008.22,252,2,3,2,232,A risque
U05997,2025-12-23,4,1008.37,8,5,2,2,522,Nouveaux
U10601,2025-06-05,5,1008.73,209,3,2,2,322,Perdus
U09029,2025-04-21,9,1009.34,254,2,3,2,232,A risque
U01002,2025-12-11,5,1009.39,20,5,2,2,522,Nouveaux
U02625,2025-09-22,6,1010.52,100,4,2,2,422,Nouveaux
U08928,2025-06-26,11,1011.0,188,3,3,2,332,Perdus
U01129,2025-07-23,4,1011.08,161,3,1,2,312,Perdus
U11248,2024-02-24,2,1011.16,676,1,1,2,112,Perdus
U05366,2025-01-27,3,1011.31,338,2,1,2,212,Perdus
U01909,2025-06-23,8,1012.54,191,3,3,2,332,Perdus
U10074,2025-03-25,7,1013.43,281,2,2,2,222,Perdus
U00506,2024-09-24,9,1013.45,463,1,3,2,132,A risque
U03176,2025-12-31,5,1013.57,0,5,2,2,522,Nouveaux
U07464,2024-06-28,9,1015.05,551,1,3,2,132,A risque
U02680,2025-11-30,6,1015.67,31,5,2,2,522,Nouveaux
U09580,2025-11-12,6,1016.88,49,4,2,2,422,Nouveaux
U06192,2025-03-31,6,1016.97,275,2,2,2,222,Perdus
U00438,2025-06-28,7,1016.99,186,3,2,2,322,Perdus
U11161,2024-12-24,6,1018.49,372,2,2,2,222,Perdus
U09373,2025-06-23,5,1019.03,191,3,2,2,322,Perdus
U05268,2024-06-25,4,1019.31,554,1,1,2,112,Perdus
U02354,2024-01-11,1,1019.5,720,1,1,2,112,Perdus
U02758,2024-10-20,7,1020.12,437,1,2,2,122,Perdus
U90621,2024-09-15,1,1021.08,472,1,1,2,112,Perdus
U09890,2025-11-14,7,1021.77,47,5,2,2,522,Nouveaux
U02971,2024-08-28,4,1022.09,490,1,1,2,112,Perdus
U10725,2024-12-28,11,1023.73,368,2,3,2,232,A risque
U03173,2024-12-20,4,1024.47,376,2,1,2,212,Perdus
U10437,2025-11-18,5,1024.58,43,5,2,2,522,Nouveaux
U03901,2025-12-27,13,1025.14,4,5,4,2,542,Clients fideles
U06456,2024-07-25,2,1025.26,524,1,1,2,112,Perdus
U03815,2024-05-28,10,1026.23,582,1,3,2,132,A risque
U11809,2025-12-11,3,1026.38,20,5,1,2,512,Nouveaux
U10119,2024-10-12,3,1026.83,445,1,1,2,112,Perdus
U07102,2024-09-26,5,1027.4,461,1,2,2,122,Perdus
U07602,2025-04-18,11,1028.45,257,2,3,2,232,A risque
U01065,2024-01-29,1,1029.45,702,1,1,2,112,Perdus
U00550,2025-11-28,7,1029.75,33,5,2,2,522,Nouveaux
U01274,2024-12-18,8,1029.79,378,2,3,2,232,A risque
U97227,2024-08-17,1,1029.88,501,1,1,2,112,Perdus
U11446,2025-08-08,6,1031.61,145,3,2,2,322,Perdus
U07080,2025-02-14,9,1032.56,320,2,3,2,232,A risque
U08762,2025-06-25,8,1032.92,189,3,3,2,332,Perdus
U03516,2025-07-22,6,1033.0,162,3,2,2,322,Perdus
U11056,2025-07-28,9,1034.44,156,3,3,2,332,Perdus
U08640,2024-08-31,9,1035.17,487,1,3,2,132,A risque
U09601,2024-09-30,9,1035.33,457,1,3,2,132,A risque
U09056,2025-12-31,5,1035.89,0,5,2,2,522,Nouveaux
U03919,2024-06-27,16,1035.96,552,1,4,2,142,A risque
U04934,2024-08-31,6,1036.25,487,1,2,2,122,Perdus
U02282,2025-12-23,2,1036.56,8,5,1,2,512,Nouveaux
U06460,2025-12-31,9,1037.17,0,5,3,2,532,Perdus
U09937,2025-05-09,5,1037.97,236,3,2,2,322,Perdus
U00477,2024-06-25,5,1039.63,554,1,2,2,122,Perdus
U07448,2025-07-06,10,1039.86,178,3,3,2,332,Perdus
U06041,2025-02-21,5,1039.9,313,2,2,2,222,Perdus
U05763,2024-12-11,4,1040.24,385,1,1,2,112,Perdus
U07331,2025-12-16,6,1040.67,15,5,2,2,522,Nouveaux
U05045,2025-11-17,5,1040.81,44,5,2,2,522,Nouveaux
U03356,2024-07-26,5,1040.86,523,1,2,2,122,Perdus
U04458,2024-12-03,5,1042.63,393,1,2,2,122,Perdus
U08622,2025-01-23,4,1043.16,342,2,1,2,212,Perdus
U11454,2025-09-24,10,1043.21,98,4,3,2,432,Perdus
U00888,2024-11-12,12,1043.25,414,1,4,2,142,A risque
U04820,2024-09-29,5,1043.34,458,1,2,2,122,Perdus
U03056,2025-06-18,5,1043.42,196,3,2,2,322,Perdus
U11301,2024-03-21,3,1044.64,650,1,1,2,112,Perdus
U08600,2025-07-24,7,1044.65,160,3,2,2,322,Perdus
U08071,2025-05-18,6,1045.03,227,3,2,2,322,Perdus
U00035,2025-06-02,8,1045.4,212,3,3,2,332,Perdus
U08510,2025-12-30,2,1045.69,1,5,1,2,512,Nouveaux
U03247,2024-08-27,8,1046.31,491,1,3,2,132,A risque
U11587,2025-05-26,5,1046.93,219,3,2,2,322,Perdus
U02444,2025-06-24,7,1047.13,190,3,2,2,322,Perdus
U08522,2025-09-24,8,1047.18,98,4,3,2,432,Perdus
U11512,2025-08-25,7,1048.41,128,4,2,2,422,Nouveaux
U10824,2025-09-18,4,1049.31,104,4,2,2,422,Nouveaux
U07734,2025-09-27,7,1049.93,95,4,2,2,422,Nouveaux
U04116,2025-08-09,7,1050.07,144,3,2,2,322,Perdus
U01228,2024-06-24,2,1050.17,555,1,1,2,112,Perdus
U01071,2025-10-31,9,1050.44,61,4,3,2,432,Perdus
U03591,2025-11-11,7,1050.98,50,4,2,2,422,Nouveaux
U07616,2025-12-26,6,1051.12,5,5,2,2,522,Nouveaux
U08382,2024-11-26,8,1051.79,400,1,3,2,132,A risque
U09922,2024-08-28,4,1053.42,490,1,1,2,112,Perdus
U06224,2025-12-24,7,1053.5,7,5,3,2,532,Perdus
U05212,2025-12-28,7,1053.71,3,5,3,2,532,Perdus
U05103,2025-12-25,4,1053.81,6,5,2,2,522,Nouveaux
U04728,2025-09-25,11,1054.53,97,4,3,2,432,Perdus
U05270,2025-05-30,8,1054.54,215,3,3,2,332,Perdus
U08007,2024-07-25,7,1054.78,524,1,2,2,122,Perdus
U01153,2025-12-23,5,1054.81,8,5,2,2,522,Nouveaux
U07639,2025-06-06,8,1055.0,208,3,3,2,332,Perdus
U01541,2024-10-06,5,1055.06,451,1,2,2,122,Perdus
U07983,2024-07-30,11,1055.31,519,1,3,2,132,A risque
U09297,2025-10-15,11,1055.51,77,4,3,2,432,Perdus
U92355,2024-06-30,1,1055.54,549,1,1,2,112,Perdus
U07308,2025-03-31,2,1056.41,275,2,1,2,212,Perdus
U08578,2025-10-24,4,1056.98,68,4,2,2,422,Nouveaux
U07276,2025-09-29,3,1057.71,93,4,1,2,412,Nouveaux
U00022,2024-07-07,7,1057.85,542,1,2,2,122,Perdus
U10970,2025-04-25,11,1058.33,250,2,3,2,232,A risque
U00597,2025-03-09,9,1059.43,297,2,3,2,232,A risque
U02882,2024-09-23,4,1059.84,464,1,1,2,112,Perdus
U07587,2024-12-17,11,1060.4,379,2,3,2,232,A risque
U01484,2025-04-19,5,1061.02,256,2,2,2,222,Perdus
U97199,2025-01-06,1,1061.75,359,2,1,2,212,Perdus
U11481,2024-03-14,1,1062.14,657,1,1,2,112,Perdus
U00511,2025-04-17,3,1062.6,258,2,1,2,212,Perdus
U11984,2025-04-23,3,1063.13,252,2,1,2,212,Perdus
U08598,2025-09-20,3,1063.13,102,4,1,2,412,Nouveaux
U01146,2025-12-22,12,1063.58,9,5,4,2,542,Clients fideles
U07692,2025-09-23,7,1063.79,99,4,2,2,422,Nouveaux
U07929,2024-12-13,6,1063.88,383,2,2,2,222,Perdus
U11417,2025-02-15,8,1065.07,319,2,3,2,232,A risque
U09330,2025-06-17,10,1065.27,197,3,3,2,332,Perdus
U10073,2025-11-15,5,1065.63,46,5,2,2,522,Nouveaux
U10013,2025-05-25,3,1065.74,220,3,1,2,312,Perdus
U03196,2025-08-16,5,1065.95,137,3,2,2,322,Perdus
U05257,2025-05-16,7,1066.12,229,3,2,2,322,Perdus
U04999,2024-12-28,8,1066.19,368,2,3,2,232,A risque
U01097,2025-10-14,3,1067.37,78,4,1,2,412,Nouveaux
U07282,2025-11-24,4,1068.22,37,5,2,2,522,Nouveaux
U11292,2025-02-27,6,1068.4,307,2,2,2,222,Perdus
U02206,2024-03-17,1,1069.44,654,1,1,2,112,Perdus
U10245,2025-07-10,7,1069.62,174,3,2,2,322,Perdus
U02683,2025-01-28,7,1070.48,337,2,2,2,222,Perdus
U07111,2025-07-28,7,1070.76,156,3,2,2,322,Perdus
U10648,2024-10-16,3,1071.25,441,1,1,2,112,Perdus
U11564,2025-02-22,3,1071.25,312,2,1,2,212,Perdus
U10624,2025-12-31,6,1071.53,0,5,2,2,522,Nouveaux
U07893,2025-12-30,3,1072.71,1,5,1,2,512,Nouveaux
U03136,2025-03-26,14,1073.58,280,2,4,2,242,A risque
U02110,2025-03-23,7,1074.86,283,2,2,2,222,Perdus
U90131,2024-10-23,1,1074.9,434,1,1,2,112,Perdus
U10697,2024-12-09,7,1075.25,387,1,2,2,122,Perdus
U08173,2024-10-06,3,1076.63,451,1,1,2,112,Perdus
U05242,2025-03-08,2,1076.67,298,2,1,2,212,Perdus
U05942,2025-10-19,13,1076.71,73,4,4,2,442,Clients fideles
U04834,2025-05-10,5,1076.78,235,3,2,2,322,Perdus
U02935,2025-09-18,6,1076.8,104,4,2,2,422,Nouveaux
U10787,2025-08-27,11,1077.04,126,4,3,2,432,Perdus
U09362,2024-05-24,5,1077.29,586,1,2,2,122,Perdus
U02999,2025-03-01,7,1077.64,305,2,2,2,222,Perdus
U96422,2025-07-13,1,1077.8,171,3,1,2,312,Perdus
U92884,2024-02-09,1,1078.16,691,1,1,2,112,Perdus
U07133,2024-11-30,4,1079.29,396,1,1,2,112,Perdus
U06907,2024-07-04,3,1079.32,545,1,1,2,112,Perdus
U03267,2025-12-19,8,1079.44,12,5,3,2,532,Perdus
U05306,2025-11-20,9,1079.87,41,5,3,2,532,Perdus
U04861,2024-12-30,1,1080.92,366,2,1,2,212,Perdus
U00751,2025-05-30,7,1082.0,215,3,2,2,322,Perdus
U07403,2025-09-28,10,1082.01,94,4,3,2,432,Perdus
U08473,2024-02-27,4,1082.3,673,1,1,2,112,Perdus
U03125,2025-09-06,5,1083.27,116,4,2,2,422,Nouveaux
U04003,2025-11-25,3,1084.93,36,5,1,2,512,Nouveaux
U04724,2025-09-08,4,1085.53,114,4,2,2,422,Nouveaux
U01386,2025-11-14,13,1085.64,47,4,4,2,442,Clients fideles
U05818,2025-11-09,3,1085.72,52,4,1,2,412,Nouveaux
U08296,2025-06-21,4,1085.94,193,3,1,2,312,Perdus
U07202,2025-03-31,5,1087.2,275,2,2,2,222,Perdus
U05088,2024-11-28,4,1088.48,398,1,1,2,112,Perdus
U03749,2025-10-26,5,1089.97,66,4,2,2,422,Nouveaux
U11747,2025-08-27,1,1090.53,126,4,1,2,412,Nouveaux
U05719,2025-10-26,6,1091.15,66,4,2,2,422,Nouveaux
U05254,2025-11-19,7,1091.28,42,5,2,2,522,Nouveaux
U09207,2025-01-10,5,1091.32,355,2,2,2,222,Perdus
U05605,2024-07-19,6,1092.09,530,1,2,2,122,Perdus
U00590,2025-02-10,3,1093.02,324,2,1,2,212,Perdus
U00091,2025-08-30,4,1093.15,123,4,1,2,412,Nouveaux
U01759,2025-07-05,4,1093.74,179,3,1,2,312,Perdus
U10507,2024-12-04,6,1094.72,392,1,2,2,122,Perdus
U03685,2025-01-25,3,1094.97,340,2,1,2,212,Perdus
U00426,2025-03-17,3,1095.73,289,2,1,2,212,Perdus
U10748,2024-08-23,7,1095.79,495,1,2,2,122,Perdus
U09064,2025-10-16,5,1096.22,76,4,2,2,422,Nouveaux
U07569,2024-09-17,3,1097.22,470,1,1,2,112,Perdus
U02911,2025-09-29,8,1097.38,93,4,3,2,432,Perdus
U03707,2025-11-06,4,1098.18,55,4,2,2,422,Nouveaux
U01173,2025-11-15,5,1098.65,46,5,2,2,522,Nouveaux
U05276,2025-09-15,10,1098.69,107,4,3,2,432,Perdus
U10107,2024-12-21,5,1098.77,375,2,2,2,222,Perdus
U03705,2025-03-23,15,1099.19,283,2,4,2,242,A risque
U09692,2024-08-17,8,1099.42,501,1,3,2,132,A risque
U09201,2025-10-23,10,1099.64,69,4,3,2,432,Perdus
U10499,2025-12-18,11,1100.18,13,5,3,2,532,Perdus
U00583,2024-08-26,8,1100.26,492,1,3,2,132,A risque
U09343,2025-10-27,7,1101.0,65,4,2,2,422,Nouveaux
U02833,2025-12-22,4,1101.06,9,5,2,2,522,Nouveaux
U10285,2025-12-24,8,1101.16,7,5,3,2,532,Perdus
U08927,2025-12-05,16,1102.56,26,5,4,2,542,Clients fideles
U06200,2025-11-22,6,1103.84,39,5,2,2,522,Nouveaux
U03311,2024-05-30,5,1104.29,580,1,2,2,122,Perdus
U06940,2024-05-03,2,1104.59,607,1,1,2,112,Perdus
U06551,2024-11-17,10,1105.48,409,1,3,2,132,A risque
U11926,2025-04-30,11,1106.33,245,3,3,2,332,Perdus
U08672,2024-05-25,13,1106.87,585,1,4,2,142,A risque
U05489,2025-04-22,5,1107.46,253,2,2,2,222,Perdus
U02005,2024-04-13,5,1110.37,627,1,2,2,122,Perdus
U01866,2025-05-20,6,1110.63,225,3,2,2,322,Perdus
U02565,2025-12-22,7,1110.94,9,5,3,2,532,Perdus
U05894,2024-04-27,3,1110.96,613,1,1,2,112,Perdus
U11975,2025-11-04,5,1111.12,57,4,2,2,422,Nouveaux
U05272,2025-09-14,7,1111.52,108,4,2,2,422,Nouveaux
U02019,2025-11-29,11,1111.57,32,5,3,2,532,Perdus
U02334,2024-11-11,15,1113.59,415,1,4,2,142,A risque
U01844,2025-09-26,9,1114.46,96,4,3,2,432,Perdus
U03165,2025-12-25,5,1115.24,6,5,2,2,522,Nouveaux
U01779,2025-03-28,4,1117.13,278,2,1,2,212,Perdus
U04632,2024-10-20,6,1117.35,437,1,2,2,122,Perdus
U03106,2025-01-27,6,1117.4,338,2,2,2,222,Perdus
U00604,2025-11-07,12,1117.64,54,4,4,2,442,Clients fideles
U07843,2025-04-10,5,1117.65,265,2,2,2,222,Perdus
U10825,2025-05-15,13,1118.02,230,3,4,2,342,Clients fideles
U11592,2025-12-22,15,1118.39,9,5,4,2,542,Clients fideles
U03598,2025-07-07,4,1119.0,177,3,1,2,312,Perdus
U01495,2025-09-22,3,1119.36,100,4,1,2,412,Nouveaux
U10796,2024-06-30,5,1119.64,549,1,2,2,122,Perdus
U08115,2025-02-24,12,1119.97,310,2,4,2,242,A risque
U06694,2025-07-25,5,1120.7,159,3,2,2,322,Perdus
U02605,2025-05-28,6,1121.59,217,3,2,2,322,Perdus
U03240,2025-12-17,13,1121.82,14,5,4,2,542,Clients fideles
U03111,2025-12-07,11,1122.5,24,5,3,2,532,Perdus
U11559,2024-06-13,2,1122.78,566,1,1,2,112,Perdus
U09454,2025-12-31,4,1123.37,0,5,2,2,522,Nouveaux
U04637,2025-11-29,4,1123.42,32,5,2,2,522,Nouveaux
U00089,2025-07-27,9,1123.95,157,3,3,2,332,Perdus
U04307,2025-11-10,6,1124.04,51,4,2,2,422,Nouveaux
U00858,2025-12-27,5,1124.68,4,5,2,2,522,Nouveaux
U09236,2024-07-28,15,1125.42,521,1,4,2,142,A risque
U05373,2024-11-25,5,1125.6,401,1,2,2,122,Perdus
U04710,2025-08-31,6,1125.65,122,4,2,2,422,Nouveaux
U07292,2024-05-22,5,1125.98,588,1,2,2,122,Perdus
U11929,2025-12-30,5,1126.4,1,5,2,2,522,Nouveaux
U04763,2025-11-20,5,1126.69,41,5,2,2,522,Nouveaux
U02696,2025-06-09,6,1126.7,205,3,2,2,322,Perdus
U05713,2024-07-14,11,1126.82,535,1,3,2,132,A risque
U01768,2025-04-28,5,1127.67,247,2,2,2,222,Perdus
U03121,2024-02-08,1,1128.0,692,1,1,2,112,Perdus
U04250,2025-01-26,7,1129.2,339,2,2,2,222,Perdus
U09724,2025-09-28,10,1129.39,94,4,3,2,432,Perdus
U00317,2025-11-26,5,1129.93,35,5,2,2,522,Nouveaux
U06369,2024-09-20,7,1130.51,467,1,2,2,122,Perdus
U01828,2025-10-17,3,1130.61,75,4,1,2,412,Nouveaux
U90807,2024-07-27,1,1130.67,522,1,1,2,112,Perdus
U01326,2024-09-27,6,1131.16,460,1,2,2,122,Perdus
U06945,2025-05-09,8,1131.16,236,3,3,2,332,Perdus
U00849,2024-04-26,3,1131.65,614,1,1,2,112,Perdus
U11383,2024-11-26,6,1131.66,400,1,2,2,122,Perdus
U03809,2025-06-03,6,1131.73,211,3,2,2,322,Perdus
U09385,2025-10-26,3,1131.88,66,4,1,2,412,Nouveaux
U09602,2025-01-25,5,1132.35,340,2,2,2,222,Perdus
U00753,2024-07-20,5,1132.77,529,1,2,2,122,Perdus
U05232,2025-10-05,8,1134.03,87,4,3,2,432,Perdus
U11317,2024-11-07,4,1136.07,419,1,1,2,112,Perdus
U04979,2025-10-21,8,1137.02,71,4,3,2,432,Perdus
U07138,2025-12-19,3,1137.86,12,5,1,2,512,Nouveaux
U02678,2025-12-24,6,1138.02,7,5,2,2,522,Nouveaux
U05233,2025-05-10,4,1138.14,235,3,1,2,312,Perdus
U04540,2025-05-21,11,1138.22,224,3,3,2,332,Perdus
U01991,2025-05-26,6,1139.1,219,3,2,2,322,Perdus
U08981,2025-04-30,10,1139.37,245,3,3,2,332,Perdus
U01295,2024-11-08,4,1140.08,418,1,1,2,112,Perdus
U07549,2025-11-16,9,1140.26,45,5,3,2,532,Perdus
U10595,2025-05-25,3,1140.62,220,3,1,2,312,Perdus
U00816,2025-08-25,5,1141.51,128,4,2,2,422,Nouveaux
U04313,2025-03-18,11,1141.85,288,2,3,2,232,A risque
U01262,2025-01-24,14,1142.09,341,2,4,2,242,A risque
U09521,2025-10-17,7,1143.95,75,4,2,2,422,Nouveaux
U02849,2025-09-25,4,1144.12,97,4,2,2,422,Nouveaux
U05336,2025-08-29,11,1144.65,124,4,3,2,432,Perdus
U10267,2024-04-18,5,1144.93,622,1,2,2,122,Perdus
U06085,2025-03-29,9,1145.27,277,2,3,2,232,A risque
U03154,2024-08-25,4,1145.62,493,1,1,2,112,Perdus
U05164,2025-12-28,10,1146.16,3,5,3,2,532,Perdus
U01535,2024-12-23,3,1146.59,373,2,1,2,212,Perdus
U04967,2024-08-22,6,1147.03,496,1,2,2,122,Perdus
U00969,2025-08-16,5,1147.29,137,3,2,2,322,Perdus
U11637,2025-04-12,6,1148.34,263,2,2,2,222,Perdus
U07901,2025-04-03,1,1148.73,272,2,1,2,212,Perdus
U01538,2025-06-06,10,1149.41,208,3,3,2,332,Perdus
U07175,2025-10-21,12,1150.06,71,4,4,2,442,Clients fideles
U04391,2024-10-13,10,1151.11,444,1,3,2,132,A risque
U09731,2024-04-19,8,1151.52,621,1,3,2,132,A risque
U06516,2025-02-14,10,1151.83,320,2,3,2,232,A risque
U02760,2025-03-06,1,1152.17,300,2,1,2,212,Perdus
U11404,2025-11-26,6,1152.4,35,5,2,2,522,Nouveaux
U00843,2024-07-25,8,1153.18,524,1,3,2,132,A risque
U00867,2024-09-20,4,1153.42,467,1,1,2,112,Perdus
U11600,2025-10-29,2,1153.8,63,4,1,2,412,Nouveaux
U07862,2025-05-19,8,1154.74,226,3,3,2,332,Perdus
U08752,2024-12-26,9,1154.76,370,2,3,2,232,A risque
U07086,2025-04-20,10,1154.95,255,2,3,2,232,A risque
U07679,2025-12-28,20,1156.16,3,5,5,2,552,Clients fideles
U03435,2024-04-19,5,1156.66,621,1,2,2,122,Perdus
U03236,2025-08-28,9,1156.68,125,4,3,2,432,Perdus
U04774,2025-12-19,5,1156.78,12,5,2,2,522,Nouveaux
U03100,2024-09-28,9,1157.33,459,1,3,2,132,A risque
U04856,2025-06-26,5,1157.34,188,3,2,2,322,Perdus
U01931,2025-11-24,6,1157.56,37,5,2,2,522,Nouveaux
U04170,2025-12-26,5,1157.73,5,5,2,2,522,Nouveaux
U06259,2024-04-19,8,1157.77,621,1,3,2,132,A risque
U11912,2025-06-18,3,1158.18,196,3,1,2,312,Perdus
U02416,2025-04-08,7,1158.48,267,2,2,2,222,Perdus
U08683,2025-12-20,10,1158.59,11,5,3,2,532,Perdus
U08901,2024-09-17,14,1160.5,470,1,4,2,142,A risque
U08204,2025-09-21,4,1161.04,101,4,2,2,422,Nouveaux
U00147,2025-07-30,7,1161.2,154,3,2,2,322,Perdus
U00448,2025-01-27,9,1163.76,338,2,3,2,232,A risque
U10509,2025-09-01,1,1164.0,121,4,1,2,412,Nouveaux
U01024,2025-04-24,5,1164.17,251,2,2,2,222,Perdus
U06217,2025-03-31,7,1164.29,275,2,2,2,222,Perdus
U04564,2025-05-18,7,1164.49,227,3,2,2,322,Perdus
U07445,2025-01-29,10,1165.71,336,2,3,2,232,A risque
U01519,2024-06-23,5,1166.72,556,1,2,2,122,Perdus
U07732,2025-09-21,7,1167.43,101,4,2,2,422,Nouveaux
U00860,2025-11-23,7,1167.84,38,5,2,2,522,Nouveaux
U10153,2025-10-26,11,1167.9,66,4,3,2,432,Perdus
U05449,2024-04-28,2,1169.27,612,1,1,2,112,Perdus
U06699,2025-11-27,2,1169.69,34,5,1,2,512,Nouveaux
U09041,2025-11-15,7,1169.79,46,5,2,2,522,Nouveaux
U05801,2025-07-24,4,1170.01,160,3,1,2,312,Perdus
U07855,2025-06-25,13,1170.26,189,3,4,2,342,Clients fideles
U00842,2025-05-27,5,1171.33,218,3,2,2,322,Perdus
U05688,2025-12-27,3,1171.76,4,5,1,2,512,Nouveaux
U09670,2024-07-30,8,1172.27,519,1,3,2,132,A risque
U02053,2025-11-30,12,1172.52,31,5,4,2,542,Clients fideles
U02340,2024-09-25,4,1173.02,462,1,1,2,112,Perdus
U06565,2025-07-23,8,1173.04,161,3,3,2,332,Perdus
U11203,2025-12-18,1,1173.26,13,5,1,2,512,Nouveaux
U08966,2025-06-02,17,1173.89,212,3,4,2,342,Clients fideles
U06272,2025-09-16,9,1173.9,106,4,3,2,432,Perdus
U04786,2025-08-31,10,1173.96,122,4,3,2,432,Perdus
U06550,2024-04-30,6,1176.38,610,1,2,2,122,Perdus
U09689,2024-12-02,2,1176.94,394,1,1,2,112,Perdus
U05685,2025-09-18,4,1177.13,104,4,2,2,422,Nouveaux
U05035,2024-11-29,6,1177.15,397,1,2,2,122,Perdus
U05275,2025-02-15,2,1177.18,319,2,1,2,212,Perdus
U05191,2025-04-20,6,1177.49,255,2,2,2,222,Perdus
U00501,2025-12-16,12,1178.06,15,5,4,2,542,Clients fideles
U10427,2024-12-31,5,1178.83,365,2,2,2,222,Perdus
U10859,2024-10-29,5,1179.4,428,1,2,2,122,Perdus
U01670,2025-12-15,5,1180.67,16,5,2,2,522,Nouveaux
U11181,2025-12-31,6,1180.75,0,5,2,2,522,Nouveaux
U00671,2024-04-22,5,1182.04,618,1,2,2,122,Perdus
U07801,2025-12-16,14,1182.85,15,5,4,2,542,Clients fideles
U06206,2025-03-18,7,1183.23,288,2,2,2,222,Perdus
U00920,2025-08-27,8,1183.62,126,4,3,2,432,Perdus
U05099,2025-11-07,6,1185.15,54,4,2,2,422,Nouveaux
U06462,2025-09-15,6,1185.56,107,4,2,2,422,Nouveaux
U11561,2025-02-28,5,1186.02,306,2,2,2,222,Perdus
U10009,2025-04-29,5,1186.47,246,3,2,2,322,Perdus
U00797,2025-12-30,10,1186.68,1,5,3,2,532,Perdus
U03249,2025-05-25,6,1186.83,220,3,2,2,322,Perdus
U09033,2024-06-28,8,1187.66,551,1,3,2,132,A risque
U11810,2025-09-29,4,1187.91,93,4,2,2,422,Nouveaux
U01750,2025-04-29,6,1188.24,246,2,2,2,222,Perdus
U07996,2025-09-28,4,1188.52,94,4,2,2,422,Nouveaux
U08259,2025-10-06,2,1188.56,86,4,1,2,412,Nouveaux
U04418,2025-01-23,11,1189.2,342,2,3,2,232,A risque
U09123,2024-06-21,4,1189.34,558,1,1,2,112,Perdus
U07674,2025-08-29,7,1189.8,124,4,2,2,422,Nouveaux
U10770,2025-09-24,6,1189.92,98,4,2,2,422,Nouveaux
U97695,2024-08-24,1,1191.56,494,1,1,2,112,Perdus
U02155,2025-10-24,7,1191.68,68,4,2,2,422,Nouveaux
U02824,2024-08-28,4,1192.42,490,1,1,2,112,Perdus
U09579,2025-01-31,4,1192.69,334,2,1,2,212,Perdus
U01158,2025-07-14,7,1192.91,170,3,2,2,322,Perdus
U04340,2025-05-16,21,1194.09,229,3,5,2,352,Clients fideles
U01339,2024-07-31,4,1194.36,518,1,1,2,112,Perdus
U07585,2025-01-20,9,1194.5,345,2,3,2,232,A risque
U06269,2024-07-23,9,1194.65,526,1,3,2,132,A risque
U00261,2025-07-27,9,1194.88,157,3,3,2,332,Perdus
U06870,2025-04-10,5,1198.5,265,2,2,2,222,Perdus
U07339,2025-05-28,6,1198.58,217,3,2,2,322,Perdus
U01627,2025-10-25,5,1198.79,67,4,2,2,422,Nouveaux
U11785,2025-04-06,2,1198.95,269,2,1,2,212,Perdus
U02749,2025-04-20,6,1199.29,255,2,2,2,222,Perdus
U08325,2025-12-31,8,1199.35,0,5,3,2,532,Perdus
U07451,2025-11-25,11,1199.83,36,5,3,2,532,Perdus
U03180,2025-03-24,8,1199.88,282,2,3,2,232,A risque
U11999,2025-01-07,10,1200.13,358,2,3,2,232,A risque
U01064,2025-11-24,8,1201.45,37,5,3,2,532,Perdus
U07719,2025-09-26,7,1201.69,96,4,2,2,422,Nouveaux
U06934,2025-11-22,12,1201.77,39,5,4,2,542,Clients fideles
U05203,2025-07-26,7,1201.96,158,3,2,2,322,Perdus
U11293,2024-02-20,5,1202.41,680,1,2,2,122,Perdus
U04912,2025-09-22,8,1203.12,100,4,3,2,432,Perdus
U02161,2025-12-17,12,1203.3,14,5,4,2,542,Clients fideles
U01056,2025-10-30,8,1203.47,62,4,3,2,432,Perdus
U04399,2025-08-18,11,1204.2,135,3,3,2,332,Perdus
U06257,2025-09-15,5,1204.86,107,4,2,2,422,Nouveaux
U05539,2025-07-30,1,1204.93,154,3,1,2,312,Perdus
U10136,2025-04-18,3,1205.69,257,2,1,2,212,Perdus
U07970,2024-09-30,10,1206.1,457,1,3,2,132,A risque
U11921,2025-08-23,3,1206.44,130,3,1,2,312,Perdus
U07044,2024-10-27,2,1207.02,430,1,1,2,112,Perdus
U02300,2025-10-23,5,1207.65,69,4,2,2,422,Nouveaux
U11279,2025-12-02,7,1207.7,29,5,3,2,532,Perdus
U05459,2025-09-10,6,1208.46,112,4,2,2,422,Nouveaux
U05924,2025-07-22,11,1208.83,162,3,3,2,332,Perdus
U03884,2025-09-20,9,1208.84,102,4,3,2,432,Perdus
U04616,2024-07-20,4,1208.87,529,1,1,2,112,Perdus
U09286,2025-04-19,3,1211.68,256,2,1,2,212,Perdus
U09690,2024-03-18,6,1212.09,653,1,2,2,122,Perdus
U06300,2025-12-17,13,1212.17,14,5,4,2,542,Clients fideles
U01190,2025-10-26,9,1212.61,66,4,3,2,432,Perdus
U10570,2025-01-19,9,1212.67,346,2,3,2,232,A risque
U02767,2025-04-28,6,1212.95,247,2,2,2,222,Perdus
U09021,2025-03-30,2,1213.1,276,2,1,2,212,Perdus
U08716,2025-12-29,4,1213.6,2,5,2,2,522,Nouveaux
U01549,2024-07-23,4,1214.24,526,1,1,2,112,Perdus
U07805,2024-10-29,7,1215.71,428,1,2,2,122,Perdus
U03774,2025-12-29,4,1216.5,2,5,2,2,522,Nouveaux
U05467,2025-04-24,8,1217.08,251,2,3,2,232,A risque
U03856,2025-11-23,12,1217.45,38,5,4,2,542,Clients fideles
U04329,2025-04-30,8,1217.87,245,3,3,2,332,Perdus
U11116,2025-08-27,1,1218.08,126,4,1,2,412,Nouveaux
U07028,2025-08-29,4,1218.11,124,4,1,2,412,Nouveaux
U02081,2025-11-21,5,1218.73,40,5,2,2,522,Nouveaux
U09167,2025-07-27,8,1219.0,157,3,3,2,332,Perdus
U06604,2024-04-26,6,1219.11,614,1,2,2,122,Perdus
U06847,2025-11-16,6,1220.77,45,5,2,2,522,Nouveaux
U09328,2024-07-27,4,1221.25,522,1,1,2,112,Perdus
U03770,2025-08-30,5,1221.61,123,4,2,2,422,Nouveaux
U09019,2025-12-29,2,1222.23,2,5,1,2,512,Nouveaux
U04474,2025-07-25,2,1222.35,159,3,1,2,312,Perdus
U08658,2024-10-31,7,1222.36,426,1,2,2,122,Perdus
U10264,2025-07-24,5,1222.65,160,3,2,2,322,Perdus
U09528,2025-07-19,5,1223.15,165,3,2,2,322,Perdus
U05521,2025-09-29,12,1223.52,93,4,4,2,442,Clients fideles
U05084,2025-03-10,10,1223.6,296,2,3,2,232,A risque
U09143,2025-08-14,9,1223.99,139,3,3,2,332,Perdus
U01199,2025-04-18,7,1224.32,257,2,2,2,222,Perdus
U01938,2024-05-22,7,1224.6,588,1,2,2,122,Perdus
U02218,2025-08-26,8,1224.93,127,4,3,2,432,Perdus
U04097,2024-08-22,1,1224.97,496,1,1,2,112,Perdus
U01767,2025-11-26,6,1225.26,35,5,2,2,522,Nouveaux
U07642,2024-04-03,5,1225.43,637,1,2,2,122,Perdus
U04334,2025-11-19,2,1225.71,42,5,1,2,512,Nouveaux
U02746,2025-09-29,10,1227.22,93,4,3,2,432,Perdus
U01970,2025-10-31,8,1228.47,61,4,3,2,432,Perdus
U01605,2024-09-21,7,1228.51,466,1,2,2,122,Perdus
U10343,2025-03-19,11,1228.72,287,2,3,2,232,A risque
U06463,2024-12-21,8,1229.76,375,2,3,2,232,A risque
U07317,2025-10-15,8,1229.95,77,4,3,2,432,Perdus
U11597,2025-09-29,11,1230.78,93,4,3,2,432,Perdus
U09908,2025-08-19,12,1230.88,134,3,4,2,342,Clients fideles
U01638,2025-09-16,3,1230.99,106,4,1,2,412,Nouveaux
U03875,2025-04-23,5,1231.3,252,2,2,2,222,Perdus
U10273,2025-06-08,4,1232.23,206,3,1,2,312,Perdus
U00197,2025-06-16,9,1232.48,198,3,3,2,332,Perdus
U08433,2025-05-14,2,1232.72,231,3,1,2,312,Perdus
U05561,2025-01-24,3,1233.03,341,2,1,2,212,Perdus
U03650,2025-12-22,1,1234.34,9,5,1,2,512,Nouveaux
U10668,2025-11-08,8,1234.45,53,4,3,2,432,Perdus
U00029,2025-06-30,5,1234.58,184,3,2,2,322,Perdus
U10364,2025-11-14,9,1236.57,47,4,3,2,432,Perdus
U09391,2025-01-21,6,1237.38,344,2,2,2,222,Perdus
U00161,2024-04-29,3,1240.7,611,1,1,2,112,Perdus
U04130,2024-11-27,10,1241.34,399,1,3,2,132,A risque
U08061,2025-11-28,8,1241.53,33,5,3,2,532,Perdus
U10604,2025-05-20,13,1242.22,225,3,4,2,342,Clients fideles
U06720,2025-09-10,11,1242.5,112,4,3,2,432,Perdus
U05097,2025-12-22,6,1243.52,9,5,2,2,522,Nouveaux
U05309,2025-11-17,11,1243.77,44,5,3,2,532,Perdus
U10639,2025-09-26,10,1243.97,96,4,3,2,432,Perdus
U07010,2025-05-30,16,1244.33,215,3,4,2,342,Clients fideles
U07256,2025-02-10,8,1244.65,324,2,3,2,232,A risque
U01411,2025-11-24,21,1244.71,37,5,5,2,552,Clients fideles
U01465,2025-10-11,5,1245.26,81,4,2,2,422,Nouveaux
U00681,2025-05-31,2,1245.31,214,3,1,2,312,Perdus
U07378,2025-11-21,5,1246.64,40,5,2,2,522,Nouveaux
U11071,2025-09-29,9,1247.32,93,4,3,2,432,Perdus
U11263,2025-10-30,6,1247.38,62,4,2,2,422,Nouveaux
U00895,2024-12-27,5,1247.55,369,2,2,2,222,Perdus
U07514,2025-01-19,10,1247.64,346,2,3,2,232,A risque
U04069,2025-02-12,5,1248.14,322,2,2,2,222,Perdus
U06672,2025-12-13,3,1248.66,18,5,1,2,512,Nouveaux
U02738,2025-08-30,5,1250.08,123,4,2,2,422,Nouveaux
U02637,2024-08-30,9,1250.08,488,1,3,2,132,A risque
U05799,2024-11-24,7,1250.85,402,1,2,2,122,Perdus
U10275,2025-08-27,4,1251.65,126,4,1,2,412,Nouveaux
U06439,2024-04-23,9,1252.36,617,1,3,2,132,A risque
U06013,2025-06-28,10,1252.73,186,3,3,2,332,Perdus
U10829,2025-03-02,8,1252.89,304,2,3,2,232,A risque
U04526,2025-10-30,22,1252.92,62,4,5,2,452,Clients fideles
U05858,2025-04-30,7,1253.93,245,3,2,2,322,Perdus
U00331,2025-10-22,3,1254.74,70,4,1,2,412,Nouveaux
U01918,2025-02-26,5,1257.73,308,2,2,2,222,Perdus
U08410,2025-12-19,3,1258.74,12,5,1,2,512,Nouveaux
U09986,2025-12-24,9,1259.07,7,5,3,2,532,Perdus
U08544,2025-01-25,7,1259.76,340,2,2,2,222,Perdus
U03255,2025-01-29,10,1260.97,336,2,3,2,232,A risque
U04595,2025-04-23,11,1261.13,252,2,3,2,232,A risque
U06663,2025-12-17,4,1263.13,14,5,2,2,522,Nouveaux
U00555,2024-10-29,9,1263.91,428,1,3,2,132,A risque
U10891,2024-10-29,5,1264.4,428,1,2,2,122,Perdus
U10731,2025-02-22,2,1265.76,312,2,1,2,212,Perdus
U11396,2025-10-05,7,1266.61,87,4,2,2,422,Nouveaux
U08044,2024-11-29,7,1268.11,397,1,2,2,122,Perdus
U07707,2025-07-31,12,1269.71,153,3,4,2,342,Clients fideles
U08949,2025-09-23,4,1269.88,99,4,2,2,422,Nouveaux
U10150,2024-07-22,1,1270.13,527,1,1,2,112,Perdus
U01881,2025-05-28,9,1270.83,217,3,3,2,332,Perdus
U10473,2025-09-19,2,1270.89,103,4,1,2,412,Nouveaux
U11157,2025-12-27,12,1271.36,4,5,4,2,542,Clients fideles
U01953,2025-12-30,11,1271.49,1,5,4,2,542,Clients fideles
U00941,2025-05-22,15,1271.5,223,3,4,2,342,Clients fideles
U08607,2025-06-20,10,1271.69,194,3,3,2,332,Perdus
U06984,2025-10-01,12,1272.73,91,4,4,2,442,Clients fideles
U09791,2025-01-27,7,1272.77,338,2,2,2,222,Perdus
U05864,2025-03-25,7,1272.89,281,2,2,2,222,Perdus
U07091,2024-04-20,3,1273.34,620,1,1,2,112,Perdus
U09581,2025-11-16,12,1273.93,45,5,4,2,542,Clients fideles
U01755,2025-08-31,8,1274.5,122,4,3,2,432,Perdus
U04066,2025-10-28,7,1274.7,64,4,2,2,422,Nouveaux
U00211,2025-07-05,1,1274.81,179,3,1,2,312,Perdus
U04896,2024-08-29,5,1274.82,489,1,2,2,122,Perdus
U08942,2025-11-28,4,1274.89,33,5,2,2,522,Nouveaux
U04404,2024-08-29,10,1275.2,489,1,3,2,132,A risque
U04553,2025-08-31,11,1275.97,122,4,3,2,432,Perdus
U09775,2025-11-26,5,1276.85,35,5,2,2,522,Nouveaux
U11646,2025-11-29,12,1276.86,32,5,4,2,542,Clients fideles
U92289,2025-12-11,1,1277.97,20,5,1,2,512,Nouveaux
U05741,2025-10-30,3,1277.99,62,4,1,2,412,Nouveaux
U07072,2024-09-30,3,1278.16,457,1,1,2,112,Perdus
U07773,2025-01-21,6,1278.18,344,2,2,2,222,Perdus
U04139,2024-10-27,8,1279.08,430,1,3,2,132,A risque
U03567,2025-08-19,4,1279.46,134,3,1,2,312,Perdus
U07997,2024-10-27,2,1279.89,430,1,1,2,112,Perdus
U09004,2025-08-27,6,1280.57,126,4,2,2,422,Nouveaux
U03192,2025-02-28,6,1281.31,306,2,2,2,222,Perdus
U08119,2025-08-30,6,1282.07,123,4,2,2,422,Nouveaux
U01063,2025-11-19,5,1282.94,42,5,2,2,522,Nouveaux
U11627,2024-05-24,4,1283.22,586,1,1,2,112,Perdus
U05857,2025-09-04,2,1284.72,118,4,1,2,412,Nouveaux
U05455,2025-12-17,2,1285.34,14,5,1,2,512,Nouveaux
U03022,2025-11-19,6,1286.15,42,5,2,2,522,Nouveaux
U12000,2025-08-19,5,1286.9,134,3,2,2,322,Perdus
U09941,2025-12-15,3,1287.25,16,5,1,2,512,Nouveaux
U04153,2024-07-28,2,1287.35,521,1,1,2,112,Perdus
U03037,2025-02-17,7,1288.15,317,2,2,2,222,Perdus
U10018,2024-12-27,11,1288.89,369,2,3,2,232,A risque
U91144,2025-03-10,1,1289.16,296,2,1,2,212,Perdus
U03773,2025-12-30,11,1289.81,1,5,4,2,542,Clients fideles
U05663,2025-02-17,5,1290.3,317,2,2,2,222,Perdus
U11721,2025-03-14,7,1291.97,292,2,2,2,222,Perdus
U04931,2024-09-24,12,1292.2,463,1,4,2,142,A risque
U01488,2025-05-15,6,1293.02,230,3,2,2,322,Perdus
U04549,2025-03-21,7,1293.15,285,2,2,2,222,Perdus
U08602,2025-08-10,4,1293.99,143,3,1,2,312,Perdus
U10140,2025-12-31,8,1295.42,0,5,3,2,532,Perdus
U09600,2025-02-22,10,1295.69,312,2,3,2,232,A risque
U06735,2025-04-27,14,1295.79,248,2,4,2,242,A risque
U08451,2024-11-18,4,1295.92,408,1,1,2,112,Perdus
U07676,2025-09-26,10,1297.28,96,4,3,2,432,Perdus
U04845,2025-04-27,4,1299.11,248,2,1,2,212,Perdus
U04157,2025-07-29,7,1299.69,155,3,2,2,322,Perdus
U09003,2025-11-16,15,1299.72,45,5,4,2,542,Clients fideles
U06943,2025-10-23,11,1299.93,69,4,3,2,432,Perdus
U07185,2025-05-29,12,1300.63,216,3,4,2,342,Clients fideles
U11662,2025-09-28,14,1301.35,94,4,4,2,442,Clients fideles
U05457,2025-09-24,6,1301.36,98,4,2,2,422,Nouveaux
U06241,2025-10-17,13,1302.15,75,4,4,2,442,Clients fideles
U04244,2025-07-14,7,1302.34,170,3,2,2,322,Perdus
U11111,2025-07-27,7,1303.03,157,3,2,2,322,Perdus
U01810,2025-01-24,8,1304.32,341,2,3,2,232,A risque
U01438,2025-12-31,4,1304.65,0,5,2,2,522,Nouveaux
U09647,2025-04-27,8,1304.71,248,2,3,2,232,A risque
U02351,2024-10-23,9,1304.79,434,1,3,2,132,A risque
U02073,2025-05-30,3,1305.07,215,3,1,2,312,Perdus
U06195,2025-11-10,9,1305.47,51,4,3,2,432,Perdus
U03817,2024-06-19,7,1305.96,560,1,2,2,122,Perdus
U00012,2024-07-18,14,1306.16,531,1,4,2,142,A risque
U03633,2025-10-23,5,1307.71,69,4,2,2,422,Nouveaux
U07008,2025-08-31,12,1308.11,122,4,4,2,442,Clients fideles
U11224,2024-02-27,6,1308.32,673,1,2,2,122,Perdus
U10598,2025-03-30,10,1308.44,276,2,3,2,232,A risque
U05494,2025-09-11,5,1308.81,111,4,2,2,422,Nouveaux
U01108,2025-04-14,2,1308.96,261,2,1,2,212,Perdus
U03201,2025-02-04,2,1309.6,330,2,1,2,212,Perdus
U08123,2024-04-15,2,1309.7,625,1,1,2,112,Perdus
U00152,2025-03-30,9,1309.84,276,2,3,2,232,A risque
U01573,2025-11-24,5,1309.86,37,5,2,2,522,Nouveaux
U08398,2025-12-29,17,1309.86,2,5,4,2,542,Clients fideles
U07690,2025-01-08,11,1310.06,357,2,3,2,232,A risque
U10989,2025-04-07,6,1311.74,268,2,2,2,222,Perdus
U07164,2024-08-31,5,1311.81,487,1,2,2,122,Perdus
U10724,2025-12-11,10,1312.09,20,5,3,2,532,Perdus
U11089,2025-09-23,8,1312.66,99,4,3,2,432,Perdus
U07042,2025-07-15,3,1312.87,169,3,1,2,312,Perdus
U11011,2025-08-22,9,1313.17,131,3,3,2,332,Perdus
U00109,2025-04-19,6,1313.82,256,2,2,2,222,Perdus
U10563,2025-04-29,7,1313.87,246,3,2,2,322,Perdus
U08421,2025-04-25,8,1314.02,250,2,3,2,232,A risque
U03923,2025-05-16,5,1314.29,229,3,2,2,322,Perdus
U09059,2024-12-25,8,1316.07,371,2,3,2,232,A risque
U00975,2025-11-28,9,1316.48,33,5,3,2,532,Perdus
U04476,2025-11-16,4,1317.42,45,5,2,2,522,Nouveaux
U03859,2025-04-30,5,1317.56,245,3,2,2,322,Perdus
U03426,2025-01-06,3,1318.22,359,2,1,2,212,Perdus
U06490,2025-12-31,5,1318.65,0,5,2,2,522,Nouveaux
U05033,2025-11-24,10,1318.78,37,5,3,2,532,Perdus
U01885,2025-03-22,6,1319.13,284,2,2,2,222,Perdus
U02304,2024-12-30,5,1319.46,366,2,2,2,222,Perdus
U02352,2024-09-30,5,1320.01,457,1,2,2,122,Perdus
U90708,2024-11-27,1,1321.77,399,1,1,2,112,Perdus
U11948,2024-12-31,10,1322.69,365,2,3,2,232,A risque
U10866,2025-11-05,12,1323.22,56,4,4,2,442,Clients fideles
U08091,2025-06-10,7,1323.43,204,3,2,2,322,Perdus
U93456,2025-10-23,1,1324.2,69,4,1,2,412,Nouveaux
U01322,2025-11-28,13,1326.44,33,5,4,2,542,Clients fideles
U02671,2025-02-20,6,1327.88,314,2,2,2,222,Perdus
U11419,2025-11-12,9,1327.91,49,4,3,2,432,Perdus
U02084,2025-05-29,8,1328.08,216,3,3,2,332,Perdus
U00802,2025-02-18,4,1328.39,316,2,1,2,212,Perdus
U04991,2024-12-30,2,1328.5,366,2,1,2,212,Perdus
U05142,2025-03-26,9,1328.74,280,2,3,2,232,A risque
U03839,2025-08-14,6,1328.85,139,3,2,2,322,Perdus
U05260,2025-12-22,4,1328.92,9,5,2,2,522,Nouveaux
U03958,2025-12-15,4,1330.1,16,5,2,2,522,Nouveaux
U04068,2025-10-13,1,1330.27,79,4,1,2,412,Nouveaux
U10881,2025-08-21,15,1330.44,132,3,4,2,342,Clients fideles
U03846,2024-09-28,6,1330.54,459,1,2,2,122,Perdus
U10355,2025-03-13,4,1331.49,293,2,1,2,212,Perdus
U11010,2025-11-20,7,1331.59,41,5,2,2,522,Nouveaux
U07589,2025-12-22,8,1332.3,9,5,3,2,532,Perdus
U09016,2025-07-03,5,1332.66,181,3,2,2,322,Perdus
U07993,2025-07-29,7,1332.81,155,3,2,2,322,Perdus
U00492,2025-11-27,9,1332.93,34,5,3,2,532,Perdus
U06939,2025-06-12,10,1333.34,202,3,3,2,332,Perdus
U03929,2025-12-17,3,1333.69,14,5,1,2,512,Nouveaux
U08077,2025-05-28,13,1334.26,217,3,4,2,342,Clients fideles
U10474,2024-07-23,3,1334.57,526,1,1,2,112,Perdus
U03503,2025-05-18,8,1334.98,227,3,3,2,332,Perdus
U00530,2025-12-27,13,1335.1,4,5,4,2,542,Clients fideles
U06811,2025-05-12,6,1335.59,233,3,2,2,322,Perdus
U02034,2024-09-30,6,1336.02,457,1,2,2,122,Perdus
U10813,2024-08-28,8,1336.35,490,1,3,2,132,A risque
U04393,2025-10-29,10,1336.61,63,4,3,2,432,Perdus
U06287,2025-03-30,11,1336.91,276,2,3,2,232,A risque
U02465,2025-06-23,3,1337.77,191,3,1,2,312,Perdus
U07553,2025-08-27,10,1338.5,126,4,3,2,432,Perdus
U01309,2025-12-28,3,1339.9,3,5,1,2,512,Nouveaux
U02323,2025-04-20,6,1340.45,255,2,2,2,222,Perdus
U00361,2025-12-20,13,1340.73,11,5,4,2,542,Clients fideles
U09174,2024-08-28,6,1342.07,490,1,2,2,122,Perdus
U05820,2025-12-18,7,1344.74,13,5,3,2,532,Perdus
U04542,2025-10-30,6,1346.76,62,4,2,2,422,Nouveaux
U94303,2024-12-01,1,1347.04,395,1,1,2,112,Perdus
U07771,2024-08-26,11,1347.99,492,1,3,2,132,A risque
U05179,2025-05-20,6,1349.38,225,3,2,2,322,Perdus
U03189,2024-05-29,3,1349.81,581,1,1,2,112,Perdus
U01179,2024-11-13,5,1350.0,413,1,2,2,122,Perdus
U01205,2025-07-26,5,1350.87,158,3,2,2,322,Perdus
U01867,2025-06-29,9,1351.3,185,3,3,2,332,Perdus
U11153,2025-10-08,5,1353.45,84,4,2,2,422,Nouveaux
U05822,2025-10-11,1,1355.0,81,4,1,2,412,Nouveaux
U03568,2025-11-28,2,1356.95,33,5,1,2,512,Nouveaux
U11245,2025-12-14,3,1357.13,17,5,1,2,512,Nouveaux
U08584,2024-03-30,4,1357.68,641,1,1,2,112,Perdus
U01625,2024-08-31,8,1359.39,487,1,3,2,132,A risque
U08515,2025-11-26,15,1359.4,35,5,4,2,542,Clients fideles
U05075,2024-04-05,2,1359.69,635,1,1,2,112,Perdus
U08312,2024-10-28,4,1359.91,429,1,1,2,112,Perdus
U10564,2025-12-13,10,1360.6,18,5,3,2,532,Perdus
U08203,2024-09-22,3,1361.32,465,1,1,2,112,Perdus
U11087,2025-05-21,13,1361.56,224,3,4,2,342,Clients fideles
U08870,2025-11-09,13,1361.59,52,4,4,2,442,Clients fideles
U05764,2025-02-24,6,1361.86,310,2,2,2,222,Perdus
U09287,2024-09-28,13,1362.73,459,1,4,2,142,A risque
U08064,2024-08-27,13,1363.29,491,1,4,2,142,A risque
U01833,2024-09-25,6,1363.84,462,1,2,2,122,Perdus
U11572,2025-07-30,12,1364.24,154,3,4,2,342,Clients fideles
U03836,2025-12-27,3,1364.53,4,5,1,2,512,Nouveaux
U05936,2025-04-16,7,1364.64,259,2,2,2,222,Perdus
U03560,2024-10-07,5,1365.85,450,1,2,2,122,Perdus
U11565,2024-09-29,4,1366.4,458,1,1,2,112,Perdus
U00379,2024-11-30,2,1366.72,396,1,1,2,112,Perdus
U01649,2024-04-24,6,1368.18,616,1,2,2,122,Perdus
U03028,2025-03-24,7,1368.8,282,2,2,2,222,Perdus
U05889,2025-11-10,3,1369.06,51,4,1,2,412,Nouveaux
U04987,2025-04-08,9,1370.95,267,2,3,2,232,A risque
U03219,2025-02-28,12,1371.52,306,2,4,2,242,A risque
U07768,2025-12-26,5,1372.01,5,5,2,2,522,Nouveaux
U00061,2025-04-30,6,1372.2,245,3,2,2,322,Perdus
U04606,2025-04-29,9,1372.51,246,2,3,2,232,A risque
U02766,2024-12-31,7,1373.09,365,2,2,2,222,Perdus
U06812,2024-10-31,6,1373.48,426,1,2,2,122,Perdus
U04233,2024-09-27,4,1374.41,460,1,1,2,112,Perdus
U02042,2025-08-19,5,1375.94,134,3,2,2,322,Perdus
U10512,2025-08-11,8,1376.0,142,3,3,2,332,Perdus
U10855,2025-12-17,4,1376.16,14,5,2,2,522,Nouveaux
U04751,2025-04-24,6,1376.84,251,2,2,2,222,Perdus
U08370,2024-10-11,7,1377.71,446,1,2,2,122,Perdus
U08980,2024-03-30,4,1377.78,641,1,1,2,112,Perdus
U09612,2025-12-13,3,1377.98,18,5,1,2,512,Nouveaux
U10772,2025-01-30,7,1379.03,335,2,2,2,222,Perdus
U03605,2024-10-30,9,1380.14,427,1,3,2,132,A risque
U02103,2025-03-27,4,1380.23,279,2,1,2,212,Perdus
U08930,2025-10-16,5,1380.68,76,4,2,2,422,Nouveaux
U10180,2024-09-30,5,1380.7,457,1,2,2,122,Perdus
U05338,2025-02-27,8,1381.22,307,2,3,2,232,A risque
U02920,2025-04-28,5,1381.61,247,2,2,2,222,Perdus
U09005,2024-10-23,5,1381.89,434,1,2,2,122,Perdus
U04149,2025-03-29,7,1383.02,277,2,2,2,222,Perdus
U09468,2024-11-12,9,1383.25,414,1,3,2,132,A risque
U04665,2024-08-16,3,1383.34,502,1,1,2,112,Perdus
U02953,2025-12-01,8,1383.57,30,5,3,2,532,Perdus
U04326,2025-11-28,8,1383.98,33,5,3,2,532,Perdus
U01551,2025-09-28,11,1384.01,94,4,3,2,432,Perdus
U10243,2025-12-02,11,1384.15,29,5,3,2,532,Perdus
U03571,2025-12-26,9,1385.32,5,5,3,2,532,Perdus
U00344,2025-07-03,3,1385.64,181,3,1,2,312,Perdus
U08721,2025-11-24,6,1385.8,37,5,2,2,522,Nouveaux
U00411,2025-02-26,5,1386.43,308,2,2,2,222,Perdus
U10102,2025-09-08,12,1386.55,114,4,4,2,442,Clients fideles
U10884,2025-11-22,6,1387.76,39,5,2,2,522,Nouveaux
U06412,2024-08-21,1,1388.64,497,1,1,2,112,Perdus
U02675,2025-10-10,7,1389.11,82,4,2,2,422,Nouveaux
U10099,2025-11-25,13,1389.8,36,5,4,2,542,Clients fideles
U00336,2024-06-25,12,1389.89,554,1,4,2,142,A risque
U03293,2025-12-29,5,1390.38,2,5,2,2,522,Nouveaux
U05838,2025-02-21,7,1390.4,313,2,2,2,222,Perdus
U02965,2024-10-30,5,1391.33,427,1,2,2,122,Perdus
U00800,2025-09-09,2,1391.82,113,4,1,2,412,Nouveaux
U08926,2024-11-05,5,1392.09,421,1,2,2,122,Perdus
U06087,2025-06-08,5,1392.17,206,3,2,2,322,Perdus
U09886,2025-11-22,6,1392.6,39,5,2,2,522,Nouveaux
U03368,2024-11-06,4,1392.72,420,1,1,2,112,Perdus
U00520,2025-12-26,8,1395.43,5,5,3,2,532,Perdus
U08425,2025-11-19,10,1395.47,42,5,3,2,532,Perdus
U02329,2025-01-09,5,1395.83,356,2,2,2,222,Perdus
U07442,2024-09-29,3,1395.96,458,1,1,2,112,Perdus
U08292,2025-11-29,3,1396.28,32,5,1,2,512,Nouveaux
U03805,2025-09-22,10,1397.46,100,4,3,2,432,Perdus
U00987,2025-01-17,11,1398.61,348,2,3,2,232,A risque
U11766,2025-11-27,7,1398.66,34,5,2,2,522,Nouveaux
U08405,2025-12-27,8,1399.57,4,5,3,2,532,Perdus
U00390,2025-11-29,7,1400.94,32,5,3,2,532,Perdus
U01236,2024-05-19,8,1401.18,591,1,3,2,132,A risque
U08684,2025-09-23,4,1401.41,99,4,2,2,422,Nouveaux
U07793,2025-03-21,10,1401.62,285,2,3,2,232,A risque
U90108,2024-09-09,1,1401.89,478,1,1,2,112,Perdus
U02315,2025-10-25,12,1402.25,67,4,4,2,442,Clients fideles
U01870,2024-09-30,6,1402.26,457,1,2,2,122,Perdus
U08310,2024-10-16,11,1402.95,441,1,3,2,132,A risque
U01568,2024-12-02,1,1403.62,394,1,1,2,112,Perdus
U08484,2025-10-31,7,1404.37,61,4,2,2,422,Nouveaux
U03185,2025-11-26,13,1404.49,35,5,4,2,542,Clients fideles
U10758,2025-12-21,5,1404.59,10,5,2,2,522,Nouveaux
U07750,2025-12-18,7,1404.71,13,5,3,2,532,Perdus
U01829,2024-08-28,7,1405.1,490,1,2,2,122,Perdus
U11679,2025-01-12,6,1406.26,353,2,2,2,222,Perdus
U10538,2024-09-26,13,1406.57,461,1,4,2,142,A risque
U09353,2025-10-09,8,1407.45,83,4,3,2,432,Perdus
U03900,2025-03-27,10,1408.27,279,2,3,2,232,A risque
U04669,2025-10-10,10,1408.38,82,4,3,2,432,Perdus
U05486,2025-10-20,3,1408.65,72,4,1,2,412,Nouveaux
U05321,2025-05-25,10,1409.09,220,3,3,2,332,Perdus
U04442,2025-02-25,2,1410.6,309,2,1,2,212,Perdus
U11156,2025-06-19,9,1411.36,195,3,3,2,332,Perdus
U07034,2025-04-17,2,1412.81,258,2,1,2,212,Perdus
U02553,2025-10-31,7,1413.23,61,4,2,2,422,Nouveaux
U09457,2025-03-28,5,1413.66,278,2,2,2,222,Perdus
U02386,2025-12-14,5,1414.39,17,5,2,2,522,Nouveaux
U10324,2024-10-29,6,1414.54,428,1,2,2,122,Perdus
U05696,2025-11-14,7,1414.96,47,4,2,2,422,Nouveaux
U03714,2024-07-17,6,1415.91,532,1,2,2,122,Perdus
U02665,2025-02-20,10,1417.43,314,2,3,2,232,A risque
U11930,2025-11-10,9,1417.94,51,4,3,2,432,Perdus
U08245,2024-02-27,3,1418.04,673,1,1,2,112,Perdus
U00908,2025-06-08,6,1418.7,206,3,2,2,322,Perdus
U01631,2025-09-29,11,1418.9,93,4,3,2,432,Perdus
U05922,2025-06-12,5,1420.08,202,3,2,2,322,Perdus
U02462,2025-06-17,6,1421.03,197,3,2,2,322,Perdus
U04366,2025-04-04,4,1421.13,271,2,1,2,212,Perdus
U06944,2024-08-02,3,1421.15,516,1,1,2,112,Perdus
U02429,2025-12-24,2,1423.31,7,5,1,2,512,Nouveaux
U00381,2024-07-29,15,1425.66,520,1,4,2,142,A risque
U03042,2025-05-17,4,1425.77,228,3,1,2,312,Perdus
U09183,2025-09-28,9,1426.06,94,4,3,2,432,Perdus
U03315,2025-11-26,15,1427.88,35,5,4,2,542,Clients fideles
U02703,2024-08-07,2,1428.08,511,1,1,2,112,Perdus
U11773,2025-11-28,6,1429.56,33,5,2,2,522,Nouveaux
U06750,2025-02-19,1,1429.65,315,2,1,2,212,Perdus
U02932,2025-10-12,4,1430.24,80,4,2,2,422,Nouveaux
U04377,2024-09-26,7,1430.24,461,1,2,2,122,Perdus
U10809,2025-06-05,2,1430.36,209,3,1,2,312,Perdus
U11913,2025-12-03,4,1430.99,28,5,2,2,522,Nouveaux
U05166,2025-08-17,7,1431.67,136,3,2,2,322,Perdus
U02505,2024-03-17,3,1432.29,654,1,1,2,112,Perdus
U06373,2025-07-24,11,1432.44,160,3,3,2,332,Perdus
U03639,2024-06-03,3,1434.11,576,1,1,2,112,Perdus
U01358,2025-04-28,9,1434.62,247,2,3,2,232,A risque
U08645,2025-07-31,10,1434.8,153,3,3,2,332,Perdus
U98057,2024-11-06,1,1435.7,420,1,1,2,112,Perdus
U06682,2024-03-14,14,1436.7,657,1,4,2,142,A risque
U04817,2025-05-29,16,1436.86,216,3,4,2,342,Clients fideles
U07404,2025-09-14,5,1438.71,108,4,2,2,422,Nouveaux
U04150,2025-12-18,8,1438.84,13,5,3,2,532,Perdus
U09743,2025-10-26,5,1439.03,66,4,2,2,422,Nouveaux
U06501,2025-06-23,4,1439.44,191,3,1,2,312,Perdus
U00976,2024-06-25,3,1439.84,554,1,1,2,112,Perdus
U01722,2024-05-02,4,1439.96,608,1,1,2,112,Perdus
U06775,2025-06-22,3,1440.15,192,3,1,2,312,Perdus
U00491,2025-02-05,2,1442.08,329,2,1,2,212,Perdus
U99970,2025-09-17,1,1442.1,105,4,1,2,412,Nouveaux
U10071,2024-10-22,8,1442.26,435,1,3,2,132,A risque
U09572,2025-12-29,8,1442.6,2,5,3,2,532,Perdus
U03730,2025-03-24,3,1443.41,282,2,1,2,212,Perdus
U02783,2025-09-29,12,1445.11,93,4,4,2,442,Clients fideles
U03621,2025-12-14,3,1445.87,17,5,1,2,512,Nouveaux
U02945,2024-05-30,7,1445.95,580,1,2,2,122,Perdus
U01723,2025-05-14,2,1446.78,231,3,1,2,312,Perdus
U10274,2025-12-31,2,1447.13,0,5,1,2,512,Nouveaux
U08798,2025-09-19,10,1447.22,103,4,3,2,432,Perdus
U09636,2024-09-29,12,1447.24,458,1,4,2,142,A risque
U04939,2025-11-06,5,1447.31,55,4,2,2,422,Nouveaux
U93231,2025-03-26,1,1447.92,280,2,1,2,212,Perdus
U11989,2025-06-21,9,1448.02,193,3,3,2,332,Perdus
U05967,2024-06-27,9,1448.56,552,1,3,2,132,A risque
U01180,2025-11-07,1,1449.04,54,4,1,2,412,Nouveaux
U07301,2025-09-20,8,1449.2,102,4,3,2,432,Perdus
U03444,2025-05-03,8,1449.33,242,3,3,2,332,Perdus
U07878,2025-05-25,2,1449.53,220,3,1,2,312,Perdus
U02093,2025-06-19,10,1449.86,195,3,3,2,332,Perdus
U09527,2025-12-31,12,1451.46,0,5,4,2,542,Clients fideles
U02279,2025-02-16,10,1452.32,318,2,3,2,232,A risque
U08216,2025-04-18,5,1453.01,257,2,2,2,222,Perdus
U00217,2025-04-23,5,1453.02,252,2,2,2,222,Perdus
U09098,2025-07-02,5,1453.41,182,3,2,2,322,Perdus
U03937,2025-03-31,14,1453.78,275,2,4,2,242,A risque
U08428,2024-06-26,10,1454.23,553,1,3,2,132,A risque
U08567,2025-11-26,11,1454.38,35,5,3,2,532,Perdus
U04539,2025-11-24,6,1454.68,37,5,2,2,522,Nouveaux
U09335,2025-09-29,5,1455.16,93,4,2,2,422,Nouveaux
U07203,2025-10-21,11,1455.88,71,4,3,2,432,Perdus
U09736,2025-07-28,6,1456.56,156,3,2,2,322,Perdus
U00991,2025-10-24,10,1458.46,68,4,3,2,432,Perdus
U07620,2024-09-28,2,1458.83,459,1,1,2,112,Perdus
U11194,2025-11-15,5,1459.06,46,5,2,2,522,Nouveaux
U00410,2025-07-23,11,1459.63,161,3,3,2,332,Perdus
U11473,2025-09-25,9,1460.03,97,4,3,2,432,Perdus
U07778,2024-10-12,4,1461.81,445,1,1,2,112,Perdus
U91215,2024-03-01,1,1462.29,670,1,1,2,112,Perdus
U04490,2025-07-28,8,1462.54,156,3,3,2,332,Perdus
U98094,2025-05-17,1,1463.27,228,3,1,2,312,Perdus
U08553,2025-06-01,7,1463.38,213,3,2,2,322,Perdus
U04096,2025-11-05,16,1464.7,56,4,4,2,442,Clients fideles
U01312,2025-04-20,5,1464.73,255,2,2,2,222,Perdus
U08849,2025-05-20,9,1464.74,225,3,3,2,332,Perdus
U11008,2025-12-29,12,1464.75,2,5,4,2,542,Clients fideles
U08740,2025-10-24,4,1465.19,68,4,2,2,422,Nouveaux
U00300,2025-07-11,5,1465.64,173,3,2,2,322,Perdus
U05093,2024-09-20,8,1466.44,467,1,3,2,132,A risque
U11839,2024-08-21,7,1466.5,497,1,2,2,122,Perdus
U06107,2024-12-30,1,1466.74,366,2,1,2,212,Perdus
U04095,2025-10-05,3,1466.78,87,4,1,2,412,Nouveaux
U11204,2025-06-21,5,1466.83,193,3,2,2,322,Perdus
U07375,2025-02-22,1,1467.33,312,2,1,2,212,Perdus
U11399,2025-10-01,4,1469.14,91,4,2,2,422,Nouveaux
U10438,2025-03-24,7,1470.62,282,2,2,2,222,Perdus
U06141,2025-12-17,8,1470.71,14,5,3,2,532,Perdus
U11025,2025-02-28,6,1470.72,306,2,2,2,222,Perdus
U02543,2025-12-15,16,1470.83,16,5,4,2,542,Clients fideles
U03847,2025-11-02,9,1471.0,59,4,3,2,432,Perdus
U08727,2025-12-29,3,1471.08,2,5,1,2,512,Nouveaux
U11876,2025-09-20,15,1471.11,102,4,4,2,442,Clients fideles
U04288,2024-12-24,7,1471.89,372,2,2,2,222,Perdus
U10121,2025-05-17,5,1473.05,228,3,2,2,322,Perdus
U09318,2025-02-21,6,1473.07,313,2,2,2,222,Perdus
U02163,2025-10-27,5,1473.08,65,4,2,2,422,Nouveaux
U07948,2025-09-26,10,1473.11,96,4,3,2,432,Perdus
U00736,2024-08-09,8,1473.22,509,1,3,2,132,A risque
U10475,2025-03-28,6,1474.62,278,2,2,2,222,Perdus
U08932,2025-08-26,13,1474.99,127,4,4,2,442,Clients fideles
U09383,2025-11-18,13,1475.82,43,5,4,2,542,Clients fideles
U07117,2025-09-21,7,1476.07,101,4,2,2,422,Nouveaux
U00814,2025-09-14,5,1476.13,108,4,2,2,422,Nouveaux
U00116,2025-04-01,5,1476.16,274,2,2,2,222,Perdus
U06325,2024-07-20,5,1477.4,529,1,2,2,122,Perdus
U00694,2025-12-11,2,1477.46,20,5,1,2,512,Nouveaux
U07814,2025-07-26,7,1477.51,158,3,2,2,322,Perdus
U02797,2024-11-29,8,1477.85,397,1,3,2,132,A risque
U04031,2025-09-18,7,1480.63,104,4,2,2,422,Nouveaux
U06265,2024-11-27,4,1481.01,399,1,1,2,112,Perdus
U03225,2025-02-21,12,1481.2,313,2,4,2,242,A risque
U10609,2025-02-23,7,1481.59,311,2,2,2,222,Perdus
U08642,2025-05-21,3,1482.34,224,3,1,2,312,Perdus
U06904,2025-10-27,4,1482.45,65,4,2,2,422,Nouveaux
U00117,2025-12-26,8,1483.07,5,5,3,2,532,Perdus
U01443,2025-06-07,1,1483.31,207,3,1,2,312,Perdus
U02075,2025-06-06,8,1483.85,208,3,3,2,332,Perdus
U06165,2025-04-27,4,1484.27,248,2,1,2,212,Perdus
U07752,2025-05-14,7,1485.03,231,3,2,2,322,Perdus
U00686,2024-04-21,5,1485.17,619,1,2,2,122,Perdus
U00339,2025-09-17,2,1485.31,105,4,1,2,412,Nouveaux
U10702,2025-01-02,6,1486.03,363,2,2,2,222,Perdus
U05167,2025-10-04,5,1486.35,88,4,2,2,422,Nouveaux
U11879,2025-08-24,12,1487.64,129,4,4,2,442,Clients fideles
U04449,2024-04-30,12,1487.95,610,1,4,2,142,A risque
U09699,2024-02-24,6,1488.49,676,1,2,2,122,Perdus
U10948,2024-06-23,3,1488.68,556,1,1,2,112,Perdus
U08323,2024-11-29,7,1488.95,397,1,2,2,122,Perdus
U06117,2025-07-17,4,1489.16,167,3,1,2,312,Perdus
U05092,2025-12-22,13,1489.18,9,5,4,2,542,Clients fideles
U04494,2025-12-06,9,1489.98,25,5,3,2,532,Perdus
U01155,2024-09-18,9,1490.05,469,1,3,2,132,A risque
U09262,2024-12-26,8,1490.86,370,2,3,2,232,A risque
U02407,2025-07-08,11,1490.89,176,3,3,2,332,Perdus
U10089,2025-10-25,6,1490.92,67,4,2,2,422,Nouveaux
U07834,2025-07-29,17,1491.46,155,3,4,2,342,Clients fideles
U01354,2025-02-18,2,1492.44,316,2,1,2,212,Perdus
U08990,2025-02-24,6,1492.63,310,2,2,2,222,Perdus
U06975,2025-09-20,6,1492.72,102,4,2,2,422,Nouveaux
U00148,2025-09-28,16,1494.77,94,4,4,2,442,Clients fideles
U02149,2025-10-09,4,1495.75,83,4,2,2,422,Nouveaux
U11381,2024-08-22,3,1496.32,496,1,1,2,112,Perdus
U10469,2025-08-20,9,1497.34,133,3,3,2,332,Perdus
U05263,2025-12-24,7,1498.07,7,5,3,2,532,Perdus
U03755,2025-11-19,12,1499.7,42,5,4,2,542,Clients fideles
U06816,2025-09-26,8,1500.29,96,4,3,2,432,Perdus
U02118,2025-06-14,17,1500.29,200,3,4,2,342,Clients fideles
U04020,2025-07-13,3,1500.67,171,3,1,2,312,Perdus
U08915,2025-02-28,6,1501.91,306,2,2,2,222,Perdus
U00373,2025-06-28,7,1503.14,186,3,2,2,322,Perdus
U00332,2024-08-14,5,1503.68,504,1,2,2,122,Perdus
U01856,2025-10-07,11,1503.75,85,4,3,2,432,Perdus
U07373,2025-06-24,12,1504.07,190,3,4,2,342,Clients fideles
U06730,2024-12-30,10,1504.15,366,2,3,2,232,A risque
U07255,2025-06-25,12,1504.57,189,3,4,2,342,Clients fideles
U02969,2024-11-26,22,1505.16,400,1,5,2,152,A risque
U09671,2025-09-29,6,1505.47,93,4,2,2,422,Nouveaux
U07413,2024-07-28,7,1505.67,521,1,2,2,122,Perdus
U03258,2025-09-27,11,1506.07,95,4,3,2,432,Perdus
U02970,2025-11-24,15,1506.69,37,5,4,2,542,Clients fideles
U06911,2024-06-18,4,1508.01,561,1,1,2,112,Perdus
U00749,2025-12-13,6,1509.08,18,5,2,2,522,Nouveaux
U11212,2025-10-30,6,1510.01,62,4,2,2,422,Nouveaux
U07013,2024-08-12,13,1510.94,506,1,4,2,142,A risque
U04790,2025-12-27,8,1511.2,4,5,3,2,532,Perdus
U10314,2024-12-03,9,1511.94,393,1,3,2,132,A risque
U11172,2025-05-25,5,1512.4,220,3,2,2,322,Perdus
U06789,2025-02-18,6,1512.92,316,2,2,2,222,Perdus
U02065,2025-09-15,9,1513.37,107,4,3,2,432,Perdus
U08367,2025-12-26,5,1513.71,5,5,2,2,522,Nouveaux
U06646,2025-03-05,5,1513.91,301,2,2,2,222,Perdus
U03242,2024-06-28,4,1514.44,551,1,1,2,112,Perdus
U03025,2025-08-13,5,1514.49,140,3,2,2,322,Perdus
U08236,2025-11-30,7,1514.9,31,5,3,2,532,Perdus
U01412,2025-02-27,3,1515.7,307,2,1,2,212,Perdus
U93539,2024-09-12,1,1516.33,475,1,1,2,112,Perdus
U04032,2024-09-27,6,1516.88,460,1,2,2,122,Perdus
U08366,2025-05-14,6,1518.55,231,3,2,2,322,Perdus
U09576,2025-08-23,13,1519.84,130,3,4,2,342,Clients fideles
U00363,2024-08-28,3,1520.6,490,1,1,2,112,Perdus
U07684,2024-10-19,2,1521.5,438,1,1,2,112,Perdus
U01793,2025-12-23,6,1522.13,8,5,2,2,522,Nouveaux
U04674,2025-10-20,7,1522.21,72,4,2,2,422,Nouveaux
U02104,2025-01-29,15,1522.94,336,2,4,2,242,A risque
U02750,2024-07-20,9,1522.96,529,1,3,2,132,A risque
U01276,2025-07-20,2,1523.58,164,3,1,2,312,Perdus
U04147,2024-03-29,3,1525.3,642,1,1,2,112,Perdus
U05872,2025-01-17,7,1525.71,348,2,2,2,222,Perdus
U04659,2024-05-27,9,1526.43,583,1,3,2,132,A risque
U10945,2024-04-25,4,1526.59,615,1,1,2,112,Perdus
U11005,2025-10-29,5,1526.75,63,4,2,2,422,Nouveaux
U01975,2025-06-24,13,1527.27,190,3,4,2,342,Clients fideles
U07312,2025-10-19,4,1528.56,73,4,2,2,422,Nouveaux
U02988,2025-11-13,7,1530.9,48,4,2,2,422,Nouveaux
U04689,2025-07-22,9,1531.34,162,3,3,2,332,Perdus
U05856,2025-12-25,4,1531.6,6,5,2,2,522,Nouveaux
U11258,2025-10-17,6,1531.81,75,4,2,2,422,Nouveaux
U00754,2025-12-30,7,1532.36,1,5,3,2,532,Perdus
U07299,2025-08-21,14,1532.59,132,3,4,2,342,Clients fideles
U05885,2025-04-04,12,1532.87,271,2,4,2,242,A risque
U99481,2025-02-16,1,1534.57,318,2,1,2,212,Perdus
U05393,2024-12-22,8,1534.84,374,2,3,2,232,A risque
U10421,2024-10-25,6,1534.89,432,1,2,2,122,Perdus
U11072,2025-07-24,4,1535.37,160,3,1,2,312,Perdus
U05063,2025-03-09,6,1535.93,297,2,2,2,222,Perdus
U01803,2025-07-06,4,1536.16,178,3,1,2,312,Perdus
U06546,2025-04-15,7,1536.38,260,2,2,2,222,Perdus
U04304,2024-01-30,2,1537.47,701,1,1,2,112,Perdus
U06925,2025-09-28,4,1537.68,94,4,2,2,422,Nouveaux
U05641,2025-04-28,6,1537.95,247,2,2,2,222,Perdus
U11745,2024-04-27,5,1539.15,613,1,2,2,122,Perdus
U00033,2024-10-18,2,1540.06,439,1,1,2,112,Perdus
U00073,2025-11-27,9,1540.99,34,5,3,2,532,Perdus
U05633,2024-09-20,5,1541.53,467,1,2,2,122,Perdus
U04403,2025-09-16,2,1541.9,106,4,1,2,412,Nouveaux
U08424,2025-05-28,11,1541.95,217,3,3,2,332,Perdus
U09054,2024-10-12,4,1541.99,445,1,1,2,112,Perdus
U05086,2025-12-22,5,1542.65,9,5,2,2,522,Nouveaux
U05542,2025-05-06,4,1543.57,239,3,1,2,312,Perdus
U03877,2025-03-17,14,1543.59,289,2,4,2,242,A risque
U02117,2025-08-02,3,1544.6,151,3,1,2,312,Perdus
U05244,2024-12-31,7,1544.77,365,2,2,2,222,Perdus
U04212,2024-10-31,19,1545.02,426,1,4,2,142,A risque
U01393,2024-08-30,6,1545.06,488,1,2,2,122,Perdus
U09695,2025-09-13,7,1546.12,109,4,2,2,422,Nouveaux
U11188,2025-05-29,23,1546.18,216,3,5,2,352,Clients fideles
U11228,2025-09-16,6,1546.35,106,4,2,2,422,Nouveaux
U09739,2025-02-26,13,1546.53,308,2,4,2,242,A risque
U07702,2025-12-25,2,1547.82,6,5,1,2,512,Nouveaux
U10955,2024-07-30,12,1548.63,519,1,4,2,142,A risque
U02555,2025-08-07,9,1549.41,146,3,3,2,332,Perdus
U10944,2024-06-13,9,1549.63,566,1,3,2,132,A risque
U10843,2025-11-22,7,1551.08,39,5,2,2,522,Nouveaux
U05805,2025-06-27,6,1551.25,187,3,2,2,322,Perdus
U02542,2025-12-28,12,1551.47,3,5,4,2,542,Clients fideles
U09618,2024-09-02,5,1552.62,485,1,2,2,122,Perdus
U05038,2024-10-14,8,1554.11,443,1,3,2,132,A risque
U07646,2025-02-26,7,1555.56,308,2,2,2,222,Perdus
U07195,2025-11-26,4,1555.78,35,5,2,2,522,Nouveaux
U00854,2025-12-29,7,1556.22,2,5,3,2,532,Perdus
U07730,2025-04-15,7,1557.25,260,2,2,2,222,Perdus
U01695,2025-01-24,2,1557.52,341,2,1,2,212,Perdus
U02475,2025-12-03,15,1558.41,28,5,4,2,542,Clients fideles
U03195,2025-12-31,6,1558.72,0,5,2,2,522,Nouveaux
U06936,2024-12-05,13,1558.86,391,1,4,2,142,A risque
U04720,2024-11-03,3,1560.68,423,1,1,2,112,Perdus
U08450,2025-12-28,4,1560.89,3,5,2,2,522,Nouveaux
U04801,2025-09-26,11,1564.42,96,4,3,2,432,Perdus
U08728,2025-12-23,4,1564.45,8,5,2,2,522,Nouveaux
U08008,2025-05-28,4,1564.71,217,3,1,2,312,Perdus
U08796,2025-08-31,13,1564.85,122,4,4,2,442,Clients fideles
U07172,2024-08-16,3,1565.36,502,1,1,2,112,Perdus
U01610,2025-08-22,9,1565.64,131,3,3,2,332,Perdus
U01524,2024-12-27,19,1566.22,369,2,4,2,242,A risque
U03451,2025-10-24,4,1566.99,68,4,2,2,422,Nouveaux
U01102,2024-06-29,5,1568.73,550,1,2,2,122,Perdus
U08917,2025-09-26,6,1568.8,96,4,2,2,422,Nouveaux
U06737,2025-09-13,9,1568.89,109,4,3,2,432,Perdus
U11699,2025-11-29,4,1569.01,32,5,2,2,522,Nouveaux
U04918,2025-05-11,6,1570.59,234,3,2,2,322,Perdus
U05584,2024-06-08,5,1570.69,571,1,2,2,122,Perdus
U02761,2025-10-25,8,1571.11,67,4,3,2,432,Perdus
U02874,2025-11-16,5,1571.3,45,5,2,2,522,Nouveaux
U09160,2024-11-26,7,1571.56,400,1,2,2,122,Perdus
U05994,2025-01-29,15,1571.69,336,2,4,2,242,A risque
U08808,2025-12-29,6,1572.23,2,5,2,2,522,Nouveaux
U05726,2025-07-23,5,1573.15,161,3,2,2,322,Perdus
U01761,2025-08-22,6,1573.2,131,3,2,2,322,Perdus
U09338,2025-11-15,5,1573.42,46,5,2,2,522,Nouveaux
U04263,2025-12-22,10,1573.46,9,5,3,2,532,Perdus
U06621,2025-09-04,9,1573.48,118,4,3,2,432,Perdus
U03398,2025-11-19,17,1574.44,42,5,4,2,542,Clients fideles
U05498,2025-12-30,9,1574.76,1,5,3,2,532,Perdus
U06015,2025-12-21,3,1575.55,10,5,1,2,512,Nouveaux
U05667,2025-11-27,22,1575.74,34,5,5,2,552,Clients fideles
U02888,2024-11-24,16,1576.23,402,1,4,2,142,A risque
U11398,2025-08-30,7,1576.52,123,4,2,2,422,Nouveaux
U00460,2025-10-26,10,1576.82,66,4,3,2,432,Perdus
U11219,2024-11-14,8,1576.93,412,1,3,2,132,A risque
U04089,2025-10-21,10,1577.23,71,4,3,2,432,Perdus
U02162,2024-10-30,3,1577.78,427,1,1,2,112,Perdus
U09278,2025-08-20,13,1578.17,133,3,4,2,342,Clients fideles
U90745,2024-11-04,1,1578.47,422,1,1,2,112,Perdus
U09507,2025-03-27,9,1578.64,279,2,3,2,232,A risque
U07247,2025-08-27,15,1580.11,126,4,4,2,442,Clients fideles
U08341,2025-06-29,8,1580.54,185,3,3,2,332,Perdus
U02873,2024-03-14,2,1580.65,657,1,1,2,112,Perdus
U07303,2024-11-21,9,1581.08,405,1,3,2,132,A risque
U07619,2025-05-14,3,1581.19,231,3,1,2,312,Perdus
U10985,2025-03-08,8,1581.68,298,2,3,2,232,A risque
U00214,2025-02-20,10,1582.29,314,2,3,2,232,A risque
U08960,2025-12-25,12,1583.79,6,5,4,2,542,Clients fideles
U06875,2025-07-25,11,1584.76,159,3,3,2,332,Perdus
U03321,2024-09-29,5,1584.93,458,1,2,2,122,Perdus
U07083,2024-05-14,8,1585.31,596,1,3,2,132,A risque
U08613,2025-08-23,8,1586.46,130,3,3,2,332,Perdus
U92863,2025-08-04,1,1586.8,149,3,1,2,312,Perdus
U07540,2025-12-20,5,1586.84,11,5,2,2,522,Nouveaux
U09339,2024-03-27,7,1586.98,644,1,2,2,122,Perdus
U08477,2024-09-11,3,1587.4,476,1,1,2,112,Perdus
U06062,2025-01-27,9,1587.52,338,2,3,2,232,A risque
U08714,2025-07-11,6,1588.05,173,3,2,2,322,Perdus
U05948,2024-06-16,5,1588.15,563,1,2,2,122,Perdus
U02733,2024-05-02,7,1588.16,608,1,2,2,122,Perdus
U10419,2025-12-09,1,1589.01,22,5,1,2,512,Nouveaux
U06492,2025-11-27,4,1589.66,34,5,2,2,522,Nouveaux
U01846,2025-01-15,14,1590.08,350,2,4,2,242,A risque
U04713,2024-11-10,6,1590.18,416,1,2,2,122,Perdus
U03579,2025-12-31,11,1591.6,0,5,4,2,542,Clients fideles
U04080,2025-01-29,8,1593.0,336,2,3,2,232,A risque
U04835,2025-10-25,8,1593.91,67,4,3,2,432,Perdus
U00685,2025-01-05,5,1594.76,360,2,2,2,222,Perdus
U07390,2025-10-25,9,1594.81,67,4,3,2,432,Perdus
U03920,2025-09-29,5,1595.18,93,4,2,2,422,Nouveaux
U05011,2025-07-26,8,1596.68,158,3,3,2,332,Perdus
U01283,2025-06-30,8,1598.52,184,3,3,2,332,Perdus
U04936,2024-07-23,6,1598.56,526,1,2,2,122,Perdus
U07543,2024-11-26,10,1598.6,400,1,3,2,132,A risque
U06111,2025-05-23,6,1598.66,222,3,2,2,322,Perdus
U09462,2024-07-28,5,1599.1,521,1,2,2,122,Perdus
U04887,2025-12-30,13,1599.29,1,5,4,2,542,Clients fideles
U03257,2025-03-13,10,1599.38,293,2,3,2,232,A risque
U10792,2024-05-26,7,1599.61,584,1,2,2,122,Perdus
U06289,2024-12-24,8,1600.02,372,2,3,2,232,A risque
U02199,2024-11-16,9,1600.07,410,1,3,2,132,A risque
U03995,2025-09-27,4,1600.61,95,4,2,2,422,Nouveaux
U09765,2025-02-05,6,1600.89,329,2,2,2,222,Perdus
U01926,2025-08-28,6,1601.43,125,4,2,2,422,Nouveaux
U07087,2025-06-19,13,1601.59,195,3,4,2,342,Clients fideles
U04749,2024-11-29,15,1602.18,397,1,4,2,142,A risque
U06019,2025-08-26,6,1602.64,127,4,2,2,422,Nouveaux
U10145,2025-09-26,9,1603.93,96,4,3,2,432,Perdus
U00279,2024-08-23,16,1604.96,495,1,4,2,142,A risque
U02301,2024-11-30,12,1605.05,396,1,4,2,142,A risque
U06153,2025-09-16,11,1605.24,106,4,3,2,432,Perdus
U05694,2025-09-25,11,1605.46,97,4,3,2,432,Perdus
U07487,2025-03-08,12,1605.63,298,2,4,2,242,A risque
U02098,2025-08-09,8,1607.36,144,3,3,2,332,Perdus
U02730,2024-09-26,13,1608.94,461,1,4,2,142,A risque
U01936,2025-12-18,3,1608.97,13,5,1,2,512,Nouveaux
U10194,2024-03-31,6,1609.04,640,1,2,2,122,Perdus
U10819,2025-12-31,2,1609.64,0,5,1,2,512,Nouveaux
U00129,2025-06-08,5,1610.73,206,3,2,2,322,Perdus
U10033,2025-08-27,9,1610.78,126,4,3,2,432,Perdus
U11518,2025-06-24,13,1611.71,190,3,4,2,342,Clients fideles
U03064,2025-10-19,6,1612.36,73,4,2,2,422,Nouveaux
U08646,2025-07-03,11,1612.57,181,3,3,2,332,Perdus
U10327,2025-10-30,6,1612.7,62,4,2,2,422,Nouveaux
U99546,2024-08-05,1,1614.04,513,1,1,2,112,Perdus
U09254,2025-01-29,6,1614.17,336,2,2,2,222,Perdus
U07954,2025-10-18,7,1614.22,74,4,2,2,422,Nouveaux
U06862,2025-03-29,5,1614.39,277,2,2,2,222,Perdus
U04249,2024-04-30,4,1615.34,610,1,1,2,112,Perdus
U04015,2025-04-20,15,1616.05,255,2,4,2,242,A risque
U08863,2025-01-29,7,1616.76,336,2,2,2,222,Perdus
U04135,2025-06-30,4,1617.69,184,3,1,2,312,Perdus
U04697,2025-04-11,3,1617.81,264,2,1,2,212,Perdus
U07762,2025-07-28,8,1617.92,156,3,3,2,332,Perdus
U00994,2025-05-18,9,1618.35,227,3,3,2,332,Perdus
U00651,2025-08-23,3,1618.41,130,3,1,2,312,Perdus
U04453,2025-10-02,7,1618.48,90,4,2,2,422,Nouveaux
U02674,2025-08-30,5,1619.0,123,4,2,2,422,Nouveaux
U10588,2025-09-28,17,1619.18,94,4,4,2,442,Clients fideles
U06854,2025-10-29,9,1619.43,63,4,3,2,432,Perdus
U10393,2024-12-04,2,1619.89,392,1,1,2,112,Perdus
U10608,2025-06-30,6,1620.39,184,3,2,2,322,Perdus
U05722,2025-03-22,9,1620.53,284,2,3,2,232,A risque
U97756,2025-04-20,1,1620.57,255,2,1,2,212,Perdus
U09036,2025-08-27,6,1621.74,126,4,2,2,422,Nouveaux
U02438,2025-11-18,14,1622.14,43,5,4,2,542,Clients fideles
U04754,2024-06-23,4,1622.19,556,1,1,2,112,Perdus
U10860,2025-06-22,12,1623.57,192,3,4,2,342,Clients fideles
U02801,2024-07-28,7,1625.42,521,1,2,2,122,Perdus
U00096,2025-01-30,6,1625.8,335,2,2,2,222,Perdus
U00740,2025-10-23,5,1628.09,69,4,2,2,422,Nouveaux
U04735,2025-09-27,14,1628.14,95,4,4,2,442,Clients fideles
U09954,2025-07-28,4,1628.16,156,3,1,2,312,Perdus
U06291,2025-01-10,7,1628.31,355,2,2,2,222,Perdus
U05840,2025-09-08,8,1628.72,114,4,3,2,432,Perdus
U11707,2024-10-27,4,1628.95,430,1,1,2,112,Perdus
U11640,2025-04-13,5,1629.26,262,2,2,2,222,Perdus
U08228,2025-07-15,13,1631.03,169,3,4,2,342,Clients fideles
U10127,2025-04-29,10,1631.67,246,2,3,2,232,A risque
U10229,2024-07-20,3,1631.7,529,1,1,2,112,Perdus
U01586,2025-11-28,10,1632.35,33,5,3,2,532,Perdus
U04159,2024-02-19,4,1632.65,681,1,1,2,112,Perdus
U11507,2024-08-27,6,1633.15,491,1,2,2,122,Perdus
U02294,2025-06-28,6,1633.3,186,3,2,2,322,Perdus
U03478,2025-11-23,14,1633.52,38,5,4,2,542,Clients fideles
U05680,2024-12-28,14,1633.75,368,2,4,2,242,A risque
U06577,2024-11-27,7,1633.88,399,1,2,2,122,Perdus
U02639,2025-09-22,5,1633.94,100,4,2,2,422,Nouveaux
U06017,2024-11-16,4,1633.95,410,1,1,2,112,Perdus
U00875,2025-06-29,16,1634.48,185,3,4,2,342,Clients fideles
U11705,2025-12-29,9,1634.94,2,5,3,2,532,Perdus
U06776,2025-10-28,10,1635.11,64,4,3,2,432,Perdus
U10230,2024-10-24,6,1636.16,433,1,2,2,122,Perdus
U09873,2025-12-22,8,1636.76,9,5,3,2,532,Perdus
U00142,2024-06-30,8,1636.95,549,1,3,2,132,A risque
U02756,2024-10-25,18,1637.19,432,1,4,2,142,A risque
U11019,2025-08-21,10,1638.32,132,3,3,2,332,Perdus
U10130,2025-07-29,7,1638.42,155,3,2,2,322,Perdus
U04618,2025-01-25,3,1638.61,340,2,1,2,212,Perdus
U02410,2025-12-27,7,1638.82,4,5,3,2,532,Perdus
U00836,2025-11-16,15,1638.94,45,5,4,2,542,Clients fideles
U00485,2025-12-27,6,1640.52,4,5,2,2,522,Nouveaux
U04224,2025-10-17,3,1641.61,75,4,1,2,412,Nouveaux
U11045,2024-11-25,12,1641.91,401,1,4,2,142,A risque
U07368,2025-05-25,17,1641.94,220,3,4,2,342,Clients fideles
U06926,2025-11-27,7,1642.11,34,5,2,2,522,Nouveaux
U01021,2024-10-23,2,1642.41,434,1,1,2,112,Perdus
U01996,2025-10-07,3,1643.12,85,4,1,2,412,Nouveaux
U06428,2025-07-31,10,1643.28,153,3,3,2,332,Perdus
U00743,2025-03-14,5,1643.95,292,2,2,2,222,Perdus
U11459,2025-09-28,12,1643.97,94,4,4,2,442,Clients fideles
U10411,2025-01-27,5,1644.83,338,2,2,2,222,Perdus
U08243,2024-11-25,3,1645.17,401,1,1,2,112,Perdus
U06267,2025-12-29,8,1645.39,2,5,3,2,532,Perdus
U02006,2025-12-30,12,1649.59,1,5,4,2,542,Clients fideles
U03376,2025-12-27,8,1649.78,4,5,3,2,532,Perdus
U06941,2024-09-24,3,1650.27,463,1,1,2,112,Perdus
U01096,2025-06-28,2,1650.45,186,3,1,2,312,Perdus
U11143,2025-10-23,16,1650.69,69,4,4,2,442,Clients fideles
U08189,2025-07-25,9,1651.32,159,3,3,2,332,Perdus
U04154,2025-03-24,6,1652.71,282,2,2,2,222,Perdus
U01271,2025-04-03,4,1653.25,272,2,1,2,212,Perdus
U05319,2024-12-25,3,1653.35,371,2,1,2,212,Perdus
U06504,2025-11-25,7,1653.45,36,5,2,2,522,Nouveaux
U07059,2025-09-14,3,1654.61,108,4,1,2,412,Nouveaux
U07924,2025-07-19,7,1655.39,165,3,2,2,322,Perdus
U02848,2025-02-27,12,1655.43,307,2,4,2,242,A risque
U05025,2025-05-23,9,1655.86,222,3,3,2,332,Perdus
U04574,2025-02-06,6,1656.09,328,2,2,2,222,Perdus
U00960,2025-01-18,5,1656.45,347,2,2,2,222,Perdus
U03021,2025-10-31,16,1656.93,61,4,4,2,442,Clients fideles
U08554,2024-12-26,6,1657.7,370,2,2,2,222,Perdus
U11847,2025-07-28,12,1658.76,156,3,4,2,342,Clients fideles
U10703,2025-06-14,11,1659.31,200,3,3,2,332,Perdus
U06102,2024-11-30,2,1659.51,396,1,1,2,112,Perdus
U01711,2024-08-26,13,1660.58,492,1,4,2,142,A risque
U05085,2025-10-11,8,1660.63,81,4,3,2,432,Perdus
U10898,2024-11-26,8,1660.96,400,1,3,2,132,A risque
U09696,2025-11-30,12,1661.73,31,5,4,2,542,Clients fideles
U01577,2025-08-31,11,1661.9,122,4,3,2,432,Perdus
U03403,2025-08-30,13,1662.23,123,4,4,2,442,Clients fideles
U04812,2025-10-21,3,1664.87,71,4,1,2,412,Nouveaux
U07592,2025-03-31,6,1666.05,275,2,2,2,222,Perdus
U06771,2025-09-24,6,1666.17,98,4,2,2,422,Nouveaux
U08145,2025-11-23,13,1666.29,38,5,4,2,542,Clients fideles
U03036,2025-12-10,4,1666.37,21,5,2,2,522,Nouveaux
U00567,2025-12-29,8,1666.38,2,5,3,2,532,Perdus
U00184,2025-10-25,6,1667.0,67,4,2,2,422,Nouveaux
U10821,2024-09-21,9,1667.41,466,1,3,2,132,A risque
U01112,2025-07-10,7,1667.95,174,3,2,2,322,Perdus
U03575,2024-10-31,18,1668.06,426,1,4,2,142,A risque
U10834,2025-05-25,7,1668.5,220,3,2,2,322,Perdus
U02389,2025-10-24,5,1670.58,68,4,2,2,422,Nouveaux
U11522,2025-02-14,9,1670.69,320,2,3,2,232,A risque
U05226,2024-12-22,12,1670.82,374,2,4,2,242,A risque
U01333,2024-12-27,13,1670.95,369,2,4,2,242,A risque
U01845,2024-07-23,6,1671.44,526,1,2,2,122,Perdus
U03701,2025-09-26,12,1671.92,96,4,4,2,442,Clients fideles
U07962,2025-08-28,9,1672.05,125,4,3,2,432,Perdus
U09424,2025-10-31,12,1673.21,61,4,4,2,442,Clients fideles
U90772,2025-03-09,1,1673.46,297,2,1,2,212,Perdus
U01213,2025-09-28,5,1673.81,94,4,2,2,422,Nouveaux
U10446,2025-08-03,5,1674.49,150,3,2,2,322,Perdus
U01360,2024-03-18,3,1674.82,653,1,1,2,112,Perdus
U07691,2025-05-27,3,1674.99,218,3,1,2,312,Perdus
U06500,2025-12-29,4,1675.76,2,5,2,2,522,Nouveaux
U00306,2025-08-25,14,1676.34,128,4,4,2,442,Clients fideles
U05546,2025-06-29,7,1677.08,185,3,2,2,322,Perdus
U01449,2025-06-24,9,1679.03,190,3,3,2,332,Perdus
U11661,2025-01-11,3,1679.25,354,2,1,2,212,Perdus
U08416,2025-12-28,14,1679.53,3,5,4,2,542,Clients fideles
U00434,2025-08-27,12,1679.84,126,4,4,2,442,Clients fideles
U06366,2025-12-26,2,1680.79,5,5,1,2,512,Nouveaux
U98048,2024-08-15,1,1681.29,503,1,1,2,112,Perdus
U03912,2025-06-27,9,1681.53,187,3,3,2,332,Perdus
U08743,2025-01-17,15,1683.03,348,2,4,2,242,A risque
U02847,2025-10-05,8,1684.4,87,4,3,2,432,Perdus
U04110,2025-05-27,7,1684.55,218,3,2,2,322,Perdus
U01431,2025-05-29,6,1685.22,216,3,2,2,322,Perdus
U10116,2025-08-12,4,1685.34,141,3,1,2,312,Perdus
U11685,2025-02-19,4,1685.55,315,2,1,2,212,Perdus
U08511,2025-03-24,13,1685.56,282,2,4,2,242,A risque
U08486,2024-03-09,2,1685.77,662,1,1,2,112,Perdus
U08888,2025-06-28,5,1686.19,186,3,2,2,322,Perdus
U11829,2025-12-27,10,1687.87,4,5,3,2,532,Perdus
U07710,2024-12-10,9,1690.14,386,1,3,2,132,A risque
U03074,2025-06-30,16,1690.42,184,3,4,2,342,Clients fideles
U07683,2025-10-16,8,1690.82,76,4,3,2,432,Perdus
U09957,2025-10-11,10,1694.39,81,4,3,2,432,Perdus
U09976,2024-11-23,8,1695.06,403,1,3,2,132,A risque
U00324,2025-10-29,12,1695.19,63,4,4,2,442,Clients fideles
U04406,2025-12-24,5,1695.89,7,5,2,2,522,Nouveaux
U01314,2025-06-30,9,1696.07,184,3,3,2,332,Perdus
U02146,2025-10-16,6,1696.09,76,4,2,2,422,Nouveaux
U00830,2025-09-21,13,1696.34,101,4,4,2,442,Clients fideles
U09349,2024-11-07,5,1697.11,419,1,2,2,122,Perdus
U07478,2025-12-23,9,1697.25,8,5,3,2,532,Perdus
U05892,2024-07-28,16,1697.47,521,1,4,2,142,A risque
U01575,2025-08-25,10,1697.73,128,4,3,2,432,Perdus
U11250,2025-11-15,13,1699.71,46,5,4,2,542,Clients fideles
U02159,2024-11-28,6,1700.03,398,1,2,2,122,Perdus
U01948,2024-09-16,7,1700.24,471,1,2,2,122,Perdus
U03648,2025-10-06,9,1700.25,86,4,3,2,432,Perdus
U03962,2025-04-24,10,1700.32,251,2,3,2,232,A risque
U08643,2025-07-30,9,1701.48,154,3,3,2,332,Perdus
U08258,2025-04-20,5,1702.01,255,2,2,2,222,Perdus
U05013,2025-04-19,12,1702.96,256,2,4,2,242,A risque
U01589,2024-11-07,7,1703.17,419,1,2,2,122,Perdus
U04460,2025-12-28,8,1704.03,3,5,3,2,532,Perdus
U10913,2024-12-31,7,1704.19,365,2,2,2,222,Perdus
U08639,2024-07-16,10,1704.63,533,1,3,2,132,A risque
U03645,2025-12-31,5,1704.83,0,5,2,2,522,Nouveaux
U05052,2025-12-31,2,1705.53,0,5,1,2,512,Nouveaux
U04570,2025-09-27,13,1706.59,95,4,4,2,442,Clients fideles
U01493,2025-02-22,10,1706.62,312,2,3,2,232,A risque
U00351,2024-09-20,12,1707.88,467,1,4,2,142,A risque
U01380,2025-11-12,7,1708.76,49,4,2,2,422,Nouveaux
U02717,2024-11-08,4,1708.8,418,1,1,2,112,Perdus
U06999,2024-12-31,13,1709.06,365,2,4,2,242,A risque
U08504,2025-03-28,7,1710.08,278,2,2,2,222,Perdus
U01666,2025-09-26,12,1710.3,96,4,4,2,442,Clients fideles
U08309,2025-05-29,8,1710.62,216,3,3,2,332,Perdus
U06520,2025-12-25,21,1710.62,6,5,5,2,552,Clients fideles
U09792,2025-08-15,11,1711.14,138,3,3,2,332,Perdus
U02204,2025-05-07,4,1713.76,238,3,1,2,312,Perdus
U05358,2025-11-25,12,1715.16,36,5,4,2,542,Clients fideles
U11525,2025-06-11,14,1716.74,203,3,4,2,342,Clients fideles
U07821,2025-10-12,14,1717.27,80,4,4,2,442,Clients fideles
U03546,2024-11-16,10,1717.81,410,1,3,2,132,A risque
U02549,2025-01-29,6,1718.05,336,2,2,2,222,Perdus
U10436,2024-11-22,1,1718.36,404,1,1,2,112,Perdus
U10161,2025-04-27,9,1718.94,248,2,3,2,232,A risque
U09177,2025-12-30,4,1719.41,1,5,2,2,522,Nouveaux
U03932,2025-06-28,15,1719.42,186,3,4,2,342,Clients fideles
U02582,2025-12-28,13,1721.7,3,5,4,2,542,Clients fideles
U06713,2025-10-30,8,1724.28,62,4,3,2,432,Perdus
U11844,2025-07-30,6,1724.51,154,3,2,2,322,Perdus
U99318,2024-10-20,1,1724.56,437,1,1,2,112,Perdus
U09325,2025-12-30,9,1725.72,1,5,3,2,532,Perdus
U04357,2025-04-25,8,1725.79,250,2,3,2,232,A risque
U11586,2025-08-31,3,1725.86,122,4,1,2,412,Nouveaux
U07522,2025-02-19,11,1727.47,315,2,3,2,232,A risque
U09295,2025-06-29,5,1727.48,185,3,2,2,322,Perdus
U01289,2024-11-30,15,1729.05,396,1,4,2,142,A risque
U10548,2025-11-29,14,1729.19,32,5,4,2,542,Clients fideles
U02627,2025-01-20,6,1729.66,345,2,2,2,222,Perdus
U08246,2025-04-29,7,1731.03,246,3,2,2,322,Perdus
U02716,2025-06-10,4,1731.49,204,3,1,2,312,Perdus
U09722,2025-01-23,10,1732.18,342,2,3,2,232,A risque
U05518,2024-10-02,3,1733.27,455,1,1,2,112,Perdus
U09953,2025-12-18,6,1733.99,13,5,2,2,522,Nouveaux
U03703,2025-12-14,6,1735.53,17,5,2,2,522,Nouveaux
U07643,2025-02-24,3,1735.56,310,2,1,2,212,Perdus
U07661,2024-04-28,3,1735.57,612,1,1,2,112,Perdus
U02302,2025-04-20,3,1736.63,255,2,1,2,212,Perdus
U00046,2025-09-11,7,1737.1,111,4,2,2,422,Nouveaux
U09646,2025-10-27,19,1737.91,65,4,5,2,452,Clients fideles
U07681,2025-12-30,4,1738.77,1,5,2,2,522,Nouveaux
U07173,2025-11-30,14,1738.93,31,5,4,2,542,Clients fideles
U06758,2024-01-18,1,1739.12,713,1,1,2,112,Perdus
U11944,2025-12-21,4,1739.87,10,5,2,2,522,Nouveaux
U02693,2025-06-30,2,1740.04,184,3,1,2,312,Perdus
U09749,2025-11-19,14,1740.33,42,5,4,2,542,Clients fideles
U06922,2025-06-22,2,1741.16,192,3,1,2,312,Perdus
U06027,2025-07-30,3,1741.43,154,3,1,2,312,Perdus
U02958,2025-06-19,9,1741.68,195,3,3,2,332,Perdus
U00355,2024-08-23,3,1741.89,495,1,1,2,112,Perdus
U10128,2025-11-22,8,1742.56,39,5,3,2,532,Perdus
U00362,2025-10-30,8,1743.05,62,4,3,2,432,Perdus
U03275,2024-09-29,4,1743.54,458,1,1,2,112,Perdus
U08502,2025-03-22,9,1743.84,284,2,3,2,232,A risque
U08630,2024-11-24,4,1744.04,402,1,1,2,112,Perdus
U01445,2025-07-29,7,1744.61,155,3,2,2,322,Perdus
U05416,2025-01-30,5,1745.02,335,2,2,2,222,Perdus
U05074,2025-10-25,7,1745.68,67,4,2,2,422,Nouveaux
U10931,2024-08-28,10,1747.04,490,1,3,2,132,A risque
U00305,2025-04-06,11,1747.92,269,2,3,2,232,A risque
U05430,2025-10-29,17,1748.29,63,4,4,2,442,Clients fideles
U01251,2025-10-12,5,1748.91,80,4,2,2,422,Nouveaux
U10184,2025-12-03,10,1749.84,28,5,3,2,532,Perdus
U10675,2025-10-15,8,1749.88,77,4,3,2,432,Perdus
U09001,2025-12-26,4,1751.82,5,5,2,2,522,Nouveaux
U06029,2024-12-16,8,1752.08,380,2,3,2,232,A risque
U00074,2024-10-18,10,1752.08,439,1,3,2,132,A risque
U01185,2025-11-27,1,1752.21,34,5,1,2,512,Nouveaux
U05875,2025-09-14,6,1752.23,108,4,2,2,422,Nouveaux
U07946,2025-09-08,11,1752.77,114,4,3,2,432,Perdus
U02442,2025-03-23,9,1753.02,283,2,3,2,232,A risque
U06096,2025-08-27,15,1753.71,126,4,4,2,442,Clients fideles
U03067,2024-10-18,11,1753.81,439,1,3,2,132,A risque
U04525,2025-12-25,2,1754.09,6,5,1,2,512,Nouveaux
U06047,2024-07-29,11,1754.22,520,1,3,2,132,A risque
U02099,2024-12-15,2,1754.7,381,2,1,2,212,Perdus
U05297,2024-08-25,5,1755.69,493,1,2,2,122,Perdus
U08321,2025-03-02,6,1756.15,304,2,2,2,222,Perdus
U07882,2024-09-07,2,1756.95,480,1,1,2,112,Perdus
U06487,2025-12-25,12,1758.2,6,5,4,2,542,Clients fideles
U07211,2024-11-19,12,1758.31,407,1,4,2,142,A risque
U05912,2025-08-16,16,1759.38,137,3,4,2,342,Clients fideles
U11117,2025-05-20,20,1759.92,225,3,5,2,352,Clients fideles
U10914,2024-09-23,15,1760.24,464,1,4,2,142,A risque
U05884,2025-09-18,10,1760.48,104,4,3,2,432,Perdus
U09496,2025-11-06,3,1760.73,55,4,1,2,412,Nouveaux
U05397,2025-07-25,5,1761.66,159,3,2,2,322,Perdus
U06876,2025-11-30,4,1763.57,31,5,2,2,522,Nouveaux
U03328,2024-08-29,6,1764.12,489,1,2,2,122,Perdus
U10015,2025-08-15,8,1764.37,138,3,3,2,332,Perdus
U03043,2025-04-15,6,1765.26,260,2,2,2,222,Perdus
U99459,2025-11-08,1,1766.01,53,4,1,2,412,Nouveaux
U01427,2025-06-07,8,1766.76,207,3,3,2,332,Perdus
U04919,2024-11-25,9,1767.38,401,1,3,2,132,A risque
U00532,2025-11-22,4,1769.16,39,5,2,2,522,Nouveaux
U07052,2025-12-04,2,1769.19,27,5,1,2,512,Nouveaux
U00768,2025-12-15,3,1769.91,16,5,1,2,512,Nouveaux
U02014,2025-03-29,4,1771.73,277,2,1,2,212,Perdus
U04864,2025-03-31,7,1771.79,275,2,2,2,222,Perdus
U11590,2025-06-16,12,1771.85,198,3,4,2,342,Clients fideles
U10882,2024-12-03,8,1772.13,393,1,3,2,132,A risque
U04929,2024-04-09,2,1772.75,631,1,1,2,112,Perdus
U10193,2025-03-20,19,1772.86,286,2,4,2,242,A risque
U05443,2025-09-24,11,1773.16,98,4,3,2,432,Perdus
U04162,2025-04-26,12,1774.08,249,2,4,2,242,A risque
U00729,2025-09-23,7,1774.2,99,4,2,2,422,Nouveaux
U07952,2024-12-23,8,1774.32,373,2,3,2,232,A risque
U06649,2025-09-26,8,1774.36,96,4,3,2,432,Perdus
U08950,2025-04-26,6,1774.69,249,2,2,2,222,Perdus
U00241,2025-10-25,11,1776.01,67,4,3,2,432,Perdus
U09026,2025-09-28,11,1776.36,94,4,3,2,432,Perdus
U01490,2025-02-12,13,1777.05,322,2,4,2,242,A risque
U09943,2025-01-30,8,1777.58,335,2,3,2,232,A risque
U04435,2024-12-19,10,1778.11,377,2,3,2,232,A risque
U03660,2025-06-12,7,1778.78,202,3,2,2,322,Perdus
U06899,2025-08-18,8,1779.22,135,3,3,2,332,Perdus
U08934,2024-08-26,9,1779.33,492,1,3,2,132,A risque
U11978,2025-06-17,10,1779.35,197,3,3,2,332,Perdus
U04742,2024-07-30,8,1779.54,519,1,3,2,132,A risque
U01956,2025-11-18,3,1780.82,43,5,1,2,512,Nouveaux
U00848,2025-12-20,11,1782.32,11,5,3,2,532,Perdus
U05558,2025-02-27,3,1782.38,307,2,1,2,212,Perdus
U08812,2025-08-29,6,1784.14,124,4,2,2,422,Nouveaux
U03048,2024-04-27,3,1785.09,613,1,1,2,112,Perdus
U08191,2025-06-06,7,1785.73,208,3,2,2,322,Perdus
U09970,2025-11-26,8,1786.02,35,5,3,2,532,Perdus
U05140,2025-07-08,14,1787.02,176,3,4,2,342,Clients fideles
U02909,2024-10-30,14,1787.23,427,1,4,2,142,A risque
U07473,2025-06-13,15,1787.83,201,3,4,2,342,Clients fideles
U06686,2025-11-07,6,1788.11,54,4,2,2,422,Nouveaux
U03452,2025-03-25,16,1788.72,281,2,4,2,242,A risque
U07532,2024-11-11,5,1789.48,415,1,2,2,122,Perdus
U04413,2024-10-29,19,1790.05,428,1,4,2,142,A risque
U01842,2025-09-18,4,1790.34,104,4,2,2,422,Nouveaux
U07949,2025-10-27,2,1790.38,65,4,1,2,412,Nouveaux
U00696,2025-08-30,14,1790.78,123,4,4,2,442,Clients fideles
U01117,2025-09-14,12,1791.19,108,4,4,2,442,Clients fideles
U00758,2025-01-29,2,1791.48,336,2,1,2,212,Perdus
U09930,2025-05-19,20,1791.49,226,3,5,2,352,Clients fideles
U04027,2024-11-29,11,1792.88,397,1,3,2,132,A risque
U03515,2025-12-19,3,1793.89,12,5,1,2,512,Nouveaux
U02167,2025-05-30,7,1794.25,215,3,2,2,322,Perdus
U02478,2025-08-31,6,1794.33,122,4,2,2,422,Nouveaux
U04857,2025-10-20,2,1794.56,72,4,1,2,412,Nouveaux
U11036,2025-01-20,9,1795.05,345,2,3,2,232,A risque
U06109,2025-05-19,1,1795.29,226,3,1,2,312,Perdus
U06393,2024-08-31,9,1795.58,487,1,3,2,132,A risque
U03476,2024-04-18,9,1795.94,622,1,3,2,132,A risque
U11594,2025-09-24,6,1796.21,98,4,2,2,422,Nouveaux
U03636,2025-12-19,9,1796.39,12,5,3,2,532,Perdus
U00647,2025-10-31,12,1796.98,61,4,4,2,442,Clients fideles
U06830,2024-11-17,9,1797.08,409,1,3,2,132,A risque
U08550,2025-10-23,5,1797.12,69,4,2,2,422,Nouveaux
U10590,2025-03-21,10,1797.27,285,2,3,2,232,A risque
U11259,2025-10-18,7,1797.86,74,4,2,2,422,Nouveaux
U05898,2024-08-22,12,1798.83,496,1,4,2,142,A risque
U02636,2025-02-07,7,1799.58,327,2,2,2,222,Perdus
U08877,2025-11-22,16,1801.36,39,5,4,2,542,Clients fideles
U03790,2025-12-26,8,1801.43,5,5,3,2,532,Perdus
U06590,2025-01-31,6,1802.47,334,2,2,2,222,Perdus
U09814,2025-10-29,13,1803.21,63,4,4,2,442,Clients fideles
U02814,2025-07-14,9,1803.22,170,3,3,2,332,Perdus
U08996,2025-08-29,13,1804.4,124,4,4,2,442,Clients fideles
U00885,2025-11-28,8,1805.63,33,5,3,2,532,Perdus
U11798,2025-03-14,2,1807.65,292,2,1,2,212,Perdus
U06418,2025-01-29,5,1810.52,336,2,2,2,222,Perdus
U08977,2025-10-31,7,1810.87,61,4,2,2,422,Nouveaux
U00619,2025-02-26,3,1810.97,308,2,1,2,212,Perdus
U09962,2025-09-25,5,1811.24,97,4,2,2,422,Nouveaux
U11922,2024-10-30,17,1811.27,427,1,4,2,142,A risque
U08328,2025-10-26,15,1811.91,66,4,4,2,442,Clients fideles
U05540,2025-09-12,8,1812.32,110,4,3,2,432,Perdus
U04714,2025-07-31,12,1812.75,153,3,4,2,342,Clients fideles
U05017,2025-02-18,5,1813.4,316,2,2,2,222,Perdus
U10836,2024-10-30,4,1814.54,427,1,1,2,112,Perdus
U06929,2024-10-28,11,1815.65,429,1,3,2,132,A risque
U07238,2025-02-20,1,1815.66,314,2,1,2,212,Perdus
U04841,2025-03-19,13,1816.61,287,2,4,2,242,A risque
U03454,2025-11-16,10,1817.55,45,5,3,2,532,Perdus
U04088,2025-12-20,3,1818.21,11,5,1,2,512,Nouveaux
U02830,2024-09-18,8,1818.34,469,1,3,2,132,A risque
U00962,2024-10-17,5,1818.88,440,1,2,2,122,Perdus
U05895,2025-07-30,8,1819.13,154,3,3,2,332,Perdus
U00165,2024-05-18,8,1819.25,592,1,3,2,132,A risque
U09269,2024-05-28,4,1819.97,582,1,1,2,112,Perdus
U05001,2025-12-29,9,1820.55,2,5,3,2,532,Perdus
U03614,2025-04-29,4,1820.63,246,2,1,2,212,Perdus
U07419,2025-11-16,8,1821.39,45,5,3,2,532,Perdus
U01305,2024-04-22,9,1822.05,618,1,3,2,132,A risque
U01446,2025-08-20,8,1822.66,133,3,3,2,332,Perdus
U10642,2024-06-21,7,1823.14,558,1,2,2,122,Perdus
U08775,2025-12-27,14,1824.22,4,5,4,2,542,Clients fideles
U02120,2024-08-23,11,1824.76,495,1,3,2,132,A risque
U10001,2025-06-27,3,1825.14,187,3,1,2,312,Perdus
U02201,2025-10-18,6,1826.29,74,4,2,2,422,Nouveaux
U07847,2025-08-29,5,1827.97,124,4,2,2,422,Nouveaux
U09458,2024-05-26,5,1828.97,584,1,2,2,122,Perdus
U01388,2024-12-24,7,1829.98,372,2,2,2,222,Perdus
U05989,2025-03-25,15,1830.02,281,2,4,2,242,A risque
U06733,2025-01-25,4,1830.26,340,2,1,2,212,Perdus
U09461,2025-01-31,14,1830.96,334,2,4,2,242,A risque
U03434,2024-12-24,5,1831.37,372,2,2,2,222,Perdus
U09519,2025-07-27,11,1831.82,157,3,3,2,332,Perdus
U05963,2025-05-23,11,1832.18,222,3,3,2,332,Perdus
U06935,2024-05-07,4,1835.14,603,1,1,2,112,Perdus
U03105,2024-09-23,8,1835.34,464,1,3,2,132,A risque
U08471,2025-06-24,5,1836.33,190,3,2,2,322,Perdus
U09093,2025-06-30,12,1837.57,184,3,4,2,342,Clients fideles
U11991,2025-05-16,10,1837.59,229,3,3,2,332,Perdus
U01602,2025-11-19,12,1837.96,42,5,4,2,542,Clients fideles
U01454,2025-05-11,4,1838.68,234,3,1,2,312,Perdus
U06873,2025-11-27,9,1839.18,34,5,3,2,532,Perdus
U01808,2025-11-30,4,1839.21,31,5,2,2,522,Nouveaux
U08559,2024-12-22,4,1839.4,374,2,1,2,212,Perdus
U08108,2025-12-30,13,1839.55,1,5,4,2,542,Clients fideles
U04258,2025-05-30,2,1839.83,215,3,1,2,312,Perdus
U02248,2024-12-11,10,1839.96,385,1,3,2,132,A risque
U00628,2025-11-29,20,1840.94,32,5,5,2,552,Clients fideles
U05721,2025-12-18,10,1841.73,13,5,3,2,532,Perdus
U10480,2024-12-30,7,1841.87,366,2,2,2,222,Perdus
U01414,2024-04-30,7,1842.74,610,1,2,2,122,Perdus
U06404,2024-04-28,10,1843.2,612,1,3,2,132,A risque
U08274,2025-02-18,25,1844.0,316,2,5,2,252,A risque
U05104,2024-02-26,7,1844.49,674,1,2,2,122,Perdus
U08417,2024-06-13,3,1844.82,566,1,1,2,112,Perdus
U03906,2025-07-21,6,1845.24,163,3,2,2,322,Perdus
U03418,2025-10-15,7,1846.2,77,4,2,2,422,Nouveaux
U09342,2025-09-24,6,1847.09,98,4,2,2,422,Nouveaux
U10286,2025-10-31,5,1847.21,61,4,2,2,422,Nouveaux
U97277,2025-01-21,1,1847.26,344,2,1,2,212,Perdus
U01191,2024-05-19,12,1847.43,591,1,4,2,142,A risque
U04483,2024-12-30,11,1847.84,366,2,3,2,232,A risque
U09072,2024-11-23,15,1848.5,403,1,4,2,142,A risque
U11365,2025-11-27,12,1848.69,34,5,4,2,542,Clients fideles
U04613,2025-12-26,5,1849.64,5,5,2,2,522,Nouveaux
U07376,2025-07-30,13,1849.72,154,3,4,2,342,Clients fideles
U06618,2025-09-30,7,1849.77,92,4,2,2,422,Nouveaux
U04094,2025-02-21,7,1850.64,313,2,2,2,222,Perdus
U10214,2025-11-22,11,1851.06,39,5,3,2,532,Perdus
U05606,2024-08-05,9,1851.58,513,1,3,2,132,A risque
U11878,2024-12-16,8,1851.7,380,2,3,2,232,A risque
U05658,2025-11-26,13,1852.02,35,5,4,2,542,Clients fideles
U04046,2025-12-28,14,1852.6,3,5,4,2,542,Clients fideles
U11786,2024-05-08,7,1852.92,602,1,2,2,122,Perdus
U09652,2025-07-19,9,1853.52,165,3,3,2,332,Perdus
U03712,2024-11-23,8,1854.37,403,1,3,2,132,A risque
U09208,2025-10-22,6,1854.78,70,4,2,2,422,Nouveaux
U05804,2025-12-14,7,1854.83,17,5,3,2,532,Perdus
U09629,2025-08-30,5,1854.84,123,4,2,2,422,Nouveaux
U07430,2025-12-29,6,1855.19,2,5,2,2,522,Nouveaux
U02039,2025-11-28,4,1855.37,33,5,2,2,522,Nouveaux
U10851,2025-11-28,2,1855.43,33,5,1,2,512,Nouveaux
U02910,2025-06-05,9,1856.51,209,3,3,2,332,Perdus
U03694,2025-12-22,4,1857.07,9,5,2,2,522,Nouveaux
U08365,2025-11-24,8,1857.17,37,5,3,2,532,Perdus
U11174,2025-12-18,8,1857.64,13,5,3,2,532,Perdus
U08188,2025-09-10,10,1858.18,112,4,3,2,432,Perdus
U01368,2024-09-28,6,1858.63,459,1,2,2,122,Perdus
U08339,2025-12-03,11,1858.84,28,5,3,2,532,Perdus
U01308,2025-11-25,9,1858.96,36,5,3,2,532,Perdus
U06530,2025-12-17,9,1859.18,14,5,3,2,532,Perdus
U05506,2025-02-03,6,1859.52,331,2,2,2,222,Perdus
U07545,2025-09-30,11,1859.97,92,4,3,2,432,Perdus
U09231,2025-05-31,10,1860.69,214,3,3,2,332,Perdus
U11440,2025-10-23,9,1861.42,69,4,3,2,432,Perdus
U11006,2025-04-23,10,1861.52,252,2,3,2,232,A risque
U02977,2025-10-19,10,1862.02,73,4,3,2,432,Perdus
U05608,2024-11-18,10,1862.18,408,1,3,2,132,A risque
U07580,2025-04-23,4,1863.76,252,2,1,2,212,Perdus
U11240,2025-05-10,5,1864.14,235,3,2,2,322,Perdus
U10047,2025-12-14,7,1864.33,17,5,3,2,532,Perdus
U11385,2025-05-27,5,1864.73,218,3,2,2,322,Perdus
U10783,2025-02-28,6,1865.02,306,2,2,2,222,Perdus
U06732,2024-07-30,8,1865.29,519,1,3,2,132,A risque
U02186,2025-05-31,12,1865.41,214,3,4,2,342,Clients fideles
U08837,2025-06-27,18,1865.55,187,3,4,2,342,Clients fideles
U08253,2024-11-28,3,1866.05,398,1,1,2,112,Perdus
U06957,2025-09-21,13,1866.53,101,4,4,2,442,Clients fideles
U04420,2025-12-26,8,1866.62,5,5,3,2,532,Perdus
U11110,2025-11-14,17,1868.0,47,4,4,2,442,Clients fideles
U00212,2025-11-28,11,1868.32,33,5,3,2,532,Perdus
U02028,2025-12-17,5,1868.62,14,5,2,2,522,Nouveaux
U07909,2025-08-29,7,1869.08,124,4,2,2,422,Nouveaux
U11407,2025-12-31,7,1869.14,0,5,3,2,532,Perdus
U05145,2025-01-31,10,1869.14,334,2,3,2,232,A risque
U05004,2025-07-29,15,1871.03,155,3,4,2,342,Clients fideles
U09555,2025-06-23,8,1872.83,191,3,3,2,332,Perdus
U11897,2024-10-17,5,1872.98,440,1,2,2,122,Perdus
U08867,2025-01-27,7,1873.03,338,2,2,2,222,Perdus
U02178,2025-12-30,2,1875.87,1,5,1,2,512,Nouveaux
U04900,2025-04-16,8,1876.05,259,2,3,2,232,A risque
U05431,2025-04-22,10,1876.17,253,2,3,2,232,A risque
U02026,2025-10-31,15,1877.49,61,4,4,2,442,Clients fideles
U02083,2025-08-23,4,1878.19,130,3,1,2,312,Perdus
U02119,2025-08-29,12,1879.04,124,4,4,2,442,Clients fideles
U02406,2025-07-30,10,1879.52,154,3,3,2,332,Perdus
U03922,2025-06-30,12,1879.82,184,3,4,2,342,Clients fideles
U04807,2025-09-14,8,1880.1,108,4,3,2,432,Perdus
U03460,2024-04-29,4,1880.69,611,1,1,2,112,Perdus
U07769,2025-07-30,9,1881.1,154,3,3,2,332,Perdus
U02934,2025-11-19,7,1882.83,42,5,2,2,522,Nouveaux
U08587,2024-03-02,7,1883.08,669,1,2,2,122,Perdus
U10261,2025-01-28,9,1883.42,337,2,3,2,232,A risque
U11455,2024-11-28,16,1886.2,398,1,4,2,142,A risque
U06175,2024-06-12,3,1886.65,567,1,1,2,112,Perdus
U08087,2025-08-30,4,1887.96,123,4,1,2,412,Nouveaux
U07338,2025-05-19,7,1888.38,226,3,2,2,322,Perdus
U08474,2025-05-26,5,1888.79,219,3,2,2,322,Perdus
U07808,2024-06-25,5,1888.82,554,1,2,2,122,Perdus
U09723,2025-10-27,8,1889.69,65,4,3,2,432,Perdus
U00020,2024-10-31,12,1890.11,426,1,4,2,142,A risque
U07103,2024-05-10,7,1890.51,600,1,2,2,122,Perdus
U00146,2025-07-24,5,1891.49,160,3,2,2,322,Perdus
U05421,2024-09-24,8,1891.55,463,1,3,2,132,A risque
U09114,2024-12-02,7,1891.72,394,1,2,2,122,Perdus
U07033,2025-12-26,8,1891.79,5,5,3,2,532,Perdus
U00377,2024-11-23,8,1892.79,403,1,3,2,132,A risque
U06361,2025-10-04,4,1893.19,88,4,2,2,422,Nouveaux
U04947,2025-07-31,16,1893.26,153,3,4,2,342,Clients fideles
U07774,2024-01-30,4,1893.87,701,1,1,2,112,Perdus
U01632,2024-12-28,9,1895.28,368,2,3,2,232,A risque
U08855,2024-02-22,4,1895.42,678,1,1,2,112,Perdus
U06731,2025-12-20,3,1897.2,11,5,1,2,512,Nouveaux
U00723,2024-06-16,5,1898.32,563,1,2,2,122,Perdus
U07142,2025-05-19,15,1898.33,226,3,4,2,342,Clients fideles
U01187,2024-07-20,12,1898.98,529,1,4,2,142,A risque
U05173,2024-12-30,8,1899.17,366,2,3,2,232,A risque
U11097,2024-08-29,4,1900.57,489,1,1,2,112,Perdus
U09083,2025-03-01,5,1901.62,305,2,2,2,222,Perdus
U07930,2025-12-11,7,1902.46,20,5,3,2,532,Perdus
U05098,2025-09-30,2,1902.68,92,4,1,2,412,Nouveaux
U09718,2025-11-19,3,1902.72,42,5,1,2,512,Nouveaux
U05047,2025-12-12,5,1903.25,19,5,2,2,522,Nouveaux
U06825,2025-05-27,3,1904.2,218,3,1,2,312,Perdus
U11131,2024-06-28,2,1904.68,551,1,1,2,112,Perdus
U04994,2025-03-03,4,1905.31,303,2,1,2,212,Perdus
U06614,2024-11-26,8,1905.79,400,1,3,2,132,A risque
U00711,2025-11-29,10,1905.99,32,5,3,2,532,Perdus
U11853,2025-12-31,13,1906.03,0,5,4,2,542,Clients fideles
U07180,2025-11-29,1,1906.11,32,5,1,2,512,Nouveaux
U00417,2025-11-17,10,1908.01,44,5,3,2,532,Perdus
U02090,2025-12-18,8,1908.16,13,5,3,2,532,Perdus
U03390,2025-10-29,2,1908.41,63,4,1,2,412,Nouveaux
U03597,2025-04-05,10,1908.56,270,2,3,2,232,A risque
U11351,2025-11-20,9,1909.04,41,5,3,2,532,Perdus
U00113,2025-05-15,5,1909.78,230,3,2,2,322,Perdus
U10407,2025-08-29,3,1911.34,124,4,1,2,412,Nouveaux
U03971,2024-11-26,6,1911.71,400,1,2,2,122,Perdus
U10242,2024-11-27,8,1913.61,399,1,3,2,132,A risque
U11450,2025-11-17,3,1914.25,44,5,1,2,512,Nouveaux
U10521,2025-10-09,7,1914.74,83,4,2,2,422,Nouveaux
U04815,2024-08-30,8,1915.4,488,1,3,2,132,A risque
U01103,2024-09-09,2,1915.6,478,1,1,2,112,Perdus
U07735,2025-11-30,2,1918.31,31,5,1,2,512,Nouveaux
U04548,2025-02-27,12,1918.72,307,2,4,2,242,A risque
U10650,2024-12-25,6,1919.35,371,2,2,2,222,Perdus
U11892,2025-06-30,3,1919.72,184,3,1,2,312,Perdus
U10939,2025-12-31,6,1920.05,0,5,2,2,522,Nouveaux
U10382,2025-07-31,12,1920.91,153,3,4,2,342,Clients fideles
U10959,2025-10-31,6,1922.4,61,4,2,2,422,Nouveaux
U06248,2025-04-25,20,1922.68,250,2,5,2,252,A risque
U07998,2025-01-18,5,1923.19,347,2,2,2,222,Perdus
U01202,2025-02-18,4,1924.25,316,2,1,2,212,Perdus
U03735,2024-09-25,7,1924.4,462,1,2,2,122,Perdus
U05607,2025-12-27,7,1924.85,4,5,3,2,532,Perdus
U03916,2025-09-15,7,1925.34,107,4,2,2,422,Nouveaux
U01823,2025-12-24,7,1926.09,7,5,3,2,532,Perdus
U08771,2025-12-31,4,1926.27,0,5,2,2,522,Nouveaux
U05470,2024-05-28,5,1926.77,582,1,2,2,122,Perdus
U11804,2024-12-17,10,1926.79,379,2,3,2,232,A risque
U05697,2025-10-31,7,1928.18,61,4,2,2,422,Nouveaux
U08050,2025-10-19,11,1928.81,73,4,3,2,432,Perdus
U01895,2025-11-25,9,1928.83,36,5,3,2,532,Perdus
U03333,2025-09-24,4,1929.65,98,4,2,2,422,Nouveaux
U01827,2025-05-24,9,1931.1,221,3,3,2,332,Perdus
U03120,2025-11-14,5,1931.13,47,5,2,2,522,Nouveaux
U02964,2025-04-28,9,1931.45,247,2,3,2,232,A risque
U04387,2024-05-18,6,1932.14,592,1,2,2,122,Perdus
U05372,2024-05-26,5,1932.98,584,1,2,2,122,Perdus
U03471,2025-05-30,13,1932.99,215,3,4,2,342,Clients fideles
U11576,2025-05-20,9,1933.0,225,3,3,2,332,Perdus
U04658,2025-10-20,7,1934.59,72,4,2,2,422,Nouveaux
U10228,2025-05-23,5,1934.73,222,3,2,2,322,Perdus
U02635,2024-12-25,22,1935.43,371,2,5,2,252,A risque
U03156,2025-03-29,4,1935.99,277,2,1,2,212,Perdus
U09180,2024-08-16,1,1936.61,502,1,1,2,112,Perdus
U08817,2025-11-17,7,1937.48,44,5,2,2,522,Nouveaux
U01441,2025-08-27,17,1938.29,126,4,4,2,442,Clients fideles
U01345,2024-08-27,7,1938.38,491,1,2,2,122,Perdus
U06268,2025-11-12,5,1938.5,49,4,2,2,422,Nouveaux
U05560,2025-12-23,9,1938.52,8,5,3,2,532,Perdus
U11291,2025-09-28,15,1938.89,94,4,4,2,442,Clients fideles
U11621,2024-12-31,18,1938.95,365,2,4,2,242,A risque
U09040,2025-11-24,11,1941.33,37,5,3,2,532,Perdus
U07802,2024-10-26,6,1941.38,431,1,2,2,122,Perdus
U05673,2025-03-17,8,1941.67,289,2,3,2,232,A risque
U03759,2025-12-30,4,1943.2,1,5,2,2,522,Nouveaux
U94912,2024-06-03,1,1945.11,576,1,1,2,112,Perdus
U11723,2024-10-18,8,1945.3,439,1,3,2,132,A risque
U08501,2025-09-27,5,1946.71,95,4,2,2,422,Nouveaux
U11906,2025-12-25,7,1948.14,6,5,3,2,532,Perdus
U00425,2025-05-30,10,1948.93,215,3,3,2,332,Perdus
U04148,2025-10-19,6,1949.47,73,4,2,2,422,Nouveaux
U08912,2025-10-28,8,1949.52,64,4,3,2,432,Perdus
U01798,2025-09-13,17,1949.63,109,4,4,2,442,Clients fideles
U07315,2024-08-13,9,1949.88,505,1,3,2,132,A risque
U06800,2024-04-30,11,1949.98,610,1,3,2,132,A risque
U00919,2025-08-29,3,1950.13,124,4,1,2,412,Nouveaux
U02471,2024-12-22,7,1950.64,374,2,2,2,222,Perdus
U08435,2025-11-12,4,1950.76,49,4,2,2,422,Nouveaux
U06446,2025-11-28,8,1951.06,33,5,3,2,532,Perdus
U09633,2025-05-30,4,1952.37,215,3,1,2,312,Perdus
U00397,2025-12-25,9,1952.55,6,5,3,2,532,Perdus
U03825,2025-05-26,6,1953.39,219,3,2,2,322,Perdus
U07660,2025-05-14,8,1953.62,231,3,3,2,332,Perdus
U03093,2024-05-24,6,1953.75,586,1,2,2,122,Perdus
U07262,2025-10-29,5,1954.69,63,4,2,2,422,Nouveaux
U04878,2025-02-03,1,1954.84,331,2,1,2,212,Perdus
U11954,2025-10-08,9,1955.97,84,4,3,2,432,Perdus
U06703,2025-11-29,11,1956.73,32,5,3,2,532,Perdus
U06639,2024-07-30,12,1957.93,519,1,4,2,142,A risque
U09479,2025-04-26,7,1958.5,249,2,2,2,222,Perdus
U10661,2025-09-17,7,1958.5,105,4,2,2,422,Nouveaux
U08916,2024-12-25,12,1958.55,371,2,4,2,242,A risque
U10575,2025-03-24,8,1960.88,282,2,3,2,232,A risque
U10901,2025-12-27,2,1961.27,4,5,1,2,512,Nouveaux
U00210,2025-02-07,15,1962.89,327,2,4,2,242,A risque
U06856,2024-11-18,6,1963.43,408,1,2,2,122,Perdus
U01669,2025-01-05,6,1963.75,360,2,2,2,222,Perdus
U04396,2025-11-05,5,1963.95,56,4,2,2,422,Nouveaux
U10705,2025-03-21,10,1964.25,285,2,3,2,232,A risque
U08308,2024-03-14,1,1964.36,657,1,1,2,112,Perdus
U03778,2025-01-19,13,1966.32,346,2,4,2,242,A risque
U07956,2025-07-31,14,1966.6,153,3,4,2,342,Clients fideles
U03629,2025-12-25,7,1966.86,6,5,3,2,532,Perdus
U00821,2024-10-31,8,1967.7,426,1,3,2,132,A risque
U09251,2025-02-15,12,1968.79,319,2,4,2,242,A risque
U02336,2025-05-30,15,1968.98,215,3,4,2,342,Clients fideles
U05062,2025-08-29,6,1969.01,124,4,2,2,422,Nouveaux
U02666,2024-12-18,16,1969.02,378,2,4,2,242,A risque
U94618,2025-05-12,1,1969.54,233,3,1,2,312,Perdus
U10969,2025-03-31,4,1969.84,275,2,1,2,212,Perdus
U06708,2024-12-30,15,1970.14,366,2,4,2,242,A risque
U01985,2024-09-23,9,1970.66,464,1,3,2,132,A risque
U95713,2024-07-18,1,1970.8,531,1,1,2,112,Perdus
U11265,2025-09-26,11,1972.04,96,4,3,2,432,Perdus
U03235,2025-12-14,4,1972.58,17,5,2,2,522,Nouveaux
U09133,2025-02-23,12,1972.62,311,2,4,2,242,A risque
U03046,2024-01-28,5,1972.75,703,1,2,2,122,Perdus
U10204,2025-08-31,4,1972.78,122,4,2,2,422,Nouveaux
U11520,2025-11-18,17,1974.88,43,5,4,2,542,Clients fideles
U04690,2024-07-28,5,1974.9,521,1,2,2,122,Perdus
U02249,2024-05-15,11,1975.17,595,1,3,2,132,A risque
U01782,2025-10-31,9,1975.41,61,4,3,2,432,Perdus
U92357,2024-06-02,1,1976.16,577,1,1,2,112,Perdus
U07941,2025-12-31,6,1976.64,0,5,2,2,522,Nouveaux
U09834,2025-05-19,2,1976.65,226,3,1,2,312,Perdus
U08052,2025-05-18,14,1976.96,227,3,4,2,342,Clients fideles
U07125,2025-01-16,7,1977.19,349,2,2,2,222,Perdus
U09698,2025-05-14,18,1977.34,231,3,4,2,342,Clients fideles
U10849,2025-05-17,7,1978.15,228,3,2,2,322,Perdus
U03508,2025-05-27,5,1978.29,218,3,2,2,322,Perdus
U09983,2024-12-23,9,1980.28,373,2,3,2,232,A risque
U00578,2025-10-26,7,1980.56,66,4,2,2,422,Nouveaux
U11002,2024-12-22,5,1981.83,374,2,2,2,222,Perdus
U08409,2025-08-11,5,1982.18,142,3,2,2,322,Perdus
U11451,2025-12-21,4,1983.89,10,5,2,2,522,Nouveaux
U09815,2025-03-29,8,1983.98,277,2,3,2,232,A risque
U00299,2025-06-05,12,1985.52,209,3,4,2,342,Clients fideles
U00586,2025-12-19,5,1985.7,12,5,2,2,522,Nouveaux
U11066,2025-02-09,8,1986.7,325,2,3,2,232,A risque
U10323,2024-08-28,10,1986.99,490,1,3,2,132,A risque
U05640,2025-08-11,18,1987.13,142,3,4,2,342,Clients fideles
U06974,2024-12-21,11,1988.98,375,2,3,2,232,A risque
U04257,2025-11-25,8,1989.43,36,5,3,2,532,Perdus
U01460,2024-10-20,7,1990.1,437,1,2,2,122,Perdus
U10714,2025-12-05,6,1990.62,26,5,2,2,522,Nouveaux
U07535,2024-07-20,7,1992.18,529,1,2,2,122,Perdus
U11761,2025-01-24,17,1992.35,341,2,4,2,242,A risque
U00900,2025-08-30,9,1994.27,123,4,3,2,432,Perdus
U01655,2025-12-30,14,1994.57,1,5,4,2,542,Clients fideles
U06986,2025-08-26,11,1995.42,127,4,3,2,432,Perdus
U00810,2025-11-21,20,1995.71,40,5,5,2,552,Clients fideles
U02616,2025-11-23,20,1995.96,38,5,5,2,552,Clients fideles
U00294,2024-10-28,6,1996.62,429,1,2,2,122,Perdus
U06641,2024-04-30,8,1997.8,610,1,3,2,132,A risque
U10692,2025-09-30,8,1999.89,92,4,3,2,432,Perdus
U10332,2025-11-21,6,2000.04,40,5,2,2,522,Nouveaux
U08500,2025-10-01,2,2000.55,91,4,1,2,412,Nouveaux
U08713,2025-05-21,6,2001.26,224,3,2,2,322,Perdus
U03091,2025-05-11,4,2001.36,234,3,1,2,312,Perdus
U06162,2025-05-23,9,2001.7,222,3,3,2,332,Perdus
U00444,2024-10-15,10,2001.97,442,1,3,2,132,A risque
U10600,2025-11-19,11,2002.71,42,5,3,2,532,Perdus
U03999,2024-11-24,11,2002.8,402,1,3,2,132,A risque
U08288,2024-04-29,8,2003.76,611,1,3,2,132,A risque
U06745,2025-06-09,5,2004.66,205,3,2,2,322,Perdus
U11433,2025-11-18,7,2005.03,43,5,2,2,522,Nouveaux
U03000,2025-11-21,6,2006.27,40,5,2,2,522,Nouveaux
U11124,2024-11-24,18,2007.13,402,1,4,2,142,A risque
U11444,2025-11-23,6,2007.54,38,5,2,2,522,Nouveaux
U11943,2024-08-12,3,2008.08,506,1,1,2,112,Perdus
U04706,2025-12-29,7,2008.46,2,5,3,2,532,Perdus
U02191,2025-12-27,3,2008.5,4,5,1,2,512,Nouveaux
U04509,2024-11-27,16,2010.08,399,1,4,2,142,A risque
U09640,2025-01-27,10,2010.23,338,2,3,2,232,A risque
U01134,2025-12-24,13,2010.95,7,5,4,2,542,Clients fideles
U10935,2025-09-22,11,2011.26,100,4,3,2,432,Perdus
U01714,2025-06-20,8,2011.36,194,3,3,2,332,Perdus
U10625,2025-08-25,8,2011.9,128,4,3,2,432,Perdus
U03279,2025-08-19,6,2012.28,134,3,2,2,322,Perdus
U06635,2025-11-27,12,2013.69,34,5,4,2,542,Clients fideles
U06114,2025-02-25,8,2014.14,309,2,3,2,232,A risque
U08462,2025-10-30,8,2014.79,62,4,3,2,432,Perdus
U00793,2025-03-24,5,2015.87,282,2,2,2,222,Perdus
U05185,2025-12-24,4,2018.14,7,5,2,2,522,Nouveaux
U05770,2025-07-29,4,2018.56,155,3,1,2,312,Perdus
U07233,2025-11-21,2,2018.73,40,5,1,2,512,Nouveaux
U03934,2025-07-31,9,2019.32,153,3,3,2,332,Perdus
U06790,2025-06-23,8,2019.97,191,3,3,2,332,Perdus
U11510,2025-09-30,3,2021.17,92,4,1,2,412,Nouveaux
U10781,2025-01-30,6,2021.51,335,2,2,2,222,Perdus
U07104,2025-07-17,11,2021.95,167,3,3,2,332,Perdus
U08690,2025-05-15,3,2023.54,230,3,1,2,312,Perdus
U01542,2024-11-22,10,2024.28,404,1,3,2,132,A risque
U05791,2025-05-31,28,2025.88,214,3,5,2,352,Clients fideles
U08833,2025-06-24,19,2026.94,190,3,5,2,352,Clients fideles
U09857,2025-09-28,3,2027.52,94,4,1,2,412,Nouveaux
U09697,2025-08-07,4,2029.88,146,3,1,2,312,Perdus
U09014,2024-06-19,6,2031.77,560,1,2,2,122,Perdus
U01041,2025-11-17,7,2032.57,44,5,2,2,522,Nouveaux
U04132,2024-07-25,8,2032.8,524,1,3,2,132,A risque
U04319,2024-08-24,3,2032.97,494,1,1,2,112,Perdus
U02365,2025-02-28,10,2034.57,306,2,3,2,232,A risque
U00549,2025-10-28,6,2034.8,64,4,2,2,422,Nouveaux
U02944,2025-12-27,13,2035.03,4,5,4,2,542,Clients fideles
U03738,2024-12-27,6,2035.38,369,2,2,2,222,Perdus
U06868,2024-07-27,8,2038.02,522,1,3,2,132,A risque
U11748,2024-09-27,4,2038.66,460,1,1,2,112,Perdus
U00499,2025-05-14,8,2038.91,231,3,3,2,332,Perdus
U07108,2025-07-27,10,2038.96,157,3,3,2,332,Perdus
U08144,2025-05-29,17,2040.81,216,3,4,2,342,Clients fideles
U02966,2024-11-21,9,2041.57,405,1,3,2,132,A risque
U06584,2024-11-28,17,2042.0,398,1,4,2,142,A risque
U07327,2025-01-24,12,2042.09,341,2,4,2,242,A risque
U09725,2025-04-25,6,2042.28,250,2,2,2,222,Perdus
U11953,2025-12-12,6,2043.47,19,5,2,2,522,Nouveaux
U01751,2025-02-16,3,2044.09,318,2,1,2,212,Perdus
U08703,2024-11-23,8,2044.38,403,1,3,2,132,A risque
U08213,2025-02-24,19,2044.44,310,2,4,2,242,A risque
U08822,2025-10-30,7,2044.47,62,4,2,2,422,Nouveaux
U03029,2025-09-15,4,2044.69,107,4,2,2,422,Nouveaux
U06998,2025-10-25,8,2044.85,67,4,3,2,432,Perdus
U08206,2025-05-22,7,2044.98,223,3,2,2,322,Perdus
U07362,2025-01-12,3,2045.2,353,2,1,2,212,Perdus
U05499,2024-06-10,12,2045.44,569,1,4,2,142,A risque
U09811,2025-10-28,11,2045.45,64,4,3,2,432,Perdus
U02633,2025-12-17,8,2045.54,14,5,3,2,532,Perdus
U03700,2025-12-24,11,2047.09,7,5,3,2,532,Perdus
U04450,2025-07-18,5,2051.43,166,3,2,2,322,Perdus
U08225,2025-10-28,9,2052.8,64,4,3,2,432,Perdus
U05364,2024-08-26,12,2052.86,492,1,4,2,142,A risque
U03449,2024-09-29,7,2053.87,458,1,2,2,122,Perdus
U06095,2024-12-29,12,2055.35,367,2,4,2,242,A risque
U00349,2024-06-30,9,2055.98,549,1,3,2,132,A risque
U05589,2025-05-27,8,2056.82,218,3,3,2,332,Perdus
U07527,2025-06-09,10,2056.84,205,3,3,2,332,Perdus
U00607,2025-11-25,7,2057.07,36,5,2,2,522,Nouveaux
U00435,2024-10-28,9,2057.72,429,1,3,2,132,A risque
U11981,2024-12-23,6,2057.73,373,2,2,2,222,Perdus
U05312,2025-10-26,17,2058.16,66,4,4,2,442,Clients fideles
U02185,2025-03-24,5,2058.59,282,2,2,2,222,Perdus
U06115,2025-06-16,11,2059.06,198,3,3,2,332,Perdus
U08220,2024-06-07,7,2059.32,572,1,2,2,122,Perdus
U05008,2025-12-31,14,2059.53,0,5,4,2,542,Clients fideles
U03620,2025-02-18,12,2060.43,316,2,4,2,242,A risque
U08358,2025-02-10,8,2060.73,324,2,3,2,232,A risque
U08429,2025-12-31,15,2061.41,0,5,4,2,542,Clients fideles
U11437,2025-07-03,16,2062.22,181,3,4,2,342,Clients fideles
U10104,2025-09-26,6,2064.37,96,4,2,2,422,Nouveaux
U11382,2025-12-07,8,2064.39,24,5,3,2,532,Perdus
U09255,2025-08-13,2,2064.43,140,3,1,2,312,Perdus
U07568,2025-04-30,14,2066.74,245,3,4,2,342,Clients fideles
U04886,2025-11-24,6,2066.87,37,5,2,2,522,Nouveaux
U03655,2025-06-27,13,2068.93,187,3,4,2,342,Clients fideles
U05349,2025-02-25,4,2070.74,309,2,1,2,212,Perdus
U09101,2025-04-25,9,2070.77,250,2,3,2,232,A risque
U00707,2025-01-31,9,2070.84,334,2,3,2,232,A risque
U10173,2025-06-25,2,2071.07,189,3,1,2,312,Perdus
U08018,2025-03-27,15,2072.41,279,2,4,2,242,A risque
U04668,2025-07-21,10,2073.16,163,3,3,2,332,Perdus
U04793,2025-03-25,14,2074.09,281,2,4,2,242,A risque
U00993,2025-08-01,8,2074.88,152,3,3,2,332,Perdus
U07877,2025-08-31,14,2075.08,122,4,4,2,442,Clients fideles
U03103,2025-12-22,9,2075.75,9,5,3,2,532,Perdus
U06765,2025-11-12,3,2076.19,49,4,1,2,412,Nouveaux
U00687,2024-11-27,5,2076.3,399,1,2,2,122,Perdus
U11319,2025-05-29,14,2076.81,216,3,4,2,342,Clients fideles
U10301,2025-02-05,7,2078.42,329,2,2,2,222,Perdus
U03050,2025-04-24,7,2078.88,251,2,2,2,222,Perdus
U04111,2025-11-23,9,2079.27,38,5,3,2,532,Perdus
U05537,2025-11-27,7,2079.37,34,5,2,2,522,Nouveaux
U07465,2025-01-15,8,2079.75,350,2,3,2,232,A risque
U00052,2025-04-16,5,2080.52,259,2,2,2,222,Perdus
U10423,2025-02-24,10,2080.63,310,2,3,2,232,A risque
U04873,2025-12-29,5,2081.11,2,5,2,2,522,Nouveaux
U06378,2025-08-27,13,2081.71,126,4,4,2,442,Clients fideles
U00851,2024-08-20,8,2081.78,498,1,3,2,132,A risque
U02029,2024-10-12,6,2082.29,445,1,2,2,122,Perdus
U08455,2025-08-19,7,2082.53,134,3,2,2,322,Perdus
U00238,2024-06-21,10,2082.76,558,1,3,2,132,A risque
U10238,2025-06-26,5,2083.61,188,3,2,2,322,Perdus
U10162,2025-08-29,7,2083.7,124,4,2,2,422,Nouveaux
U06886,2025-09-05,4,2084.91,117,4,2,2,422,Nouveaux
U09532,2025-10-20,7,2086.48,72,4,2,2,422,Nouveaux
U07174,2025-05-29,8,2086.88,216,3,3,2,332,Perdus
U09149,2025-02-08,9,2087.81,326,2,3,2,232,A risque
U07989,2025-12-26,6,2088.88,5,5,2,2,522,Nouveaux
U07869,2025-01-27,5,2089.52,338,2,2,2,222,Perdus
U10483,2025-12-24,9,2090.14,7,5,3,2,532,Perdus
U07951,2025-10-21,17,2090.23,71,4,4,2,442,Clients fideles
U08025,2025-03-19,8,2090.33,287,2,3,2,232,A risque
U00519,2025-09-25,5,2090.41,97,4,2,2,422,Nouveaux
U02318,2025-10-30,4,2091.66,62,4,2,2,422,Nouveaux
U01254,2025-02-23,4,2093.05,311,2,1,2,212,Perdus
U08387,2025-02-25,10,2093.37,309,2,3,2,232,A risque
U06955,2025-05-31,14,2093.71,214,3,4,2,342,Clients fideles
U10080,2025-10-21,6,2094.44,71,4,2,2,422,Nouveaux
U08363,2024-10-25,8,2095.68,432,1,3,2,132,A risque
U02207,2025-10-28,15,2095.83,64,4,4,2,442,Clients fideles
U06805,2025-11-16,7,2096.35,45,5,2,2,522,Nouveaux
U09170,2025-08-22,11,2096.36,131,3,3,2,332,Perdus
U03331,2025-07-26,7,2096.46,158,3,2,2,322,Perdus
U03521,2025-12-29,6,2096.79,2,5,2,2,522,Nouveaux
U11650,2025-02-01,10,2098.57,333,2,3,2,232,A risque
U10307,2025-07-17,8,2100.88,167,3,3,2,332,Perdus
U11828,2025-08-22,8,2100.94,131,3,3,2,332,Perdus
U10055,2025-03-19,22,2101.22,287,2,5,2,252,A risque
U10463,2025-03-23,19,2101.92,283,2,4,2,242,A risque
U06421,2025-12-30,15,2102.96,1,5,4,2,542,Clients fideles
U04782,2025-11-24,6,2103.03,37,5,2,2,522,Nouveaux
U05208,2024-06-28,12,2103.22,551,1,4,2,142,A risque
U10744,2025-09-22,11,2103.83,100,4,3,2,432,Perdus
U03763,2025-08-26,17,2105.17,127,4,4,2,442,Clients fideles
U09529,2025-04-29,7,2106.77,246,2,2,2,222,Perdus
U04824,2025-05-26,13,2106.95,219,3,4,2,342,Clients fideles
U03675,2024-05-22,14,2107.23,588,1,4,2,142,A risque
U03305,2025-11-24,13,2107.3,37,5,4,2,542,Clients fideles
U11958,2025-09-28,17,2108.34,94,4,4,2,442,Clients fideles
U10838,2025-08-27,11,2109.21,126,4,3,2,432,Perdus
U07105,2025-08-29,8,2110.53,124,4,3,2,432,Perdus
U03494,2025-07-21,2,2110.59,163,3,1,2,312,Perdus
U03482,2025-11-27,21,2110.82,34,5,5,2,552,Clients fideles
U02020,2025-07-26,12,2110.98,158,3,4,2,342,Clients fideles
U02936,2025-03-26,10,2111.14,280,2,3,2,232,A risque
U03461,2025-02-13,5,2113.71,321,2,2,2,222,Perdus
U10547,2025-03-25,12,2113.89,281,2,4,2,242,A risque
U03410,2025-10-09,4,2116.1,83,4,2,2,422,Nouveaux
U03292,2024-10-26,4,2116.61,431,1,1,2,112,Perdus
U05237,2024-10-19,10,2117.66,438,1,3,2,132,A risque
U04021,2025-05-28,7,2117.76,217,3,2,2,322,Perdus
U10549,2024-08-29,6,2118.02,489,1,2,2,122,Perdus
U03008,2025-03-30,21,2118.51,276,2,5,2,252,A risque
U11371,2025-02-26,12,2119.53,308,2,4,2,242,A risque
U11443,2025-11-18,5,2120.1,43,5,2,2,522,Nouveaux
U03947,2024-05-23,4,2120.78,587,1,1,2,112,Perdus
U01259,2025-03-29,8,2120.86,277,2,3,2,232,A risque
U02461,2025-01-23,2,2121.37,342,2,1,2,212,Perdus
U01261,2025-12-31,15,2121.51,0,5,4,2,542,Clients fideles
U01550,2024-10-25,21,2121.69,432,1,5,2,152,A risque
U05941,2025-09-16,13,2122.14,106,4,4,2,442,Clients fideles
U03890,2025-09-04,14,2122.28,118,4,4,2,442,Clients fideles
U06917,2025-07-01,3,2123.25,183,3,1,2,312,Perdus
U01770,2025-03-21,16,2124.52,285,2,4,2,242,A risque
U07618,2025-12-09,8,2125.86,22,5,3,2,532,Perdus
U02778,2025-12-28,6,2126.19,3,5,2,2,522,Nouveaux
U03791,2025-10-19,5,2126.62,73,4,2,2,422,Nouveaux
U06355,2025-05-21,4,2126.98,224,3,1,2,312,Perdus
U07621,2024-11-30,16,2128.18,396,1,4,2,142,A risque
U04661,2025-12-30,6,2128.81,1,5,2,2,522,Nouveaux
U10530,2025-10-29,5,2128.91,63,4,2,2,422,Nouveaux
U02241,2025-03-24,7,2130.52,282,2,2,2,222,Perdus
U06625,2024-09-20,4,2130.66,467,1,1,2,112,Perdus
U11950,2024-11-13,3,2131.13,413,1,1,2,112,Perdus
U02765,2025-12-31,10,2132.56,0,5,3,2,532,Perdus
U06658,2025-02-28,9,2132.96,306,2,3,2,232,A risque
U05662,2025-12-31,12,2133.16,0,5,4,2,542,Clients fideles
U07836,2024-06-27,4,2133.17,552,1,1,2,112,Perdus
U09567,2024-07-27,13,2133.75,522,1,4,2,142,A risque
U00616,2025-08-25,8,2134.75,128,4,3,2,432,Perdus
U06168,2025-01-17,12,2134.95,348,2,4,2,242,A risque
U07236,2025-05-28,9,2135.17,217,3,3,2,332,Perdus
U03585,2025-12-20,3,2135.33,11,5,1,2,512,Nouveaux
U09275,2025-12-30,12,2135.47,1,5,4,2,542,Clients fideles
U06480,2025-07-26,15,2135.48,158,3,4,2,342,Clients fideles
U04759,2025-10-11,9,2135.74,81,4,3,2,432,Perdus
U06539,2025-09-22,4,2136.26,100,4,2,2,422,Nouveaux
U09322,2025-12-21,8,2138.59,10,5,3,2,532,Perdus
U11017,2025-01-10,9,2138.64,355,2,3,2,232,A risque
U11925,2025-07-11,7,2138.95,173,3,2,2,322,Perdus
U07787,2025-01-10,7,2139.44,355,2,2,2,222,Perdus
U01540,2025-08-26,12,2139.76,127,4,4,2,442,Clients fideles
U07078,2024-11-26,10,2139.92,400,1,3,2,132,A risque
U05570,2025-02-27,2,2140.21,307,2,1,2,212,Perdus
U09631,2025-08-25,5,2140.64,128,4,2,2,422,Nouveaux
U01679,2025-10-27,14,2141.19,65,4,4,2,442,Clients fideles
U07120,2025-11-12,3,2141.44,49,4,1,2,412,Nouveaux
U10106,2025-12-22,20,2141.92,9,5,5,2,552,Clients fideles
U04006,2025-01-26,4,2141.95,339,2,1,2,212,Perdus
U08816,2025-07-28,7,2142.22,156,3,2,2,322,Perdus
U11058,2025-06-20,8,2143.25,194,3,3,2,332,Perdus
U02951,2024-06-16,12,2143.68,563,1,4,2,142,A risque
U05983,2025-07-26,5,2143.82,158,3,2,2,322,Perdus
U94111,2025-01-06,1,2143.92,359,2,1,2,212,Perdus
U08651,2025-05-13,15,2143.95,232,3,4,2,342,Clients fideles
U08414,2025-07-03,15,2144.06,181,3,4,2,342,Clients fideles
U08700,2025-09-28,7,2144.23,94,4,2,2,422,Nouveaux
U07555,2025-12-27,4,2144.71,4,5,2,2,522,Nouveaux
U10378,2025-04-15,4,2145.2,260,2,1,2,212,Perdus
U02895,2025-04-25,14,2145.31,250,2,4,2,242,A risque
U10971,2025-05-05,5,2145.77,240,3,2,2,322,Perdus
U06633,2025-09-28,9,2146.2,94,4,3,2,432,Perdus
U01646,2024-05-16,9,2146.93,594,1,3,2,132,A risque
U10707,2025-11-02,10,2149.0,59,4,3,2,432,Perdus
U00846,2025-12-29,9,2150.16,2,5,3,2,532,Perdus
U07591,2025-09-21,16,2151.63,101,4,4,2,442,Clients fideles
U04911,2024-09-27,9,2151.73,460,1,3,2,132,A risque
U06779,2025-11-25,7,2152.38,36,5,2,2,522,Nouveaux
U11220,2024-11-16,6,2152.41,410,1,2,2,122,Perdus
U11718,2025-06-09,5,2152.56,205,3,2,2,322,Perdus
U01221,2025-02-16,7,2152.81,318,2,2,2,222,Perdus
U04008,2025-12-29,7,2153.08,2,5,3,2,532,Perdus
U01951,2024-12-23,5,2154.29,373,2,2,2,222,Perdus
U11235,2025-09-04,6,2154.46,118,4,2,2,422,Nouveaux
U04516,2025-06-23,7,2154.49,191,3,2,2,322,Perdus
U01133,2025-02-27,12,2154.84,307,2,4,2,242,A risque
U05687,2024-04-30,6,2154.87,610,1,2,3,123,Perdus
U07860,2024-01-31,4,2155.46,700,1,1,3,113,Perdus
U98294,2025-09-09,2,2155.54,113,4,1,3,413,Nouveaux
U09517,2025-08-30,3,2155.63,123,4,1,3,413,Nouveaux
U06493,2025-11-18,10,2157.29,43,5,3,3,533,Perdus
U01398,2024-10-24,5,2159.32,433,1,2,3,123,Perdus
U09810,2025-09-02,10,2159.36,120,4,3,3,433,Perdus
U07293,2025-11-28,7,2159.92,33,5,2,3,523,Nouveaux
U06905,2024-12-21,6,2160.1,375,2,2,3,223,Perdus
U11303,2025-07-18,6,2160.53,166,3,2,3,323,Perdus
U01850,2025-07-23,4,2161.18,161,3,1,3,313,Perdus
U11558,2024-06-19,3,2161.41,560,1,1,3,113,Perdus
U03617,2025-09-17,10,2161.51,105,4,3,3,433,Perdus
U00765,2025-10-19,5,2161.57,73,4,2,3,423,Nouveaux
U02430,2025-09-03,4,2161.68,119,4,2,3,423,Nouveaux
U02538,2025-11-24,8,2162.2,37,5,3,3,533,Perdus
U02385,2025-09-22,9,2162.25,100,4,3,3,433,Perdus
U03555,2024-10-20,13,2165.18,437,1,4,3,143,A risque
U10078,2024-09-30,4,2166.4,457,1,1,3,113,Perdus
U02422,2024-06-19,4,2167.76,560,1,1,3,113,Perdus
U02308,2025-10-09,5,2169.81,83,4,2,3,423,Nouveaux
U06011,2024-09-30,7,2169.82,457,1,2,3,123,Perdus
U10070,2025-12-25,35,2170.32,6,5,5,3,553,Clients fideles
U04368,2025-01-20,10,2172.59,345,2,3,3,233,A risque
U00569,2025-08-26,6,2173.43,127,4,2,3,423,Nouveaux
U03590,2025-04-23,8,2174.94,252,2,3,3,233,A risque
U07429,2025-08-26,10,2175.23,127,4,3,3,433,Perdus
U03609,2025-07-10,6,2175.24,174,3,2,3,323,Perdus
U01161,2025-10-19,12,2175.58,73,4,4,3,443,Clients fideles
U03642,2025-09-22,19,2175.6,100,4,5,3,453,Clients fideles
U09096,2024-05-16,3,2175.75,594,1,1,3,113,Perdus
U08045,2025-08-31,15,2175.94,122,4,4,3,443,Clients fideles
U08987,2024-08-29,8,2176.12,489,1,3,3,133,A risque
U08411,2024-08-23,5,2177.48,495,1,2,3,123,Perdus
U91478,2025-09-25,1,2178.65,97,4,1,3,413,Nouveaux
U05647,2025-05-26,4,2179.89,219,3,1,3,313,Perdus
U02245,2025-10-12,5,2180.93,80,4,2,3,423,Nouveaux
U11775,2024-01-31,4,2181.04,700,1,1,3,113,Perdus
U02134,2025-11-26,12,2181.74,35,5,4,3,543,Clients fideles
U08572,2024-01-30,5,2182.42,701,1,2,3,123,Perdus
U08711,2025-06-19,7,2182.6,195,3,2,3,323,Perdus
U11585,2025-11-25,12,2183.19,36,5,4,3,543,Clients fideles
U00169,2025-05-27,11,2183.2,218,3,3,3,333,Perdus
U10871,2025-12-27,10,2183.22,4,5,3,3,533,Perdus
U11461,2025-11-27,5,2184.42,34,5,2,3,523,Nouveaux
U00486,2024-08-25,9,2184.51,493,1,3,3,133,A risque
U00396,2024-05-30,6,2184.52,580,1,2,3,123,Perdus
U06670,2025-10-28,8,2185.09,64,4,3,3,433,Perdus
U04376,2025-07-12,3,2185.11,172,3,1,3,313,Perdus
U03299,2025-06-26,12,2185.92,188,3,4,3,343,Clients fideles
U09634,2025-11-26,11,2185.94,35,5,3,3,533,Perdus
U03549,2025-10-28,7,2187.89,64,4,2,3,423,Nouveaux
U06616,2025-07-28,7,2189.03,156,3,2,3,323,Perdus
U04721,2025-12-22,3,2189.51,9,5,1,3,513,Nouveaux
U09574,2024-09-25,4,2189.67,462,1,1,3,113,Perdus
U09081,2025-12-23,19,2191.07,8,5,5,3,553,Clients fideles
U05149,2025-08-21,5,2191.13,132,3,2,3,323,Perdus
U09301,2025-08-30,11,2191.44,123,4,3,3,433,Perdus
U02115,2025-09-24,10,2192.07,98,4,3,3,433,Perdus
U06180,2025-12-28,6,2192.16,3,5,2,3,523,Nouveaux
U06135,2024-10-30,6,2192.22,427,1,2,3,123,Perdus
U04610,2025-01-15,5,2192.91,350,2,2,3,223,Perdus
U05961,2025-04-30,1,2193.48,245,3,1,3,313,Perdus
U07921,2024-12-27,13,2193.59,369,2,4,3,243,A risque
U07509,2025-12-14,9,2195.59,17,5,3,3,533,Perdus
U08021,2025-03-27,7,2195.91,279,2,2,3,223,Perdus
U00154,2025-02-18,15,2196.07,316,2,4,3,243,A risque
U11937,2025-09-06,1,2196.16,116,4,1,3,413,Nouveaux
U06415,2025-05-19,13,2197.67,226,3,4,3,343,Clients fideles
U04743,2025-12-19,5,2198.51,12,5,2,3,523,Nouveaux
U05933,2025-12-05,4,2200.44,26,5,2,3,523,Nouveaux
U10794,2025-11-15,3,2201.36,46,5,1,3,513,Nouveaux
U00135,2025-12-14,6,2202.02,17,5,2,3,523,Nouveaux
U06496,2024-05-23,6,2202.07,587,1,2,3,123,Perdus
U04780,2025-09-22,13,2203.01,100,4,4,3,443,Clients fideles
U05777,2025-11-08,7,2203.46,53,4,2,3,423,Nouveaux
U05447,2024-06-23,14,2203.64,556,1,4,3,143,A risque
U02140,2025-07-29,7,2204.76,155,3,2,3,323,Perdus
U02518,2025-07-21,21,2205.58,163,3,5,3,353,Clients fideles
U04506,2025-05-18,8,2207.15,227,3,3,3,333,Perdus
U11783,2025-11-28,10,2208.25,33,5,3,3,533,Perdus
U10833,2025-10-31,6,2208.29,61,4,2,3,423,Nouveaux
U06205,2025-10-20,8,2208.87,72,4,3,3,433,Perdus
U09797,2025-03-16,8,2209.02,290,2,3,3,233,A risque
U03737,2025-05-30,10,2210.19,215,3,3,3,333,Perdus
U03713,2025-11-23,12,2210.36,38,5,4,3,543,Clients fideles
U01567,2024-12-17,3,2212.47,379,2,1,3,213,Perdus
U04546,2025-01-21,16,2213.12,344,2,4,3,243,A risque
U10949,2024-12-25,7,2214.58,371,2,2,3,223,Perdus
U02795,2025-01-08,8,2215.68,357,2,3,3,233,A risque
U00016,2025-01-27,7,2216.37,338,2,2,3,223,Perdus
U11246,2025-11-28,9,2216.88,33,5,3,3,533,Perdus
U02060,2025-09-06,9,2217.4,116,4,3,3,433,Perdus
U06549,2025-12-29,10,2218.13,2,5,3,3,533,Perdus
U01243,2025-11-05,13,2218.17,56,4,4,3,443,Clients fideles
U10339,2025-06-29,13,2219.19,185,3,4,3,343,Clients fideles
U10555,2025-06-19,6,2220.7,195,3,2,3,323,Perdus
U01245,2025-05-13,11,2220.8,232,3,3,3,333,Perdus
U02957,2025-12-08,4,2222.42,23,5,2,3,523,Nouveaux
U00957,2025-12-28,7,2222.6,3,5,3,3,533,Perdus
U08627,2025-12-22,12,2222.84,9,5,4,3,543,Clients fideles
U01838,2024-12-31,19,2223.29,365,2,4,3,243,A risque
U04187,2025-10-19,7,2223.44,73,4,2,3,423,Nouveaux
U09556,2025-02-24,7,2223.53,310,2,2,3,223,Perdus
U07000,2025-08-27,14,2224.02,126,4,4,3,443,Clients fideles
U07622,2025-11-27,5,2224.77,34,5,2,3,523,Nouveaux
U08247,2025-11-30,8,2225.57,31,5,3,3,533,Perdus
U02324,2025-10-11,3,2225.79,81,4,1,3,413,Nouveaux
U02798,2025-12-26,3,2226.37,5,5,1,3,513,Nouveaux
U01095,2025-01-24,7,2226.89,341,2,2,3,223,Perdus
U09284,2025-01-22,8,2226.92,343,2,3,3,233,A risque
U04942,2025-12-29,14,2228.96,2,5,4,3,543,Clients fideles
U07975,2024-12-31,11,2229.25,365,2,3,3,233,A risque
U09281,2025-01-26,6,2231.08,339,2,2,3,223,Perdus
U01864,2025-10-25,11,2231.13,67,4,3,3,433,Perdus
U10986,2025-06-25,15,2231.45,189,3,4,3,343,Clients fideles
U03822,2025-01-16,8,2232.55,349,2,3,3,233,A risque
U01814,2025-12-31,12,2232.93,0,5,4,3,543,Clients fideles
U01888,2025-03-22,5,2232.94,284,2,2,3,223,Perdus
U06652,2025-02-26,13,2233.26,308,2,4,3,243,A risque
U02409,2024-10-26,3,2234.32,431,1,1,3,113,Perdus
U10187,2025-10-27,6,2234.91,65,4,2,3,423,Nouveaux
U07153,2025-12-17,3,2235.3,14,5,1,3,513,Nouveaux
U05418,2024-11-06,5,2235.31,420,1,2,3,123,Perdus
U06556,2025-12-15,6,2237.49,16,5,2,3,523,Nouveaux
U10065,2024-10-19,10,2238.71,438,1,3,3,133,A risque
U10519,2024-09-25,13,2238.88,462,1,4,3,143,A risque
U10805,2025-08-29,7,2239.06,124,4,2,3,423,Nouveaux
U05759,2025-11-29,18,2239.59,32,5,4,3,543,Clients fideles
U02609,2025-08-31,6,2240.06,122,4,2,3,423,Nouveaux
U00642,2025-08-20,8,2241.78,133,3,3,3,333,Perdus
U06738,2025-09-30,5,2242.35,92,4,2,3,423,Nouveaux
U03588,2025-04-24,10,2242.52,251,2,3,3,233,A risque
U11760,2025-05-13,2,2243.65,232,3,1,3,313,Perdus
U07019,2025-08-31,11,2244.16,122,4,3,3,433,Perdus
U01391,2024-12-28,15,2244.44,368,2,4,3,243,A risque
U04144,2025-05-27,10,2247.1,218,3,3,3,333,Perdus
U05154,2025-12-29,13,2247.64,2,5,4,3,543,Clients fideles
U09968,2025-08-17,8,2248.46,136,3,3,3,333,Perdus
U03820,2024-04-23,2,2249.68,617,1,1,3,113,Perdus
U09985,2025-10-29,13,2249.76,63,4,4,3,443,Clients fideles
U04281,2025-11-28,11,2250.87,33,5,3,3,533,Perdus
U07994,2025-05-14,14,2251.65,231,3,4,3,343,Clients fideles
U02855,2025-07-17,4,2251.87,167,3,1,3,313,Perdus
U05550,2025-11-01,4,2253.25,60,4,2,3,423,Nouveaux
U01447,2025-11-28,5,2254.48,33,5,2,3,523,Nouveaux
U04005,2025-09-27,4,2254.81,95,4,2,3,423,Nouveaux
U00219,2025-07-28,8,2255.24,156,3,3,3,333,Perdus
U11334,2025-05-15,8,2256.1,230,3,3,3,333,Perdus
U02879,2025-06-18,11,2257.42,196,3,3,3,333,Perdus
U08746,2025-06-25,6,2257.45,189,3,2,3,323,Perdus
U11869,2025-08-28,6,2257.67,125,4,2,3,423,Nouveaux
U09789,2025-09-27,14,2257.89,95,4,4,3,443,Clients fideles
U01346,2024-06-16,8,2258.84,563,1,3,3,133,A risque
U03841,2025-02-24,9,2259.62,310,2,3,3,233,A risque
U11639,2025-09-25,12,2260.2,97,4,4,3,443,Clients fideles
U05830,2025-01-01,10,2261.01,364,2,3,3,233,A risque
U03270,2024-08-30,7,2261.11,488,1,2,3,123,Perdus
U11392,2025-07-22,16,2261.33,162,3,4,3,343,Clients fideles
U03816,2025-12-28,13,2261.35,3,5,4,3,543,Clients fideles
U01353,2025-03-12,5,2261.78,294,2,2,3,223,Perdus
U01017,2025-12-27,11,2262.03,4,5,3,3,533,Perdus
U06407,2024-10-27,5,2262.79,430,1,2,3,123,Perdus
U08117,2025-11-15,16,2264.14,46,5,4,3,543,Clients fideles
U05860,2025-11-28,14,2265.53,33,5,4,3,543,Clients fideles
U07225,2024-11-26,13,2266.32,400,1,4,3,143,A risque
U09110,2025-10-01,1,2266.67,91,4,1,3,413,Nouveaux
U97775,2025-02-06,1,2266.72,328,2,1,3,213,Perdus
U07075,2025-04-25,6,2267.91,250,2,2,3,223,Perdus
U07631,2025-12-02,7,2268.42,29,5,3,3,533,Perdus
U10310,2025-09-10,11,2268.96,112,4,3,3,433,Perdus
U08475,2024-12-25,7,2270.38,371,2,2,3,223,Perdus
U05575,2025-03-10,4,2270.78,296,2,1,3,213,Perdus
U90889,2025-02-06,1,2271.46,328,2,1,3,213,Perdus
U02228,2024-08-22,4,2271.58,496,1,1,3,113,Perdus
U04984,2025-11-24,5,2271.64,37,5,2,3,523,Nouveaux
U06239,2025-10-23,15,2271.85,69,4,4,3,443,Clients fideles
U10487,2024-07-11,4,2271.86,538,1,1,3,113,Perdus
U01576,2025-08-19,13,2273.02,134,3,4,3,343,Clients fideles
U04348,2025-03-28,8,2274.58,278,2,3,3,233,A risque
U09584,2024-12-22,9,2275.94,374,2,3,3,233,A risque
U10260,2025-06-21,7,2276.01,193,3,2,3,323,Perdus
U06541,2025-05-22,5,2278.18,223,3,2,3,323,Perdus
U10531,2025-07-16,6,2278.44,168,3,2,3,323,Perdus
U06981,2025-07-30,7,2278.46,154,3,2,3,323,Perdus
U00186,2025-06-18,15,2278.64,196,3,4,3,343,Clients fideles
U03153,2025-06-24,12,2279.23,190,3,4,3,343,Clients fideles
U07189,2025-03-10,6,2279.78,296,2,2,3,223,Perdus
U04432,2024-10-18,5,2281.23,439,1,2,3,123,Perdus
U91468,2024-03-11,1,2282.43,660,1,1,3,113,Perdus
U10269,2025-01-27,13,2283.69,338,2,4,3,243,A risque
U08610,2024-12-26,9,2283.82,370,2,3,3,233,A risque
U08042,2025-09-27,9,2283.94,95,4,3,3,433,Perdus
U10109,2025-10-27,3,2284.61,65,4,1,3,413,Nouveaux
U09533,2024-11-11,10,2284.64,415,1,3,3,133,A risque
U01125,2025-02-27,9,2286.22,307,2,3,3,233,A risque
U08791,2025-12-20,13,2286.23,11,5,4,3,543,Clients fideles
U04796,2024-10-20,5,2286.9,437,1,2,3,123,Perdus
U05082,2024-12-12,5,2287.72,384,1,2,3,123,Perdus
U07057,2025-01-24,4,2288.11,341,2,1,3,213,Perdus
U02793,2025-08-27,18,2292.51,126,4,4,3,443,Clients fideles
U04547,2024-11-27,10,2292.63,399,1,3,3,133,A risque
U02939,2025-10-20,4,2293.27,72,4,2,3,423,Nouveaux
U08576,2025-05-22,7,2293.66,223,3,2,3,323,Perdus
U07856,2025-10-30,11,2294.81,62,4,3,3,433,Perdus
U10142,2025-09-18,7,2294.86,104,4,2,3,423,Nouveaux
U07508,2025-12-28,8,2295.54,3,5,3,3,533,Perdus
U00308,2025-10-15,12,2295.56,77,4,4,3,443,Clients fideles
U09109,2025-11-18,5,2295.68,43,5,2,3,523,Nouveaux
U06837,2025-01-29,11,2296.31,336,2,3,3,233,A risque
U10621,2025-10-14,5,2296.48,78,4,2,3,423,Nouveaux
U06988,2025-04-28,5,2297.31,247,2,2,3,223,Perdus
U09989,2025-12-26,10,2297.37,5,5,3,3,533,Perdus
U11472,2025-10-25,10,2298.44,67,4,3,3,433,Perdus
U01499,2025-02-21,23,2298.51,313,2,5,3,253,A risque
U09737,2025-12-29,6,2298.97,2,5,2,3,523,Nouveaux
U00967,2025-11-28,8,2299.5,33,5,3,3,533,Perdus
U04441,2025-12-18,5,2299.59,13,5,2,3,523,Nouveaux
U06194,2025-03-31,11,2299.74,275,2,3,3,233,A risque
U05050,2025-12-22,4,2299.88,9,5,2,3,523,Nouveaux
U07872,2025-12-09,7,2301.07,22,5,3,3,533,Perdus
U07963,2025-08-30,10,2301.49,123,4,3,3,433,Perdus
U07737,2024-05-30,4,2304.24,580,1,1,3,113,Perdus
U00071,2024-10-24,5,2304.69,433,1,2,3,123,Perdus
U11818,2024-09-25,5,2305.04,462,1,2,3,123,Perdus
U08649,2024-08-28,6,2305.22,490,1,2,3,123,Perdus
U09787,2025-08-31,4,2305.45,122,4,2,3,423,Nouveaux
U01396,2025-01-29,8,2305.84,336,2,3,3,233,A risque
U10816,2025-07-31,4,2306.13,153,3,1,3,313,Perdus
U10190,2025-01-21,6,2307.63,344,2,2,3,223,Perdus
U07427,2024-10-28,6,2307.92,429,1,2,3,123,Perdus
U09980,2025-10-29,8,2308.44,63,4,3,3,433,Perdus
U05357,2024-08-19,4,2308.66,499,1,1,3,113,Perdus
U00538,2025-11-30,8,2309.56,31,5,3,3,533,Perdus
U08840,2024-10-24,2,2309.77,433,1,1,3,113,Perdus
U06835,2024-06-20,4,2309.79,559,1,1,3,113,Perdus
U11936,2024-09-29,12,2309.8,458,1,4,3,143,A risque
U04109,2025-07-11,3,2311.42,173,3,1,3,313,Perdus
U10123,2025-02-24,15,2311.93,310,2,4,3,243,A risque
U05859,2024-11-01,15,2312.01,425,1,4,3,143,A risque
U03662,2025-04-30,10,2312.12,245,3,3,3,333,Perdus
U09113,2024-06-16,5,2313.42,563,1,2,3,123,Perdus
U05533,2025-03-27,9,2313.52,279,2,3,3,233,A risque
U05347,2025-02-22,10,2313.66,312,2,3,3,233,A risque
U10666,2025-04-22,10,2314.59,253,2,3,3,233,A risque
U04308,2025-02-19,10,2314.96,315,2,3,3,233,A risque
U07873,2025-12-26,9,2315.09,5,5,3,3,533,Perdus
U06534,2025-11-24,20,2315.6,37,5,5,3,553,Clients fideles
U02085,2025-07-19,16,2315.77,165,3,4,3,343,Clients fideles
U02989,2025-09-29,6,2316.32,93,4,2,3,423,Nouveaux
U06724,2025-07-29,3,2316.71,155,3,1,3,313,Perdus
U11805,2024-12-31,6,2317.09,365,2,2,3,223,Perdus
U01721,2025-12-28,11,2318.27,3,5,3,3,533,Perdus
U05616,2024-06-16,11,2319.05,563,1,3,3,133,A risque
U10567,2025-06-04,4,2319.16,210,3,1,3,313,Perdus
U00706,2025-11-23,6,2319.22,38,5,2,3,523,Nouveaux
U10873,2025-08-17,4,2320.65,136,3,1,3,313,Perdus
U04181,2025-02-21,18,2321.15,313,2,4,3,243,A risque
U00882,2025-12-31,11,2321.63,0,5,4,3,543,Clients fideles
U02455,2025-08-28,12,2322.36,125,4,4,3,443,Clients fideles
U09715,2024-10-24,5,2322.57,433,1,2,3,123,Perdus
U07495,2025-08-18,8,2324.56,135,3,3,3,333,Perdus
U05802,2025-04-09,5,2326.46,266,2,2,3,223,Perdus
U04758,2025-10-31,14,2327.76,61,4,4,3,443,Clients fideles
U02878,2025-05-11,9,2328.83,234,3,3,3,333,Perdus
U01878,2024-12-20,7,2329.2,376,2,2,3,223,Perdus
U02332,2024-09-25,6,2329.71,462,1,2,3,123,Perdus
U05181,2024-06-21,21,2330.96,558,1,5,3,153,A risque
U10524,2025-02-14,10,2330.99,320,2,3,3,233,A risque
U09524,2025-06-30,4,2331.09,184,3,1,3,313,Perdus
U05141,2025-12-29,6,2332.0,2,5,2,3,523,Nouveaux
U00104,2025-09-23,8,2332.08,99,4,3,3,433,Perdus
U10075,2024-10-25,8,2332.72,432,1,3,3,133,A risque
U09597,2025-02-09,7,2333.86,325,2,2,3,223,Perdus
U09068,2025-11-13,8,2334.92,48,4,3,3,433,Perdus
U11772,2024-11-27,7,2336.43,399,1,2,3,123,Perdus
U06746,2024-02-19,4,2337.66,681,1,1,3,113,Perdus
U11088,2025-09-27,4,2337.69,95,4,2,3,423,Nouveaux
U04036,2024-12-21,12,2341.59,375,2,4,3,243,A risque
U10850,2025-04-28,11,2342.25,247,2,3,3,233,A risque
U03446,2024-10-10,8,2343.49,447,1,3,3,133,A risque
U03512,2025-11-26,7,2348.96,35,5,2,3,523,Nouveaux
U10622,2025-01-16,6,2349.75,349,2,2,3,223,Perdus
U00813,2024-12-27,6,2351.08,369,2,2,3,223,Perdus
U00227,2025-05-20,5,2351.24,225,3,2,3,323,Perdus
U08765,2025-12-29,9,2352.07,2,5,3,3,533,Perdus
U06692,2025-03-31,14,2352.93,275,2,4,3,243,A risque
U02791,2025-12-18,8,2353.43,13,5,3,3,533,Perdus
U02166,2025-08-25,11,2353.72,128,4,3,3,433,Perdus
U01121,2025-03-19,12,2354.96,287,2,4,3,243,A risque
U00266,2025-04-24,5,2355.78,251,2,2,3,223,Perdus
U05599,2024-10-29,21,2355.85,428,1,5,3,153,A risque
U10658,2025-12-03,3,2356.22,28,5,1,3,513,Nouveaux
U00542,2025-10-29,6,2356.68,63,4,2,3,423,Nouveaux
U02825,2025-06-06,9,2357.18,208,3,3,3,333,Perdus
U06255,2025-07-24,14,2359.52,160,3,4,3,343,Clients fideles
U01780,2025-12-11,11,2361.06,20,5,3,3,533,Perdus
U00545,2025-11-28,20,2361.21,33,5,5,3,553,Clients fideles
U10630,2024-08-26,9,2361.81,492,1,3,3,133,A risque
U08472,2025-12-20,6,2363.09,11,5,2,3,523,Nouveaux
U10219,2025-10-27,6,2363.35,65,4,2,3,423,Nouveaux
U01154,2025-09-30,15,2364.25,92,4,4,3,443,Clients fideles
U05507,2025-11-26,7,2366.17,35,5,2,3,523,Nouveaux
U04653,2024-11-01,12,2366.67,425,1,4,3,143,A risque
U01832,2025-11-28,7,2367.1,33,5,2,3,523,Nouveaux
U00634,2025-11-11,8,2367.64,50,4,3,3,433,Perdus
U08097,2025-01-31,10,2367.64,334,2,3,3,233,A risque
U04513,2025-09-27,7,2368.15,95,4,2,3,423,Nouveaux
U04863,2024-09-26,14,2368.58,461,1,4,3,143,A risque
U05590,2025-12-29,3,2368.61,2,5,1,3,513,Nouveaux
U05727,2025-05-25,8,2369.05,220,3,3,3,333,Perdus
U10313,2025-01-30,11,2369.05,335,2,3,3,233,A risque
U04543,2025-09-10,10,2369.53,112,4,3,3,433,Perdus
U09050,2024-08-28,12,2371.36,490,1,4,3,143,A risque
U11691,2025-09-24,5,2371.59,98,4,2,3,423,Nouveaux
U06219,2025-04-22,8,2371.87,253,2,3,3,233,A risque
U07678,2024-12-12,9,2372.55,384,1,3,3,133,A risque
U07990,2025-07-10,10,2372.69,174,3,3,3,333,Perdus
U05698,2025-12-28,22,2373.61,3,5,5,3,553,Clients fideles
U07498,2025-08-25,9,2374.2,128,4,3,3,433,Perdus
U05523,2025-05-27,11,2374.51,218,3,3,3,333,Perdus
U04711,2024-07-31,14,2374.92,518,1,4,3,143,A risque
U11935,2025-05-28,9,2375.46,217,3,3,3,333,Perdus
U04828,2025-11-12,18,2376.47,49,4,4,3,443,Clients fideles
U06091,2025-06-15,9,2377.08,199,3,3,3,333,Perdus
U11964,2025-10-22,14,2378.46,70,4,4,3,443,Clients fideles
U00918,2025-05-18,3,2378.65,227,3,1,3,313,Perdus
U05966,2025-07-26,10,2379.13,158,3,3,3,333,Perdus
U07481,2024-07-02,6,2379.94,547,1,2,3,123,Perdus
U10580,2024-12-26,11,2380.04,370,2,3,3,233,A risque
U07697,2025-09-29,6,2380.3,93,4,2,3,423,Nouveaux
U11488,2024-10-26,8,2380.49,431,1,3,3,133,A risque
U02372,2024-04-16,2,2380.82,624,1,1,3,113,Perdus
U06275,2025-03-21,10,2381.12,285,2,3,3,233,A risque
U07082,2024-07-24,3,2381.91,525,1,1,3,113,Perdus
U08174,2025-05-30,14,2382.89,215,3,4,3,343,Clients fideles
U07167,2025-11-25,4,2383.12,36,5,2,3,523,Nouveaux
U10779,2025-10-18,14,2383.31,74,4,4,3,443,Clients fideles
U08537,2025-11-28,12,2384.05,33,5,4,3,543,Clients fideles
U06402,2024-12-31,5,2384.23,365,2,2,3,223,Perdus
U00725,2024-12-12,4,2384.37,384,1,1,3,113,Perdus
U11729,2025-12-12,15,2384.71,19,5,4,3,543,Clients fideles
U05315,2025-12-27,16,2385.47,4,5,4,3,543,Clients fideles
U00832,2024-08-29,19,2389.24,489,1,4,3,143,A risque
U08476,2025-12-25,17,2389.68,6,5,4,3,543,Clients fideles
U01437,2024-12-24,11,2392.39,372,2,3,3,233,A risque
U05255,2024-06-25,11,2393.46,554,1,3,3,133,A risque
U09729,2025-05-28,17,2395.32,217,3,4,3,343,Clients fideles
U04038,2024-07-13,7,2395.62,536,1,2,3,123,Perdus
U06912,2025-12-21,18,2396.96,10,5,4,3,543,Clients fideles
U10486,2025-09-16,6,2397.03,106,4,2,3,423,Nouveaux
U06068,2025-08-31,19,2397.8,122,4,5,3,453,Clients fideles
U11288,2024-08-03,6,2399.4,515,1,2,3,123,Perdus
U01862,2025-11-15,4,2400.45,46,5,2,3,523,Nouveaux
U09649,2025-06-27,13,2400.79,187,3,4,3,343,Clients fideles
U99135,2024-03-20,1,2401.51,651,1,1,3,113,Perdus
U06329,2025-10-27,7,2402.57,65,4,2,3,423,Nouveaux
U06133,2025-08-29,17,2402.61,124,4,4,3,443,Clients fideles
U07328,2025-06-18,4,2402.88,196,3,1,3,313,Perdus
U01585,2025-12-14,12,2403.85,17,5,4,3,543,Clients fideles
U01248,2024-09-24,7,2404.77,463,1,2,3,123,Perdus
U00864,2025-07-20,10,2405.59,164,3,3,3,333,Perdus
U05351,2025-10-23,5,2407.06,69,4,2,3,423,Nouveaux
U08294,2024-11-30,9,2407.18,396,1,3,3,133,A risque
U00521,2025-05-22,5,2407.86,223,3,2,3,323,Perdus
U06973,2024-10-13,14,2410.16,444,1,4,3,143,A risque
U08324,2025-05-28,3,2410.37,217,3,1,3,313,Perdus
U11445,2025-05-10,9,2411.43,235,3,3,3,333,Perdus
U00896,2025-07-31,15,2411.67,153,3,4,3,343,Clients fideles
U04265,2025-10-25,10,2411.72,67,4,3,3,433,Perdus
U05403,2025-05-01,11,2411.83,244,3,3,3,333,Perdus
U05711,2024-12-29,30,2412.15,367,2,5,3,253,A risque
U05987,2025-02-13,9,2412.24,321,2,3,3,233,A risque
U06624,2025-09-06,9,2413.14,116,4,3,3,433,Perdus
U10800,2025-10-04,7,2413.53,88,4,2,3,423,Nouveaux
U04848,2025-09-23,10,2415.23,99,4,3,3,433,Perdus
U01525,2025-01-29,16,2415.96,336,2,4,3,243,A risque
U06088,2024-11-30,15,2416.39,396,1,4,3,143,A risque
U06636,2024-04-30,6,2416.83,610,1,2,3,123,Perdus
U01682,2025-08-29,5,2416.96,124,4,2,3,423,Nouveaux
U11845,2025-06-15,12,2416.98,199,3,4,3,343,Clients fideles
U03727,2025-06-28,12,2417.1,186,3,4,3,343,Clients fideles
U03377,2024-07-22,5,2417.12,527,1,2,3,123,Perdus
U09910,2025-11-24,13,2417.63,37,5,4,3,543,Clients fideles
U03885,2024-07-31,8,2418.16,518,1,3,3,133,A risque
U04222,2025-11-17,6,2419.32,44,5,2,3,523,Nouveaux
U05187,2025-09-27,5,2421.56,95,4,2,3,423,Nouveaux
U09751,2025-11-24,10,2421.99,37,5,3,3,533,Perdus
U03492,2025-11-21,10,2422.16,40,5,3,3,533,Perdus
U00847,2024-12-05,10,2422.52,391,1,3,3,133,A risque
U09374,2024-11-28,16,2422.99,398,1,4,3,143,A risque
U10764,2025-12-31,7,2423.05,0,5,3,3,533,Perdus
U04748,2025-05-13,5,2423.61,232,3,2,3,323,Perdus
U05299,2024-09-20,5,2423.86,467,1,2,3,123,Perdus
U07289,2024-05-31,4,2424.48,579,1,1,3,113,Perdus
U00931,2024-01-30,2,2425.84,701,1,1,3,113,Perdus
U06208,2025-08-24,24,2426.75,129,3,5,3,353,Clients fideles
U04612,2025-07-30,8,2426.94,154,3,3,3,333,Perdus
U10830,2025-07-24,4,2428.78,160,3,1,3,313,Perdus
U08744,2025-12-21,5,2429.28,10,5,2,3,523,Nouveaux
U00065,2025-02-27,13,2429.3,307,2,4,3,243,A risque
U06470,2025-10-28,8,2429.85,64,4,3,3,433,Perdus
U02891,2025-09-25,13,2430.06,97,4,4,3,443,Clients fideles
U01069,2025-07-18,15,2430.23,166,3,4,3,343,Clients fideles
U05301,2025-10-28,5,2430.3,64,4,2,3,423,Nouveaux
U02509,2025-10-18,9,2430.8,74,4,3,3,433,Perdus
U10237,2025-07-26,9,2430.91,158,3,3,3,333,Perdus
U05938,2025-12-15,1,2432.72,16,5,1,3,513,Nouveaux
U02836,2025-10-28,20,2433.1,64,4,5,3,453,Clients fideles
U06225,2025-04-07,5,2433.62,268,2,2,3,223,Perdus
U09562,2025-11-21,5,2434.25,40,5,2,3,523,Nouveaux
U04594,2024-05-15,5,2434.44,595,1,2,3,123,Perdus
U01689,2025-11-25,9,2435.12,36,5,3,3,533,Perdus
U04087,2025-06-14,3,2436.64,200,3,1,3,313,Perdus
U00136,2024-05-24,4,2437.13,586,1,1,3,113,Perdus
U01156,2025-05-26,5,2439.71,219,3,2,3,323,Perdus
U08080,2025-10-28,15,2439.73,64,4,4,3,443,Clients fideles
U00405,2024-07-01,1,2439.9,548,1,1,3,113,Perdus
U10043,2025-10-24,7,2440.8,68,4,2,3,423,Nouveaux
U09790,2025-05-28,8,2440.91,217,3,3,3,333,Perdus
U01534,2024-11-29,9,2441.55,397,1,3,3,133,A risque
U10723,2025-07-30,9,2441.68,154,3,3,3,333,Perdus
U04457,2025-07-09,8,2442.7,175,3,3,3,333,Perdus
U07685,2025-01-23,9,2445.46,342,2,3,3,233,A risque
U03766,2025-05-10,9,2447.33,235,3,3,3,333,Perdus
U10125,2025-10-31,6,2447.53,61,4,2,3,423,Nouveaux
U04581,2025-12-30,9,2448.01,1,5,3,3,533,Perdus
U01151,2025-04-16,8,2448.27,259,2,3,3,233,A risque
U05653,2025-11-09,10,2448.75,52,4,3,3,433,Perdus
U04311,2025-04-28,19,2449.37,247,2,5,3,253,A risque
U03615,2025-02-14,6,2449.69,320,2,2,3,223,Perdus
U06889,2025-09-29,11,2450.19,93,4,3,3,433,Perdus
U03350,2025-07-26,13,2451.18,158,3,4,3,343,Clients fideles
U07583,2025-04-26,11,2452.36,249,2,3,3,233,A risque
U06833,2025-05-17,6,2453.07,228,3,2,3,323,Perdus
U10110,2025-10-29,5,2453.48,63,4,2,3,423,Nouveaux
U04180,2025-09-30,24,2453.51,92,4,5,3,453,Clients fideles
U04220,2025-04-03,5,2453.71,272,2,2,3,223,Perdus
U10869,2025-04-22,9,2453.93,253,2,3,3,233,A risque
U01304,2025-06-27,10,2454.56,187,3,3,3,333,Perdus
U09874,2025-05-31,14,2456.19,214,3,4,3,343,Clients fideles
U01366,2025-12-25,14,2456.85,6,5,4,3,543,Clients fideles
U11098,2025-12-19,8,2457.06,12,5,3,3,533,Perdus
U07827,2025-05-17,17,2457.63,228,3,4,3,343,Clients fideles
U07367,2025-11-30,12,2457.64,31,5,4,3,543,Clients fideles
U00892,2024-08-28,8,2457.65,490,1,3,3,133,A risque
U00563,2025-08-30,7,2457.92,123,4,2,3,423,Nouveaux
U06853,2025-08-30,13,2458.39,123,4,4,3,443,Clients fideles
U01572,2025-08-29,15,2458.63,124,4,4,3,443,Clients fideles
U02291,2025-02-26,9,2459.36,308,2,3,3,233,A risque
U03722,2025-12-02,10,2460.36,29,5,3,3,533,Perdus
U06414,2025-08-14,21,2461.66,139,3,5,3,353,Clients fideles
U11215,2025-09-22,5,2462.22,100,4,2,3,423,Nouveaux
U06483,2025-10-28,6,2464.66,64,4,2,3,423,Nouveaux
U03313,2025-04-29,12,2465.19,246,2,4,3,243,A risque
U02580,2024-07-19,3,2465.4,530,1,1,3,113,Perdus
U09557,2025-05-27,7,2466.65,218,3,2,3,323,Perdus
U11931,2025-01-23,14,2467.66,342,2,4,3,243,A risque
U01302,2025-08-31,10,2467.9,122,4,3,3,433,Perdus
U05222,2024-12-29,14,2468.78,367,2,4,3,243,A risque
U09607,2025-12-27,3,2470.15,4,5,1,3,513,Nouveaux
U05659,2025-03-31,8,2470.46,275,2,3,3,233,A risque
U01093,2025-01-14,6,2470.53,351,2,2,3,223,Perdus
U00750,2025-08-22,11,2470.76,131,3,3,3,333,Perdus
U08229,2024-02-02,6,2471.06,698,1,2,3,123,Perdus
U07766,2024-09-25,11,2472.17,462,1,3,3,133,A risque
U06515,2025-05-31,12,2472.51,214,3,4,3,343,Clients fideles
U08513,2025-02-21,4,2472.79,313,2,1,3,213,Perdus
U10094,2025-03-12,6,2474.45,294,2,2,3,223,Perdus
U09853,2025-04-28,11,2475.83,247,2,3,3,233,A risque
U05816,2025-05-31,9,2476.05,214,3,3,3,333,Perdus
U07425,2024-08-04,5,2476.76,514,1,2,3,123,Perdus
U11823,2024-12-22,8,2477.05,374,2,3,3,233,A risque
U02558,2025-02-27,13,2479.82,307,2,4,3,243,A risque
U02952,2025-12-30,10,2480.34,1,5,3,3,533,Perdus
U11052,2025-09-26,10,2481.17,96,4,3,3,433,Perdus
U07266,2025-11-22,10,2481.22,39,5,3,3,533,Perdus
U06388,2025-01-17,9,2481.39,348,2,3,3,233,A risque
U09025,2025-04-25,4,2481.65,250,2,1,3,213,Perdus
U04328,2024-05-27,1,2485.6,583,1,1,3,113,Perdus
U05873,2025-05-25,18,2486.72,220,3,4,3,343,Clients fideles
U06067,2024-11-12,8,2487.23,414,1,3,3,133,A risque
U05465,2025-09-27,10,2489.12,95,4,3,3,433,Perdus
U08302,2025-06-29,19,2489.62,185,3,5,3,353,Clients fideles
U09148,2025-11-27,5,2490.45,34,5,2,3,523,Nouveaux
U03155,2025-06-20,4,2494.64,194,3,1,3,313,Perdus
U05514,2025-12-28,4,2495.99,3,5,2,3,523,Nouveaux
U05914,2025-05-30,11,2496.24,215,3,3,3,333,Perdus
U09106,2025-12-31,15,2496.25,0,5,4,3,543,Clients fideles
U04688,2025-11-29,2,2496.75,32,5,1,3,513,Nouveaux
U07604,2025-11-22,4,2497.94,39,5,2,3,523,Nouveaux
U11976,2024-11-25,14,2498.04,401,1,4,3,143,A risque
U03181,2025-03-27,21,2498.11,279,2,5,3,253,A risque
U11666,2025-07-24,12,2498.68,160,3,4,3,343,Clients fideles
U02650,2025-08-30,4,2498.73,123,4,1,3,413,Nouveaux
U10373,2025-09-21,5,2500.01,101,4,2,3,423,Nouveaux
U07146,2025-12-26,8,2500.3,5,5,3,3,533,Perdus
U00724,2025-06-22,7,2501.38,192,3,2,3,323,Perdus
U10797,2025-10-30,11,2503.54,62,4,3,3,433,Perdus
U11409,2024-11-22,7,2503.85,404,1,2,3,123,Perdus
U10672,2025-05-21,7,2505.22,224,3,2,3,323,Perdus
U02617,2024-04-24,6,2505.35,616,1,2,3,123,Perdus
U09250,2024-09-25,13,2507.53,462,1,4,3,143,A risque
U00094,2025-11-29,8,2507.99,32,5,3,3,533,Perdus
U06977,2024-10-31,8,2508.23,426,1,3,3,133,A risque
U08155,2025-06-30,12,2508.7,184,3,4,3,343,Clients fideles
U00393,2025-06-21,10,2510.5,193,3,3,3,333,Perdus
U11236,2025-12-24,8,2510.67,7,5,3,3,533,Perdus
U07417,2024-07-31,2,2511.63,518,1,1,3,113,Perdus
U08970,2025-11-22,7,2513.68,39,5,2,3,523,Nouveaux
U00543,2024-12-23,15,2513.92,373,2,4,3,243,A risque
U09387,2025-10-05,9,2513.96,87,4,3,3,433,Perdus
U02589,2025-02-13,5,2514.84,321,2,2,3,223,Perdus
U10115,2025-12-29,21,2515.2,2,5,5,3,553,Clients fideles
U07267,2025-10-27,8,2515.21,65,4,3,3,433,Perdus
U07576,2025-09-26,9,2516.15,96,4,3,3,433,Perdus
U06231,2025-05-25,11,2516.2,220,3,3,3,333,Perdus
U07382,2025-02-28,8,2516.47,306,2,3,3,233,A risque
U00459,2025-02-18,10,2516.67,316,2,3,3,233,A risque
U00870,2025-04-10,6,2517.86,265,2,2,3,223,Perdus
U11210,2025-05-23,12,2518.46,222,3,4,3,343,Clients fideles
U03428,2025-06-23,6,2518.9,191,3,2,3,323,Perdus
U06721,2025-12-22,2,2520.38,9,5,1,3,513,Nouveaux
U07447,2025-04-02,4,2521.99,273,2,1,3,213,Perdus
U02321,2025-09-02,5,2523.11,120,4,2,3,423,Nouveaux
U04771,2025-09-30,9,2523.46,92,4,3,3,433,Perdus
U05398,2025-07-31,7,2523.76,153,3,2,3,323,Perdus
U06726,2024-11-29,12,2524.08,397,1,4,3,143,A risque
U10726,2024-12-19,11,2524.32,377,2,3,3,233,A risque
U10875,2025-02-02,8,2525.77,332,2,3,3,233,A risque
U06036,2025-10-27,17,2525.83,65,4,4,3,443,Clients fideles
U11091,2025-10-22,3,2526.06,70,4,1,3,413,Nouveaux
U08514,2025-10-31,6,2526.24,61,4,2,3,423,Nouveaux
U11393,2025-11-19,4,2526.55,42,5,2,3,523,Nouveaux
U07611,2025-09-07,8,2527.25,115,4,3,3,433,Perdus
U00340,2025-03-24,8,2527.51,282,2,3,3,233,A risque
U00066,2024-11-11,7,2527.52,415,1,2,3,123,Perdus
U05557,2025-02-26,3,2527.99,308,2,1,3,213,Perdus
U02810,2025-04-24,7,2529.04,251,2,2,3,223,Perdus
U05053,2024-11-25,9,2529.57,401,1,3,3,133,A risque
U09870,2025-10-29,15,2530.38,63,4,4,3,443,Clients fideles
U07062,2024-12-05,8,2531.64,391,1,3,3,133,A risque
U09263,2024-09-06,5,2531.7,481,1,2,3,123,Perdus
U08106,2025-08-18,6,2531.72,135,3,2,3,323,Perdus
U05172,2025-09-20,8,2531.81,102,4,3,3,433,Perdus
U06958,2025-06-27,7,2531.87,187,3,2,3,323,Perdus
U00428,2025-10-25,6,2532.09,67,4,2,3,423,Nouveaux
U01658,2025-06-26,8,2532.25,188,3,3,3,333,Perdus
U10532,2025-12-19,10,2532.3,12,5,3,3,533,Perdus
U11035,2024-04-30,9,2532.56,610,1,3,3,133,A risque
U11744,2025-10-25,7,2533.66,67,4,2,3,423,Nouveaux
U11408,2024-08-31,4,2533.97,487,1,1,3,113,Perdus
U02358,2024-07-30,15,2534.08,519,1,4,3,143,A risque
U06198,2024-11-23,10,2535.3,403,1,3,3,133,A risque
U03190,2025-08-31,16,2536.5,122,4,4,3,443,Clients fideles
U00677,2025-10-10,5,2537.35,82,4,2,3,423,Nouveaux
U09486,2025-01-18,9,2537.48,347,2,3,3,233,A risque
U00156,2024-10-31,7,2538.58,426,1,2,3,123,Perdus
U07278,2025-12-25,13,2538.78,6,5,4,3,543,Clients fideles
U06952,2025-10-25,13,2538.91,67,4,4,3,443,Clients fideles
U09053,2025-09-26,6,2539.1,96,4,2,3,423,Nouveaux
U11735,2024-11-19,12,2540.07,407,1,4,3,143,A risque
U03098,2025-06-07,2,2541.24,207,3,1,3,313,Perdus
U05975,2025-08-24,7,2541.99,129,4,2,3,423,Nouveaux
U03421,2025-11-17,2,2542.53,44,5,1,3,513,Nouveaux
U04976,2024-08-31,18,2542.81,487,1,4,3,143,A risque
U03280,2024-06-30,7,2542.89,549,1,2,3,123,Perdus
U10515,2025-10-31,2,2543.6,61,4,1,3,413,Nouveaux
U06877,2024-07-24,10,2543.63,525,1,3,3,133,A risque
U05737,2025-03-31,17,2545.34,275,2,4,3,243,A risque
U10296,2024-09-19,8,2545.89,468,1,3,3,133,A risque
U06919,2025-10-03,12,2546.24,89,4,4,3,443,Clients fideles
U06360,2024-09-09,12,2546.46,478,1,4,3,143,A risque
U00660,2025-05-29,13,2546.96,216,3,4,3,343,Clients fideles
U11831,2024-07-28,3,2549.3,521,1,1,3,113,Perdus
U06319,2024-10-28,11,2549.52,429,1,3,3,133,A risque
U04428,2025-05-03,8,2549.86,242,3,3,3,333,Perdus
U05051,2025-10-24,5,2550.57,68,4,2,3,423,Nouveaux
U02759,2025-04-30,4,2550.58,245,3,1,3,313,Perdus
U07513,2025-06-23,5,2550.9,191,3,2,3,323,Perdus
U06598,2024-08-11,6,2551.38,507,1,2,3,123,Perdus
U11652,2025-12-21,5,2551.99,10,5,2,3,523,Nouveaux
U11933,2025-09-23,9,2552.97,99,4,3,3,433,Perdus
U10879,2024-11-22,5,2553.06,404,1,2,3,123,Perdus
U11524,2025-11-29,9,2554.16,32,5,3,3,533,Perdus
U11138,2024-11-26,10,2555.17,400,1,3,3,133,A risque
U05934,2025-11-04,6,2556.01,57,4,2,3,423,Nouveaux
U01747,2024-12-21,9,2556.82,375,2,3,3,233,A risque
U04018,2025-04-16,9,2557.73,259,2,3,3,233,A risque
U08535,2025-07-31,4,2558.06,153,3,1,3,313,Perdus
U05101,2025-08-14,14,2558.14,139,3,4,3,343,Clients fideles
U03222,2024-12-13,11,2558.64,383,2,3,3,233,A risque
U09130,2025-12-19,7,2559.69,12,5,3,3,533,Perdus
U01184,2024-08-29,6,2560.83,489,1,2,3,123,Perdus
U11280,2025-06-26,13,2561.8,188,3,4,3,343,Clients fideles
U04641,2025-05-28,14,2562.16,217,3,4,3,343,Clients fideles
U00476,2025-01-27,13,2562.71,338,2,4,3,243,A risque
U11484,2024-12-29,3,2563.03,367,2,1,3,213,Perdus
U01993,2025-05-28,18,2566.21,217,3,4,3,343,Clients fideles
U11007,2025-10-11,7,2566.53,81,4,2,3,423,Nouveaux
U10262,2024-08-09,5,2566.91,509,1,2,3,123,Perdus
U02277,2025-11-05,10,2567.61,56,4,3,3,433,Perdus
U02498,2024-11-23,8,2567.84,403,1,3,3,133,A risque
U01432,2025-09-26,15,2568.62,96,4,4,3,443,Clients fideles
U10535,2025-08-18,12,2568.64,135,3,4,3,343,Clients fideles
U00287,2024-12-27,12,2569.63,369,2,4,3,243,A risque
U11618,2025-04-22,6,2570.09,253,2,2,3,223,Perdus
U11466,2024-12-18,7,2572.95,378,2,2,3,223,Perdus
U04182,2025-11-22,10,2576.57,39,5,3,3,533,Perdus
U07795,2024-02-18,2,2577.41,682,1,1,3,113,Perdus
U07967,2025-12-28,15,2577.97,3,5,4,3,543,Clients fideles
U10225,2024-05-24,4,2578.25,586,1,1,3,113,Perdus
U06502,2025-11-30,16,2578.38,31,5,4,3,543,Clients fideles
U06251,2024-05-18,5,2578.66,592,1,2,3,123,Perdus
U11144,2025-02-17,6,2581.06,317,2,2,3,223,Perdus
U10615,2025-12-24,10,2581.2,7,5,3,3,533,Perdus
U00472,2024-11-29,9,2581.32,397,1,3,3,133,A risque
U08571,2025-06-30,16,2581.9,184,3,4,3,343,Clients fideles
U11777,2025-11-30,3,2582.16,31,5,1,3,513,Nouveaux
U03678,2025-11-17,10,2582.44,44,5,3,3,533,Perdus
U06980,2024-11-05,9,2584.06,421,1,3,3,133,A risque
U04521,2024-08-29,8,2584.75,489,1,3,3,133,A risque
U02220,2025-08-25,16,2584.8,128,4,4,3,443,Clients fideles
U08972,2025-10-29,8,2585.2,63,4,3,3,433,Perdus
U05512,2025-12-28,22,2585.87,3,5,5,3,553,Clients fideles
U04255,2025-02-26,9,2589.18,308,2,3,3,233,A risque
U00084,2025-08-19,4,2589.24,134,3,1,3,313,Perdus
U09693,2025-11-30,3,2589.51,31,5,1,3,513,Nouveaux
U11939,2025-06-27,12,2589.8,187,3,4,3,343,Clients fideles
U06760,2025-09-30,7,2590.11,92,4,2,3,423,Nouveaux
U03088,2025-05-05,2,2590.32,240,3,1,3,313,Perdus
U10183,2025-04-08,13,2590.55,267,2,4,3,243,A risque
U04943,2025-11-23,12,2591.02,38,5,4,3,543,Clients fideles
U01539,2025-05-26,9,2591.65,219,3,3,3,333,Perdus
U06158,2024-11-08,5,2592.8,418,1,2,3,123,Perdus
U07712,2025-12-26,5,2595.86,5,5,2,3,523,Nouveaux
U09701,2025-10-29,10,2595.88,63,4,3,3,433,Perdus
U06293,2025-02-24,8,2596.38,310,2,3,3,233,A risque
U02890,2024-11-18,4,2596.49,408,1,1,3,113,Perdus
U07480,2025-07-19,7,2597.42,165,3,2,3,323,Perdus
U05132,2025-03-30,11,2597.73,276,2,3,3,233,A risque
U00811,2025-12-31,7,2598.2,0,5,3,3,533,Perdus
U08881,2025-07-26,8,2598.96,158,3,3,3,333,Perdus
U06053,2025-11-25,8,2599.88,36,5,3,3,533,Perdus
U03274,2024-05-14,11,2600.09,596,1,3,3,133,A risque
U09065,2025-05-29,11,2600.65,216,3,3,3,333,Perdus
U00621,2025-12-26,9,2600.95,5,5,3,3,533,Perdus
U01378,2025-10-18,5,2602.73,74,4,2,3,423,Nouveaux
U06894,2025-11-24,6,2603.8,37,5,2,3,523,Nouveaux
U07177,2025-11-30,8,2603.89,31,5,3,3,533,Perdus
U04591,2025-10-26,7,2604.68,66,4,2,3,423,Nouveaux
U07356,2024-11-20,4,2604.8,406,1,1,3,113,Perdus
U09224,2025-07-23,8,2605.89,161,3,3,3,333,Perdus
U11742,2025-08-24,10,2606.0,129,3,3,3,333,Perdus
U10852,2025-10-30,12,2607.14,62,4,4,3,443,Clients fideles
U01028,2025-09-27,4,2607.38,95,4,2,3,423,Nouveaux
U01788,2025-09-27,12,2607.72,95,4,4,3,443,Clients fideles
U05197,2025-06-09,12,2607.86,205,3,4,3,343,Clients fideles
U00360,2025-12-07,7,2608.5,24,5,3,3,533,Perdus
U03991,2025-09-19,4,2609.17,103,4,2,3,423,Nouveaux
U03059,2025-06-22,11,2610.67,192,3,3,3,333,Perdus
U03191,2025-03-31,17,2611.28,275,2,4,3,243,A risque
U07222,2025-08-19,15,2611.31,134,3,4,3,343,Clients fideles
U02106,2025-02-11,9,2611.41,323,2,3,3,233,A risque
U05580,2025-12-17,3,2611.44,14,5,1,3,513,Nouveaux
U03891,2025-12-16,12,2611.68,15,5,4,3,543,Clients fideles
U02183,2025-06-28,21,2612.27,186,3,5,3,353,Clients fideles
U07414,2025-06-23,14,2613.08,191,3,4,3,343,Clients fideles
U02035,2025-04-02,8,2613.13,273,2,3,3,233,A risque
U03745,2025-11-08,5,2614.46,53,4,2,3,423,Nouveaux
U10380,2025-12-26,15,2614.89,5,5,4,3,543,Clients fideles
U11495,2025-12-28,7,2615.57,3,5,3,3,533,Perdus
U08989,2025-08-23,9,2616.61,130,3,3,3,333,Perdus
U05902,2025-06-06,11,2616.72,208,3,3,3,333,Perdus
U08842,2025-07-03,8,2618.07,181,3,3,3,333,Perdus
U03630,2025-06-28,3,2618.48,186,3,1,3,313,Perdus
U05123,2025-07-22,23,2619.13,162,3,5,3,353,Clients fideles
U96125,2024-05-02,1,2620.19,608,1,1,3,113,Perdus
U06866,2025-12-30,10,2620.94,1,5,3,3,533,Perdus
U08590,2025-06-30,12,2621.17,184,3,4,3,343,Clients fideles
U11846,2025-10-19,5,2622.82,73,4,2,3,423,Nouveaux
U08944,2024-11-16,9,2623.07,410,1,3,3,133,A risque
U00237,2025-06-17,6,2623.19,197,3,2,3,323,Perdus
U05492,2024-07-31,8,2623.2,518,1,3,3,133,A risque
U08497,2024-08-21,9,2623.94,497,1,3,3,133,A risque
U07311,2025-11-27,7,2625.21,34,5,2,3,523,Nouveaux
U06824,2025-08-26,7,2625.71,127,4,2,3,423,Nouveaux
U10383,2024-10-26,22,2627.51,431,1,5,3,153,A risque
U01067,2025-07-21,8,2628.21,163,3,3,3,333,Perdus
U08866,2025-10-21,8,2628.41,71,4,3,3,433,Perdus
U05184,2025-01-13,5,2628.42,352,2,2,3,223,Perdus
U10751,2025-05-15,10,2628.46,230,3,3,3,333,Perdus
U10478,2025-12-31,22,2628.76,0,5,5,3,553,Clients fideles
U07079,2025-03-31,24,2628.76,275,2,5,3,253,A risque
U05165,2025-01-21,7,2628.78,344,2,2,3,223,Perdus
U02734,2025-11-28,12,2630.5,33,5,4,3,543,Clients fideles
U02379,2025-06-26,8,2630.53,188,3,3,3,333,Perdus
U01633,2025-08-26,9,2630.69,127,4,3,3,433,Perdus
U06809,2025-08-28,7,2631.93,125,4,2,3,423,Nouveaux
U08814,2025-11-09,1,2632.03,52,4,1,3,413,Nouveaux
U09032,2025-11-27,8,2632.46,34,5,3,3,533,Perdus
U08046,2025-08-24,16,2632.7,129,3,4,3,343,Clients fideles
U05012,2025-11-19,5,2633.2,42,5,2,3,523,Nouveaux
U02905,2025-01-16,11,2633.58,349,2,3,3,233,A risque
U00296,2025-09-14,6,2637.44,108,4,2,3,423,Nouveaux
U10178,2025-07-31,11,2637.8,153,3,3,3,333,Perdus
U03957,2025-11-16,15,2638.76,45,5,4,3,543,Clients fideles
U05867,2025-03-30,7,2640.21,276,2,2,3,223,Perdus
U00500,2024-08-18,6,2641.2,500,1,2,3,123,Perdus
U10694,2025-05-21,8,2641.77,224,3,3,3,333,Perdus
U11104,2025-02-27,18,2642.24,307,2,4,3,243,A risque
U03547,2025-09-29,11,2642.75,93,4,3,3,433,Perdus
U01630,2024-10-25,22,2643.4,432,1,5,3,153,A risque
U10240,2025-12-18,11,2644.88,13,5,3,3,533,Perdus
U00050,2025-03-14,11,2647.01,292,2,3,3,233,A risque
U05152,2025-08-31,3,2647.09,122,4,1,3,413,Nouveaux
U09945,2025-09-17,12,2647.8,105,4,4,3,443,Clients fideles
U11545,2025-02-27,9,2648.08,307,2,3,3,233,A risque
U07364,2025-08-31,6,2648.93,122,4,2,3,423,Nouveaux
U05163,2025-02-07,5,2650.09,327,2,2,3,223,Perdus
U05853,2025-07-28,6,2650.7,156,3,2,3,323,Perdus
U07336,2025-08-29,10,2651.49,124,4,3,3,433,Perdus
U00389,2025-05-27,13,2651.94,218,3,4,3,343,Clients fideles
U08483,2025-11-24,7,2652.02,37,5,2,3,523,Nouveaux
U01313,2025-03-28,5,2652.04,278,2,2,3,223,Perdus
U00043,2025-10-31,24,2652.37,61,4,5,3,453,Clients fideles
U03489,2025-02-23,15,2653.46,311,2,4,3,243,A risque
U00636,2025-11-24,10,2655.01,37,5,3,3,533,Perdus
U02586,2025-10-10,4,2657.07,82,4,2,3,423,Nouveaux
U01620,2025-07-03,6,2658.01,181,3,2,3,323,Perdus
U08738,2025-02-16,5,2658.41,318,2,2,3,223,Perdus
U07494,2025-12-24,10,2659.99,7,5,3,3,533,Perdus
U03761,2025-07-26,12,2661.1,158,3,4,3,343,Clients fideles
U08109,2025-09-26,9,2661.12,96,4,3,3,433,Perdus
U07365,2025-09-26,17,2661.86,96,4,4,3,443,Clients fideles
U04189,2024-11-19,6,2664.25,407,1,2,3,123,Perdus
U00785,2024-12-28,4,2666.24,368,2,1,3,213,Perdus
U01967,2025-06-29,12,2669.85,185,3,4,3,343,Clients fideles
U00010,2025-10-26,8,2671.76,66,4,3,3,433,Perdus
U06914,2025-12-25,9,2673.44,6,5,3,3,533,Perdus
U00566,2025-10-18,7,2674.69,74,4,2,3,423,Nouveaux
U11391,2025-12-10,13,2674.94,21,5,4,3,543,Clients fideles
U06193,2025-05-27,7,2675.79,218,3,2,3,323,Perdus
U07031,2025-09-25,6,2675.85,97,4,2,3,423,Nouveaux
U05556,2025-02-26,14,2675.9,308,2,4,3,243,A risque
U07431,2025-07-13,14,2676.47,171,3,4,3,343,Clients fideles
U02649,2024-09-12,11,2677.34,475,1,3,3,133,A risque
U09042,2025-10-23,4,2677.62,69,4,2,3,423,Nouveaux
U10221,2025-02-19,9,2679.13,315,2,3,3,233,A risque
U02392,2025-06-28,12,2679.55,186,3,4,3,343,Clients fideles
U03330,2025-04-23,16,2680.46,252,2,4,3,243,A risque
U02808,2025-05-31,6,2681.09,214,3,2,3,323,Perdus
U05034,2025-08-25,8,2681.67,128,4,3,3,433,Perdus
U00763,2025-12-14,11,2682.35,17,5,3,3,533,Perdus
U08787,2025-03-10,3,2683.15,296,2,1,3,213,Perdus
U04565,2025-06-27,17,2683.22,187,3,4,3,343,Clients fideles
U08171,2024-10-06,9,2683.52,451,1,3,3,133,A risque
U08142,2025-06-28,15,2683.78,186,3,4,3,343,Clients fideles
U09245,2025-03-19,5,2684.19,287,2,2,3,223,Perdus
U00712,2025-05-26,9,2685.72,219,3,3,3,333,Perdus
U03663,2025-09-19,8,2685.89,103,4,3,3,433,Perdus
U03855,2024-04-08,3,2686.02,632,1,1,3,113,Perdus
U03355,2025-12-29,7,2686.75,2,5,3,3,533,Perdus
U10750,2025-10-30,6,2687.81,62,4,2,3,423,Nouveaux
U00056,2025-08-07,15,2688.88,146,3,4,3,343,Clients fideles
U08531,2025-12-27,5,2689.3,4,5,2,3,523,Nouveaux
U01424,2025-11-25,15,2689.91,36,5,4,3,543,Clients fideles
U10874,2025-07-31,10,2690.28,153,3,3,3,333,Perdus
U04722,2025-10-30,11,2692.68,62,4,3,3,433,Perdus
U08287,2025-09-20,8,2693.83,102,4,3,3,433,Perdus
U01667,2025-10-30,12,2695.34,62,4,4,3,443,Clients fideles
U04630,2024-06-24,11,2695.43,555,1,3,3,133,A risque
U01899,2025-01-31,18,2695.93,334,2,4,3,243,A risque
U01716,2024-10-15,21,2695.98,442,1,5,3,153,A risque
U11044,2025-07-26,15,2697.18,158,3,4,3,343,Clients fideles
U08754,2025-03-14,7,2698.98,292,2,2,3,223,Perdus
U10044,2025-10-24,15,2699.4,68,4,4,3,443,Clients fideles
U03671,2025-03-30,3,2699.98,276,2,1,3,213,Perdus
U01921,2025-05-27,12,2700.56,218,3,4,3,343,Clients fideles
U08160,2025-04-22,4,2701.58,253,2,1,3,213,Perdus
U05277,2025-11-28,9,2701.67,33,5,3,3,533,Perdus
U06044,2025-06-15,18,2701.67,199,3,4,3,343,Clients fideles
U10784,2025-09-28,14,2703.48,94,4,4,3,443,Clients fideles
U10837,2024-07-29,4,2704.88,520,1,1,3,113,Perdus
U03001,2025-07-30,16,2705.88,154,3,4,3,343,Clients fideles
U07346,2025-06-25,16,2706.54,189,3,4,3,343,Clients fideles
U11740,2024-11-29,7,2706.73,397,1,2,3,123,Perdus
U06244,2025-10-16,4,2706.99,76,4,2,3,423,Nouveaux
U10647,2025-05-22,9,2707.07,223,3,3,3,333,Perdus
U04488,2024-12-29,10,2707.63,367,2,3,3,233,A risque
U05243,2024-11-23,8,2708.25,403,1,3,3,133,A risque
U06566,2024-12-25,12,2710.03,371,2,4,3,243,A risque
U03261,2025-10-29,5,2713.95,63,4,2,3,423,Nouveaux
U11965,2025-04-04,7,2715.08,271,2,2,3,223,Perdus
U00268,2025-12-18,6,2716.2,13,5,2,3,523,Nouveaux
U03883,2025-09-22,24,2717.5,100,4,5,3,453,Clients fideles
U07400,2024-09-26,8,2719.31,461,1,3,3,133,A risque
U05715,2025-05-23,22,2721.05,222,3,5,3,353,Clients fideles
U02473,2025-12-27,7,2721.57,4,5,3,3,533,Perdus
U02973,2025-06-25,8,2721.68,189,3,3,3,333,Perdus
U01489,2025-09-29,15,2724.69,93,4,4,3,443,Clients fideles
U01647,2025-04-14,10,2725.22,261,2,3,3,233,A risque
U10467,2025-12-31,9,2725.31,0,5,3,3,533,Perdus
U10676,2025-11-22,8,2725.35,39,5,3,3,533,Perdus
U07880,2025-08-29,8,2725.91,124,4,3,3,433,Perdus
U03439,2025-06-24,13,2726.39,190,3,4,3,343,Clients fideles
U07141,2024-07-28,7,2727.16,521,1,2,3,123,Perdus
U08057,2025-06-28,14,2728.94,186,3,4,3,343,Clients fideles
U07796,2025-07-20,5,2729.11,164,3,2,3,323,Perdus
U07213,2025-12-24,11,2729.8,7,5,3,3,533,Perdus
U09520,2024-08-18,6,2731.17,500,1,2,3,123,Perdus
U05907,2025-08-11,11,2731.2,142,3,3,3,333,Perdus
U04935,2025-02-27,6,2733.88,307,2,2,3,223,Perdus
U01408,2025-12-14,24,2734.0,17,5,5,3,553,Clients fideles
U01806,2025-10-26,3,2734.43,66,4,1,3,413,Nouveaux
U10061,2024-12-27,8,2734.45,369,2,3,3,233,A risque
U09513,2025-05-31,11,2734.95,214,3,3,3,333,Perdus
U08580,2025-07-25,7,2735.77,159,3,2,3,323,Perdus
U06629,2025-09-25,6,2736.27,97,4,2,3,423,Nouveaux
U01315,2025-02-20,7,2737.65,314,2,2,3,223,Perdus
U03813,2024-10-06,4,2738.13,451,1,1,3,113,Perdus
U05787,2024-11-27,7,2739.9,399,1,2,3,123,Perdus
U06508,2025-09-26,11,2740.82,96,4,3,3,433,Perdus
U06337,2025-12-19,5,2741.89,12,5,2,3,523,Nouveaux
U01700,2025-08-27,10,2742.13,126,4,3,3,433,Perdus
U08748,2024-08-31,7,2743.28,487,1,2,3,123,Perdus
U06983,2025-10-12,8,2743.49,80,4,3,3,433,Perdus
U00188,2025-10-26,9,2744.19,66,4,3,3,433,Perdus
U03399,2024-12-31,11,2747.01,365,2,3,3,233,A risque
U09069,2025-06-12,29,2747.64,202,3,5,3,353,Clients fideles
U05677,2025-01-27,9,2749.64,338,2,3,3,233,A risque
U11715,2025-12-18,8,2751.27,13,5,3,3,533,Perdus
U11623,2025-05-10,4,2754.42,235,3,1,3,313,Perdus
U05950,2025-09-27,6,2755.92,95,4,2,3,423,Nouveaux
U01727,2024-12-29,4,2756.42,367,2,1,3,213,Perdus
U04881,2025-12-24,9,2756.78,7,5,3,3,533,Perdus
U09264,2024-12-29,6,2756.84,367,2,2,3,223,Perdus
U05419,2024-06-04,10,2759.12,575,1,3,3,133,A risque
U02968,2024-12-06,2,2761.21,390,1,1,3,113,Perdus
U01840,2025-06-06,10,2763.16,208,3,3,3,333,Perdus
U03600,2024-12-28,8,2763.77,368,2,3,3,233,A risque
U10559,2025-08-31,4,2764.86,122,4,2,3,423,Nouveaux
U09423,2025-09-17,4,2764.98,105,4,2,3,423,Nouveaux
U11795,2025-11-18,7,2765.27,43,5,2,3,523,Nouveaux
U06498,2025-12-29,7,2765.97,2,5,3,3,533,Perdus
U02556,2025-08-08,10,2766.81,145,3,3,3,333,Perdus
U02052,2024-09-23,8,2766.82,464,1,3,3,133,A risque
U02618,2025-11-26,4,2767.39,35,5,2,3,523,Nouveaux
U03732,2025-10-25,4,2768.74,67,4,2,3,423,Nouveaux
U02016,2025-01-05,10,2768.75,360,2,3,3,233,A risque
U11434,2025-11-28,15,2770.1,33,5,4,3,543,Clients fideles
U08886,2025-07-21,6,2770.91,163,3,2,3,323,Perdus
U01976,2025-06-05,6,2772.77,209,3,2,3,323,Perdus
U09682,2025-08-08,14,2773.22,145,3,4,3,343,Clients fideles
U00077,2025-09-22,8,2773.43,100,4,3,3,433,Perdus
U03407,2025-09-09,8,2774.19,113,4,3,3,433,Perdus
U10599,2025-02-18,9,2774.49,316,2,3,3,233,A risque
U11605,2025-09-30,26,2774.5,92,4,5,3,453,Clients fideles
U07942,2025-09-25,8,2775.92,97,4,3,3,433,Perdus
U07969,2025-08-18,4,2776.86,135,3,1,3,313,Perdus
U00280,2025-12-29,12,2779.57,2,5,4,3,543,Clients fideles
U04517,2025-08-29,7,2779.63,124,4,2,3,423,Nouveaux
U08254,2024-10-26,9,2779.79,431,1,3,3,133,A risque
U07832,2025-11-26,6,2780.26,35,5,2,3,523,Nouveaux
U01364,2025-04-26,5,2780.78,249,2,2,3,223,Perdus
U09090,2025-09-21,7,2780.95,101,4,2,3,423,Nouveaux
U06918,2025-08-12,10,2780.95,141,3,3,3,333,Perdus
U00118,2025-05-29,5,2783.42,216,3,2,3,323,Perdus
U00535,2025-02-25,9,2783.69,309,2,3,3,233,A risque
U11491,2025-10-24,5,2783.94,68,4,2,3,423,Nouveaux
U03517,2025-11-30,8,2784.01,31,5,3,3,533,Perdus
U00399,2025-05-26,8,2784.16,219,3,3,3,333,Perdus
U05579,2025-12-26,7,2784.48,5,5,3,3,533,Perdus
U02983,2024-08-30,16,2784.65,488,1,4,3,143,A risque
U01073,2025-01-13,10,2785.16,352,2,3,3,233,A risque
U01580,2025-07-27,8,2785.21,157,3,3,3,333,Perdus
U04787,2025-07-09,8,2785.65,175,3,3,3,333,Perdus
U05517,2025-05-28,11,2786.26,217,3,3,3,333,Perdus
U05480,2025-07-17,13,2786.57,167,3,4,3,343,Clients fideles
U06150,2025-11-04,3,2786.75,57,4,1,3,413,Nouveaux
U07253,2025-11-20,4,2786.91,41,5,2,3,523,Nouveaux
U06736,2025-11-18,21,2787.23,43,5,5,3,553,Clients fideles
U00282,2024-08-26,10,2787.79,492,1,3,3,133,A risque
U01303,2025-07-18,9,2788.21,166,3,3,3,333,Perdus
U04351,2024-09-06,7,2788.5,481,1,2,3,123,Perdus
U00218,2024-10-21,22,2788.56,436,1,5,3,153,A risque
U07499,2024-10-27,13,2788.86,430,1,4,3,143,A risque
U06762,2025-09-25,21,2789.88,97,4,5,3,453,Clients fideles
U02807,2024-07-31,20,2790.14,518,1,5,3,153,A risque
U00620,2025-11-28,9,2791.37,33,5,3,3,533,Perdus
U04151,2024-05-27,4,2791.95,583,1,1,3,113,Perdus
U06653,2025-07-10,6,2792.0,174,3,2,3,323,Perdus
U10655,2025-05-13,5,2792.94,232,3,2,3,323,Perdus
U09212,2025-01-30,5,2793.07,335,2,2,3,223,Perdus
U05635,2025-07-25,6,2794.01,159,3,2,3,323,Perdus
U11296,2025-09-29,16,2794.92,93,4,4,3,443,Clients fideles
U03014,2025-05-29,16,2795.3,216,3,4,3,343,Clients fideles
U00110,2024-12-22,17,2795.64,374,2,4,3,243,A risque
U04123,2025-12-28,8,2796.13,3,5,3,3,533,Perdus
U06076,2024-04-22,9,2796.47,618,1,3,3,133,A risque
U07582,2025-12-31,13,2798.52,0,5,4,3,543,Clients fideles
U10934,2025-03-20,4,2798.83,286,2,1,3,213,Perdus
U03405,2025-08-26,7,2800.35,127,4,2,3,423,Nouveaux
U05671,2024-11-23,5,2802.01,403,1,2,3,123,Perdus
U07612,2025-03-14,2,2802.47,292,2,1,3,213,Perdus
U01683,2025-01-22,11,2802.86,343,2,3,3,233,A risque
U08551,2024-12-29,13,2803.61,367,2,4,3,243,A risque
U03911,2025-09-24,11,2805.98,98,4,3,3,433,Perdus
U07548,2024-07-27,4,2808.12,522,1,1,3,113,Perdus
U04821,2025-02-14,13,2808.35,320,2,4,3,243,A risque
U00045,2024-07-29,7,2808.47,520,1,2,3,123,Perdus
U01104,2025-02-24,13,2808.74,310,2,4,3,243,A risque
U07286,2025-07-31,22,2808.96,153,3,5,3,353,Clients fideles
U08393,2024-08-29,5,2810.54,489,1,2,3,123,Perdus
U01677,2025-12-28,11,2811.06,3,5,3,3,533,Perdus
U08742,2025-01-31,19,2811.96,334,2,4,3,243,A risque
U03801,2024-04-15,1,2812.0,625,1,1,3,113,Perdus
U08158,2024-09-21,10,2812.82,466,1,3,3,133,A risque
U05613,2025-11-30,18,2813.23,31,5,4,3,543,Clients fideles
U00057,2025-06-28,13,2813.59,186,3,4,3,343,Clients fideles
U94791,2025-01-07,1,2813.67,358,2,1,3,213,Perdus
U04007,2025-10-31,15,2813.93,61,4,4,3,443,Clients fideles
U02946,2025-05-29,24,2814.41,216,3,5,3,353,Clients fideles
U09799,2025-12-11,7,2814.97,20,5,3,3,533,Perdus
U91208,2025-03-24,1,2816.09,282,2,1,3,213,Perdus
U04791,2025-09-30,7,2817.65,92,4,2,3,423,Nouveaux
U10858,2025-11-17,6,2817.87,44,5,2,3,523,Nouveaux
U07842,2025-06-19,14,2818.23,195,3,4,3,343,Clients fideles
U05970,2025-08-23,5,2820.15,130,3,2,3,323,Perdus
U08913,2024-11-30,10,2820.36,396,1,3,3,133,A risque
U05436,2024-09-26,12,2821.54,461,1,4,3,143,A risque
U01623,2025-01-28,11,2823.2,337,2,3,3,233,A risque
U09613,2024-03-17,5,2823.24,654,1,2,3,123,Perdus
U02087,2025-09-23,5,2823.44,99,4,2,3,423,Nouveaux
U09936,2024-06-24,10,2824.81,555,1,3,3,133,A risque
U02961,2024-10-14,10,2825.46,443,1,3,3,133,A risque
U06579,2025-10-26,4,2826.11,66,4,2,3,423,Nouveaux
U05581,2025-11-28,17,2827.64,33,5,4,3,543,Clients fideles
U01363,2025-04-24,7,2827.84,251,2,2,3,223,Perdus
U06938,2025-07-03,2,2828.35,181,3,1,3,313,Perdus
U08272,2025-07-27,10,2828.62,157,3,3,3,333,Perdus
U02520,2025-07-25,7,2830.08,159,3,2,3,323,Perdus
U07637,2024-12-06,12,2830.2,390,1,4,3,143,A risque
U04321,2025-10-31,3,2830.65,61,4,1,3,413,Nouveaux
U11603,2024-08-12,9,2830.84,506,1,3,3,133,A risque
U01198,2024-01-28,4,2831.13,703,1,1,3,113,Perdus
U04557,2025-11-27,6,2832.49,34,5,2,3,523,Nouveaux
U09938,2025-04-21,16,2832.61,254,2,4,3,243,A risque
U04770,2024-05-30,8,2832.65,580,1,3,3,133,A risque
U07714,2024-11-27,19,2833.86,399,1,4,3,143,A risque
U02623,2025-09-02,10,2834.03,120,4,3,3,433,Perdus
U02974,2025-09-30,13,2834.4,92,4,4,3,443,Clients fideles
U08704,2025-12-17,15,2834.54,14,5,4,3,543,Clients fideles
U01348,2025-07-26,4,2834.65,158,3,1,3,313,Perdus
U03983,2025-06-23,4,2837.33,191,3,1,3,313,Perdus
U01712,2025-11-26,26,2837.69,35,5,5,3,553,Clients fideles
U11675,2024-11-27,6,2838.13,399,1,2,3,123,Perdus
U03733,2025-12-29,8,2838.57,2,5,3,3,533,Perdus
U11298,2025-11-27,9,2838.85,34,5,3,3,533,Perdus
U03736,2025-03-29,14,2840.13,277,2,4,3,243,A risque
U10010,2024-10-29,10,2840.66,428,1,3,3,133,A risque
U06161,2025-09-24,14,2840.9,98,4,4,3,443,Clients fideles
U00774,2025-05-25,11,2841.18,220,3,3,3,333,Perdus
U05188,2025-05-30,9,2841.26,215,3,3,3,333,Perdus
U04923,2025-08-19,20,2841.61,134,3,5,3,353,Clients fideles
U04470,2025-11-29,18,2842.68,32,5,4,3,543,Clients fideles
U05819,2025-05-15,4,2842.81,230,3,1,3,313,Perdus
U92072,2024-11-09,1,2843.83,417,1,1,3,113,Perdus
U09541,2025-10-02,15,2843.91,90,4,4,3,443,Clients fideles
U00120,2025-12-30,20,2846.13,1,5,5,3,553,Clients fideles
U11610,2025-06-30,9,2846.78,184,3,3,3,333,Perdus
U00529,2025-07-19,14,2847.08,165,3,4,3,343,Clients fideles
U04961,2025-06-10,5,2847.25,204,3,2,3,323,Perdus
U04788,2024-06-25,16,2847.62,554,1,4,3,143,A risque
U11173,2025-09-27,11,2847.82,95,4,3,3,433,Perdus
U08244,2025-02-27,18,2848.79,307,2,4,3,243,A risque
U08273,2024-05-28,11,2849.22,582,1,3,3,133,A risque
U00906,2025-10-20,12,2849.78,72,4,4,3,443,Clients fideles
U04684,2025-02-23,8,2851.28,311,2,3,3,233,A risque
U02732,2025-03-23,19,2854.09,283,2,4,3,243,A risque
U01235,2025-04-30,17,2854.55,245,3,4,3,343,Clients fideles
U00321,2024-05-26,7,2854.66,584,1,2,3,123,Perdus
U09394,2025-09-23,11,2857.07,99,4,3,3,433,Perdus
U01287,2025-06-30,7,2857.94,184,3,2,3,323,Perdus
U10908,2025-05-16,6,2858.91,229,3,2,3,323,Perdus
U01392,2025-06-10,4,2859.37,204,3,1,3,313,Perdus
U07216,2025-08-24,8,2859.86,129,3,3,3,333,Perdus
U08306,2025-06-21,8,2863.95,193,3,3,3,333,Perdus
U11073,2025-02-18,16,2864.26,316,2,4,3,243,A risque
U10918,2025-08-26,7,2864.81,127,4,2,3,423,Nouveaux
U11423,2025-12-30,6,2865.78,1,5,2,3,523,Nouveaux
U10613,2025-07-19,11,2866.39,165,3,3,3,333,Perdus
U03792,2024-06-24,7,2866.61,555,1,2,3,123,Perdus
U02394,2025-03-17,12,2867.52,289,2,4,3,243,A risque
U03741,2025-03-10,22,2870.2,296,2,5,3,253,A risque
U05547,2025-11-23,14,2871.94,38,5,4,3,543,Clients fideles
U10745,2025-12-20,9,2872.7,11,5,3,3,533,Perdus
U05629,2025-02-10,10,2874.68,324,2,3,3,233,A risque
U02809,2024-12-31,19,2875.54,365,2,4,3,243,A risque
U04161,2024-04-24,5,2875.64,616,1,2,3,123,Perdus
U08988,2025-09-18,7,2875.69,104,4,2,3,423,Nouveaux
U03607,2025-07-30,9,2876.3,154,3,3,3,333,Perdus
U01351,2025-12-21,6,2877.14,10,5,2,3,523,Nouveaux
U05378,2025-10-28,15,2878.24,64,4,4,3,443,Clients fideles
U04898,2025-09-25,23,2878.88,97,4,5,3,453,Clients fideles
U00072,2025-08-31,7,2878.96,122,4,2,3,423,Nouveaux
U09637,2025-12-30,10,2879.57,1,5,3,3,533,Perdus
U08150,2025-02-08,13,2879.76,326,2,4,3,243,A risque
U10252,2025-10-30,11,2879.98,62,4,3,3,433,Perdus
U03116,2025-07-04,10,2880.8,180,3,3,3,333,Perdus
U07890,2024-12-31,19,2881.21,365,2,4,3,243,A risque
U00852,2025-05-23,13,2881.3,222,3,4,3,343,Clients fideles
U00721,2024-07-18,9,2881.62,531,1,3,3,133,A risque
U11665,2025-08-26,9,2883.09,127,4,3,3,433,Perdus
U01468,2025-12-27,10,2884.18,4,5,3,3,533,Perdus
U08249,2025-07-30,16,2884.87,154,3,4,3,343,Clients fideles
U05866,2025-08-17,10,2885.36,136,3,3,3,333,Perdus
U00264,2025-06-20,3,2887.88,194,3,1,3,313,Perdus
U08556,2025-12-31,16,2889.5,0,5,4,3,543,Clients fideles
U08681,2025-12-31,9,2890.27,0,5,3,3,533,Perdus
U00076,2024-09-09,9,2890.6,478,1,3,3,133,A risque
U04052,2024-12-26,9,2890.69,370,2,3,3,233,A risque
U09591,2025-12-20,5,2891.5,11,5,2,3,523,Nouveaux
U00748,2025-08-29,13,2893.51,124,4,4,3,443,Clients fideles
U04671,2025-11-07,5,2895.24,54,4,2,3,423,Nouveaux
U10374,2025-12-17,6,2895.3,14,5,2,3,523,Nouveaux
U07452,2025-11-28,8,2895.34,33,5,3,3,533,Perdus
U06820,2025-06-20,7,2896.36,194,3,2,3,323,Perdus
U11896,2025-12-12,3,2897.24,19,5,1,3,513,Nouveaux
U08574,2024-12-30,12,2897.38,366,2,4,3,243,A risque
U05495,2025-11-12,12,2899.4,49,4,4,3,443,Clients fideles
U09395,2025-11-27,12,2899.49,34,5,4,3,543,Clients fideles
U10397,2025-07-27,5,2899.68,157,3,2,3,323,Perdus
U08277,2025-07-19,7,2900.24,165,3,2,3,323,Perdus
U06465,2025-08-27,5,2901.25,126,4,2,3,423,Nouveaux
U09085,2025-09-18,11,2902.29,104,4,3,3,433,Perdus
U06704,2025-05-08,8,2903.16,237,3,3,3,333,Perdus
U11914,2025-11-23,10,2903.43,38,5,3,3,533,Perdus
U04286,2025-05-23,10,2904.64,222,3,3,3,333,Perdus
U10491,2025-06-23,15,2904.66,191,3,4,3,343,Clients fideles
U03463,2025-12-05,11,2904.67,26,5,3,3,533,Perdus
U06828,2025-08-28,19,2907.41,125,4,5,3,453,Clients fideles
U05625,2024-12-21,15,2908.12,375,2,4,3,243,A risque
U02481,2025-12-30,24,2911.36,1,5,5,3,553,Clients fideles
U02431,2024-06-30,8,2913.69,549,1,3,3,133,A risque
U05762,2025-08-29,8,2914.21,124,4,3,3,433,Perdus
U09546,2025-12-13,12,2914.35,18,5,4,3,543,Clients fideles
U05668,2025-09-05,9,2915.05,117,4,3,3,433,Perdus
U10199,2025-11-30,5,2916.3,31,5,2,3,523,Nouveaux
U01051,2024-06-25,9,2916.52,554,1,3,3,133,A risque
U09498,2025-02-21,6,2918.08,313,2,2,3,223,Perdus
U03551,2025-05-18,12,2918.23,227,3,4,3,343,Clients fideles
U02450,2025-11-26,17,2918.3,35,5,4,3,543,Clients fideles
U08962,2024-12-21,7,2918.47,375,2,2,3,223,Perdus
U00228,2025-10-31,14,2919.63,61,4,4,3,443,Clients fideles
U00229,2025-12-28,9,2922.51,3,5,3,3,533,Perdus
U03729,2025-11-25,11,2922.56,36,5,3,3,533,Perdus
U04585,2025-01-01,8,2922.63,364,2,3,3,233,A risque
U04725,2025-10-17,18,2922.73,75,4,4,3,443,Clients fideles
U00224,2024-09-14,7,2924.16,473,1,2,3,123,Perdus
U04998,2024-11-25,21,2924.35,401,1,5,3,153,A risque
U11390,2025-10-20,16,2925.8,72,4,4,3,443,Clients fideles
U00199,2024-05-25,15,2926.1,585,1,4,3,143,A risque
U08017,2025-04-25,5,2926.43,250,2,2,3,223,Perdus
U06004,2025-01-27,4,2926.52,338,2,1,3,213,Perdus
U08468,2025-11-09,8,2926.73,52,4,3,3,433,Perdus
U03130,2024-09-26,11,2928.01,461,1,3,3,133,A risque
U02049,2025-03-21,5,2928.62,285,2,2,3,223,Perdus
U08125,2025-12-16,8,2930.6,15,5,3,3,533,Perdus
U08898,2025-08-25,10,2930.75,128,4,3,3,433,Perdus
U01911,2025-06-21,8,2934.89,193,3,3,3,333,Perdus
U04342,2024-09-24,11,2935.95,463,1,3,3,133,A risque
U05367,2025-02-27,20,2936.7,307,2,5,3,253,A risque
U02933,2025-04-12,11,2937.95,263,2,3,3,233,A risque
U03975,2025-03-23,8,2938.57,283,2,3,3,233,A risque
U01553,2024-12-30,6,2939.03,366,2,2,3,223,Perdus
U07097,2024-06-29,17,2939.88,550,1,4,3,143,A risque
U07563,2025-02-12,5,2941.39,322,2,2,3,223,Perdus
U09977,2024-10-26,11,2944.12,431,1,3,3,133,A risque
U03361,2024-12-30,16,2945.81,366,2,4,3,243,A risque
U04503,2025-07-21,11,2948.12,163,3,3,3,333,Perdus
U06127,2024-09-30,6,2949.39,457,1,2,3,123,Perdus
U00926,2025-06-27,7,2949.9,187,3,2,3,323,Perdus
U06238,2024-09-25,14,2950.26,462,1,4,3,143,A risque
U02426,2025-03-23,11,2952.24,283,2,3,3,233,A risque
U02522,2025-03-29,15,2953.2,277,2,4,3,243,A risque
U03051,2025-08-30,2,2954.5,123,4,1,3,413,Nouveaux
U08001,2024-09-13,8,2956.78,474,1,3,3,133,A risque
U08242,2025-06-26,16,2957.15,188,3,4,3,343,Clients fideles
U04155,2025-01-29,11,2959.23,336,2,3,3,233,A risque
U08166,2025-01-28,14,2959.47,337,2,4,3,243,A risque
U08434,2024-11-26,12,2959.95,400,1,4,3,143,A risque
U00157,2025-12-28,27,2960.07,3,5,5,3,553,Clients fideles
U02564,2025-12-21,13,2960.76,10,5,4,3,543,Clients fideles
U11318,2025-12-24,14,2961.67,7,5,4,3,543,Clients fideles
U08717,2025-05-14,10,2962.05,231,3,3,3,333,Perdus
U07852,2025-08-20,9,2962.64,133,3,3,3,333,Perdus
U08436,2025-06-27,13,2962.64,187,3,4,3,343,Clients fideles
U03415,2025-12-30,13,2964.27,1,5,4,3,543,Clients fideles
U04055,2025-10-26,6,2964.55,66,4,2,3,423,Nouveaux
U06099,2025-10-31,16,2964.98,61,4,4,3,443,Clients fideles
U92994,2024-04-28,1,2965.03,612,1,1,3,113,Perdus
U01116,2024-06-25,16,2965.15,554,1,4,3,143,A risque
U08362,2025-02-09,6,2967.32,325,2,2,3,223,Perdus
U11533,2025-04-24,15,2971.77,251,2,4,3,243,A risque
U10537,2025-08-26,8,2972.29,127,4,3,3,433,Perdus
U08493,2025-07-24,9,2973.56,160,3,3,3,333,Perdus
U09411,2025-08-30,6,2973.79,123,4,2,3,423,Nouveaux
U09609,2024-07-08,6,2974.79,541,1,2,3,123,Perdus
U06499,2025-10-29,11,2975.7,63,4,3,3,433,Perdus
U02563,2025-09-29,3,2977.66,93,4,1,3,413,Nouveaux
U02312,2025-06-14,14,2978.05,200,3,4,3,343,Clients fideles
U11730,2025-11-23,8,2978.16,38,5,3,3,533,Perdus
U05984,2025-12-30,8,2981.31,1,5,3,3,533,Perdus
U07756,2024-07-29,5,2982.6,520,1,2,3,123,Perdus
U06327,2025-12-27,15,2983.64,4,5,4,3,543,Clients fideles
U03505,2024-04-25,13,2985.43,615,1,4,3,143,A risque
U04389,2024-12-24,9,2985.7,372,2,3,3,233,A risque
U09747,2025-07-22,6,2986.54,162,3,2,3,323,Perdus
U01561,2025-05-31,9,2986.77,214,3,3,3,333,Perdus
U08973,2025-02-20,4,2987.15,314,2,1,3,213,Perdus
U08378,2025-08-11,3,2988.88,142,3,1,3,313,Perdus
U09451,2024-09-19,17,2990.22,468,1,4,3,143,A risque
U05456,2025-12-29,19,2990.37,2,5,5,3,553,Clients fideles
U05194,2025-04-28,10,2991.51,247,2,3,3,233,A risque
U04143,2025-11-21,11,2991.75,40,5,3,3,533,Perdus
U05291,2025-08-13,6,2992.06,140,3,2,3,323,Perdus
U11251,2024-12-29,17,2992.84,367,2,4,3,243,A risque
U90196,2025-03-21,1,2993.14,285,2,1,3,213,Perdus
U09366,2025-03-21,7,2993.6,285,2,2,3,223,Perdus
U07264,2025-02-25,6,2993.61,309,2,2,3,223,Perdus
U05060,2025-11-25,14,2994.32,36,5,4,3,543,Clients fideles
U08391,2025-03-21,8,2994.92,285,2,3,3,233,A risque
U01977,2025-11-21,23,2996.35,40,5,5,3,553,Clients fideles
U00702,2025-10-17,13,2996.8,75,4,4,3,443,Clients fideles
U05940,2025-12-31,11,2996.87,0,5,4,3,543,Clients fideles
U01076,2025-11-29,15,2997.49,32,5,4,3,543,Clients fideles
U04673,2024-10-31,11,2998.01,426,1,3,3,133,A risque
U07944,2025-09-07,5,2998.38,115,4,2,3,423,Nouveaux
U06518,2025-07-11,6,3000.15,173,3,2,3,323,Perdus
U02757,2025-12-31,16,3000.38,0,5,4,3,543,Clients fideles
U05477,2025-12-31,10,3001.04,0,5,3,3,533,Perdus
U01486,2024-11-24,12,3002.92,402,1,4,3,143,A risque
U03110,2025-09-26,10,3004.24,96,4,3,3,433,Perdus
U09460,2024-07-21,15,3005.55,528,1,4,3,143,A risque
U09471,2024-10-21,8,3005.82,436,1,3,3,133,A risque
U09779,2025-10-30,11,3007.71,62,4,3,3,433,Perdus
U02483,2024-08-24,3,3008.07,494,1,1,3,113,Perdus
U06035,2025-08-30,13,3008.87,123,4,4,3,443,Clients fideles
U11918,2025-02-15,4,3012.16,319,2,1,3,213,Perdus
U10220,2025-09-28,11,3013.35,94,4,3,3,433,Perdus
U11367,2025-09-27,12,3015.07,95,4,4,3,443,Clients fideles
U01927,2025-06-18,15,3016.49,196,3,4,3,343,Clients fideles
U01003,2025-02-14,8,3016.56,320,2,3,3,233,A risque
U06685,2025-05-13,14,3019.06,232,3,4,3,343,Clients fideles
U08248,2025-07-31,7,3019.2,153,3,2,3,323,Perdus
U04101,2025-06-24,13,3022.98,190,3,4,3,343,Clients fideles
U07818,2025-09-26,8,3024.96,96,4,3,3,433,Perdus
U09769,2025-06-30,12,3025.23,184,3,4,3,343,Clients fideles
U10095,2024-12-27,8,3026.29,369,2,3,3,233,A risque
U08419,2024-04-15,6,3026.49,625,1,2,3,123,Perdus
U03871,2025-11-30,9,3027.55,31,5,3,3,533,Perdus
U11801,2025-03-31,13,3028.3,275,2,4,3,243,A risque
U09209,2025-02-26,13,3029.86,308,2,4,3,243,A risque
U09687,2024-05-22,7,3029.9,588,1,2,3,123,Perdus
U10494,2025-10-20,13,3029.91,72,4,4,3,443,Clients fideles
U04076,2024-08-07,3,3030.7,511,1,1,3,113,Perdus
U11727,2024-08-24,4,3030.71,494,1,1,3,113,Perdus
U06644,2025-11-21,15,3030.91,40,5,4,3,543,Clients fideles
U06664,2025-03-19,13,3030.93,287,2,4,3,243,A risque
U00259,2024-09-08,16,3032.83,479,1,4,3,143,A risque
U02534,2025-08-28,13,3033.04,125,4,4,3,443,Clients fideles
U09660,2025-06-28,8,3034.92,186,3,3,3,333,Perdus
U11698,2025-08-31,12,3035.38,122,4,4,3,443,Clients fideles
U02485,2024-05-28,9,3037.64,582,1,3,3,133,A risque
U04108,2025-07-24,10,3037.64,160,3,3,3,333,Perdus
U09390,2025-10-09,9,3038.01,83,4,3,3,433,Perdus
U00656,2025-09-29,13,3039.5,93,4,4,3,443,Clients fideles
U05371,2025-11-16,9,3040.34,45,5,3,3,533,Perdus
U10762,2024-10-28,4,3040.77,429,1,1,3,113,Perdus
U02925,2024-04-30,11,3040.99,610,1,3,3,133,A risque
U04775,2025-01-23,12,3041.2,342,2,4,3,243,A risque
U11363,2025-09-27,30,3043.7,95,4,5,3,453,Clients fideles
U00668,2025-09-28,27,3044.05,94,4,5,3,453,Clients fideles
U01136,2025-04-21,7,3044.99,254,2,2,3,223,Perdus
U01974,2025-07-25,13,3047.34,159,3,4,3,343,Clients fideles
U00996,2025-12-18,12,3047.58,13,5,4,3,543,Clients fideles
U07486,2025-11-10,12,3047.74,51,4,4,3,443,Clients fideles
U09891,2024-11-28,6,3048.97,398,1,2,3,123,Perdus
U00581,2025-11-30,6,3049.08,31,5,2,3,523,Nouveaux
U07789,2025-05-30,11,3049.22,215,3,3,3,333,Perdus
U01932,2025-12-28,11,3049.46,3,5,3,3,533,Perdus
U05160,2025-12-30,3,3049.93,1,5,1,3,513,Nouveaux
U03203,2025-08-23,18,3051.1,130,3,4,3,343,Clients fideles
U00494,2025-06-26,7,3052.32,188,3,2,3,323,Perdus
U01494,2025-11-27,5,3053.27,34,5,2,3,523,Nouveaux
U08650,2025-01-21,18,3053.35,344,2,4,3,243,A risque
U03139,2025-10-31,21,3054.36,61,4,5,3,453,Clients fideles
U00526,2025-12-31,16,3055.47,0,5,4,3,543,Clients fideles
U04386,2025-09-26,9,3055.6,96,4,3,3,433,Perdus
U02296,2025-12-29,30,3056.99,2,5,5,3,553,Clients fideles
U06467,2025-04-26,10,3057.13,249,2,3,3,233,A risque
U09543,2024-11-29,16,3057.18,397,1,4,3,143,A risque
U08086,2024-08-23,8,3059.97,495,1,3,3,133,A risque
U02252,2025-05-16,6,3060.65,229,3,2,3,323,Perdus
U01663,2024-09-27,8,3060.75,460,1,3,3,133,A risque
U06600,2024-12-24,9,3061.29,372,2,3,3,233,A risque
U03748,2024-10-26,10,3062.09,431,1,3,3,133,A risque
U11511,2024-12-26,19,3062.14,370,2,4,3,243,A risque
U03725,2024-08-16,11,3063.89,502,1,3,3,133,A risque
U05600,2025-07-30,5,3064.17,154,3,2,3,323,Perdus
U09905,2025-11-26,13,3065.64,35,5,4,3,543,Clients fideles
U11923,2024-07-21,10,3065.74,528,1,3,3,133,A risque
U09079,2024-11-08,6,3066.93,418,1,2,3,123,Perdus
U09271,2025-11-23,7,3067.03,38,5,2,3,523,Nouveaux
U10435,2025-08-18,7,3067.36,135,3,2,3,323,Perdus
U02950,2025-03-30,4,3067.39,276,2,1,3,213,Perdus
U08492,2024-11-22,29,3068.0,404,1,5,3,153,A risque
U11187,2025-02-25,9,3069.04,309,2,3,3,233,A risque
U08940,2025-07-05,13,3069.16,179,3,4,3,343,Clients fideles
U05551,2025-01-31,10,3070.71,334,2,3,3,233,A risque
U09931,2025-06-15,10,3070.79,199,3,3,3,333,Perdus
U03215,2025-09-27,7,3071.29,95,4,2,3,423,Nouveaux
U00233,2025-11-19,8,3071.69,42,5,3,3,533,Perdus
U03210,2024-11-30,6,3071.81,396,1,2,3,123,Perdus
U05375,2025-03-22,12,3072.0,284,2,4,3,243,A risque
U02741,2025-12-30,7,3072.72,1,5,3,3,533,Perdus
U01944,2025-06-07,7,3073.38,207,3,2,3,323,Perdus
U05773,2025-03-04,6,3073.88,302,2,2,3,223,Perdus
U09172,2025-11-17,7,3074.4,44,5,2,3,523,Nouveaux
U01622,2024-12-23,8,3074.95,373,2,3,3,233,A risque
U08129,2025-05-29,10,3075.11,216,3,3,3,333,Perdus
U05334,2025-08-31,10,3075.37,122,4,3,3,433,Perdus
U10560,2025-02-14,19,3075.53,320,2,4,3,243,A risque
U05475,2025-10-12,11,3076.48,80,4,3,3,433,Perdus
U01902,2025-12-28,10,3078.5,3,5,3,3,533,Perdus
U01359,2025-05-25,11,3078.93,220,3,3,3,333,Perdus
U00106,2024-12-31,13,3080.49,365,2,4,3,243,A risque
U05952,2025-01-13,16,3080.85,352,2,4,3,243,A risque
U10735,2025-03-27,2,3081.43,279,2,1,3,213,Perdus
U01554,2024-06-17,8,3083.03,562,1,3,3,133,A risque
U02136,2025-10-26,14,3083.52,66,4,4,3,443,Clients fideles
U11114,2025-03-18,4,3085.17,288,2,1,3,213,Perdus
U05144,2025-01-08,14,3085.24,357,2,4,3,243,A risque
U00281,2025-10-28,30,3086.43,64,4,5,3,453,Clients fideles
U07124,2024-11-24,9,3086.6,402,1,3,3,133,A risque
U06188,2025-08-19,5,3087.64,134,3,2,3,323,Perdus
U06645,2025-11-20,4,3089.93,41,5,2,3,523,Nouveaux
U02050,2025-07-28,5,3091.03,156,3,2,3,323,Perdus
U05890,2025-05-31,8,3092.95,214,3,3,3,333,Perdus
U06246,2024-03-25,4,3093.77,646,1,1,3,113,Perdus
U00587,2025-05-31,7,3094.41,214,3,2,3,323,Perdus
U08975,2025-08-18,12,3094.81,135,3,4,3,343,Clients fideles
U02493,2025-12-16,12,3095.59,15,5,4,3,543,Clients fideles
U07393,2025-03-19,8,3096.49,287,2,3,3,233,A risque
U08859,2025-08-27,14,3097.1,126,4,4,3,443,Clients fideles
U05593,2025-06-17,16,3097.34,197,3,4,3,343,Clients fideles
U05944,2025-11-29,17,3097.82,32,5,4,3,543,Clients fideles
U09510,2025-11-23,11,3099.33,38,5,3,3,533,Perdus
U02566,2025-05-31,3,3099.38,214,3,1,3,313,Perdus
U08680,2025-01-27,26,3100.42,338,2,5,3,253,A risque
U11858,2025-11-27,11,3101.03,34,5,3,3,533,Perdus
U03499,2024-12-28,13,3102.98,368,2,4,3,243,A risque
U03277,2025-05-26,6,3104.53,219,3,2,3,323,Perdus
U01174,2025-03-27,20,3104.62,279,2,5,3,253,A risque
U03303,2025-05-27,5,3104.68,218,3,2,3,323,Perdus
U05406,2025-06-07,3,3106.3,207,3,1,3,313,Perdus
U00047,2025-01-25,7,3108.33,340,2,2,3,223,Perdus
U07968,2025-06-30,18,3108.53,184,3,4,3,343,Clients fideles
U09505,2025-09-29,26,3108.99,93,4,5,3,453,Clients fideles
U06229,2025-04-26,8,3110.99,249,2,3,3,233,A risque
U09316,2025-01-22,6,3112.97,343,2,2,3,223,Perdus
U02972,2025-04-25,8,3114.34,250,2,3,3,233,A risque
U00945,2024-11-02,7,3115.11,424,1,2,3,123,Perdus
U00780,2025-10-14,10,3115.55,78,4,3,3,433,Perdus
U04798,2024-12-15,6,3115.62,381,2,2,3,223,Perdus
U09309,2025-09-30,9,3115.83,92,4,3,3,433,Perdus
U02571,2025-08-26,4,3116.08,127,4,1,3,413,Nouveaux
U00573,2024-05-28,12,3116.13,582,1,4,3,143,A risque
U10288,2025-12-22,11,3116.85,9,5,3,3,533,Perdus
U05978,2025-05-29,4,3117.84,216,3,1,3,313,Perdus
U10616,2025-02-16,9,3120.34,318,2,3,3,233,A risque
U03060,2025-12-31,11,3120.51,0,5,4,3,543,Clients fideles
U10371,2025-04-28,9,3121.76,247,2,3,3,233,A risque
U02885,2025-09-28,17,3123.29,94,4,4,3,443,Clients fideles
U01503,2025-06-30,5,3124.19,184,3,2,3,323,Perdus
U02105,2025-12-30,18,3124.57,1,5,4,3,543,Clients fideles
U06924,2024-09-24,6,3126.04,463,1,2,3,123,Perdus
U10057,2025-12-31,14,3126.64,0,5,4,3,543,Clients fideles
U11738,2025-09-20,6,3126.87,102,4,2,3,423,Nouveaux
U00570,2024-07-20,6,3127.01,529,1,2,3,123,Perdus
U04296,2025-07-25,7,3127.51,159,3,2,3,323,Perdus
U10401,2025-12-26,4,3127.56,5,5,2,3,523,Nouveaux
U11550,2025-12-31,10,3127.66,0,5,3,3,533,Perdus
U04532,2024-02-26,4,3127.94,674,1,1,3,113,Perdus
U06101,2025-05-05,15,3128.25,240,3,4,3,343,Clients fideles
U05343,2025-05-28,15,3129.22,217,3,4,3,343,Clients fideles
U02949,2025-10-23,6,3129.79,69,4,2,3,423,Nouveaux
U03160,2024-08-30,4,3130.19,488,1,1,3,113,Perdus
U01843,2025-09-25,7,3130.63,97,4,2,3,423,Nouveaux
U11081,2025-08-08,13,3130.77,145,3,4,3,343,Clients fideles
U01805,2025-05-30,9,3131.98,215,3,3,3,333,Perdus
U07593,2025-07-22,5,3132.01,162,3,2,3,323,Perdus
U07461,2025-10-11,11,3132.76,81,4,3,3,433,Perdus
U06123,2025-12-26,14,3134.04,5,5,4,3,543,Clients fideles
U11532,2024-08-19,3,3134.2,499,1,1,3,113,Perdus
U08705,2025-05-25,9,3134.48,220,3,3,3,333,Perdus
U06638,2025-11-29,19,3134.75,32,5,5,3,553,Clients fideles
U05478,2024-09-29,13,3135.42,458,1,4,3,143,A risque
U09440,2025-12-31,7,3135.78,0,5,3,3,533,Perdus
U09305,2025-12-22,5,3135.83,9,5,2,3,523,Nouveaux
U06202,2024-10-22,16,3136.46,435,1,4,3,143,A risque
U08209,2025-05-15,6,3138.05,230,3,2,3,323,Perdus
U01023,2025-01-28,13,3138.24,337,2,4,3,243,A risque
U07779,2025-04-14,18,3138.4,261,2,4,3,243,A risque
U06358,2025-09-21,26,3139.95,101,4,5,3,453,Clients fideles
U03950,2025-11-27,19,3140.82,34,5,5,3,553,Clients fideles
U00348,2025-10-28,11,3140.86,64,4,3,3,433,Perdus
U01533,2025-02-06,8,3143.1,328,2,3,3,233,A risque
U03146,2024-08-30,20,3143.16,488,1,5,3,153,A risque
U09075,2025-05-26,13,3143.89,219,3,4,3,343,Clients fideles
U00372,2025-06-30,7,3144.71,184,3,2,3,323,Perdus
U11040,2024-06-23,13,3144.94,556,1,4,3,143,A risque
U11539,2025-12-13,14,3145.43,18,5,4,3,543,Clients fideles
U05913,2025-12-31,6,3146.69,0,5,2,3,523,Nouveaux
U07039,2025-07-21,10,3147.63,163,3,3,3,333,Perdus
U04315,2025-03-23,5,3147.9,283,2,2,3,223,Perdus
U07547,2025-02-24,18,3148.15,310,2,4,3,243,A risque
U08883,2024-06-18,4,3148.26,561,1,1,3,113,Perdus
U05238,2025-12-30,9,3148.31,1,5,3,3,533,Perdus
U00972,2025-07-19,15,3150.61,165,3,4,3,343,Clients fideles
U06301,2025-12-21,7,3151.14,10,5,3,3,533,Perdus
U06795,2025-10-15,10,3151.6,77,4,3,3,433,Perdus
U00304,2025-09-30,17,3155.2,92,4,4,3,443,Clients fideles
U04580,2024-06-24,5,3155.45,555,1,2,3,123,Perdus
U00930,2025-10-14,4,3156.05,78,4,2,3,423,Nouveaux
U05953,2025-05-16,15,3156.24,229,3,4,3,343,Clients fideles
U11540,2025-11-30,22,3157.59,31,5,5,3,553,Clients fideles
U05112,2025-10-30,12,3157.95,62,4,4,3,443,Clients fideles
U05929,2024-05-27,5,3158.16,583,1,2,3,123,Perdus
U00418,2025-06-15,6,3158.57,199,3,2,3,323,Perdus
U04642,2025-11-25,10,3158.94,36,5,3,3,533,Perdus
U06893,2025-06-24,11,3159.58,190,3,3,3,333,Perdus
U02349,2025-05-31,14,3159.68,214,3,4,3,343,Clients fideles
U06335,2025-03-31,13,3159.7,275,2,4,3,243,A risque
U06377,2025-10-26,10,3160.08,66,4,3,3,433,Perdus
U10690,2025-01-15,8,3162.4,350,2,3,3,233,A risque
U02655,2024-11-24,10,3163.45,402,1,3,3,133,A risque
U11477,2025-12-21,12,3164.0,10,5,4,3,543,Clients fideles
U06788,2025-03-20,7,3164.2,286,2,2,3,223,Perdus
U10315,2025-01-05,12,3166.34,360,2,4,3,243,A risque
U06469,2025-06-25,8,3167.88,189,3,3,3,333,Perdus
U11648,2025-11-16,13,3168.45,45,5,4,3,543,Clients fideles
U01611,2025-05-20,15,3168.59,225,3,4,3,343,Clients fideles
U09827,2025-02-07,7,3172.79,327,2,2,3,223,Perdus
U11286,2025-02-18,7,3175.53,316,2,2,3,223,Perdus
U02242,2025-01-26,11,3177.2,339,2,3,3,233,A risque
U07953,2025-07-30,12,3177.4,154,3,4,3,343,Clients fideles
U00708,2024-07-25,12,3177.99,524,1,4,3,143,A risque
U10795,2025-11-21,6,3178.12,40,5,2,3,523,Nouveaux
U02548,2025-11-24,5,3179.5,37,5,2,3,523,Nouveaux
U03861,2024-10-31,10,3180.94,426,1,3,3,133,A risque
U03337,2025-07-28,12,3181.16,156,3,4,3,343,Clients fideles
U04415,2025-11-17,13,3185.33,44,5,4,3,543,Clients fideles
U10232,2025-04-29,16,3185.57,246,3,4,3,343,Clients fideles
U07607,2025-01-28,11,3187.06,337,2,3,3,233,A risque
U09128,2025-02-27,15,3187.07,307,2,4,3,243,A risque
U06341,2025-10-19,7,3187.45,73,4,2,3,423,Nouveaux
U10202,2025-12-21,10,3187.68,10,5,3,3,533,Perdus
U06136,2025-05-11,5,3188.75,234,3,2,3,323,Perdus
U05566,2025-09-22,7,3189.71,100,4,2,3,423,Nouveaux
U09441,2025-12-30,11,3189.78,1,5,4,3,543,Clients fideles
U08032,2024-06-27,9,3190.21,552,1,3,3,133,A risque
U11374,2025-09-30,11,3190.32,92,4,3,3,433,Perdus
U04572,2024-09-30,5,3190.45,457,1,2,3,123,Perdus
U00812,2025-06-10,7,3191.38,204,3,2,3,323,Perdus
U07324,2025-12-18,10,3192.37,13,5,3,3,533,Perdus
U05999,2025-10-30,12,3193.22,62,4,4,3,443,Clients fideles
U06424,2025-09-29,11,3194.75,93,4,3,3,433,Perdus
U09198,2025-12-12,14,3195.12,19,5,4,3,543,Clients fideles
U06678,2025-02-15,8,3195.25,319,2,3,3,233,A risque
U10765,2025-11-28,9,3195.48,33,5,3,3,533,Perdus
U05331,2024-09-20,6,3196.38,467,1,2,3,123,Perdus
U06813,2025-05-23,14,3198.23,222,3,4,3,343,Clients fideles
U05314,2025-04-30,12,3200.22,245,3,4,3,343,Clients fideles
U05404,2025-12-31,10,3200.88,0,5,3,3,533,Perdus
U08130,2025-11-26,6,3202.09,35,5,2,3,523,Nouveaux
U03205,2025-11-30,28,3202.62,31,5,5,3,553,Clients fideles
U09869,2025-06-27,10,3202.63,187,3,3,3,333,Perdus
U09771,2025-10-28,2,3203.03,64,4,1,3,413,Nouveaux
U02677,2025-09-28,10,3203.26,94,4,3,3,433,Perdus
U00760,2025-03-25,14,3204.32,281,2,4,3,243,A risque
U03802,2025-03-29,13,3206.83,277,2,4,3,243,A risque
U01135,2024-10-21,5,3206.86,436,1,2,3,123,Perdus
U02507,2025-03-23,8,3207.04,283,2,3,3,233,A risque
U10688,2025-08-26,9,3207.3,127,4,3,3,433,Perdus
U05601,2025-02-26,11,3208.13,308,2,3,3,233,A risque
U01914,2025-02-27,8,3208.24,307,2,3,3,233,A risque
U09131,2024-11-23,18,3208.51,403,1,4,3,143,A risque
U07744,2025-03-23,22,3209.62,283,2,5,3,253,A risque
U01656,2024-11-24,18,3209.93,402,1,4,3,143,A risque
U04078,2025-11-12,13,3211.54,49,4,4,3,443,Clients fideles
U07897,2025-11-26,8,3211.87,35,5,3,3,533,Perdus
U08095,2024-12-18,7,3213.18,378,2,2,3,223,Perdus
U07318,2025-07-13,3,3213.75,171,3,1,3,313,Perdus
U09951,2025-07-15,15,3215.69,169,3,4,3,343,Clients fideles
U08240,2025-07-17,10,3216.29,167,3,3,3,333,Perdus
U06826,2025-10-30,12,3219.41,62,4,4,3,443,Clients fideles
U01054,2025-10-17,2,3220.18,75,4,1,3,413,Nouveaux
U11415,2024-07-23,16,3220.44,526,1,4,3,143,A risque
U08269,2024-10-18,8,3220.59,439,1,3,3,133,A risque
U06903,2025-10-27,3,3220.81,65,4,1,3,413,Nouveaux
U05515,2025-06-25,18,3221.35,189,3,4,3,343,Clients fideles
U11857,2025-01-24,10,3222.06,341,2,3,3,233,A risque
U08344,2024-03-25,8,3223.03,646,1,3,3,133,A risque
U08329,2025-01-26,5,3223.09,339,2,2,3,223,Perdus
U06143,2025-11-24,17,3223.95,37,5,4,3,543,Clients fideles
U11151,2025-09-27,28,3224.52,95,4,5,3,453,Clients fideles
U00446,2024-08-26,14,3224.55,492,1,4,3,143,A risque
U01590,2024-10-26,11,3225.35,431,1,3,3,133,A risque
U05116,2025-06-18,5,3226.2,196,3,2,3,323,Perdus
U02726,2025-10-25,4,3229.42,67,4,2,3,423,Nouveaux
U01945,2024-11-20,24,3229.48,406,1,5,3,153,A risque
U09595,2025-08-09,12,3229.75,144,3,4,3,343,Clients fideles
U06661,2024-11-10,3,3229.94,416,1,1,3,113,Perdus
U07437,2024-12-25,7,3230.2,371,2,2,3,223,Perdus
U01835,2025-06-27,14,3232.59,187,3,4,3,343,Clients fideles
U01015,2025-02-28,17,3232.85,306,2,4,3,243,A risque
U10021,2025-10-22,12,3232.96,70,4,4,3,443,Clients fideles
U11432,2025-11-14,5,3233.35,47,4,2,3,423,Nouveaux
U10893,2025-09-20,13,3234.04,102,4,4,3,443,Clients fideles
U09028,2025-05-26,9,3234.05,219,3,3,3,333,Perdus
U08137,2025-05-20,2,3235.98,225,3,1,3,313,Perdus
U11768,2025-06-26,24,3236.1,188,3,5,3,353,Clients fideles
U07747,2024-08-24,8,3236.74,494,1,3,3,133,A risque
U02719,2025-07-28,8,3237.57,156,3,3,3,333,Perdus
U05684,2025-11-23,3,3239.44,38,5,1,3,513,Nouveaux
U10396,2025-12-25,10,3241.56,6,5,3,3,533,Perdus
U00413,2025-10-30,10,3241.9,62,4,3,3,433,Perdus
U07483,2025-11-23,28,3244.35,38,5,5,3,553,Clients fideles
U07191,2025-10-23,5,3247.89,69,4,2,3,423,Nouveaux
U08445,2025-03-31,7,3248.55,275,2,2,3,223,Perdus
U10771,2025-10-24,16,3248.69,68,4,4,3,443,Clients fideles
U10356,2025-11-09,12,3249.02,52,4,4,3,443,Clients fideles
U05755,2025-06-27,25,3255.54,187,3,5,3,353,Clients fideles
U02907,2025-03-31,10,3255.94,275,2,3,3,233,A risque
U07145,2025-10-29,6,3258.08,63,4,2,3,423,Nouveaux
U05852,2025-05-29,3,3258.14,216,3,1,3,313,Perdus
U10652,2025-11-21,10,3259.21,40,5,3,3,533,Perdus
U08638,2025-03-27,7,3259.85,279,2,2,3,223,Perdus
U02319,2025-08-22,5,3260.91,131,3,2,3,323,Perdus
U00225,2025-10-17,15,3261.73,75,4,4,3,443,Clients fideles
U05807,2025-06-21,10,3263.69,193,3,3,3,333,Perdus
U10254,2024-11-21,5,3264.83,405,1,2,3,123,Perdus
U05454,2025-07-31,7,3265.03,153,3,2,3,323,Perdus
U09793,2025-12-31,6,3269.05,0,5,2,3,523,Nouveaux
U03823,2025-09-01,8,3269.99,121,4,3,3,433,Perdus
U11028,2025-04-22,21,3271.02,253,2,5,3,253,A risque
U05020,2025-11-30,8,3271.04,31,5,3,3,533,Perdus
U04145,2024-08-22,5,3272.59,496,1,2,3,123,Perdus
U05656,2025-12-31,16,3272.92,0,5,4,3,543,Clients fideles
U02434,2025-10-18,7,3273.76,74,4,2,3,423,Nouveaux
U04826,2025-03-30,6,3275.33,276,2,2,3,223,Perdus
U04527,2025-11-24,8,3275.88,37,5,3,3,533,Perdus
U07559,2025-09-28,11,3278.51,94,4,3,3,433,Perdus
U02342,2024-08-10,7,3279.75,508,1,2,3,123,Perdus
U10108,2024-10-24,4,3283.95,433,1,1,3,113,Perdus
U08880,2024-08-30,21,3284.34,488,1,5,3,153,A risque
U09830,2025-12-28,8,3284.64,3,5,3,3,533,Perdus
U04897,2025-01-01,8,3285.15,364,2,3,3,233,A risque
U07489,2025-04-21,12,3285.56,254,2,4,3,243,A risque
U06021,2025-05-08,13,3287.12,237,3,4,3,343,Clients fideles
U09526,2024-12-19,26,3289.03,377,2,5,3,253,A risque
U10097,2025-01-09,12,3289.12,356,2,4,3,243,A risque
U01220,2024-09-08,5,3289.26,479,1,2,3,123,Perdus
U08963,2025-12-31,18,3290.32,0,5,4,3,543,Clients fideles
U04309,2024-12-31,5,3290.67,365,2,2,3,223,Perdus
U11326,2025-12-31,10,3291.41,0,5,3,3,533,Perdus
U06237,2025-12-27,10,3292.12,4,5,3,3,533,Perdus
U04289,2024-10-28,10,3293.63,429,1,3,3,133,A risque
U00516,2025-01-30,10,3295.76,335,2,3,3,233,A risque
U05918,2025-06-26,11,3296.09,188,3,3,3,333,Perdus
U09226,2024-07-28,5,3297.82,521,1,2,3,123,Perdus
U07704,2025-04-28,11,3299.84,247,2,3,3,233,A risque
U09258,2025-05-31,27,3301.04,214,3,5,3,353,Clients fideles
U04740,2024-12-23,8,3301.52,373,2,3,3,233,A risque
U00253,2025-05-22,6,3301.64,223,3,2,3,323,Perdus
U11489,2024-12-11,5,3302.45,385,1,2,3,123,Perdus
U11843,2025-12-16,4,3302.66,15,5,2,3,523,Nouveaux
U07809,2025-02-22,9,3303.37,312,2,3,3,233,A risque
U00617,2025-05-29,15,3305.66,216,3,4,3,343,Clients fideles
U09677,2025-12-30,7,3305.91,1,5,3,3,533,Perdus
U11487,2024-05-25,11,3306.61,585,1,3,3,133,A risque
U04789,2024-09-18,6,3306.67,469,1,2,3,123,Perdus
U04631,2025-01-31,8,3306.72,334,2,3,3,233,A risque
U11695,2025-06-06,11,3306.85,208,3,3,3,333,Perdus
U08441,2025-08-24,5,3310.36,129,3,2,3,323,Perdus
U02569,2025-04-20,9,3310.65,255,2,3,3,233,A risque
U02428,2025-10-31,12,3311.54,61,4,4,3,443,Clients fideles
U06937,2025-04-07,13,3311.9,268,2,4,3,243,A risque
U04284,2025-12-23,11,3312.53,8,5,3,3,533,Perdus
U09347,2024-05-28,10,3312.65,582,1,3,3,133,A risque
U07073,2024-08-21,12,3312.66,497,1,4,3,143,A risque
U02896,2025-06-12,7,3313.44,202,3,2,3,323,Perdus
U06547,2025-11-13,15,3313.44,48,4,4,3,443,Clients fideles
U01334,2025-11-19,21,3313.48,42,5,5,3,553,Clients fideles
U07879,2025-09-24,6,3314.76,98,4,2,3,423,Nouveaux
U10923,2025-09-04,8,3314.82,118,4,3,3,433,Perdus
U07392,2025-05-03,7,3315.11,242,3,2,3,323,Perdus
U00757,2024-11-15,4,3319.33,411,1,1,3,113,Perdus
U03228,2024-07-29,10,3321.61,520,1,3,3,133,A risque
U08563,2024-12-29,9,3322.64,367,2,3,3,233,A risque
U09823,2025-12-25,31,3324.09,6,5,5,3,553,Clients fideles
U06497,2025-02-15,20,3324.84,319,2,5,3,253,A risque
U10189,2025-02-05,10,3325.15,329,2,3,3,233,A risque
U01848,2025-08-13,6,3325.99,140,3,2,3,323,Perdus
U08186,2025-07-21,10,3328.17,163,3,3,3,333,Perdus
U00591,2025-08-14,8,3328.26,139,3,3,3,333,Perdus
U01704,2025-03-30,10,3328.41,276,2,3,3,233,A risque
U09569,2024-09-26,36,3328.47,461,1,5,3,153,A risque
U00409,2025-02-20,9,3329.87,314,2,3,3,233,A risque
U00441,2025-02-13,2,3330.71,321,2,1,3,213,Perdus
U01045,2025-07-25,19,3332.92,159,3,5,3,353,Clients fideles
U00310,2024-05-28,8,3334.36,582,1,3,3,133,A risque
U04683,2025-06-02,8,3334.52,212,3,3,3,333,Perdus
U05305,2025-06-20,16,3334.53,194,3,4,3,343,Clients fideles
U10709,2025-08-25,8,3335.05,128,4,3,3,433,Perdus
U05669,2024-09-13,3,3337.02,474,1,1,3,113,Perdus
U07107,2025-06-26,10,3337.51,188,3,3,3,333,Perdus
U07772,2025-12-31,14,3337.58,0,5,4,3,543,Clients fideles
U03527,2025-12-28,9,3338.08,3,5,3,3,533,Perdus
U03498,2024-11-25,6,3340.79,401,1,2,3,123,Perdus
U09120,2024-08-27,5,3342.94,491,1,2,3,123,Perdus
U05990,2024-02-27,3,3343.08,673,1,1,3,113,Perdus
U04872,2025-08-27,12,3345.71,126,4,4,3,443,Clients fideles
U09437,2024-12-13,11,3347.5,383,2,3,3,233,A risque
U08604,2025-12-29,6,3348.74,2,5,2,3,523,Nouveaux
U02388,2025-09-29,4,3349.04,93,4,2,3,423,Nouveaux
U09940,2024-10-20,6,3350.77,437,1,2,3,123,Perdus
U06074,2025-06-28,9,3351.6,186,3,3,3,333,Perdus
U03409,2025-06-27,16,3352.2,187,3,4,3,343,Clients fideles
U09435,2025-01-24,8,3353.75,341,2,3,3,233,A risque
U04485,2025-09-26,14,3354.46,96,4,4,3,443,Clients fideles
U07226,2025-12-27,15,3355.72,4,5,4,3,543,Clients fideles
U02418,2025-11-15,7,3358.09,46,5,2,3,523,Nouveaux
U04426,2025-10-31,9,3358.46,61,4,3,3,433,Perdus
U11625,2025-07-27,4,3359.56,157,3,1,3,313,Perdus
U10443,2025-04-30,10,3360.54,245,3,3,3,333,Perdus
U02399,2025-07-30,6,3362.04,154,3,2,3,323,Perdus
U10268,2025-09-17,9,3362.06,105,4,3,3,433,Perdus
U08415,2025-09-17,10,3364.85,105,4,3,3,433,Perdus
U03893,2025-12-30,7,3365.5,1,5,3,3,533,Perdus
U02441,2024-05-29,8,3365.53,581,1,3,3,133,A risque
U05624,2025-07-11,9,3365.72,173,3,3,3,333,Perdus
U08969,2024-10-24,7,3366.48,433,1,2,3,123,Perdus
U02747,2025-04-30,24,3369.02,245,3,5,3,353,Clients fideles
U09728,2025-12-16,5,3370.81,15,5,2,3,523,Nouveaux
U08722,2025-07-26,10,3371.56,158,3,3,3,333,Perdus
U00998,2025-04-26,22,3371.66,249,2,5,3,253,A risque
U09095,2025-01-31,14,3372.68,334,2,4,3,243,A risque
U08281,2024-05-03,4,3373.55,607,1,1,3,113,Perdus
U05323,2025-06-04,7,3373.99,210,3,2,3,323,Perdus
U08872,2025-11-28,3,3374.0,33,5,1,3,513,Nouveaux
U00115,2025-11-20,5,3375.32,41,5,2,3,523,Nouveaux
U10311,2025-12-26,17,3375.54,5,5,4,3,543,Clients fideles
U11290,2025-01-29,4,3375.98,336,2,1,3,213,Perdus
U00801,2025-11-11,7,3377.09,50,4,2,3,423,Nouveaux
U09680,2024-11-27,11,3378.75,399,1,3,3,133,A risque
U01218,2025-08-26,13,3380.16,127,4,4,3,443,Clients fideles
U08326,2025-01-27,4,3380.85,338,2,1,3,213,Perdus
U08135,2025-01-27,11,3383.17,338,2,3,3,233,A risque
U01407,2025-12-30,29,3385.31,1,5,5,3,553,Clients fideles
U07917,2025-10-25,6,3386.66,67,4,2,3,423,Nouveaux
U01819,2025-01-24,8,3387.85,341,2,3,3,233,A risque
U08316,2025-05-16,13,3388.24,229,3,4,3,343,Clients fideles
U01830,2025-02-24,18,3388.41,310,2,4,3,243,A risque
U05674,2025-12-31,15,3388.62,0,5,4,3,543,Clients fideles
U07988,2025-02-02,8,3389.36,332,2,3,3,233,A risque
U05064,2025-06-27,12,3390.54,187,3,4,3,343,Clients fideles
U08195,2025-05-23,20,3390.99,222,3,5,3,353,Clients fideles
U02658,2025-03-31,17,3391.48,275,2,4,3,243,A risque
U01859,2025-05-27,12,3391.66,218,3,4,3,343,Clients fideles
U05174,2025-04-11,8,3392.18,264,2,3,3,233,A risque
U11746,2024-04-29,7,3392.92,611,1,2,3,123,Perdus
U08437,2024-08-06,5,3393.51,512,1,2,3,123,Perdus
U04895,2024-12-30,8,3393.7,366,2,3,3,233,A risque
U07206,2025-12-29,24,3394.73,2,5,5,3,553,Clients fideles
U06486,2025-06-30,35,3394.77,184,3,5,3,353,Clients fideles
U08864,2025-05-26,14,3396.79,219,3,4,3,343,Clients fideles
U09825,2025-02-11,5,3396.88,323,2,2,3,223,Perdus
U07670,2025-04-26,8,3396.91,249,2,3,3,233,A risque
U06536,2025-10-23,8,3398.08,69,4,3,3,433,Perdus
U11752,2025-12-27,8,3398.79,4,5,3,3,533,Perdus
U03383,2025-01-30,12,3398.97,335,2,4,3,243,A risque
U02177,2025-02-27,14,3400.33,307,2,4,3,243,A risque
U03750,2024-11-29,12,3401.53,397,1,4,3,143,A risque
U11048,2024-10-30,22,3402.91,427,1,5,3,153,A risque
U06485,2025-11-16,3,3403.21,45,5,1,3,513,Nouveaux
U02172,2024-02-21,8,3404.36,679,1,3,3,133,A risque
U06199,2024-05-31,19,3405.3,579,1,4,3,143,A risque
U07885,2024-09-22,6,3405.65,465,1,2,3,123,Perdus
U03784,2025-04-29,17,3407.28,246,3,4,3,343,Clients fideles
U07441,2024-12-31,17,3407.61,365,2,4,3,243,A risque
U01941,2025-11-30,18,3407.74,31,5,4,3,543,Clients fideles
U10506,2025-10-30,4,3408.42,62,4,2,3,423,Nouveaux
U11051,2025-01-18,10,3409.6,347,2,3,3,233,A risque
U08652,2025-12-13,12,3410.89,18,5,4,3,543,Clients fideles
U11825,2024-09-27,5,3411.06,460,1,2,3,123,Perdus
U01612,2025-04-27,8,3411.33,248,2,3,3,233,A risque
U01292,2024-09-28,12,3411.54,459,1,4,3,143,A risque
U10587,2025-10-11,7,3411.83,81,4,2,3,423,Nouveaux
U10831,2025-04-14,9,3413.11,261,2,3,3,233,A risque
U10754,2025-11-19,22,3416.82,42,5,5,3,553,Clients fideles
U08806,2025-06-16,7,3418.88,198,3,2,3,323,Perdus
U08585,2024-06-26,11,3419.03,553,1,3,3,133,A risque
U10606,2025-12-28,9,3419.27,3,5,3,3,533,Perdus
U00727,2024-06-28,12,3420.44,551,1,4,3,143,A risque
U07455,2024-03-31,3,3420.71,640,1,1,3,113,Perdus
U05502,2024-10-31,11,3422.6,426,1,3,3,133,A risque
U11680,2024-11-28,5,3422.71,398,1,2,3,123,Perdus
U07147,2025-11-27,3,3423.84,34,5,1,3,513,Nouveaux
U09902,2025-09-24,18,3424.28,98,4,4,3,443,Clients fideles
U05869,2025-07-31,14,3426.75,153,3,4,3,343,Clients fideles
U03818,2024-02-28,5,3427.46,672,1,2,3,123,Perdus
U07886,2025-02-13,7,3428.57,321,2,2,3,223,Perdus
U05391,2025-07-25,7,3429.16,159,3,2,3,323,Perdus
U11389,2025-08-29,7,3430.18,124,4,2,3,423,Nouveaux
U06751,2025-09-20,12,3430.88,102,4,4,3,443,Clients fideles
U08517,2025-05-31,16,3430.97,214,3,4,3,343,Clients fideles
U09917,2025-06-27,9,3431.26,187,3,3,3,333,Perdus
U01757,2024-05-27,3,3432.41,583,1,1,3,113,Perdus
U05743,2025-05-30,16,3432.65,215,3,4,3,343,Clients fideles
U03848,2025-10-29,4,3433.71,63,4,2,3,423,Nouveaux
U08079,2025-09-28,11,3434.37,94,4,3,3,433,Perdus
U05612,2025-11-21,18,3434.57,40,5,4,3,543,Clients fideles
U07539,2025-12-19,11,3434.59,12,5,3,3,533,Perdus
U05090,2025-07-31,4,3435.09,153,3,1,3,313,Perdus
U02027,2025-01-25,15,3435.35,340,2,4,3,243,A risque
U00415,2025-03-28,7,3436.33,278,2,2,3,223,Perdus
U09856,2025-08-30,7,3437.11,123,4,2,3,423,Nouveaux
U09679,2024-12-27,18,3438.8,369,2,4,3,243,A risque
U03392,2024-10-30,23,3439.61,427,1,5,3,153,A risque
U01789,2025-08-06,4,3440.11,147,3,1,3,313,Perdus
U04029,2024-04-23,7,3445.19,617,1,2,3,123,Perdus
U11177,2025-09-10,8,3445.64,112,4,3,3,433,Perdus
U08573,2024-09-28,10,3446.22,459,1,3,3,133,A risque
U04545,2025-08-17,12,3450.12,136,3,4,3,343,Clients fideles
U04604,2025-11-14,23,3451.2,47,4,5,3,453,Clients fideles
U09324,2024-10-20,15,3452.7,437,1,4,3,143,A risque
U07076,2025-09-30,14,3454.08,92,4,4,3,443,Clients fideles
U02086,2025-12-06,13,3454.09,25,5,4,3,543,Clients fideles
U11355,2025-08-26,11,3455.8,127,4,3,3,433,Perdus
U09432,2025-10-23,17,3456.17,69,4,4,3,443,Clients fideles
U09044,2025-08-31,13,3456.22,122,4,4,3,443,Clients fideles
U01164,2025-04-22,9,3457.28,253,2,3,3,233,A risque
U02508,2025-12-19,21,3457.59,12,5,5,3,553,Clients fideles
U08263,2024-02-17,6,3458.43,683,1,2,3,123,Perdus
U08100,2024-03-05,3,3458.49,666,1,1,3,113,Perdus
U00936,2025-04-27,15,3458.52,248,2,4,3,243,A risque
U10303,2025-12-27,10,3460.45,4,5,3,3,533,Perdus
U08695,2025-11-30,8,3461.75,31,5,3,3,533,Perdus
U11782,2025-01-29,8,3463.69,336,2,3,3,233,A risque
U06857,2025-09-30,11,3463.99,92,4,3,3,433,Perdus
U09074,2025-05-28,13,3465.07,217,3,4,3,343,Clients fideles
U05259,2025-05-31,24,3465.66,214,3,5,3,353,Clients fideles
U03688,2025-04-14,4,3465.75,261,2,1,3,213,Perdus
U08662,2024-09-24,21,3465.77,463,1,5,3,153,A risque
U04208,2024-10-31,7,3465.88,426,1,2,3,123,Perdus
U00003,2025-07-30,7,3467.12,154,3,2,3,323,Perdus
U00903,2025-05-29,7,3467.46,216,3,2,3,323,Perdus
U04852,2025-11-22,4,3468.66,39,5,2,3,523,Nouveaux
U02919,2025-06-26,12,3469.78,188,3,4,3,343,Clients fideles
U11575,2024-11-15,6,3470.28,411,1,2,3,123,Perdus
U07249,2025-11-07,5,3472.06,54,4,2,3,423,Nouveaux
U05125,2025-10-06,6,3472.41,86,4,2,3,423,Nouveaux
U01773,2024-10-30,16,3472.74,427,1,4,3,143,A risque
U05058,2025-06-22,18,3473.12,192,3,4,3,343,Clients fideles
U10513,2025-08-17,11,3473.47,136,3,3,3,333,Perdus
U07274,2025-04-23,13,3473.67,252,2,4,3,243,A risque
U10885,2025-12-22,4,3476.18,9,5,2,3,523,Nouveaux
U11369,2025-03-16,13,3477.13,290,2,4,3,243,A risque
U00350,2024-10-07,4,3478.38,450,1,1,3,113,Perdus
U08159,2024-11-29,22,3479.24,397,1,5,3,153,A risque
U06575,2025-12-22,15,3480.21,9,5,4,3,543,Clients fideles
U00641,2024-09-23,12,3480.64,464,1,4,3,143,A risque
U07694,2025-05-31,32,3481.04,214,3,5,3,353,Clients fideles
U06343,2025-04-24,6,3482.03,251,2,2,3,223,Perdus
U07246,2025-07-12,9,3482.25,172,3,3,3,333,Perdus
U03520,2024-02-24,6,3482.64,676,1,2,3,123,Perdus
U00630,2025-10-31,11,3482.94,61,4,3,3,433,Perdus
U01987,2025-12-07,11,3483.68,24,5,3,3,533,Perdus
U10456,2025-12-28,8,3484.27,3,5,3,3,533,Perdus
U01997,2025-12-25,5,3484.41,6,5,2,3,523,Nouveaux
U06345,2025-09-27,15,3486.37,95,4,4,3,443,Clients fideles
U01402,2025-05-16,8,3486.51,229,3,3,3,333,Perdus
U05281,2025-12-27,11,3486.62,4,5,3,3,533,Perdus
U02339,2025-02-19,5,3488.51,315,2,2,3,223,Perdus
U02927,2025-01-23,8,3488.54,342,2,3,3,233,A risque
U02900,2025-12-21,17,3489.19,10,5,4,3,543,Clients fideles
U11221,2025-04-29,18,3489.21,246,3,4,3,343,Clients fideles
U08768,2025-03-17,11,3489.33,289,2,3,3,233,A risque
U10718,2025-12-21,10,3491.05,10,5,3,3,533,Perdus
U09494,2025-11-30,13,3493.08,31,5,4,3,543,Clients fideles
U02077,2024-10-23,13,3493.4,434,1,4,3,143,A risque
U09712,2024-09-28,8,3495.69,459,1,3,3,133,A risque
U00510,2025-05-13,11,3497.69,232,3,3,3,333,Perdus
U04411,2025-06-30,10,3499.91,184,3,3,3,333,Perdus
U09242,2025-04-24,12,3501.85,251,2,4,3,243,A risque
U04803,2025-09-27,3,3502.75,95,4,1,3,413,Nouveaux
U01196,2025-12-03,7,3503.19,28,5,3,3,533,Perdus
U04251,2025-08-31,14,3504.16,122,4,4,3,443,Clients fideles
U06774,2024-05-07,9,3505.8,603,1,3,3,133,A risque
U10712,2025-08-29,7,3505.91,124,4,2,3,423,Nouveaux
U08667,2025-04-11,9,3506.01,264,2,3,3,233,A risque
U11261,2024-08-13,8,3506.72,505,1,3,3,133,A risque
U09169,2025-08-24,9,3508.18,129,3,3,3,333,Perdus
U00019,2025-05-25,9,3508.95,220,3,3,3,333,Perdus
U11022,2025-02-19,6,3509.23,315,2,2,3,223,Perdus
U11904,2025-12-24,16,3509.31,7,5,4,3,543,Clients fideles
U06706,2024-07-30,20,3509.44,519,1,5,3,153,A risque
U07999,2025-02-12,6,3509.64,322,2,2,3,223,Perdus
U01337,2025-05-25,5,3510.16,220,3,2,3,323,Perdus
U03411,2024-09-04,4,3510.32,483,1,1,3,113,Perdus
U01562,2025-07-10,17,3510.52,174,3,4,3,343,Clients fideles
U01822,2025-06-19,5,3510.56,195,3,2,3,323,Perdus
U02495,2024-11-28,11,3512.36,398,1,3,3,133,A risque
U05175,2025-03-09,8,3513.7,297,2,3,3,233,A risque
U04017,2025-04-30,9,3514.38,245,3,3,3,333,Perdus
U09009,2025-11-30,15,3515.73,31,5,4,3,543,Clients fideles
U05236,2024-08-16,13,3515.84,502,1,4,3,143,A risque
U05527,2025-06-30,17,3516.6,184,3,4,3,343,Clients fideles
U05503,2025-01-30,11,3517.63,335,2,3,3,233,A risque
U00610,2024-11-25,13,3517.95,401,1,4,3,143,A risque
U04268,2025-04-18,8,3518.23,257,2,3,3,233,A risque
U07240,2025-04-22,11,3518.45,253,2,3,3,233,A risque
U00804,2025-09-30,13,3518.63,92,4,4,3,443,Clients fideles
U01267,2025-11-19,7,3519.56,42,5,2,3,523,Nouveaux
U11959,2025-04-20,8,3521.55,255,2,3,3,233,A risque
U07912,2025-09-06,15,3522.11,116,4,4,3,443,Clients fideles
U06989,2025-11-30,6,3524.35,31,5,2,3,523,Nouveaux
U02222,2025-02-14,4,3528.58,320,2,1,3,213,Perdus
U10540,2025-12-30,7,3529.92,1,5,3,3,533,Perdus
U09832,2024-08-30,14,3529.96,488,1,4,3,143,A risque
U10370,2025-12-28,10,3530.4,3,5,3,3,533,Perdus
U05845,2025-08-27,12,3531.77,126,4,4,3,443,Clients fideles
U09758,2025-11-16,4,3532.22,45,5,2,3,523,Nouveaux
U04388,2025-12-16,19,3532.3,15,5,5,3,553,Clients fideles
U08783,2025-01-27,8,3532.48,338,2,3,3,233,A risque
U04707,2025-11-29,6,3536.36,32,5,2,3,523,Nouveaux
U05428,2025-04-24,7,3536.9,251,2,2,3,223,Perdus
U00717,2025-11-19,8,3537.99,42,5,3,3,533,Perdus
U07599,2025-04-20,8,3540.66,255,2,3,3,233,A risque
U10345,2025-09-25,6,3544.41,97,4,2,3,423,Nouveaux
U08470,2025-01-26,19,3545.43,339,2,4,3,243,A risque
U04467,2025-05-31,14,3546.54,214,3,4,3,343,Clients fideles
U06024,2024-07-29,21,3546.76,520,1,5,3,153,A risque
U03284,2025-02-18,11,3546.96,316,2,3,3,233,A risque
U02916,2024-12-13,3,3547.11,383,2,1,3,213,Perdus
U03148,2025-01-31,27,3548.0,334,2,5,3,253,A risque
U00432,2025-10-28,21,3548.41,64,4,5,3,453,Clients fideles
U03879,2025-07-31,23,3549.09,153,3,5,3,353,Clients fideles
U11299,2025-12-17,4,3549.12,14,5,2,3,523,Nouveaux
U06140,2024-06-28,21,3550.23,551,1,5,3,153,A risque
U10096,2025-10-14,15,3550.3,78,4,4,3,443,Clients fideles
U02230,2025-12-28,7,3552.02,3,5,3,3,533,Perdus
U00191,2025-07-06,15,3552.32,178,3,4,3,343,Clients fideles
U05370,2025-07-26,7,3552.99,158,3,2,3,323,Perdus
U07574,2024-10-23,9,3553.65,434,1,3,3,133,A risque
U08911,2024-02-25,10,3555.37,675,1,3,3,133,A risque
U09165,2025-06-30,11,3556.33,184,3,3,3,333,Perdus
U07985,2025-08-27,12,3559.66,126,4,4,3,443,Clients fideles
U10068,2025-02-23,13,3561.29,311,2,4,3,243,A risque
U04372,2025-09-25,9,3562.01,97,4,3,3,433,Perdus
U01253,2025-11-28,5,3563.01,33,5,2,3,523,Nouveaux
U01027,2025-02-21,14,3563.02,313,2,4,3,243,A risque
U03118,2025-07-04,6,3563.78,180,3,2,3,323,Perdus
U10011,2025-06-24,16,3564.87,190,3,4,3,343,Clients fideles
U04477,2025-03-26,6,3565.48,280,2,2,3,223,Perdus
U10990,2025-12-28,8,3565.89,3,5,3,3,533,Perdus
U03058,2024-08-25,16,3566.95,493,1,4,3,143,A risque
U07377,2025-02-05,6,3568.4,329,2,2,3,223,Perdus
U07450,2025-04-26,17,3568.81,249,2,4,3,243,A risque
U01893,2025-11-03,7,3569.54,58,4,2,3,423,Nouveaux
U07272,2025-12-26,31,3571.44,5,5,5,3,553,Clients fideles
U08453,2024-12-31,8,3572.34,365,2,3,3,233,A risque
U07958,2025-07-21,30,3575.58,163,3,5,3,353,Clients fideles
U09477,2024-11-19,6,3577.74,407,1,2,3,123,Perdus
U10209,2024-08-11,9,3578.24,507,1,3,3,133,A risque
U02840,2025-12-18,12,3579.05,13,5,4,3,543,Clients fideles
U05119,2025-03-29,11,3579.49,277,2,3,3,233,A risque
U04310,2025-12-23,13,3579.76,8,5,4,3,543,Clients fideles
U06104,2025-11-12,25,3580.51,49,4,5,3,453,Clients fideles
U06778,2025-03-15,9,3580.98,291,2,3,3,233,A risque
U07296,2025-11-30,21,3581.21,31,5,5,3,553,Clients fideles
U06842,2025-09-18,11,3581.27,104,4,3,3,433,Perdus
U11547,2025-11-26,10,3581.88,35,5,3,3,533,Perdus
U08103,2025-03-26,15,3581.94,280,2,4,3,243,A risque
U09781,2025-03-27,11,3582.35,279,2,3,3,233,A risque
U00100,2025-04-22,8,3583.01,253,2,3,3,233,A risque
U11900,2025-04-24,21,3584.44,251,2,5,3,253,A risque
U08029,2025-04-23,15,3586.42,252,2,4,3,243,A risque
U11697,2025-12-11,17,3586.47,20,5,4,3,543,Clients fideles
U05067,2025-12-30,7,3586.84,1,5,3,3,533,Perdus
U09956,2025-08-17,15,3587.05,136,3,4,3,343,Clients fideles
U06526,2025-08-08,5,3587.33,145,3,2,3,323,Perdus
U03237,2025-11-28,13,3587.93,33,5,4,3,543,Clients fideles
U10086,2025-08-23,7,3589.78,130,3,2,3,323,Perdus
U03456,2025-12-29,16,3589.99,2,5,4,3,543,Clients fideles
U05843,2024-09-26,12,3593.31,461,1,4,3,143,A risque
U00335,2025-12-31,21,3593.34,0,5,5,3,553,Clients fideles
U08053,2024-09-10,9,3594.5,477,1,3,3,133,A risque
U09203,2024-12-22,9,3596.1,374,2,3,3,233,A risque
U05700,2024-08-03,11,3597.09,515,1,3,3,133,A risque
U03278,2025-10-31,9,3598.54,61,4,3,3,433,Perdus
U10329,2025-07-31,13,3599.69,153,3,4,3,343,Clients fideles
U03894,2024-08-31,37,3601.53,487,1,5,3,153,A risque
U06245,2025-12-22,20,3601.63,9,5,5,3,553,Clients fideles
U09215,2025-01-21,17,3602.12,344,2,4,3,243,A risque
U10291,2025-10-31,17,3605.89,61,4,4,3,443,Clients fideles
U05851,2024-03-22,4,3606.43,649,1,1,3,113,Perdus
U06705,2025-11-28,8,3606.61,33,5,3,3,533,Perdus
U08464,2025-02-13,11,3607.16,321,2,3,3,233,A risque
U11026,2025-12-06,13,3607.61,25,5,4,3,543,Clients fideles
U03909,2025-11-06,19,3607.95,55,4,5,3,453,Clients fideles
U06915,2024-10-20,12,3609.4,437,1,4,3,143,A risque
U02670,2025-11-17,9,3609.73,44,5,3,3,533,Perdus
U06367,2025-04-15,12,3610.24,260,2,4,3,243,A risque
U00004,2025-04-28,13,3610.76,247,2,4,3,243,A risque
U07322,2025-01-06,8,3612.15,359,2,3,3,233,A risque
U01080,2024-11-29,21,3612.52,397,1,5,3,153,A risque
U08923,2025-01-25,11,3613.22,340,2,3,3,233,A risque
U04753,2025-09-30,42,3614.22,92,4,5,3,453,Clients fideles
U08467,2025-11-23,9,3614.53,38,5,3,3,533,Perdus
U03781,2025-01-27,8,3615.07,338,2,3,3,233,A risque
U03803,2024-11-08,14,3615.41,418,1,4,3,143,A risque
U07305,2025-12-22,5,3615.82,9,5,2,3,523,Nouveaux
U04338,2025-12-19,9,3617.06,12,5,3,3,533,Perdus
U03869,2025-01-25,7,3617.77,340,2,2,3,223,Perdus
U04127,2025-12-13,4,3617.88,18,5,2,3,523,Nouveaux
U01626,2025-12-21,13,3619.97,10,5,4,3,543,Clients fideles
U00107,2025-06-17,6,3621.88,197,3,2,3,323,Perdus
U01252,2025-05-30,10,3624.13,215,3,3,3,333,Perdus
U11606,2025-09-27,19,3627.44,95,4,5,3,453,Clients fideles
U07649,2025-04-30,14,3627.6,245,3,4,3,343,Clients fideles
U08893,2025-03-29,13,3629.04,277,2,4,3,243,A risque
U04625,2024-03-16,9,3629.48,655,1,3,3,133,A risque
U01142,2024-06-30,12,3631.84,549,1,4,3,143,A risque
U08821,2024-09-26,5,3633.08,461,1,2,3,123,Perdus
U11337,2024-07-22,6,3634.29,527,1,2,3,123,Perdus
U03348,2025-10-15,18,3635.16,77,4,4,3,443,Clients fideles
U01556,2025-10-22,21,3635.18,70,4,5,3,453,Clients fideles
U03294,2024-11-30,21,3636.76,396,1,5,3,153,A risque
U02892,2024-11-27,23,3637.95,399,1,5,3,153,A risque
U10354,2025-12-08,9,3638.35,23,5,3,3,533,Perdus
U09219,2025-08-01,12,3638.65,152,3,4,3,343,Clients fideles
U04203,2025-10-19,16,3639.0,73,4,4,3,443,Clients fideles
U04859,2025-12-28,18,3639.27,3,5,4,3,543,Clients fideles
U11649,2025-07-28,14,3639.92,156,3,4,3,343,Clients fideles
U11884,2025-12-30,8,3641.99,1,5,3,3,533,Perdus
U05100,2025-08-27,6,3644.91,126,4,2,3,423,Nouveaux
U05069,2025-11-28,13,3645.68,33,5,4,3,543,Clients fideles
U11848,2024-10-31,38,3645.93,426,1,5,3,153,A risque
U08120,2025-05-31,13,3646.98,214,3,4,3,343,Clients fideles
U05290,2025-01-27,21,3647.13,338,2,5,3,253,A risque
U02361,2025-03-28,11,3647.29,278,2,3,3,233,A risque
U01990,2025-09-29,31,3649.05,93,4,5,3,453,Clients fideles
U07594,2025-05-07,7,3649.62,238,3,2,3,323,Perdus
U02138,2025-12-28,5,3649.74,3,5,2,3,523,Nouveaux
U04385,2025-10-24,15,3649.81,68,4,4,3,443,Clients fideles
U09280,2025-12-26,17,3650.77,5,5,4,3,543,Clients fideles
U11704,2025-04-28,11,3654.9,247,2,3,3,233,A risque
U05146,2025-12-31,9,3658.1,0,5,3,3,533,Perdus
U05792,2025-11-27,13,3659.24,34,5,4,3,543,Clients fideles
U05287,2025-09-30,20,3660.32,92,4,5,3,453,Clients fideles
U06710,2025-06-24,20,3660.84,190,3,5,3,353,Clients fideles
U03926,2025-02-26,12,3662.77,308,2,4,3,243,A risque
U00181,2025-08-24,11,3662.99,129,3,3,3,333,Perdus
U00424,2025-01-25,21,3663.04,340,2,5,3,253,A risque
U09974,2025-02-25,6,3663.69,309,2,2,3,223,Perdus
U06179,2025-07-27,3,3664.09,157,3,1,3,313,Perdus
U03970,2025-12-29,16,3664.4,2,5,4,3,543,Clients fideles
U10376,2024-12-29,10,3664.69,367,2,3,3,233,A risque
U03395,2024-10-28,10,3664.89,429,1,3,3,133,A risque
U11185,2025-07-22,19,3665.34,162,3,5,3,353,Clients fideles
U08422,2025-10-27,19,3666.94,65,4,5,3,453,Clients fideles
U01215,2024-10-23,20,3667.06,434,1,5,3,153,A risque
U10149,2025-03-27,11,3669.32,279,2,3,3,233,A risque
U11192,2024-10-15,21,3670.05,442,1,5,3,153,A risque
U08892,2024-10-27,11,3671.55,430,1,3,3,133,A risque
U02630,2025-06-29,4,3672.8,185,3,1,3,313,Perdus
U03959,2025-11-28,11,3673.4,33,5,3,3,533,Perdus
U04990,2025-03-09,1,3674.83,297,2,1,3,213,Perdus
U06191,2024-09-19,7,3675.9,468,1,2,3,123,Perdus
U05798,2025-12-05,10,3678.49,26,5,3,3,533,Perdus
U04064,2024-02-25,4,3680.6,675,1,1,3,113,Perdus
U10258,2025-07-30,13,3682.36,154,3,4,3,343,Clients fideles
U10082,2025-06-18,6,3682.83,196,3,2,3,323,Perdus
U00518,2025-04-12,7,3683.03,263,2,2,3,223,Perdus
U06858,2025-10-29,12,3684.64,63,4,4,3,443,Clients fideles
U07760,2024-10-30,5,3688.33,427,1,2,3,123,Perdus
U07197,2025-05-21,13,3688.37,224,3,4,3,343,Clients fideles
U00873,2024-12-25,18,3691.99,371,2,4,3,243,A risque
U05954,2025-06-29,11,3694.89,185,3,3,3,333,Perdus
U04577,2024-11-10,8,3695.49,416,1,3,3,133,A risque
U04481,2024-12-29,7,3696.89,367,2,2,3,223,Perdus
U10054,2025-11-23,15,3697.36,38,5,4,3,543,Clients fideles
U03996,2024-11-27,7,3698.06,399,1,2,3,123,Perdus
U10670,2025-02-24,26,3698.31,310,2,5,3,253,A risque
U02373,2025-10-10,24,3698.88,82,4,5,3,453,Clients fideles
U10619,2025-11-24,13,3701.41,37,5,4,3,543,Clients fideles
U00608,2025-03-28,10,3702.2,278,2,3,3,233,A risque
U06420,2025-02-27,8,3703.77,307,2,3,3,233,A risque
U11664,2025-08-15,8,3704.07,138,3,3,3,333,Perdus
U11580,2025-09-16,6,3705.72,106,4,2,3,423,Nouveaux
U05725,2025-02-25,21,3706.1,309,2,5,3,253,A risque
U04246,2025-01-21,18,3706.22,344,2,4,3,243,A risque
U02423,2024-09-26,11,3708.67,461,1,3,3,133,A risque
U07237,2025-04-28,14,3708.74,247,2,4,3,243,A risque
U01182,2025-12-22,22,3711.25,9,5,5,3,553,Clients fideles
U01526,2024-11-15,14,3713.88,411,1,4,3,143,A risque
U04846,2025-06-21,8,3715.02,193,3,3,3,333,Perdus
U05183,2024-05-29,13,3715.58,581,1,4,3,143,A risque
U11725,2025-12-27,16,3715.9,4,5,4,3,543,Clients fideles
U05392,2025-08-22,8,3717.7,131,3,3,3,333,Perdus
U04883,2025-01-17,6,3718.43,348,2,2,3,223,Perdus
U06909,2025-12-25,11,3720.37,6,5,3,3,533,Perdus
U08612,2025-01-26,11,3720.57,339,2,3,3,233,A risque
U10634,2025-05-11,10,3720.76,234,3,3,3,333,Perdus
U02992,2025-07-27,6,3721.85,157,3,2,3,323,Perdus
U04118,2025-10-26,8,3722.23,66,4,3,3,433,Perdus
U00487,2025-02-27,26,3723.35,307,2,5,3,253,A risque
U11149,2025-02-27,21,3723.44,307,2,5,3,253,A risque
U07566,2024-12-24,17,3723.62,372,2,4,3,243,A risque
U04766,2025-10-30,11,3724.62,62,4,3,3,433,Perdus
U03865,2025-12-25,6,3725.36,6,5,2,3,523,Nouveaux
U05390,2025-07-25,14,3726.4,159,3,4,3,343,Clients fideles
U07635,2025-11-23,12,3727.02,38,5,4,3,543,Clients fideles
U08078,2025-05-24,7,3730.39,221,3,2,3,323,Perdus
U02213,2025-09-27,21,3731.6,95,4,5,3,453,Clients fideles
U01444,2025-03-25,14,3731.78,281,2,4,3,243,A risque
U10432,2025-10-16,8,3733.87,76,4,3,3,433,Perdus
U04874,2025-11-28,14,3734.76,33,5,4,3,543,Clients fideles
U09127,2025-11-12,9,3735.72,49,4,3,3,433,Perdus
U06822,2025-11-14,10,3736.08,47,5,3,3,533,Perdus
U09144,2025-09-30,7,3736.88,92,4,2,3,423,Nouveaux
U08831,2025-06-04,3,3737.1,210,3,1,3,313,Perdus
U08133,2025-12-23,11,3738.48,8,5,3,3,533,Perdus
U08876,2025-05-30,14,3739.57,215,3,4,3,343,Clients fideles
U00079,2025-06-23,12,3741.82,191,3,4,3,343,Clients fideles
U11082,2024-06-29,7,3742.72,550,1,2,3,123,Perdus
U05955,2025-06-23,14,3744.18,191,3,4,3,343,Clients fideles
U10133,2025-10-14,8,3744.2,78,4,3,3,433,Perdus
U04964,2025-12-30,9,3746.51,1,5,3,3,533,Perdus
U01321,2024-07-28,10,3747.76,521,1,3,3,133,A risque
U08132,2025-11-29,8,3750.33,32,5,3,3,533,Perdus
U05441,2025-08-29,13,3752.62,124,4,4,3,443,Clients fideles
U06562,2025-09-27,6,3752.91,95,4,2,3,423,Nouveaux
U02993,2025-12-29,7,3753.73,2,5,3,3,533,Perdus
U03992,2025-10-31,5,3753.76,61,4,2,3,423,Nouveaux
U01741,2025-09-27,7,3753.93,95,4,2,3,423,Nouveaux
U02735,2025-05-24,14,3755.82,221,3,4,3,343,Clients fideles
U11994,2025-08-29,13,3757.2,124,4,4,3,443,Clients fideles
U08359,2025-12-30,9,3758.08,1,5,3,3,533,Perdus
U03867,2024-08-15,11,3762.27,503,1,3,3,133,A risque
U08731,2025-03-27,10,3762.72,279,2,3,3,233,A risque
U03984,2025-07-27,10,3763.5,157,3,3,3,333,Perdus
U07965,2025-10-20,12,3764.41,72,4,4,3,443,Clients fideles
U08507,2024-11-28,9,3766.09,398,1,3,3,133,A risque
U02390,2025-11-27,8,3768.3,34,5,3,3,533,Perdus
U09012,2025-11-21,4,3769.36,40,5,2,3,523,Nouveaux
U04361,2025-07-24,11,3770.77,160,3,3,3,333,Perdus
U01149,2025-12-29,7,3771.15,2,5,3,3,533,Perdus
U06351,2025-11-13,13,3773.94,48,4,4,3,443,Clients fideles
U06307,2025-10-13,25,3775.47,79,4,5,3,453,Clients fideles
U03960,2025-07-17,10,3777.24,167,3,3,3,333,Perdus
U06056,2025-09-17,22,3777.42,105,4,5,3,453,Clients fideles
U02000,2025-08-31,18,3779.21,122,4,4,3,443,Clients fideles
U07590,2025-08-19,14,3779.94,134,3,4,3,343,Clients fideles
U04598,2025-09-29,6,3780.93,93,4,2,3,423,Nouveaux
U01278,2025-12-30,12,3781.41,1,5,4,3,543,Clients fideles
U03304,2025-08-26,13,3782.64,127,4,4,3,443,Clients fideles
U03695,2024-03-29,3,3785.17,642,1,1,3,113,Perdus
U07891,2024-09-18,17,3785.42,469,1,4,3,143,A risque
U03480,2025-07-24,6,3785.71,160,3,2,3,323,Perdus
U01754,2025-07-27,8,3785.8,157,3,3,3,333,Perdus
U03942,2025-06-27,4,3787.57,187,3,1,3,313,Perdus
U00654,2025-08-31,10,3787.65,122,4,3,3,433,Perdus
U01268,2025-09-26,13,3789.16,96,4,4,3,443,Clients fideles
U09071,2025-10-25,5,3789.35,67,4,2,3,423,Nouveaux
U06038,2025-09-28,20,3789.74,94,4,5,3,453,Clients fideles
U01081,2025-06-24,11,3792.1,190,3,3,3,333,Perdus
U06112,2025-08-31,23,3797.65,122,4,5,3,453,Clients fideles
U04981,2025-09-20,17,3799.34,102,4,4,3,443,Clients fideles
U02129,2024-12-10,11,3801.42,386,1,3,3,133,A risque
U03179,2024-12-16,12,3805.2,380,2,4,3,243,A risque
U03268,2025-09-30,7,3806.35,92,4,2,3,423,Nouveaux
U08793,2024-12-30,9,3806.94,366,2,3,3,233,A risque
U05453,2025-03-27,9,3807.95,279,2,3,3,233,A risque
U05365,2025-12-29,7,3808.85,2,5,3,3,533,Perdus
U02537,2025-10-29,10,3809.52,63,4,3,3,433,Perdus
U01560,2024-09-30,17,3810.01,457,1,4,3,143,A risque
U04324,2024-12-30,8,3810.11,366,2,3,3,233,A risque
U03623,2024-08-17,9,3810.29,501,1,3,3,133,A risque
U10742,2025-10-14,8,3810.89,78,4,3,3,433,Perdus
U11708,2025-07-02,7,3810.9,182,3,2,3,323,Perdus
U11956,2025-05-28,10,3813.13,217,3,3,3,333,Perdus
U10320,2025-04-22,11,3815.66,253,2,3,3,233,A risque
U09048,2025-01-28,24,3817.78,337,2,5,3,253,A risque
U02812,2025-07-24,13,3819.09,160,3,4,3,343,Clients fideles
U01744,2024-10-23,6,3819.16,434,1,2,3,123,Perdus
U08030,2025-12-31,15,3820.14,0,5,4,3,543,Clients fideles
U02514,2025-11-21,12,3820.81,40,5,4,3,543,Clients fideles
U01781,2025-01-31,9,3821.31,334,2,3,3,233,A risque
U03054,2025-12-30,13,3821.53,1,5,4,3,543,Clients fideles
U07169,2024-07-28,9,3822.06,521,1,3,3,133,A risque
U03986,2024-03-20,6,3822.89,651,1,2,3,123,Perdus
U00595,2025-03-26,22,3823.5,280,2,5,3,253,A risque
U11683,2025-11-28,14,3825.97,33,5,4,3,543,Clients fideles
U00075,2025-12-30,11,3826.53,1,5,3,3,533,Perdus
U03386,2025-02-28,12,3826.82,306,2,4,3,243,A risque
U01546,2025-12-06,9,3827.23,25,5,3,3,533,Perdus
U03654,2025-01-18,26,3827.99,347,2,5,3,253,A risque
U10734,2025-02-27,9,3828.02,307,2,3,3,233,A risque
U03500,2025-12-30,15,3828.93,1,5,4,3,543,Clients fideles
U02397,2025-12-29,19,3829.38,2,5,5,3,553,Clients fideles
U05754,2024-09-22,16,3829.62,465,1,4,3,143,A risque
U10743,2024-03-28,7,3830.3,643,1,2,3,123,Perdus
U06863,2025-11-21,8,3830.33,40,5,3,3,533,Perdus
U06261,2025-07-26,27,3830.74,158,3,5,3,353,Clients fideles
U07628,2025-11-28,16,3831.32,33,5,4,3,543,Clients fideles
U01055,2025-01-29,11,3833.09,336,2,3,3,233,A risque
U09733,2025-03-28,8,3834.41,278,2,3,3,233,A risque
U00140,2024-11-17,11,3835.55,409,1,3,3,133,A risque
U01452,2024-12-17,13,3835.95,379,2,4,3,243,A risque
U08447,2024-12-27,15,3837.76,369,2,4,3,243,A risque
U08948,2024-11-23,9,3838.95,403,1,3,3,133,A risque
U11167,2025-08-29,8,3839.41,124,4,3,3,433,Perdus
U04327,2024-12-31,18,3839.6,365,2,4,3,243,A risque
U08894,2025-03-29,12,3840.69,277,2,4,3,243,A risque
U05131,2025-12-07,12,3842.51,24,5,4,3,543,Clients fideles
U03622,2025-08-28,6,3843.36,125,4,2,3,423,Nouveaux
U06622,2025-03-30,16,3843.59,276,2,4,3,243,A risque
U09833,2025-10-30,6,3843.61,62,4,2,3,423,Nouveaux
U05937,2025-04-27,16,3843.78,248,2,4,3,243,A risque
U04498,2025-12-28,34,3844.36,3,5,5,3,553,Clients fideles
U07215,2025-11-27,20,3846.0,34,5,5,3,553,Clients fideles
U03627,2025-09-17,3,3848.57,105,4,1,3,413,Nouveaux
U11107,2025-03-24,8,3850.59,282,2,3,3,233,A risque
U02663,2025-06-23,13,3852.35,191,3,4,3,343,Clients fideles
U00861,2025-03-23,4,3852.82,283,2,1,3,213,Perdus
U01903,2025-11-28,23,3853.79,33,5,5,3,553,Clients fideles
U03961,2025-07-20,6,3854.55,164,3,2,3,323,Perdus
U03073,2025-02-20,10,3854.98,314,2,3,3,233,A risque
U09611,2025-04-30,27,3855.27,245,3,5,3,353,Clients fideles
U07230,2025-12-23,31,3858.64,8,5,5,3,553,Clients fideles
U01940,2025-07-26,10,3858.7,158,3,3,3,333,Perdus
U08935,2025-10-31,10,3859.5,61,4,3,3,433,Perdus
U11485,2025-12-30,40,3859.63,1,5,5,3,553,Clients fideles
U04825,2024-12-15,8,3862.19,381,2,3,3,233,A risque
U06025,2025-11-30,9,3862.84,31,5,3,3,533,Perdus
U05962,2025-07-23,20,3862.88,161,3,5,3,353,Clients fideles
U07550,2025-01-22,19,3864.14,343,2,4,3,243,A risque
U07116,2025-12-28,12,3864.43,3,5,4,3,543,Clients fideles
U00365,2025-02-22,14,3864.49,312,2,4,3,243,A risque
U01894,2025-01-27,18,3864.68,338,2,4,3,243,A risque
U11000,2024-10-16,6,3865.61,441,1,2,3,123,Perdus
U05078,2025-02-10,9,3866.38,324,2,3,3,233,A risque
U06453,2025-07-24,9,3866.53,160,3,3,3,333,Perdus
U02606,2025-06-21,18,3866.95,193,3,4,3,343,Clients fideles
U04084,2025-02-01,5,3867.55,333,2,2,3,223,Perdus
U00698,2025-11-21,20,3868.68,40,5,5,3,553,Clients fideles
U08043,2025-09-24,5,3869.37,98,4,2,3,423,Nouveaux
U00009,2025-04-23,14,3869.6,252,2,4,3,243,A risque
U08957,2025-01-25,14,3870.03,340,2,4,3,243,A risque
U09952,2025-09-06,3,3873.12,116,4,1,3,413,Nouveaux
U04636,2025-12-31,8,3875.06,0,5,3,3,533,Perdus
U10279,2025-08-14,11,3876.77,139,3,3,3,333,Perdus
U08673,2025-10-31,7,3876.86,61,4,2,3,423,Nouveaux
U08156,2024-11-26,6,3878.94,400,1,2,3,123,Perdus
U10585,2025-10-19,19,3879.81,73,4,5,3,453,Clients fideles
U09835,2025-07-30,25,3881.45,154,3,5,3,353,Clients fideles
U10112,2024-10-24,4,3882.1,433,1,1,3,113,Perdus
U04850,2025-09-17,15,3882.77,105,4,4,3,443,Clients fideles
U05716,2025-07-31,14,3882.83,153,3,4,3,343,Clients fideles
U05095,2024-11-27,5,3884.03,399,1,2,3,123,Perdus
U00683,2025-12-30,19,3884.44,1,5,5,3,553,Clients fideles
U06552,2025-12-21,4,3884.56,10,5,2,3,523,Nouveaux
U00442,2025-01-30,16,3885.08,335,2,4,3,243,A risque
U00245,2025-10-31,14,3886.0,61,4,4,3,443,Clients fideles
U03353,2025-06-22,7,3887.11,192,3,2,3,323,Perdus
U00205,2025-12-28,5,3888.54,3,5,2,3,523,Nouveaux
U10691,2025-12-27,6,3888.59,4,5,2,3,523,Nouveaux
U03097,2025-06-18,6,3888.97,196,3,2,3,323,Perdus
U11347,2025-07-28,15,3893.66,156,3,4,3,343,Clients fideles
U11893,2024-09-28,24,3894.51,459,1,5,3,153,A risque
U10424,2025-12-24,10,3894.9,7,5,3,3,533,Perdus
U07711,2024-08-22,19,3896.36,496,1,4,3,143,A risque
U01453,2025-10-29,12,3899.84,63,4,4,3,443,Clients fideles
U07048,2025-02-25,13,3903.26,309,2,4,3,243,A risque
U02295,2025-03-24,13,3903.58,282,2,4,3,243,A risque
U03672,2025-05-23,6,3904.81,222,3,2,3,323,Perdus
U04785,2024-08-30,16,3906.16,488,1,4,3,143,A risque
U07165,2025-06-26,14,3906.36,188,3,4,3,343,Clients fideles
U09266,2025-02-23,8,3907.68,311,2,3,3,233,A risque
U02547,2025-03-31,6,3909.11,275,2,2,3,223,Perdus
U09638,2025-06-18,7,3910.73,196,3,2,3,323,Perdus
U10799,2025-08-23,14,3915.45,130,3,4,3,343,Clients fideles
U07816,2025-12-01,3,3916.02,30,5,1,3,513,Nouveaux
U01619,2025-08-30,8,3917.24,123,4,3,3,433,Perdus
U09773,2025-04-30,11,3917.44,245,3,3,3,333,Perdus
U00039,2025-04-24,12,3918.04,251,2,4,3,243,A risque
U09979,2025-12-31,29,3918.95,0,5,5,3,553,Clients fideles
U02382,2025-12-28,17,3919.53,3,5,4,3,543,Clients fideles
U00190,2025-04-13,11,3920.46,262,2,3,3,233,A risque
U05554,2025-10-25,25,3921.45,67,4,5,3,453,Clients fideles
U09495,2025-10-08,19,3922.43,84,4,5,3,453,Clients fideles
U00999,2024-12-31,25,3924.18,365,2,5,3,253,A risque
U01429,2024-08-18,8,3925.19,500,1,3,3,133,A risque
U06468,2025-11-19,19,3926.23,42,5,5,3,553,Clients fideles
U02003,2025-04-24,6,3926.93,251,2,2,3,223,Perdus
U01834,2025-03-21,13,3926.99,285,2,4,3,243,A risque
U07268,2025-11-28,10,3927.95,33,5,3,3,533,Perdus
U10088,2025-11-28,5,3929.47,33,5,2,3,523,Nouveaux
U03534,2025-12-28,14,3929.47,3,5,4,3,543,Clients fideles
U05850,2025-09-29,10,3929.57,93,4,3,3,433,Perdus
U01400,2025-03-23,13,3930.92,283,2,4,3,243,A risque
U01470,2024-08-31,10,3931.1,487,1,3,3,133,A risque
U08102,2025-05-14,4,3932.34,231,3,1,3,313,Perdus
U08202,2024-12-27,7,3935.1,369,2,2,3,223,Perdus
U03840,2025-06-29,21,3935.44,185,3,5,3,353,Clients fideles
U08677,2024-11-19,27,3935.46,407,1,5,3,153,A risque
U11441,2024-12-28,8,3936.6,368,2,3,3,233,A risque
U02051,2025-12-22,7,3938.99,9,5,3,3,533,Perdus
U03481,2025-08-23,7,3939.39,130,3,2,3,323,Perdus
U04279,2025-12-18,6,3940.55,13,5,2,3,523,Nouveaux
U10249,2025-10-26,30,3940.57,66,4,5,3,453,Clients fideles
U01518,2024-07-27,6,3940.77,522,1,2,3,123,Perdus
U08364,2024-08-31,7,3943.36,487,1,2,3,123,Perdus
U02088,2025-04-26,7,3947.83,249,2,2,3,223,Perdus
U06396,2025-03-10,6,3949.97,296,2,2,3,223,Perdus
U08275,2025-11-23,19,3951.32,38,5,5,3,553,Clients fideles
U10367,2025-07-30,12,3951.54,154,3,4,3,343,Clients fideles
U05219,2025-08-22,7,3951.76,131,3,2,3,323,Perdus
U05965,2025-04-30,12,3954.43,245,3,4,3,343,Clients fideles
U11093,2024-10-21,15,3955.19,436,1,4,3,143,A risque
U02494,2025-04-25,7,3958.02,250,2,2,3,223,Perdus
U05251,2024-11-26,9,3958.48,400,1,3,3,133,A risque
U01587,2025-11-19,16,3959.06,42,5,4,3,543,Clients fideles
U11343,2025-06-17,7,3960.03,197,3,2,3,323,Perdus
U00163,2025-07-11,7,3961.75,173,3,2,3,323,Perdus
U00893,2025-12-22,11,3963.42,9,5,3,3,533,Perdus
U02713,2024-10-26,14,3964.0,431,1,4,3,143,A risque
U05832,2025-12-31,39,3966.97,0,5,5,3,553,Clients fideles
U06302,2025-04-30,15,3971.01,245,3,4,3,343,Clients fideles
U01521,2025-05-27,12,3972.49,218,3,4,3,343,Clients fideles
U02908,2025-11-23,7,3972.95,38,5,2,3,523,Nouveaux
U10091,2025-08-29,13,3973.66,124,4,4,3,443,Clients fideles
U04493,2024-12-31,12,3974.67,365,2,4,3,243,A risque
U09049,2025-05-23,10,3975.37,222,3,3,3,333,Perdus
U04983,2025-04-30,11,3976.34,245,3,3,3,333,Perdus
U01879,2025-12-27,10,3977.6,4,5,3,3,533,Perdus
U03691,2024-09-13,13,3977.76,474,1,4,3,143,A risque
U09185,2025-08-13,4,3978.7,140,3,1,3,313,Perdus
U08803,2025-04-24,13,3979.23,251,2,4,3,243,A risque
U02236,2024-05-30,6,3979.64,580,1,2,3,123,Perdus
U05903,2024-08-12,8,3980.96,506,1,3,3,133,A risque
U01181,2025-09-28,9,3983.66,94,4,3,3,433,Perdus
U06867,2025-07-27,25,3983.95,157,3,5,3,353,Clients fideles
U03628,2024-06-25,6,3985.54,554,1,2,3,123,Perdus
U07290,2025-07-31,11,3986.11,153,3,3,3,333,Perdus
U04587,2025-05-28,7,3986.2,217,3,2,3,323,Perdus
U04643,2025-11-30,24,3986.42,31,5,5,3,553,Clients fideles
U05137,2025-03-25,6,3987.98,281,2,2,3,223,Perdus
U03638,2025-09-13,10,3988.37,109,4,3,3,433,Perdus
U02267,2025-02-13,10,3989.62,321,2,3,3,233,A risque
U10336,2024-11-24,10,3991.25,402,1,3,3,133,A risque
U08014,2025-11-25,8,3991.4,36,5,3,3,533,Perdus
U00479,2025-10-10,7,3991.49,82,4,2,3,423,Nouveaux
U08918,2025-11-30,17,3991.87,31,5,4,3,543,Clients fideles
U05262,2025-08-06,9,3992.54,147,3,3,3,333,Perdus
U11784,2025-06-23,18,3992.84,191,3,4,3,343,Clients fideles
U03966,2024-04-27,10,3994.25,613,1,3,4,134,A risque
U01645,2025-07-12,12,3994.58,172,3,4,4,344,Clients fideles
U04746,2025-07-26,5,3995.21,158,3,2,4,324,Perdus
U06359,2025-05-24,21,3997.18,221,3,5,4,354,Clients fideles
U11553,2025-11-17,8,3998.12,44,5,3,4,534,Perdus
U05728,2025-04-20,17,4000.61,255,2,4,4,244,A risque
U06491,2025-11-08,14,4000.78,53,4,4,4,444,Champions
U06505,2024-10-31,24,4003.41,426,1,5,4,154,A risque
U07159,2025-08-30,20,4003.58,123,4,5,4,454,Champions
U06408,2024-11-26,20,4004.68,400,1,5,4,154,A risque
U10154,2025-08-26,21,4006.43,127,4,5,4,454,Champions
U04767,2024-05-31,8,4007.11,579,1,3,4,134,A risque
U02647,2025-02-21,8,4007.49,313,2,3,4,234,A risque
U07717,2025-08-28,21,4009.55,125,4,5,4,454,Champions
U03193,2025-02-14,15,4010.15,320,2,4,4,244,A risque
U07257,2025-12-29,3,4011.14,2,5,1,4,514,Nouveaux
U07021,2025-05-29,9,4013.27,216,3,3,4,334,Perdus
U02275,2024-07-31,7,4015.68,518,1,2,4,124,Perdus
U00792,2025-01-30,22,4015.77,335,2,5,4,254,A risque
U09182,2025-12-29,15,4019.14,2,5,4,4,544,Champions
U07960,2024-10-17,10,4019.57,440,1,3,4,134,A risque
U05361,2024-07-22,5,4019.96,527,1,2,4,124,Perdus
U06344,2024-08-31,13,4021.45,487,1,4,4,144,A risque
U05631,2025-07-21,17,4027.41,163,3,4,4,344,Clients fideles
U09225,2025-10-27,3,4028.83,65,4,1,4,414,Nouveaux
U11682,2025-04-30,10,4030.77,245,3,3,4,334,Perdus
U02813,2025-08-16,7,4030.82,137,3,2,4,324,Perdus
U02786,2025-03-27,8,4031.32,279,2,3,4,234,A risque
U06845,2025-03-25,9,4035.67,281,2,3,4,234,A risque
U07479,2025-10-07,13,4035.79,85,4,4,4,444,Champions
U03647,2025-12-28,13,4036.42,3,5,4,4,544,Champions
U11308,2024-05-27,9,4037.49,583,1,3,4,134,A risque
U00333,2025-06-27,22,4038.34,187,3,5,4,354,Clients fideles
U05771,2025-04-29,6,4038.43,246,3,2,4,324,Perdus
U09770,2025-11-26,3,4042.02,35,5,1,4,514,Nouveaux
U08034,2025-12-22,11,4042.5,9,5,3,4,534,Perdus
U11907,2024-10-19,7,4042.84,438,1,2,4,124,Perdus
U11882,2024-11-22,20,4044.63,404,1,5,4,154,A risque
U08979,2025-12-29,17,4045.09,2,5,4,4,544,Champions
U10605,2025-09-27,9,4046.93,95,4,3,4,434,Perdus
U09210,2025-11-20,7,4047.35,41,5,2,4,524,Nouveaux
U05117,2025-11-19,4,4047.75,42,5,2,4,524,Nouveaux
U01548,2025-02-24,19,4048.98,310,2,4,4,244,A risque
U08148,2025-11-16,10,4052.66,45,5,3,4,534,Perdus
U04459,2025-02-22,18,4053.06,312,2,4,4,244,A risque
U04011,2024-06-17,5,4055.63,562,1,2,4,124,Perdus
U07903,2025-10-24,10,4057.29,68,4,3,4,434,Perdus
U07060,2024-03-26,10,4059.24,645,1,3,4,134,A risque
U09768,2025-11-28,4,4059.54,33,5,2,4,524,Nouveaux
U02045,2025-08-30,13,4059.79,123,4,4,4,444,Champions
U11574,2025-08-10,10,4059.9,143,3,3,4,334,Perdus
U10042,2025-07-22,6,4060.96,162,3,2,4,324,Perdus
U05029,2024-05-21,13,4061.14,589,1,4,4,144,A risque
U01871,2025-12-04,12,4061.91,27,5,4,4,544,Champions
U05130,2024-04-21,9,4063.96,619,1,3,4,134,A risque
U10680,2025-01-18,15,4066.79,347,2,4,4,244,A risque
U01699,2025-07-17,10,4067.31,167,3,3,4,334,Perdus
U00443,2025-08-26,3,4067.99,127,4,1,4,414,Nouveaux
U08835,2025-01-13,9,4068.53,352,2,3,4,234,A risque
U08660,2024-07-25,8,4070.2,524,1,3,4,134,A risque
U00419,2025-12-23,18,4070.53,8,5,4,4,544,Champions
U10459,2024-11-27,4,4072.56,399,1,1,4,114,Perdus
U03974,2025-02-23,14,4076.82,311,2,4,4,244,A risque
U00193,2025-08-31,11,4077.72,122,4,3,4,434,Perdus
U00458,2025-07-15,16,4080.82,169,3,4,4,344,Clients fideles
U00746,2025-09-16,6,4082.71,106,4,2,4,424,Nouveaux
U04528,2024-07-28,11,4084.49,521,1,3,4,134,A risque
U10611,2024-11-26,6,4087.22,400,1,2,4,124,Perdus
U04383,2025-04-15,19,4087.37,260,2,4,4,244,A risque
U10250,2025-07-23,20,4087.95,161,3,5,4,354,Clients fideles
U07780,2025-10-31,8,4088.73,61,4,3,4,434,Perdus
U11179,2025-09-25,5,4088.74,97,4,2,4,424,Nouveaux
U03993,2025-07-31,21,4090.62,153,3,5,4,354,Clients fideles
U11875,2025-12-27,2,4091.68,4,5,1,4,514,Nouveaux
U03360,2025-08-27,13,4092.22,126,4,4,4,444,Champions
U00014,2025-03-28,2,4094.91,278,2,1,4,214,Perdus
U00153,2025-03-25,14,4096.65,281,2,4,4,244,A risque
U07353,2025-12-17,6,4096.98,14,5,2,4,524,Nouveaux
U02841,2024-11-07,6,4098.1,419,1,2,4,124,Perdus
U09845,2025-12-23,7,4101.1,8,5,3,4,534,Perdus
U05073,2025-05-29,8,4103.73,216,3,3,4,334,Perdus
U06680,2025-09-21,10,4103.88,101,4,3,4,434,Perdus
U07605,2025-09-11,14,4105.06,111,4,4,4,444,Champions
U03233,2025-06-30,29,4106.21,184,3,5,4,354,Clients fideles
U02560,2025-10-26,11,4108.18,66,4,3,4,434,Perdus
U07488,2025-02-01,7,4110.97,333,2,2,4,224,Perdus
U09087,2025-04-20,10,4111.16,255,2,3,4,234,A risque
U08549,2025-06-30,23,4114.39,184,3,5,4,354,Clients fideles
U02194,2025-11-27,8,4117.63,34,5,3,4,534,Perdus
U03509,2025-09-24,15,4118.69,98,4,4,4,444,Champions
U08299,2025-05-24,8,4120.7,221,3,3,4,334,Perdus
U05059,2025-11-29,36,4122.42,32,5,5,4,554,Champions
U02396,2025-09-27,7,4122.53,95,4,2,4,424,Nouveaux
U06263,2025-04-17,11,4123.08,258,2,3,4,234,A risque
U02869,2024-07-29,8,4127.02,520,1,3,4,134,A risque
U11064,2024-11-29,33,4127.21,397,1,5,4,154,A risque
U05930,2024-09-29,8,4127.72,458,1,3,4,134,A risque
U06947,2025-10-28,11,4127.91,64,4,3,4,434,Perdus
U03525,2025-03-22,5,4128.24,284,2,2,4,224,Perdus
U10729,2025-08-25,4,4128.46,128,4,1,4,414,Nouveaux
U00980,2025-07-27,8,4128.5,157,3,3,4,334,Perdus
U06627,2025-08-26,8,4131.18,127,4,3,4,434,Perdus
U05621,2025-07-28,15,4132.69,156,3,4,4,344,Clients fideles
U03845,2025-01-19,14,4133.3,346,2,4,4,244,A risque
U07931,2025-03-26,34,4133.38,280,2,5,4,254,A risque
U09239,2025-11-23,8,4133.66,38,5,3,4,534,Perdus
U08938,2025-12-13,14,4136.36,18,5,4,4,544,Champions
U04344,2024-04-28,4,4138.75,612,1,1,4,114,Perdus
U00894,2025-12-24,14,4140.9,7,5,4,4,544,Champions
U01381,2025-12-24,8,4141.9,7,5,3,4,534,Perdus
U10633,2025-09-27,13,4142.61,95,4,4,4,444,Champions
U01323,2025-11-30,17,4143.07,31,5,4,4,544,Champions
U08010,2025-11-13,10,4143.91,48,4,3,4,434,Perdus
U01816,2025-11-23,9,4144.53,38,5,3,4,534,Perdus
U01510,2025-10-07,13,4145.63,85,4,4,4,444,Champions
U01357,2024-12-23,11,4145.93,373,2,3,4,234,A risque
U06334,2025-02-14,7,4146.16,320,2,2,4,224,Perdus
U08004,2025-09-17,8,4146.17,105,4,3,4,434,Perdus
U05041,2025-05-23,4,4147.78,222,3,1,4,314,Perdus
U04444,2025-05-27,12,4149.96,218,3,4,4,344,Clients fideles
U01206,2024-11-16,7,4151.48,410,1,2,4,124,Perdus
U00977,2025-01-11,7,4160.68,354,2,2,4,224,Perdus
U08412,2024-10-26,8,4160.77,431,1,3,4,134,A risque
U03596,2025-06-30,6,4161.72,184,3,2,4,324,Perdus
U03936,2025-06-27,21,4163.24,187,3,5,4,354,Clients fideles
U02069,2024-09-23,5,4164.39,464,1,2,4,124,Perdus
U00866,2025-11-23,8,4165.94,38,5,3,4,534,Perdus
U02100,2024-10-26,26,4166.93,431,1,5,4,154,A risque
U10623,2025-08-30,14,4167.63,123,4,4,4,444,Champions
U01604,2025-05-21,14,4167.91,224,3,4,4,344,Clients fideles
U03838,2024-12-31,12,4169.92,365,2,4,4,244,A risque
U02176,2025-07-20,12,4170.11,164,3,4,4,344,Clients fideles
U07500,2025-06-30,16,4171.79,184,3,4,4,344,Clients fideles
U11506,2025-06-05,7,4172.31,209,3,2,4,324,Perdus
U02771,2024-11-18,8,4172.92,408,1,3,4,134,A risque
U05919,2025-12-26,3,4173.7,5,5,1,4,514,Nouveaux
U09119,2025-07-30,13,4174.43,154,3,4,4,344,Clients fideles
U11020,2025-11-27,6,4175.45,34,5,2,4,524,Nouveaux
U06120,2024-10-19,8,4175.88,438,1,3,4,134,A risque
U02384,2025-05-26,13,4176.13,219,3,4,4,344,Clients fideles
U01880,2025-06-24,26,4176.89,190,3,5,4,354,Clients fideles
U10997,2025-09-20,16,4177.94,102,4,4,4,444,Champions
U04937,2025-07-22,14,4178.83,162,3,4,4,344,Clients fideles
U11037,2025-12-28,7,4178.85,3,5,3,4,534,Perdus
U06901,2025-07-31,8,4180.19,153,3,3,4,334,Perdus
U05939,2025-12-18,7,4180.82,13,5,3,4,534,Perdus
U11076,2025-02-28,8,4180.98,306,2,3,4,234,A risque
U05261,2024-12-29,19,4181.49,367,2,4,4,244,A risque
U10429,2025-12-10,11,4181.82,21,5,3,4,534,Perdus
U09267,2025-01-29,11,4182.07,336,2,3,4,234,A risque
U05462,2025-08-31,13,4182.35,122,4,4,4,444,Champions
U10862,2024-11-12,7,4186.01,414,1,2,4,124,Perdus
U02754,2025-12-25,10,4188.69,6,5,3,4,534,Perdus
U11077,2025-07-22,27,4189.59,162,3,5,4,354,Clients fideles
U09112,2025-04-08,12,4190.39,267,2,4,4,244,A risque
U07567,2025-11-25,13,4191.56,36,5,4,4,544,Champions
U06689,2025-10-30,15,4192.86,62,4,4,4,444,Champions
U10500,2025-04-28,6,4193.69,247,2,2,4,224,Perdus
U05240,2025-03-02,15,4194.0,304,2,4,4,244,A risque
U04440,2024-09-26,8,4194.09,461,1,3,4,134,A risque
U09795,2025-05-28,9,4195.33,217,3,3,4,334,Perdus
U01439,2025-10-31,13,4195.78,61,4,4,4,444,Champions
U05794,2025-12-17,19,4196.18,14,5,5,4,554,Champions
U00421,2025-12-30,8,4196.45,1,5,3,4,534,Perdus
U03826,2025-10-31,21,4198.57,61,4,5,4,454,Champions
U06464,2025-09-20,24,4201.85,102,4,5,4,454,Champions
U02883,2024-12-14,18,4202.36,382,2,4,4,244,A risque
U00693,2025-03-23,14,4205.06,283,2,4,4,244,A risque
U07187,2025-04-21,8,4205.12,254,2,3,4,234,A risque
U00834,2025-11-20,5,4206.13,41,5,2,4,524,Nouveaux
U03584,2025-02-28,8,4207.1,306,2,3,4,234,A risque
U09237,2025-11-28,20,4207.21,33,5,5,4,554,Champions
U07528,2024-11-16,8,4207.59,410,1,3,4,134,A risque
U00577,2025-08-27,6,4209.56,126,4,2,4,424,Nouveaux
U09535,2025-04-29,15,4211.13,246,3,4,4,344,Clients fideles
U10582,2025-05-27,14,4211.98,218,3,4,4,344,Clients fideles
U04043,2025-11-21,20,4212.34,40,5,5,4,554,Champions
U03227,2024-12-15,3,4214.19,381,2,1,4,214,Perdus
U09796,2025-06-29,19,4214.53,185,3,5,4,354,Clients fideles
U07889,2024-12-30,7,4214.68,366,2,2,4,224,Perdus
U10954,2025-10-21,14,4215.14,71,4,4,4,444,Champions
U07673,2025-04-26,12,4217.14,249,2,4,4,244,A risque
U01718,2025-08-22,9,4217.4,131,3,3,4,334,Perdus
U07391,2025-09-22,5,4220.0,100,4,2,4,424,Nouveaux
U01946,2025-12-27,13,4221.26,4,5,4,4,544,Champions
U09813,2025-12-29,16,4221.46,2,5,4,4,544,Champions
U05995,2025-12-28,10,4222.59,3,5,3,4,534,Perdus
U05316,2025-11-20,14,4222.93,41,5,4,4,544,Champions
U10832,2025-10-25,22,4232.02,67,4,5,4,454,Champions
U08056,2025-11-26,11,4232.83,35,5,3,4,534,Perdus
U02504,2025-12-26,10,4232.9,5,5,3,4,534,Perdus
U98608,2025-04-10,1,4233.49,265,2,1,4,214,Perdus
U06000,2024-07-20,6,4236.85,529,1,2,4,124,Perdus
U03824,2025-07-31,15,4238.0,153,3,4,4,344,Clients fideles
U08002,2025-01-23,12,4238.02,342,2,4,4,244,A risque
U06942,2025-03-02,13,4238.53,304,2,4,4,244,A risque
U07828,2025-03-19,23,4240.18,287,2,5,4,254,A risque
U11154,2025-11-27,16,4240.62,34,5,4,4,544,Champions
U04074,2025-12-30,8,4242.27,1,5,3,4,534,Perdus
U11969,2025-02-28,20,4242.45,306,2,5,4,254,A risque
U03068,2025-12-29,17,4243.26,2,5,4,4,544,Champions
U09709,2025-08-26,19,4243.66,127,4,5,4,454,Champions
U11701,2025-12-08,18,4243.89,23,5,4,4,544,Champions
U06221,2025-03-26,14,4246.12,280,2,4,4,244,A risque
U06838,2025-12-26,15,4249.12,5,5,4,4,544,Champions
U11294,2025-02-20,16,4249.35,314,2,4,4,244,A risque
U02620,2025-09-27,5,4250.0,95,4,2,4,424,Nouveaux
U07192,2024-11-29,9,4250.37,397,1,3,4,134,A risque
U02261,2025-11-28,12,4251.35,33,5,4,4,544,Champions
U09363,2025-08-16,13,4251.36,137,3,4,4,344,Clients fideles
U10545,2025-11-13,3,4252.29,48,4,1,4,414,Nouveaux
U09757,2025-12-24,15,4252.57,7,5,4,4,544,Champions
U04837,2024-04-24,16,4253.43,616,1,4,4,144,A risque
U07426,2024-12-30,13,4254.07,366,2,4,4,244,A risque
U07214,2025-12-30,7,4254.85,1,5,3,4,534,Perdus
U08802,2025-09-27,13,4255.3,95,4,4,4,444,Champions
U10292,2025-10-28,5,4255.51,64,4,2,4,424,Nouveaux
U11310,2025-07-15,7,4256.27,169,3,2,4,324,Perdus
U09800,2025-05-29,10,4257.86,216,3,3,4,334,Perdus
U06537,2025-08-26,11,4258.65,127,4,3,4,434,Perdus
U00796,2025-10-29,29,4258.77,63,4,5,4,454,Champions
U07383,2024-12-26,4,4260.36,370,2,1,4,214,Perdus
U05218,2025-10-30,5,4261.88,62,4,2,4,424,Nouveaux
U01599,2025-02-22,19,4264.15,312,2,4,4,244,A risque
U09838,2025-04-23,11,4266.44,252,2,3,4,234,A risque
U00176,2025-06-16,9,4267.53,198,3,3,4,334,Perdus
U05782,2025-03-24,6,4268.02,282,2,2,4,224,Perdus
U05665,2025-04-27,17,4276.06,248,2,4,4,244,A risque
U07228,2025-11-19,7,4277.94,42,5,2,4,524,Nouveaux
U08606,2025-06-18,8,4278.34,196,3,3,4,334,Perdus
U00689,2025-04-26,16,4280.58,249,2,4,4,244,A risque
U03169,2025-02-09,14,4281.06,325,2,4,4,244,A risque
U04475,2025-10-28,11,4285.39,64,4,3,4,434,Perdus
U05002,2025-04-20,14,4286.72,255,2,4,4,244,A risque
U09720,2025-09-30,21,4287.06,92,4,5,4,454,Champions
U03581,2024-09-05,26,4291.39,482,1,5,4,154,A risque
U06954,2025-02-17,15,4295.11,317,2,4,4,244,A risque
U02768,2025-05-29,16,4295.34,216,3,4,4,344,Clients fideles
U01966,2025-12-25,9,4296.08,6,5,3,4,534,Perdus
U02575,2025-12-28,19,4296.09,3,5,5,4,554,Champions
U09802,2025-05-23,3,4297.0,222,3,1,4,314,Perdus
U04085,2025-12-29,18,4297.27,2,5,4,4,544,Champions
U11873,2025-10-12,10,4298.1,80,4,3,4,434,Perdus
U01172,2025-12-31,20,4298.83,0,5,5,4,554,Champions
U00695,2024-04-18,7,4298.92,622,1,2,4,124,Perdus
U00786,2025-02-17,9,4299.4,317,2,3,4,234,A risque
U01197,2025-06-28,30,4301.53,186,3,5,4,354,Clients fideles
U07650,2025-05-17,12,4307.25,228,3,4,4,344,Clients fideles
U10801,2025-07-27,15,4307.96,157,3,4,4,344,Clients fideles
U04023,2025-10-13,4,4308.03,79,4,2,4,424,Nouveaux
U04216,2025-12-29,24,4308.57,2,5,5,4,554,Champions
U05422,2025-12-17,17,4309.23,14,5,4,4,544,Champions
U02453,2024-12-18,8,4309.78,378,2,3,4,234,A risque
U04014,2025-11-30,27,4310.93,31,5,5,4,554,Champions
U02095,2025-08-30,4,4311.68,123,4,1,4,414,Nouveaux
U11957,2025-12-30,16,4313.48,1,5,4,4,544,Champions
U02739,2025-02-26,14,4316.41,308,2,4,4,244,A risque
U09547,2025-06-27,36,4317.62,187,3,5,4,354,Clients fideles
U11979,2025-12-21,9,4320.29,10,5,3,4,534,Perdus
U03238,2025-10-22,11,4323.57,70,4,3,4,434,Perdus
U00840,2024-12-25,6,4323.82,371,2,2,4,224,Perdus
U01328,2025-07-30,7,4325.45,154,3,2,4,324,Perdus
U10889,2025-07-21,8,4326.74,163,3,3,4,334,Perdus
U03162,2025-03-25,15,4331.32,281,2,4,4,244,A risque
U04851,2025-11-20,9,4331.73,41,5,3,4,534,Perdus
U02497,2025-12-21,4,4340.54,10,5,2,4,524,Nouveaux
U04965,2025-07-10,7,4340.63,174,3,2,4,324,Perdus
U02679,2025-01-27,8,4341.31,338,2,3,4,234,A risque
U08528,2025-12-26,5,4341.48,5,5,2,4,524,Nouveaux
U06314,2024-12-16,10,4342.89,380,2,3,4,234,A risque
U02528,2024-08-09,12,4343.42,509,1,4,4,144,A risque
U05415,2025-02-27,20,4343.73,307,2,5,4,254,A risque
U08012,2025-09-28,19,4346.82,94,4,5,4,454,Champions
U06836,2024-06-26,22,4346.88,553,1,5,4,154,A risque
U08446,2025-02-23,6,4349.27,311,2,2,4,224,Perdus
U04491,2024-11-19,15,4350.71,407,1,4,4,144,A risque
U06250,2025-06-29,27,4351.99,185,3,5,4,354,Clients fideles
U05813,2025-02-25,23,4352.11,309,2,5,4,254,A risque
U03572,2025-11-05,16,4353.27,56,4,4,4,444,Champions
U10991,2024-11-24,13,4354.6,402,1,4,4,144,A risque
U11152,2024-07-23,8,4355.31,526,1,3,4,134,A risque
U00657,2024-10-30,9,4356.15,427,1,3,4,134,A risque
U04398,2024-09-21,9,4358.53,466,1,3,4,134,A risque
U11832,2025-04-30,12,4358.76,245,3,4,4,344,Clients fideles
U09038,2025-11-30,12,4358.88,31,5,4,4,544,Champions
U04081,2025-09-22,15,4358.92,100,4,4,4,444,Champions
U09176,2024-10-26,14,4359.13,431,1,4,4,144,A risque
U11942,2025-07-25,14,4360.79,159,3,4,4,344,Clients fideles
U03564,2025-08-27,16,4361.58,126,4,4,4,444,Champions
U00311,2024-10-28,22,4363.04,429,1,5,4,154,A risque
U07127,2025-05-28,8,4364.01,217,3,3,4,334,Perdus
U05490,2025-01-13,11,4364.61,352,2,3,4,234,A risque
U01415,2025-11-20,8,4364.68,41,5,3,4,534,Perdus
U05768,2025-07-20,16,4365.37,164,3,4,4,344,Clients fideles
U05414,2024-06-12,8,4370.42,567,1,3,4,134,A risque
U01978,2025-07-05,9,4371.65,179,3,3,4,334,Perdus
U01710,2025-04-22,12,4374.79,253,2,4,4,244,A risque
U03495,2025-12-25,21,4376.51,6,5,5,4,554,Champions
U02818,2025-12-30,9,4376.97,1,5,3,4,534,Perdus
U11596,2025-06-19,14,4377.54,195,3,4,4,344,Clients fideles
U07330,2024-12-16,19,4378.31,380,2,4,4,244,A risque
U05271,2025-05-31,4,4378.69,214,3,1,4,314,Perdus
U03668,2025-06-21,31,4382.4,193,3,5,4,354,Clients fideles
U07888,2025-06-21,10,4382.99,193,3,3,4,334,Perdus
U04792,2025-12-17,8,4384.17,14,5,3,4,534,Perdus
U00013,2025-12-31,10,4385.23,0,5,3,4,534,Perdus
U02986,2025-07-30,9,4385.42,154,3,3,4,334,Perdus
U00701,2025-12-31,9,4386.49,0,5,3,4,534,Perdus
U10637,2025-10-23,2,4386.75,69,4,1,4,414,Nouveaux
U04865,2025-09-25,7,4388.69,97,4,2,4,424,Nouveaux
U03753,2025-09-24,9,4388.79,98,4,3,4,434,Perdus
U08570,2024-09-08,5,4389.04,479,1,2,4,124,Perdus
U09078,2025-06-26,18,4389.43,188,3,4,4,344,Clients fideles
U10962,2024-08-30,8,4389.51,488,1,3,4,134,A risque
U00082,2025-11-21,14,4392.26,40,5,4,4,544,Champions
U00203,2025-12-29,16,4392.27,2,5,4,4,544,Champions
U01615,2025-06-28,22,4393.19,186,3,5,4,354,Clients fideles
U04805,2024-05-10,7,4393.54,600,1,2,4,124,Perdus
U10353,2025-10-29,10,4394.94,63,4,3,4,434,Perdus
U09376,2025-11-27,4,4396.24,34,5,2,4,524,Nouveaux
U02654,2025-07-29,19,4397.55,155,3,5,4,354,Clients fideles
U03200,2025-09-29,13,4398.18,93,4,4,4,444,Champions
U01800,2024-09-24,5,4399.17,463,1,2,4,124,Perdus
U05577,2025-10-03,17,4400.44,89,4,4,4,444,Champions
U11375,2024-04-24,12,4400.93,616,1,4,4,144,A risque
U06804,2024-10-31,16,4401.41,426,1,4,4,144,A risque
U07518,2025-11-21,13,4401.96,40,5,4,4,544,Champions
U04705,2025-02-26,16,4402.77,308,2,4,4,244,A risque
U03681,2025-02-22,20,4404.93,312,2,5,4,254,A risque
U08625,2025-06-21,12,4405.74,193,3,4,4,344,Clients fideles
U00503,2025-01-31,18,4409.95,334,2,4,4,244,A risque
U08180,2025-10-30,13,4410.93,62,4,4,4,444,Champions
U11998,2025-09-11,17,4411.48,111,4,4,4,444,Champions
U10629,2025-08-29,14,4414.04,124,4,4,4,444,Champions
U03124,2025-12-25,17,4415.28,6,5,4,4,544,Champions
U00006,2025-12-31,19,4417.56,0,5,5,4,554,Champions
U00468,2025-03-24,5,4418.45,282,2,2,4,224,Perdus
U06155,2025-03-30,14,4419.85,276,2,4,4,244,A risque
U07900,2025-12-13,21,4420.04,18,5,5,4,554,Champions
U03226,2025-11-18,20,4420.39,43,5,5,4,554,Champions
U03123,2025-08-18,26,4422.79,135,3,5,4,354,Clients fideles
U09492,2025-09-19,5,4422.9,103,4,2,4,424,Nouveaux
U04779,2025-11-30,12,4424.11,31,5,4,4,544,Champions
U11588,2025-09-16,9,4424.85,106,4,3,4,434,Perdus
U07874,2025-10-24,19,4426.2,68,4,5,4,454,Champions
U05023,2025-04-17,7,4427.83,258,2,2,4,224,Perdus
U10806,2024-11-30,15,4431.45,396,1,4,4,144,A risque
U07887,2025-12-05,3,4431.67,26,5,1,4,514,Nouveaux
U02860,2025-02-28,23,4434.94,306,2,5,4,254,A risque
U06270,2025-11-02,9,4435.38,59,4,3,4,434,Perdus
U03765,2024-08-31,8,4435.99,487,1,3,4,134,A risque
U08407,2025-11-29,9,4437.24,32,5,3,4,534,Perdus
U02995,2025-12-21,14,4437.64,10,5,4,4,544,Champions
U04314,2024-12-31,7,4443.09,365,2,2,4,224,Perdus
U04747,2025-12-31,21,4443.71,0,5,5,4,554,Champions
U08582,2025-09-16,11,4444.1,106,4,3,4,434,Perdus
U04026,2025-05-17,21,4444.46,228,3,5,4,354,Clients fideles
U10660,2024-11-28,8,4445.43,398,1,3,4,134,A risque
U06698,2024-09-28,11,4446.09,459,1,3,4,134,A risque
U03466,2025-04-19,7,4446.12,256,2,2,4,224,Perdus
U06640,2025-10-07,16,4446.71,85,4,4,4,444,Champions
U09386,2025-11-18,5,4447.93,43,5,2,4,524,Nouveaux
U10019,2025-08-28,16,4449.69,125,4,4,4,444,Champions
U02198,2025-11-23,10,4449.96,38,5,3,4,534,Perdus
U06602,2025-12-30,15,4450.14,1,5,4,4,544,Champions
U09839,2025-06-30,27,4451.1,184,3,5,4,354,Clients fideles
U10845,2025-10-28,18,4452.05,64,4,4,4,444,Champions
U03696,2024-10-25,4,4452.68,432,1,1,4,114,Perdus
U08487,2024-11-06,7,4453.06,420,1,2,4,124,Perdus
U11888,2025-12-30,15,4453.26,1,5,4,4,544,Champions
U07149,2024-07-26,9,4453.8,523,1,3,4,134,A risque
U07938,2025-05-28,10,4454.12,217,3,3,4,334,Perdus
U00770,2025-09-27,23,4454.38,95,4,5,4,454,Champions
U04057,2025-11-23,8,4455.62,38,5,3,4,534,Perdus
U06671,2025-09-27,21,4455.75,95,4,5,4,454,Champions
U04010,2025-12-07,6,4456.93,24,5,2,4,524,Nouveaux
U09932,2025-11-25,18,4459.42,36,5,4,4,544,Champions
U05643,2025-12-30,16,4459.84,1,5,4,4,544,Champions
U02456,2025-07-29,19,4460.74,155,3,5,4,354,Clients fideles
U10888,2025-04-14,3,4461.43,261,2,1,4,214,Perdus
U00752,2025-12-30,15,4462.35,1,5,4,4,544,Champions
U07148,2025-02-26,10,4464.54,308,2,3,4,234,A risque
U05513,2025-11-04,5,4464.75,57,4,2,4,424,Nouveaux
U10185,2025-03-25,18,4466.12,281,2,4,4,244,A risque
U06279,2025-08-19,11,4466.59,134,3,3,4,334,Perdus
U00062,2025-12-30,13,4467.76,1,5,4,4,544,Champions
U05622,2025-04-06,7,4468.23,269,2,2,4,224,Perdus
U02593,2025-10-12,11,4470.63,80,4,3,4,434,Perdus
U06885,2024-09-22,9,4471.41,465,1,3,4,134,A risque
U02496,2025-09-25,27,4471.64,97,4,5,4,454,Champions
U00504,2024-08-18,5,4472.15,500,1,2,4,124,Perdus
U03914,2025-12-28,22,4473.06,3,5,5,4,554,Champions
U00208,2025-10-23,8,4473.44,69,4,3,4,434,Perdus
U03308,2024-08-24,6,4473.65,494,1,2,4,124,Perdus
U00182,2024-08-18,12,4474.37,500,1,4,4,144,A risque
U11134,2025-12-18,9,4476.12,13,5,3,4,534,Perdus
U05369,2025-07-27,8,4476.16,157,3,3,4,334,Perdus
U07982,2025-10-22,13,4476.3,70,4,4,4,444,Champions
U05213,2025-11-30,15,4476.68,31,5,4,4,544,Champions
U01132,2025-09-26,7,4476.9,96,4,2,4,424,Nouveaux
U11536,2025-05-13,2,4477.37,232,3,1,4,314,Perdus
U06232,2025-11-26,15,4480.46,35,5,4,4,544,Champions
U04297,2025-09-26,36,4480.52,96,4,5,4,454,Champions
U04662,2024-04-22,4,4485.85,618,1,1,4,114,Perdus
U03473,2024-10-30,7,4486.25,427,1,2,4,124,Perdus
U05532,2025-04-29,25,4486.33,246,3,5,4,354,Clients fideles
U08964,2025-07-10,5,4487.19,174,3,2,4,324,Perdus
U07764,2025-09-08,11,4487.78,114,4,3,4,434,Perdus
U04989,2025-04-28,7,4487.93,247,2,2,4,224,Perdus
U05330,2025-12-31,21,4489.68,0,5,5,4,554,Champions
U10400,2025-01-20,11,4493.1,345,2,3,4,234,A risque
U09914,2025-11-29,6,4498.24,32,5,2,4,524,Nouveaux
U00548,2024-11-30,14,4498.84,396,1,4,4,144,A risque
U00422,2025-10-29,7,4500.04,63,4,2,4,424,Nouveaux
U04940,2025-12-31,25,4500.46,0,5,5,4,554,Champions
U00001,2024-08-26,14,4501.22,492,1,4,4,144,A risque
U04137,2025-03-29,18,4503.85,277,2,4,4,244,A risque
U06247,2025-10-25,19,4505.05,67,4,5,4,454,Champions
U00090,2025-10-26,12,4508.46,66,4,4,4,444,Champions
U09491,2024-12-29,12,4510.87,367,2,4,4,244,A risque
U00799,2025-03-30,14,4511.09,276,2,4,4,244,A risque
U05245,2025-10-24,5,4511.64,68,4,2,4,424,Nouveaux
U06092,2025-01-26,7,4511.65,339,2,2,4,224,Perdus
U05500,2025-12-29,15,4513.78,2,5,4,4,544,Champions
U01734,2025-12-09,11,4514.43,22,5,3,4,534,Perdus
U10114,2025-12-24,10,4516.03,7,5,3,4,534,Perdus
U02673,2025-06-28,10,4518.66,186,3,3,4,334,Perdus
U09100,2024-12-31,17,4518.74,365,2,4,4,244,A risque
U09500,2025-02-22,13,4518.85,312,2,4,4,244,A risque
U03440,2025-09-20,5,4520.22,102,4,2,4,424,Nouveaux
U07012,2025-11-05,13,4522.43,56,4,4,4,444,Champions
U06569,2025-11-28,14,4525.21,33,5,4,4,544,Champions
U09691,2025-06-29,9,4526.88,185,3,3,4,334,Perdus
U08217,2025-12-26,4,4529.98,5,5,2,4,524,Nouveaux
U04950,2024-12-27,8,4530.66,369,2,3,4,234,A risque
U06533,2024-09-24,11,4530.7,463,1,3,4,134,A risque
U11418,2025-08-26,5,4531.6,127,4,2,4,424,Nouveaux
U04364,2025-11-26,20,4533.64,35,5,5,4,554,Champions
U11986,2025-08-30,21,4534.11,123,4,5,4,454,Champions
U07739,2025-02-27,20,4534.86,307,2,5,4,254,A risque
U08162,2025-11-17,23,4536.72,44,5,5,4,554,Champions
U03863,2025-01-27,16,4539.2,338,2,4,4,244,A risque
U02659,2024-11-30,4,4539.56,396,1,1,4,114,Perdus
U04200,2025-07-07,14,4539.98,177,3,4,4,344,Clients fideles
U09306,2025-08-28,10,4540.21,125,4,3,4,434,Perdus
U10224,2025-03-29,3,4540.64,277,2,1,4,214,Perdus
U06581,2025-02-27,20,4540.72,307,2,5,4,254,A risque
U08664,2025-12-22,5,4541.19,9,5,2,4,524,Nouveaux
U03972,2024-06-09,10,4542.58,570,1,3,4,134,A risque
U05083,2025-01-28,9,4543.1,337,2,3,4,234,A risque
U03667,2025-12-30,8,4543.27,1,5,3,4,534,Perdus
U02152,2025-04-29,12,4543.51,246,2,4,4,244,A risque
U09626,2025-11-30,31,4543.52,31,5,5,4,554,Champions
U07472,2025-12-26,24,4547.89,5,5,5,4,554,Champions
U00767,2025-11-23,10,4549.12,38,5,3,4,534,Perdus
U01324,2025-10-23,20,4550.91,69,4,5,4,454,Champions
U04871,2025-08-21,8,4554.52,132,3,3,4,334,Perdus
U10737,2024-10-20,7,4554.94,437,1,2,4,124,Perdus
U01410,2025-04-27,11,4555.4,248,2,3,4,234,A risque
U06243,2025-08-26,16,4555.47,127,4,4,4,444,Champions
U03533,2025-06-17,18,4556.12,197,3,4,4,344,Clients fideles
U03126,2025-12-29,8,4557.72,2,5,3,4,534,Perdus
U01758,2025-12-29,14,4557.78,2,5,4,4,544,Champions
U09766,2025-12-31,3,4558.06,0,5,1,4,514,Nouveaux
U06861,2024-09-16,7,4559.69,471,1,2,4,124,Perdus
U05442,2025-02-24,7,4561.7,310,2,2,4,224,Perdus
U00330,2024-11-25,9,4562.72,401,1,3,4,134,A risque
U02179,2024-12-26,19,4564.06,370,2,4,4,244,A risque
U07894,2025-07-29,10,4565.97,155,3,3,4,334,Perdus
U06156,2025-09-24,28,4570.23,98,4,5,4,454,Champions
U01317,2025-05-24,6,4570.38,221,3,2,4,324,Perdus
U02137,2024-11-28,14,4571.78,398,1,4,4,144,A risque
U00262,2025-03-20,9,4572.4,286,2,3,4,234,A risque
U04373,2025-12-28,24,4572.93,3,5,5,4,554,Champions
U01665,2024-06-11,14,4574.43,568,1,4,4,144,A risque
U01671,2025-11-28,19,4575.24,33,5,5,4,554,Champions
U11322,2025-10-30,11,4575.53,62,4,3,4,434,Perdus
U04495,2024-05-25,27,4575.66,585,1,5,4,154,A risque
U07759,2025-07-30,16,4576.98,154,3,4,4,344,Clients fideles
U07496,2025-02-27,13,4577.27,307,2,4,4,244,A risque
U10701,2025-12-22,20,4578.42,9,5,5,4,554,Champions
U04944,2025-08-31,17,4578.77,122,4,4,4,444,Champions
U03223,2025-09-27,20,4579.7,95,4,5,4,454,Champions
U02468,2025-05-13,9,4581.24,232,3,3,4,334,Perdus
U05295,2025-06-24,6,4581.67,190,3,2,4,324,Perdus
U02540,2025-12-23,5,4582.58,8,5,2,4,524,Nouveaux
U04550,2025-05-25,8,4582.79,220,3,3,4,334,Perdus
U06209,2025-06-23,17,4582.86,191,3,4,4,344,Clients fideles
U00615,2024-12-19,19,4583.02,377,2,4,4,244,A risque
U09118,2024-05-22,18,4584.07,588,1,4,4,144,A risque
U02238,2025-08-16,11,4585.42,137,3,3,4,334,Perdus
U00302,2025-06-24,24,4586.14,190,3,5,4,354,Clients fideles
U03137,2025-01-29,8,4586.62,336,2,3,4,234,A risque
U06126,2025-08-30,11,4588.6,123,4,3,4,434,Perdus
U09317,2025-11-17,9,4590.05,44,5,3,4,534,Perdus
U08688,2025-06-23,15,4590.81,191,3,4,4,344,Clients fideles
U10349,2025-11-20,11,4590.89,41,5,3,4,534,Perdus
U10861,2025-08-30,16,4593.36,123,4,4,4,444,Champions
U04333,2025-08-19,17,4593.84,134,3,4,4,344,Clients fideles
U02174,2025-09-10,13,4596.15,112,4,4,4,444,Champions
U02987,2025-06-18,13,4596.48,196,3,4,4,344,Clients fideles
U11431,2025-06-19,12,4596.56,195,3,4,4,344,Clients fideles
U07064,2024-10-21,10,4596.63,436,1,3,4,134,A risque
U03334,2025-04-17,9,4597.15,258,2,3,4,234,A risque
U00626,2025-09-13,8,4597.38,109,4,3,4,434,Perdus
U03677,2025-09-28,8,4597.4,94,4,3,4,434,Perdus
U04576,2025-08-22,11,4598.19,131,3,3,4,334,Perdus
U03902,2024-09-27,10,4598.55,460,1,3,4,134,A risque
U06379,2025-10-28,14,4599.89,64,4,4,4,444,Champions
U08231,2025-11-15,15,4600.3,46,5,4,4,544,Champions
U06712,2025-05-30,24,4600.44,215,3,5,4,354,Clients fideles
U02256,2025-05-29,9,4600.83,216,3,3,4,334,Perdus
U00464,2025-09-19,16,4601.09,103,4,4,4,444,Champions
U05224,2025-06-18,15,4604.6,196,3,4,4,344,Clients fideles
U11414,2025-12-27,14,4606.05,4,5,4,4,544,Champions
U06723,2025-09-23,15,4609.29,99,4,4,4,444,Champions
U10248,2025-12-24,6,4609.86,7,5,2,4,524,Nouveaux
U08635,2025-03-30,30,4610.44,276,2,5,4,254,A risque
U10636,2024-11-29,12,4611.67,397,1,4,4,144,A risque
U04638,2024-11-28,12,4612.43,398,1,4,4,144,A risque
U05157,2025-05-03,8,4613.01,242,3,3,4,334,Perdus
U06347,2025-01-23,20,4613.87,342,2,5,4,254,A risque
U03562,2025-10-29,4,4614.48,63,4,2,4,424,Nouveaux
U08712,2025-08-28,9,4616.21,125,4,3,4,434,Perdus
U07070,2025-05-25,35,4616.28,220,3,5,4,354,Clients fideles
U02784,2024-10-18,1,4619.92,439,1,1,4,114,Perdus
U04501,2025-02-27,20,4620.37,307,2,5,4,254,A risque
U01301,2025-06-28,6,4623.42,186,3,2,4,324,Perdus
U03009,2025-10-30,10,4626.56,62,4,3,4,434,Perdus
U10651,2025-11-18,9,4626.89,43,5,3,4,534,Perdus
U10695,2025-07-29,13,4628.28,155,3,4,4,344,Clients fideles
U06522,2025-07-01,7,4631.29,183,3,2,4,324,Perdus
U00263,2024-11-18,12,4633.54,408,1,4,4,144,A risque
U07959,2025-09-30,10,4634.62,92,4,3,4,434,Perdus
U01325,2024-12-30,5,4636.64,366,2,2,4,224,Perdus
U08619,2025-12-25,9,4637.53,6,5,3,4,534,Perdus
U07493,2024-10-25,12,4639.9,432,1,4,4,144,A risque
U04456,2025-09-27,14,4639.94,95,4,4,4,444,Champions
U03420,2024-10-06,12,4640.03,451,1,4,4,144,A risque
U04417,2024-04-22,10,4641.11,618,1,3,4,134,A risque
U03341,2024-12-16,15,4641.55,380,2,4,4,244,A risque
U04727,2025-02-26,11,4641.88,308,2,3,4,234,A risque
U08426,2025-03-20,9,4642.42,286,2,3,4,234,A risque
U09675,2025-06-28,29,4642.42,186,3,5,4,354,Clients fideles
U01783,2025-03-20,11,4643.48,286,2,3,4,234,A risque
U07046,2025-11-21,19,4643.82,40,5,5,4,554,Champions
U00540,2024-06-10,12,4646.48,569,1,4,4,144,A risque
U07183,2024-01-28,6,4652.81,703,1,2,4,124,Perdus
U04350,2025-05-29,4,4654.55,216,3,1,4,314,Perdus
U10828,2025-04-14,12,4654.74,261,2,4,4,244,A risque
U04197,2025-09-23,21,4656.15,99,4,5,4,454,Champions
U10653,2024-12-18,7,4656.66,378,2,2,4,224,Perdus
U08668,2025-04-28,13,4657.03,247,2,4,4,244,A risque
U02153,2025-06-30,13,4657.54,184,3,4,4,344,Clients fideles
U11669,2025-09-25,6,4657.76,97,4,2,4,424,Nouveaux
U05016,2025-10-12,14,4658.77,80,4,4,4,444,Champions
U10791,2025-05-31,22,4659.18,214,3,5,4,354,Clients fideles
U04172,2025-12-31,27,4659.37,0,5,5,4,554,Champions
U04165,2025-08-29,32,4660.57,124,4,5,4,454,Champions
U05695,2025-03-23,9,4662.16,283,2,3,4,234,A risque
U02404,2025-11-13,12,4662.48,48,4,4,4,444,Champions
U00429,2025-09-23,6,4663.64,99,4,2,4,424,Nouveaux
U07519,2025-11-22,22,4663.82,39,5,5,4,554,Champions
U05333,2025-01-29,11,4664.68,336,2,3,4,234,A risque
U08961,2025-04-30,18,4666.29,245,3,4,4,344,Clients fideles
U11460,2025-08-26,27,4667.12,127,4,5,4,454,Champions
U01831,2025-06-12,18,4668.16,202,3,4,4,344,Clients fideles
U09558,2025-05-31,16,4669.93,214,3,4,4,344,Clients fideles
U08790,2025-07-21,17,4670.57,163,3,4,4,344,Clients fideles
U08836,2025-10-31,28,4671.01,61,4,5,4,454,Champions
U05661,2025-02-26,6,4671.62,308,2,2,4,224,Perdus
U00178,2025-11-30,16,4674.96,31,5,4,4,544,Champions
U01461,2025-10-17,14,4675.49,75,4,4,4,444,Champions
U09247,2024-09-14,9,4675.5,473,1,3,4,134,A risque
U08139,2025-07-02,8,4676.13,182,3,3,4,334,Perdus
U11289,2025-03-27,9,4677.74,279,2,3,4,234,A risque
U00613,2025-06-26,26,4679.54,188,3,5,4,354,Clients fideles
U05897,2025-04-28,12,4681.08,247,2,4,4,244,A risque
U06637,2025-03-15,15,4681.15,291,2,4,4,244,A risque
U07845,2025-12-30,6,4681.25,1,5,2,4,524,Nouveaux
U09293,2025-07-25,16,4682.5,159,3,4,4,344,Clients fideles
U08401,2024-07-29,4,4685.52,520,1,1,4,114,Perdus
U09542,2025-07-24,23,4685.54,160,3,5,4,354,Clients fideles
U04384,2025-08-25,17,4686.41,128,4,4,4,444,Champions
U03187,2025-11-25,11,4689.8,36,5,3,4,534,Perdus
U09760,2025-11-18,7,4690.71,43,5,2,4,524,Nouveaux
U02074,2025-12-26,22,4690.73,5,5,5,4,554,Champions
U02755,2024-07-29,18,4691.72,520,1,4,4,144,A risque
U08875,2025-11-18,12,4693.27,43,5,4,4,544,Champions
U08978,2025-03-30,10,4697.35,276,2,3,4,234,A risque
U05789,2025-04-19,9,4698.53,256,2,3,4,234,A risque
U09094,2025-03-31,17,4698.79,275,2,4,4,244,A risque
U09326,2024-10-30,3,4699.94,427,1,1,4,114,Perdus
U04843,2025-05-26,6,4701.47,219,3,2,4,324,Perdus
U01942,2025-12-31,14,4701.56,0,5,4,4,544,Champions
U08127,2024-07-24,8,4701.88,525,1,3,4,134,A risque
U01111,2024-10-05,6,4702.65,452,1,2,4,124,Perdus
U07239,2025-10-29,13,4704.18,63,4,4,4,444,Champions
U03272,2024-09-12,5,4704.67,475,1,2,4,124,Perdus
U04461,2025-12-18,13,4705.44,13,5,4,4,544,Champions
U04695,2025-03-07,10,4709.16,299,2,3,4,234,A risque
U03545,2024-12-13,17,4710.46,383,2,4,4,244,A risque
U04035,2024-07-24,6,4711.43,525,1,2,4,124,Perdus
U05182,2024-12-28,16,4712.49,368,2,4,4,244,A risque
U08601,2025-12-14,12,4713.64,17,5,4,4,544,Champions
U11030,2025-02-19,7,4713.82,315,2,2,4,224,Perdus
U10761,2025-10-28,20,4714.54,64,4,5,4,454,Champions
U08439,2024-12-17,9,4715.19,379,2,3,4,234,A risque
U01010,2024-12-21,9,4716.49,375,2,3,4,234,A risque
U06234,2025-10-21,11,4716.89,71,4,3,4,434,Perdus
U06282,2024-11-18,9,4717.07,408,1,3,4,134,A risque
U08176,2025-10-25,12,4717.07,67,4,4,4,444,Champions
U02292,2025-08-30,11,4717.73,123,4,3,4,434,Perdus
U01048,2025-12-27,15,4719.0,4,5,4,4,544,Champions
U06012,2024-08-02,11,4719.28,516,1,3,4,134,A risque
U05089,2025-12-24,13,4719.68,7,5,4,4,544,Champions
U01815,2025-08-12,12,4719.99,141,3,4,4,344,Clients fideles
U01229,2025-07-31,16,4721.28,153,3,4,4,344,Clients fideles
U08857,2025-09-27,15,4721.76,95,4,4,4,444,Champions
U09444,2025-05-19,16,4721.77,226,3,4,4,344,Clients fideles
U08618,2025-11-26,21,4722.66,35,5,5,4,554,Champions
U07352,2024-11-25,15,4722.76,401,1,4,4,144,A risque
U10998,2025-12-27,14,4724.13,4,5,4,4,544,Champions
U05473,2024-03-31,9,4728.43,640,1,3,4,134,A risque
U10915,2025-07-25,15,4729.04,159,3,4,4,344,Clients fideles
U08781,2025-08-23,12,4729.18,130,3,4,4,344,Clients fideles
U02996,2025-10-30,14,4730.07,62,4,4,4,444,Champions
U08163,2025-12-16,14,4730.33,15,5,4,4,544,Champions
U04629,2025-08-23,15,4736.58,130,3,4,4,344,Clients fideles
U08233,2025-05-31,13,4738.34,214,3,4,4,344,Clients fideles
U01426,2025-01-28,3,4738.8,337,2,1,4,214,Perdus
U02243,2025-10-29,11,4738.92,63,4,3,4,434,Perdus
U08054,2025-05-20,11,4742.19,225,3,3,4,334,Perdus
U08710,2025-12-24,20,4743.73,7,5,5,4,554,Champions
U03548,2025-09-30,23,4744.33,92,4,5,4,454,Champions
U00819,2025-12-23,7,4744.53,8,5,3,4,534,Perdus
U06571,2025-10-30,34,4748.51,62,4,5,4,454,Champions
U03709,2024-07-19,8,4749.63,530,1,3,4,134,A risque
U08023,2025-08-31,16,4750.02,122,4,4,4,444,Champions
U04559,2025-08-31,17,4755.63,122,4,4,4,444,Champions
U05432,2025-11-27,10,4756.04,34,5,3,4,534,Perdus
U07792,2024-12-22,6,4756.12,374,2,2,4,224,Perdus
U11862,2025-06-29,26,4756.24,185,3,5,4,354,Clients fideles
U04408,2025-01-17,4,4760.17,348,2,1,4,214,Perdus
U06374,2025-07-21,18,4760.27,163,3,4,4,344,Clients fideles
U06103,2025-11-29,28,4761.35,32,5,5,4,554,Champions
U03511,2024-12-29,14,4761.74,367,2,4,4,244,A risque
U00038,2025-04-10,7,4767.07,265,2,2,4,224,Perdus
U03757,2025-08-18,8,4769.48,135,3,3,4,334,Perdus
U02102,2025-08-29,17,4769.58,124,4,4,4,444,Champions
U11053,2025-12-27,22,4769.97,4,5,5,4,554,Champions
U09844,2025-08-14,10,4774.16,139,3,3,4,334,Perdus
U04651,2025-06-29,6,4775.88,185,3,2,4,324,Perdus
U07846,2025-01-29,10,4777.05,336,2,3,4,234,A risque
U04675,2025-09-26,9,4777.63,96,4,3,4,434,Perdus
U07671,2025-03-12,10,4779.07,294,2,3,4,234,A risque
U04741,2025-09-29,17,4779.63,93,4,4,4,444,Champions
U05718,2024-06-27,12,4781.81,552,1,4,4,144,A risque
U10038,2024-10-20,8,4782.95,437,1,3,4,134,A risque
U03397,2025-03-28,24,4783.34,278,2,5,4,254,A risque
U09125,2025-11-17,5,4783.68,44,5,2,4,524,Nouveaux
U04823,2025-01-23,14,4791.81,342,2,4,4,244,A risque
U05018,2025-05-27,16,4794.65,218,3,4,4,344,Clients fideles
U07275,2025-03-15,14,4795.53,291,2,4,4,244,A risque
U02967,2025-12-21,14,4796.51,10,5,4,4,544,Champions
U02842,2025-08-20,22,4797.62,133,3,5,4,354,Clients fideles
U10333,2025-11-26,6,4801.3,35,5,2,4,524,Nouveaux
U01913,2025-07-11,7,4802.78,173,3,2,4,324,Perdus
U09571,2025-06-23,21,4804.5,191,3,5,4,354,Clients fideles
U10134,2025-06-30,14,4805.39,184,3,4,4,344,Clients fideles
U05285,2025-02-27,22,4806.33,307,2,5,4,254,A risque
U04274,2025-11-15,5,4806.5,46,5,2,4,524,Nouveaux
U05158,2025-12-31,13,4807.4,0,5,4,4,544,Champions
U07449,2025-08-30,14,4807.67,123,4,4,4,444,Champions
U02541,2025-08-14,11,4809.17,139,3,3,4,334,Perdus
U10471,2024-05-29,2,4811.93,581,1,1,4,114,Perdus
U06611,2025-10-05,6,4815.08,87,4,2,4,424,Nouveaux
U08319,2025-12-21,16,4815.14,10,5,4,4,544,Champions
U10234,2025-10-23,9,4817.12,69,4,3,4,434,Perdus
U06264,2025-04-30,16,4818.78,245,3,4,4,344,Clients fideles
U00505,2025-04-20,16,4819.66,255,2,4,4,244,A risque
U00412,2025-06-24,13,4819.84,190,3,4,4,344,Clients fideles
U09710,2025-12-15,13,4821.4,16,5,4,4,544,Champions
U00370,2024-05-29,6,4822.54,581,1,2,4,124,Perdus
U00382,2025-05-27,27,4828.26,218,3,5,4,354,Clients fideles
U11029,2025-09-19,8,4829.48,103,4,3,4,434,Perdus
U05863,2025-11-29,13,4830.97,32,5,4,4,544,Champions
U10244,2025-12-20,14,4831.09,11,5,4,4,544,Champions
U04278,2025-06-21,19,4831.14,193,3,5,4,354,Clients fideles
U05096,2025-11-25,12,4833.63,36,5,4,4,544,Champions
U00820,2025-12-30,13,4836.76,1,5,4,4,544,Champions
U10887,2025-03-02,11,4837.13,304,2,3,4,234,A risque
U07030,2024-05-28,6,4837.16,582,1,2,4,124,Perdus
U06714,2025-08-31,6,4838.03,122,4,2,4,424,Nouveaux
U05541,2025-08-24,12,4839.5,129,3,4,4,344,Clients fideles
U11339,2024-12-06,4,4839.75,390,1,1,4,114,Perdus
U04910,2025-02-28,13,4840.32,306,2,4,4,244,A risque
U09092,2025-02-28,17,4841.83,306,2,4,4,244,A risque
U04217,2024-12-21,15,4841.86,375,2,4,4,244,A risque
U11269,2024-11-30,13,4844.3,396,1,4,4,144,A risque
U09352,2025-12-28,9,4845.84,3,5,3,4,534,Perdus
U00058,2025-06-25,11,4846.54,189,3,3,4,334,Perdus
U00593,2025-11-30,17,4846.84,31,5,4,4,544,Champions
U04562,2025-10-24,16,4847.12,68,4,4,4,444,Champions
U05946,2024-08-28,12,4847.21,490,1,4,4,144,A risque
U04523,2024-09-26,6,4847.77,461,1,2,4,124,Perdus
U03876,2025-07-31,16,4848.23,153,3,4,4,344,Clients fideles
U06994,2025-09-20,12,4851.46,102,4,4,4,444,Champions
U10775,2025-05-26,16,4853.12,219,3,4,4,344,Clients fideles
U10361,2025-11-26,10,4855.76,35,5,3,4,534,Perdus
U01983,2024-11-25,13,4856.85,401,1,4,4,144,A risque
U11021,2025-12-23,36,4859.44,8,5,5,4,554,Champions
U02502,2024-11-23,4,4860.33,403,1,1,4,114,Perdus
U04522,2025-12-31,5,4862.37,0,5,2,4,524,Nouveaux
U10928,2025-12-27,15,4862.99,4,5,4,4,544,Champions
U00042,2025-11-29,32,4863.25,32,5,5,4,554,Champions
U10460,2025-01-29,13,4863.34,336,2,4,4,244,A risque
U10900,2025-12-19,8,4863.89,12,5,3,4,534,Perdus
U03342,2025-11-29,18,4864.0,32,5,4,4,544,Champions
U04702,2024-12-18,14,4865.32,378,2,4,4,244,A risque
U09147,2025-12-26,9,4865.82,5,5,3,4,534,Perdus
U04822,2025-07-18,12,4867.6,166,3,4,4,344,Clients fideles
U04012,2025-05-26,19,4867.92,219,3,5,4,354,Clients fideles
U00401,2025-12-25,11,4868.25,6,5,3,4,534,Perdus
U02872,2025-04-20,11,4869.24,255,2,3,4,234,A risque
U11262,2025-08-19,8,4869.58,134,3,3,4,334,Perdus
U08905,2024-10-16,8,4869.7,441,1,3,4,134,A risque
U09776,2025-09-19,13,4874.26,103,4,4,4,444,Champions
U10556,2024-07-27,16,4875.28,522,1,4,4,144,A risque
U07544,2025-08-27,21,4876.4,126,4,5,4,454,Champions
U05151,2025-09-30,28,4877.89,92,4,5,4,454,Champions
U09806,2025-11-18,15,4879.78,43,5,4,4,544,Champions
U03592,2024-12-29,14,4879.89,367,2,4,4,244,A risque
U00192,2025-04-15,8,4886.4,260,2,3,4,234,A risque
U00959,2025-07-28,6,4888.16,156,3,2,4,324,Perdus
U10188,2025-12-20,10,4890.59,11,5,3,4,534,Perdus
U03307,2025-04-30,16,4893.77,245,3,4,4,344,Clients fideles
U00937,2024-10-28,7,4895.35,429,1,2,4,124,Perdus
U07112,2024-07-30,9,4896.13,519,1,3,4,134,A risque
U02602,2025-07-24,44,4898.17,160,3,5,4,354,Clients fideles
U06488,2025-05-12,11,4898.26,233,3,3,4,334,Perdus
U10111,2025-08-29,21,4900.63,124,4,5,4,454,Champions
U10124,2025-12-28,15,4901.56,3,5,4,4,544,Champions
U00466,2024-11-11,7,4903.05,415,1,2,4,124,Perdus
U05985,2025-07-30,14,4904.23,154,3,4,4,344,Clients fideles
U09514,2025-12-11,13,4905.14,20,5,4,4,544,Champions
U02094,2025-03-31,10,4905.65,275,2,3,4,234,A risque
U11651,2025-06-22,19,4906.59,192,3,5,4,354,Clients fideles
U10297,2025-08-23,21,4906.66,130,3,5,4,354,Clients fideles
U06423,2025-08-25,18,4907.84,128,4,4,4,444,Champions
U04649,2024-10-24,8,4913.32,433,1,3,4,134,A risque
U03618,2025-06-26,16,4915.7,188,3,4,4,344,Clients fideles
U02692,2024-12-27,9,4920.01,369,2,3,4,234,A risque
U09408,2025-12-24,11,4921.21,7,5,3,4,534,Perdus
U05296,2025-09-30,13,4922.44,92,4,4,4,444,Champions
U06514,2024-10-15,15,4922.66,442,1,4,4,144,A risque
U07363,2025-07-30,43,4923.69,154,3,5,4,354,Clients fideles
U04443,2025-03-29,14,4924.37,277,2,4,4,244,A risque
U00307,2025-09-28,26,4927.59,94,4,5,4,454,Champions
U10759,2025-10-25,14,4927.89,67,4,4,4,444,Champions
U05170,2025-12-29,3,4928.71,2,5,1,4,514,Nouveaux
U07534,2025-07-26,18,4929.82,158,3,4,4,344,Clients fideles
U08066,2025-12-21,13,4929.97,10,5,4,4,544,Champions
U11422,2025-11-30,11,4931.5,31,5,3,4,534,Perdus
U03644,2025-10-31,21,4933.2,61,4,5,4,454,Champions
U10172,2025-07-26,13,4935.13,158,3,4,4,344,Clients fideles
U00808,2025-06-29,15,4937.48,185,3,4,4,344,Clients fideles
U07595,2025-12-15,10,4938.6,16,5,3,4,534,Perdus
U02142,2024-09-27,7,4939.67,460,1,2,4,124,Perdus
U07020,2025-12-21,9,4941.32,10,5,3,4,534,Perdus
U07186,2025-04-26,20,4943.74,249,2,5,4,254,A risque
U09157,2025-11-24,20,4943.98,37,5,5,4,554,Champions
U00909,2025-03-11,4,4944.11,295,2,1,4,214,Perdus
U02660,2025-08-22,24,4944.87,131,3,5,4,354,Clients fideles
U02338,2025-03-26,16,4947.46,280,2,4,4,244,A risque
U08874,2024-09-24,11,4948.95,463,1,3,4,134,A risque
U10895,2025-06-30,5,4949.14,184,3,2,4,324,Perdus
U06357,2025-08-19,27,4949.16,134,3,5,4,354,Clients fideles
U10120,2025-10-23,17,4950.66,69,4,4,4,444,Champions
U00557,2025-05-28,18,4951.41,217,3,4,4,344,Clients fideles
U09031,2024-11-19,18,4952.38,407,1,4,4,144,A risque
U07218,2025-06-22,19,4953.56,192,3,5,4,354,Clients fideles
U10259,2025-11-10,13,4954.58,51,4,4,4,444,Champions
U11480,2025-11-23,12,4955.38,38,5,4,4,544,Champions
U10518,2025-12-27,13,4957.63,4,5,4,4,544,Champions
U09475,2025-02-28,9,4958.38,306,2,3,4,234,A risque
U06310,2025-06-28,21,4959.28,186,3,5,4,354,Clients fideles
U03429,2025-03-18,29,4960.39,288,2,5,4,254,A risque
U04512,2024-04-30,11,4960.42,610,1,3,4,134,A risque
U05446,2024-12-14,11,4961.81,382,2,3,4,234,A risque
U03994,2024-11-26,10,4962.71,400,1,3,4,134,A risque
U11711,2024-11-30,11,4963.63,396,1,3,4,134,A risque
U07154,2025-06-28,8,4967.84,186,3,3,4,334,Perdus
U11814,2025-12-25,23,4971.19,6,5,5,4,554,Champions
U08897,2025-08-26,13,4971.53,127,4,4,4,444,Champions
U04072,2025-05-19,11,4974.16,226,3,3,4,334,Perdus
U04312,2024-07-31,22,4974.68,518,1,5,4,154,A risque
U00102,2025-10-24,12,4976.17,68,4,4,4,444,Champions
U07340,2024-05-24,3,4976.91,586,1,1,4,114,Perdus
U07666,2025-09-26,21,4977.7,96,4,5,4,454,Champions
U03370,2025-03-27,13,4979.69,279,2,4,4,244,A risque
U01062,2025-04-20,5,4979.98,255,2,2,4,224,Perdus
U01865,2025-04-20,11,4985.7,255,2,3,4,234,A risque
U04131,2025-01-26,23,4986.1,339,2,5,4,254,A risque
U10246,2025-01-17,16,4986.93,348,2,4,4,244,A risque
U10265,2025-08-27,13,4987.06,126,4,4,4,444,Champions
U03866,2025-04-26,7,4988.73,249,2,2,4,224,Perdus
U09204,2025-11-22,4,4989.52,39,5,2,4,524,Nouveaux
U06525,2024-09-26,16,4992.99,461,1,4,4,144,A risque
U10236,2024-09-23,12,4993.87,464,1,4,4,144,A risque
U10098,2024-12-15,22,4994.29,381,2,5,4,254,A risque
U05346,2025-10-23,13,4995.06,69,4,4,4,444,Champions
U00795,2025-10-07,15,4995.18,85,4,4,4,444,Champions
U08438,2025-12-27,18,4995.7,4,5,4,4,544,Champions
U08648,2024-08-17,10,4998.79,501,1,3,4,134,A risque
U11324,2025-05-06,7,4998.87,239,3,2,4,324,Perdus
U11313,2024-02-29,9,4999.93,671,1,3,4,134,A risque
U06985,2025-12-21,7,5002.14,10,5,3,4,534,Perdus
U03794,2025-02-16,8,5003.64,318,2,3,4,234,A risque
U03431,2024-04-22,15,5004.89,618,1,4,4,144,A risque
U09929,2024-04-10,6,5009.04,630,1,2,4,124,Perdus
U02715,2025-11-25,9,5011.13,36,5,3,4,534,Perdus
U11951,2024-11-19,6,5012.41,407,1,2,4,124,Perdus
U06932,2025-09-25,26,5013.02,97,4,5,4,454,Champions
U04860,2025-12-26,5,5013.31,5,5,2,4,524,Nouveaux
U11346,2025-11-23,7,5013.73,38,5,2,4,524,Nouveaux
U10217,2024-07-31,13,5015.94,518,1,4,4,144,A risque
U08372,2025-01-29,14,5016.3,336,2,4,4,244,A risque
U05192,2024-05-26,9,5019.74,584,1,3,4,134,A risque
U00295,2025-11-21,26,5020.49,40,5,5,4,554,Champions
U11413,2024-06-29,16,5021.65,550,1,4,4,144,A risque
U00423,2025-11-29,29,5023.08,32,5,5,4,554,Champions
U11577,2025-03-22,18,5025.66,284,2,4,4,244,A risque
U01891,2024-07-31,20,5027.27,518,1,5,4,154,A risque
U10101,2024-11-25,8,5027.82,401,1,3,4,134,A risque
U07536,2025-11-23,15,5028.69,38,5,4,4,544,Champions
U01406,2025-10-18,6,5037.9,74,4,2,4,424,Nouveaux
U05834,2025-08-31,13,5039.67,122,4,4,4,444,Champions
U03862,2025-05-31,13,5046.1,214,3,4,4,344,Clients fideles
U07775,2025-08-27,6,5046.52,126,4,2,4,424,Nouveaux
U03354,2025-12-25,34,5047.09,6,5,5,4,554,Champions
U06976,2025-10-30,21,5047.46,62,4,5,4,454,Champions
U03998,2025-08-24,10,5049.62,129,3,3,4,334,Perdus
U02219,2024-11-26,11,5051.29,400,1,3,4,134,A risque
U00565,2025-02-25,12,5056.5,309,2,4,4,244,A risque
U01434,2025-06-25,23,5057.35,189,3,5,4,354,Clients fideles
U01089,2025-10-30,13,5061.79,62,4,4,4,444,Champions
U01160,2025-12-12,6,5062.87,19,5,2,4,524,Nouveaux
U03380,2025-04-28,4,5064.23,247,2,1,4,214,Perdus
U00125,2024-08-21,6,5064.69,497,1,2,4,124,Perdus
U04121,2025-02-28,11,5065.85,306,2,3,4,234,A risque
U00051,2024-03-11,7,5069.27,660,1,2,4,124,Perdus
U03834,2024-11-26,9,5074.27,400,1,3,4,134,A risque
U07665,2025-11-30,11,5074.68,31,5,3,4,534,Perdus
U02954,2025-09-13,12,5074.68,109,4,4,4,444,Champions
U08322,2025-08-15,8,5075.61,138,3,3,4,334,Perdus
U03979,2024-08-31,6,5075.83,487,1,2,4,124,Perdus
U09393,2025-11-08,17,5076.75,53,4,4,4,444,Champions
U04761,2025-03-27,6,5077.49,279,2,2,4,224,Perdus
U08168,2025-08-19,13,5082.8,134,3,4,4,344,Clients fideles
U09086,2025-12-31,21,5086.29,0,5,5,4,554,Champions
U06759,2025-04-05,7,5086.9,270,2,2,4,224,Perdus
U06400,2024-09-23,7,5088.49,464,1,2,4,124,Perdus
U01227,2025-12-07,9,5089.85,24,5,3,4,534,Perdus
U02436,2025-10-31,23,5095.47,61,4,5,4,454,Champions
U09243,2025-11-27,32,5097.07,34,5,5,4,554,Champions
U02474,2025-09-29,3,5097.34,93,4,1,4,414,Nouveaux
U01971,2024-12-20,20,5100.31,376,2,5,4,254,A risque
U05302,2024-11-19,9,5102.9,407,1,3,4,134,A risque
U03158,2025-04-11,12,5103.08,264,2,4,4,244,A risque
U07654,2024-08-14,8,5103.64,504,1,3,4,134,A risque
U06757,2025-05-31,20,5105.21,214,3,5,4,354,Clients fideles
U10984,2025-04-24,21,5106.85,251,2,5,4,254,A risque
U09150,2025-02-21,5,5108.56,313,2,2,4,224,Perdus
U08067,2025-05-26,9,5110.43,219,3,3,4,334,Perdus
U01483,2025-01-31,13,5110.83,334,2,4,4,244,A risque
U01079,2025-05-08,23,5111.21,237,3,5,4,354,Clients fideles
U01707,2025-02-20,12,5113.83,314,2,4,4,244,A risque
U00293,2025-07-28,20,5117.35,156,3,5,4,354,Clients fideles
U02740,2024-10-30,14,5119.48,427,1,4,4,144,A risque
U00650,2024-11-29,24,5120.98,397,1,5,4,154,A risque
U05448,2025-01-26,9,5122.42,339,2,3,4,234,A risque
U01660,2025-05-25,14,5122.94,220,3,4,4,344,Clients fideles
U09298,2025-12-20,11,5125.66,11,5,3,4,534,Perdus
U10174,2024-05-17,21,5126.3,593,1,5,4,154,A risque
U02466,2025-09-30,26,5127.77,92,4,5,4,454,Champions
U01578,2024-09-21,30,5128.69,466,1,5,4,154,A risque
U07561,2024-10-30,28,5130.17,427,1,5,4,154,A risque
U04800,2024-09-20,14,5131.98,467,1,4,4,144,A risque
U08976,2025-04-30,15,5132.43,245,3,4,4,344,Clients fideles
U05156,2025-09-19,4,5133.07,103,4,2,4,424,Nouveaux
U02011,2025-05-31,21,5133.34,214,3,5,4,354,Clients fideles
U11560,2025-11-09,4,5134.52,52,4,2,4,424,Nouveaux
U08140,2024-10-21,7,5136.0,436,1,2,4,124,Perdus
U07656,2024-07-20,7,5136.77,529,1,2,4,124,Perdus
U04186,2025-11-28,29,5142.37,33,5,5,4,554,Champions
U06953,2025-09-26,20,5144.81,96,4,5,4,454,Champions
U11719,2025-12-30,8,5147.29,1,5,3,4,534,Perdus
U09719,2025-10-18,18,5147.8,74,4,4,4,444,Champions
U07200,2024-12-15,19,5148.91,381,2,4,4,244,A risque
U05493,2025-04-19,14,5149.49,256,2,4,4,244,A risque
U07395,2025-06-26,6,5150.76,188,3,2,4,324,Perdus
U04700,2024-11-27,6,5151.08,399,1,2,4,124,Perdus
U06223,2025-12-27,15,5154.32,4,5,4,4,544,Champions
U07908,2025-01-21,18,5156.0,344,2,4,4,244,A risque
U10886,2025-07-12,8,5156.27,172,3,3,4,334,Perdus
U01995,2025-12-30,23,5156.62,1,5,5,4,554,Champions
U09623,2025-11-26,17,5157.02,35,5,4,4,544,Champions
U11163,2025-09-18,35,5158.44,104,4,5,4,454,Champions
U08715,2024-10-29,18,5158.68,428,1,4,4,144,A risque
U10368,2025-10-26,15,5159.0,66,4,4,4,444,Champions
U01088,2024-03-19,11,5162.73,652,1,3,4,134,A risque
U07032,2025-12-25,28,5164.78,6,5,5,4,554,Champions
U01772,2024-05-30,12,5174.44,580,1,4,4,144,A risque
U02415,2025-11-12,9,5179.63,49,4,3,4,434,Perdus
U10218,2025-06-29,7,5181.42,185,3,2,4,324,Perdus
U06384,2025-07-26,13,5181.78,158,3,4,4,344,Clients fideles
U00318,2025-11-25,29,5181.93,36,5,5,4,554,Champions
U08381,2024-11-30,24,5183.6,396,1,5,4,154,A risque
U09946,2025-10-29,16,5185.57,63,4,4,4,444,Champions
U01514,2025-01-20,3,5187.07,345,2,1,4,214,Perdus
U02871,2025-01-09,8,5190.22,356,2,3,4,234,A risque
U10713,2025-09-26,4,5190.38,96,4,2,4,424,Nouveaux
U10738,2024-10-30,4,5191.32,427,1,1,4,114,Perdus
U11838,2024-06-24,8,5191.8,555,1,3,4,134,A risque
U10386,2024-11-23,13,5193.24,403,1,4,4,144,A risque
U09767,2025-12-29,13,5193.43,2,5,4,4,544,Champions
U04795,2025-09-23,3,5193.62,99,4,1,4,414,Nouveaux
U11531,2025-07-16,8,5196.32,168,3,3,4,334,Perdus
U00358,2024-07-29,12,5198.23,520,1,4,4,144,A risque
U01341,2025-08-31,38,5198.48,122,4,5,4,454,Champions
U08779,2025-11-16,13,5199.03,45,5,4,4,544,Champions
U09168,2025-01-27,7,5204.64,338,2,2,4,224,Perdus
U03297,2025-07-28,12,5206.84,156,3,4,4,344,Clients fideles
U04207,2025-11-19,11,5208.14,42,5,3,4,534,Perdus
U09744,2024-08-26,17,5211.13,492,1,4,4,144,A risque
U00114,2025-06-30,26,5211.27,184,3,5,4,354,Clients fideles
U09356,2024-11-30,21,5211.45,396,1,5,4,154,A risque
U00684,2025-10-22,20,5211.86,70,4,5,4,454,Champions
U10565,2025-11-29,7,5213.17,32,5,2,4,524,Nouveaux
U04331,2025-10-28,13,5214.07,64,4,4,4,444,Champions
U08850,2024-11-25,8,5215.08,401,1,3,4,134,A risque
U01038,2025-05-24,8,5216.2,221,3,3,4,334,Perdus
U02852,2025-06-27,15,5217.37,187,3,4,4,344,Clients fideles
U01523,2024-07-19,7,5219.45,530,1,2,4,124,Perdus
U01238,2025-07-08,3,5221.16,176,3,1,4,314,Perdus
U09488,2025-10-26,20,5221.29,66,4,5,4,454,Champions
U00781,2025-05-14,8,5222.62,231,3,3,4,334,Perdus
U10708,2025-06-29,24,5222.83,185,3,5,4,354,Clients fideles
U00901,2025-04-16,11,5223.54,259,2,3,4,234,A risque
U06332,2025-07-29,22,5223.82,155,3,5,4,354,Clients fideles
U02460,2025-10-29,20,5224.46,63,4,5,4,454,Champions
U07520,2025-04-30,27,5225.46,245,3,5,4,354,Clients fideles
U02038,2024-12-18,11,5225.68,378,2,3,4,234,A risque
U06386,2024-12-26,13,5226.99,370,2,4,4,244,A risque
U04045,2025-04-27,37,5228.98,248,2,5,4,254,A risque
U10007,2025-07-24,21,5229.87,160,3,5,4,354,Clients fideles
U00880,2025-08-23,17,5231.7,130,3,4,4,344,Clients fideles
U06993,2025-06-16,12,5233.46,198,3,4,4,344,Clients fideles
U01591,2024-12-31,13,5235.03,365,2,4,4,244,A risque
U09350,2024-12-31,15,5235.17,365,2,4,4,244,A risque
U07738,2025-09-18,26,5239.52,104,4,5,4,454,Champions
U11770,2025-11-30,33,5241.1,31,5,5,4,554,Champions
U05186,2024-12-24,8,5241.51,372,2,3,4,234,A risque
U06687,2025-02-13,9,5245.39,321,2,3,4,234,A risque
U06288,2024-09-29,9,5247.02,458,1,3,4,134,A risque
U10023,2025-03-11,8,5248.06,295,2,3,4,234,A risque
U07726,2025-08-27,21,5248.66,126,4,5,4,454,Champions
U02076,2025-04-15,10,5249.48,260,2,3,4,234,A risque
U10312,2024-11-17,21,5250.03,409,1,5,4,154,A risque
U02601,2025-10-25,18,5251.37,67,4,4,4,444,Champions
U03252,2025-11-23,13,5251.58,38,5,4,4,544,Champions
U09484,2025-06-29,14,5253.57,185,3,4,4,344,Clients fideles
U10904,2025-06-24,22,5254.27,190,3,5,4,354,Clients fideles
U08739,2025-12-23,12,5254.53,8,5,4,4,544,Champions
U08262,2025-12-18,20,5255.48,13,5,5,4,554,Champions
U00291,2025-10-30,6,5255.53,62,4,2,4,424,Nouveaux
U04063,2025-10-30,14,5256.51,62,4,4,4,444,Champions
U10045,2025-12-26,13,5257.91,5,5,4,4,544,Champions
U01183,2025-12-29,6,5257.92,2,5,2,4,524,Nouveaux
U06495,2025-12-21,4,5258.45,10,5,2,4,524,Nouveaux
U05529,2024-12-31,19,5259.05,365,2,4,4,244,A risque
U06298,2025-10-27,28,5259.27,65,4,5,4,454,Champions
U04681,2025-09-21,14,5259.46,101,4,4,4,444,Champions
U01256,2025-10-18,6,5260.59,74,4,2,4,424,Nouveaux
U01807,2025-11-29,18,5261.72,32,5,4,4,544,Champions
U00454,2025-02-19,12,5266.24,315,2,4,4,244,A risque
U06651,2024-09-15,5,5267.35,472,1,2,4,124,Perdus
U01356,2025-03-25,7,5267.9,281,2,2,4,224,Perdus
U04963,2025-04-23,14,5272.46,252,2,4,4,244,A risque
U10965,2025-07-17,13,5273.57,167,3,4,4,344,Clients fideles
U02285,2024-11-28,5,5276.11,398,1,2,4,124,Perdus
U09892,2025-07-21,17,5278.28,163,3,4,4,344,Clients fideles
U06431,2024-09-29,35,5278.71,458,1,5,4,154,A risque
U09080,2025-12-21,24,5279.36,10,5,5,4,554,Champions
U04974,2024-09-20,10,5280.02,467,1,3,4,134,A risque
U07755,2025-11-29,14,5280.29,32,5,4,4,544,Champions
U03552,2025-11-14,11,5280.65,47,4,3,4,434,Perdus
U05664,2025-09-27,9,5281.34,95,4,3,4,434,Perdus
U00734,2025-12-28,13,5284.28,3,5,4,4,544,Champions
U00489,2025-09-11,8,5284.56,111,4,3,4,434,Perdus
U01897,2025-11-30,17,5286.51,31,5,4,4,544,Champions
U04206,2024-08-26,5,5286.82,492,1,2,4,124,Perdus
U02782,2025-06-14,16,5292.58,200,3,4,4,344,Clients fideles
U05844,2024-09-09,10,5293.47,478,1,3,4,134,A risque
U05536,2025-05-19,4,5294.16,226,3,1,4,314,Perdus
U10201,2025-02-26,16,5294.66,308,2,4,4,244,A risque
U00720,2025-10-24,10,5295.14,68,4,3,4,434,Perdus
U03559,2025-09-06,8,5296.51,116,4,3,4,434,Perdus
U01140,2025-11-20,16,5296.81,41,5,4,4,544,Champions
U00933,2025-12-18,16,5298.77,13,5,4,4,544,Champions
U05061,2024-11-27,18,5298.96,399,1,4,4,144,A risque
U06509,2025-06-29,5,5302.29,185,3,2,4,324,Perdus
U03221,2025-10-13,16,5302.51,79,4,4,4,444,Champions
U07130,2025-12-26,20,5302.75,5,5,5,4,554,Champions
U02621,2025-08-12,17,5304.97,141,3,4,4,344,Clients fideles
U11282,2025-04-26,10,5305.68,249,2,3,4,234,A risque
U11244,2025-07-26,12,5309.64,158,3,4,4,344,Clients fideles
U10404,2024-07-15,4,5310.13,534,1,1,4,114,Perdus
U09348,2025-11-15,6,5310.28,46,5,2,4,524,Nouveaux
U08187,2025-01-26,10,5311.77,339,2,3,4,234,A risque
U09425,2025-10-22,23,5313.44,70,4,5,4,454,Champions
U11689,2025-06-30,11,5314.59,184,3,3,4,334,Perdus
U06996,2025-02-11,11,5316.73,323,2,3,4,234,A risque
U09178,2025-09-29,37,5316.96,93,4,5,4,454,Champions
U05620,2025-12-23,11,5317.19,8,5,3,4,534,Perdus
U07205,2024-08-28,8,5317.86,490,1,3,4,134,A risque
U08696,2025-03-25,7,5317.9,281,2,2,4,224,Perdus
U07258,2025-04-24,20,5319.52,251,2,5,4,254,A risque
U01260,2025-12-19,13,5319.66,12,5,4,4,544,Champions
U07254,2025-04-25,12,5325.28,250,2,4,4,244,A risque
U05161,2025-01-28,13,5326.73,337,2,4,4,244,A risque
U09365,2025-03-22,3,5329.18,284,2,1,4,214,Perdus
U03365,2025-02-21,13,5331.23,313,2,4,4,244,A risque
U11300,2025-02-18,17,5333.25,316,2,4,4,244,A risque
U01343,2025-12-12,10,5335.24,19,5,3,4,534,Perdus
U06039,2025-12-31,22,5336.44,0,5,5,4,554,Champions
U11891,2025-03-07,13,5336.79,299,2,4,4,244,A risque
U11360,2025-07-31,10,5337.53,153,3,3,4,334,Perdus
U11377,2025-10-11,5,5338.89,81,4,2,4,424,Nouveaux
U11401,2025-05-21,11,5339.6,224,3,3,4,334,Perdus
U01947,2025-09-30,12,5341.49,92,4,4,4,444,Champions
U06612,2025-07-26,11,5342.07,158,3,3,4,334,Perdus
U10961,2025-10-31,12,5342.21,61,4,4,4,444,Champions
U02804,2025-07-31,22,5342.74,153,3,5,4,354,Clients fideles
U10693,2025-12-29,27,5343.09,2,5,5,4,554,Champions
U01047,2025-06-17,8,5348.47,197,3,3,4,334,Perdus
U08512,2025-09-07,7,5349.3,115,4,2,4,424,Nouveaux
U08065,2025-12-08,6,5349.48,23,5,2,4,524,Nouveaux
U08257,2025-04-27,16,5351.12,248,2,4,4,244,A risque
U04511,2025-12-18,15,5351.41,13,5,4,4,544,Champions
U07972,2025-11-29,13,5352.17,32,5,4,4,544,Champions
U08360,2025-11-26,7,5353.14,35,5,2,4,524,Nouveaux
U09173,2025-03-13,5,5355.17,293,2,2,4,224,Perdus
U06872,2025-11-26,10,5357.78,35,5,3,4,534,Perdus
U02904,2024-10-10,13,5362.74,447,1,4,4,144,A risque
U11474,2025-07-31,18,5365.37,153,3,4,4,344,Clients fideles
U00088,2025-01-30,28,5366.75,335,2,5,4,254,A risque
U09865,2025-03-31,20,5367.24,275,2,5,4,254,A risque
U08967,2024-10-19,25,5373.6,438,1,5,4,154,A risque
U05308,2025-12-26,15,5376.88,5,5,4,4,544,Champions
U02897,2025-07-29,14,5377.26,155,3,4,4,344,Clients fideles
U11492,2025-12-22,20,5377.57,9,5,5,4,554,Champions
U06436,2025-07-31,18,5381.13,153,3,4,4,344,Clients fideles
U11830,2025-07-30,21,5381.75,154,3,5,4,354,Clients fideles
U05005,2025-03-30,19,5382.68,276,2,4,4,244,A risque
U03829,2025-05-28,15,5384.96,217,3,4,4,344,Clients fideles
U03206,2025-09-26,3,5388.16,96,4,1,4,414,Nouveaux
U06574,2025-10-30,11,5388.32,62,4,3,4,434,Perdus
U04019,2025-03-24,16,5389.95,282,2,4,4,244,A risque
U06840,2025-11-29,3,5393.92,32,5,1,4,514,Nouveaux
U06211,2024-12-26,12,5396.97,370,2,4,4,244,A risque
U08782,2024-08-20,10,5398.98,498,1,3,4,134,A risque
U06725,2025-11-29,21,5399.23,32,5,5,4,554,Champions
U09681,2025-10-13,21,5400.96,79,4,5,4,454,Champions
U00682,2025-09-19,14,5401.46,103,4,4,4,444,Champions
U08624,2025-04-25,10,5401.95,250,2,3,4,234,A risque
U09035,2025-12-29,26,5402.35,2,5,5,4,554,Champions
U08903,2025-06-28,14,5403.18,186,3,4,4,344,Clients fideles
U04677,2025-12-30,20,5405.7,1,5,5,4,554,Champions
U04301,2024-12-01,10,5406.65,395,1,3,4,134,A risque
U04228,2025-04-29,8,5407.76,246,2,3,4,234,A risque
U00286,2025-03-07,12,5408.64,299,2,4,4,244,A risque
U05209,2025-12-24,12,5412.45,7,5,4,4,544,Champions
U03035,2024-08-09,21,5413.36,509,1,5,4,154,A risque
U00825,2025-07-25,14,5414.63,159,3,4,4,344,Clients fideles
U00473,2025-07-29,15,5417.42,155,3,4,4,344,Clients fideles
U11854,2025-07-27,17,5417.57,157,3,4,4,344,Clients fideles
U06519,2025-10-30,9,5418.42,62,4,3,4,434,Perdus
U05879,2025-02-20,18,5420.21,314,2,4,4,244,A risque
U04360,2025-02-21,17,5420.26,313,2,4,4,244,A risque
U06589,2025-07-23,8,5421.62,161,3,3,4,334,Perdus
U01934,2025-11-29,30,5426.79,32,5,5,4,554,Champions
U06196,2025-09-30,23,5428.85,92,4,5,4,454,Champions
U04729,2025-12-21,7,5432.47,10,5,3,4,534,Perdus
U01882,2025-06-22,9,5433.3,192,3,3,4,334,Perdus
U09877,2025-12-28,6,5433.62,3,5,2,4,524,Nouveaux
U08909,2024-11-26,8,5434.46,400,1,3,4,134,A risque
U02452,2024-08-20,15,5434.73,498,1,4,4,144,A risque
U07647,2025-11-19,14,5435.17,42,5,4,4,544,Champions
U05592,2025-02-26,17,5437.59,308,2,4,4,244,A risque
U01457,2025-11-14,11,5441.08,47,5,3,4,534,Perdus
U06742,2025-09-26,13,5441.88,96,4,4,4,444,Champions
U10498,2025-09-26,23,5442.5,96,4,5,4,454,Champions
U01042,2025-12-17,12,5445.45,14,5,4,4,544,Champions
U04354,2025-05-29,16,5446.41,216,3,4,4,344,Clients fideles
U09549,2025-05-13,14,5447.17,232,3,4,4,344,Clients fideles
U08218,2025-07-22,9,5449.1,162,3,3,4,334,Perdus
U08169,2025-02-14,16,5451.73,320,2,4,4,244,A risque
U01032,2025-03-22,18,5453.36,284,2,4,4,244,A risque
U02982,2025-11-30,20,5453.38,31,5,5,4,554,Champions
U00883,2025-04-29,15,5454.86,246,3,4,4,344,Clients fideles
U05806,2024-09-28,7,5460.92,459,1,2,4,124,Perdus
U01898,2025-03-30,9,5461.61,276,2,3,4,234,A risque
U08518,2025-11-30,10,5465.53,31,5,3,4,534,Perdus
U11189,2024-11-30,17,5465.82,396,1,4,4,144,A risque
U08090,2024-11-17,23,5466.74,409,1,5,4,154,A risque
U02287,2024-09-30,8,5467.48,457,1,3,4,134,A risque
U11616,2025-12-02,7,5468.17,29,5,3,4,534,Perdus
U01072,2024-07-31,24,5468.88,518,1,5,4,154,A risque
U05524,2024-12-30,8,5473.75,366,2,3,4,234,A risque
U11741,2025-02-27,8,5476.31,307,2,3,4,234,A risque
U06628,2025-05-24,28,5481.49,221,3,5,4,354,Clients fideles
U00250,2025-09-24,15,5483.72,98,4,4,4,444,Champions
U11148,2024-06-27,15,5484.32,552,1,4,4,144,A risque
U07742,2025-05-25,17,5485.38,220,3,4,4,344,Clients fideles
U09577,2025-02-26,8,5486.4,308,2,3,4,234,A risque
U05846,2025-11-16,13,5487.35,45,5,4,4,544,Champions
U06003,2025-08-15,13,5489.15,138,3,4,4,344,Clients fideles
U04941,2025-09-03,24,5489.75,119,4,5,4,454,Champions
U07579,2024-08-29,5,5493.39,489,1,2,4,124,Perdus
U05971,2024-08-31,10,5495.24,487,1,3,4,134,A risque
U04305,2025-09-16,24,5495.25,106,4,5,4,454,Champions
U08965,2025-10-28,6,5498.69,64,4,2,4,424,Nouveaux
U00585,2025-05-21,22,5498.91,224,3,5,4,354,Clients fideles
U08628,2024-10-30,6,5499.31,427,1,2,4,124,Perdus
U04271,2025-12-23,21,5499.95,8,5,5,4,554,Champions
U08222,2025-01-27,13,5500.49,338,2,4,4,244,A risque
U03776,2025-10-18,7,5500.75,74,4,2,4,424,Nouveaux
U02325,2025-12-21,14,5500.98,10,5,4,4,544,Champions
U03687,2025-08-28,28,5501.38,125,4,5,4,454,Champions
U03830,2025-12-25,13,5504.85,6,5,4,4,544,Champions
U01676,2025-12-22,18,5508.37,9,5,4,4,544,Champions
U09398,2025-08-25,11,5508.87,128,4,3,4,434,Perdus
U03806,2025-12-28,15,5511.27,3,5,4,4,544,Champions
U11684,2025-03-25,13,5512.77,281,2,4,4,244,A risque
U02859,2024-10-29,30,5513.34,428,1,5,4,154,A risque
U07945,2025-05-12,23,5516.7,233,3,5,4,354,Clients fideles
U03742,2024-08-15,10,5517.76,503,1,3,4,134,A risque
U10982,2025-07-21,21,5520.03,163,3,5,4,354,Clients fideles
U11734,2025-09-26,19,5520.11,96,4,5,4,454,Champions
U02590,2025-07-30,18,5520.85,154,3,4,4,344,Clients fideles
U10643,2025-10-24,19,5520.95,68,4,5,4,454,Champions
U01101,2025-09-28,9,5521.63,94,4,3,4,434,Perdus
U10391,2025-01-18,10,5521.65,347,2,3,4,234,A risque
U09531,2025-11-29,6,5522.62,32,5,2,4,524,Nouveaux
U01729,2025-11-29,23,5524.3,32,5,5,4,554,Champions
U06353,2025-10-30,15,5525.01,62,4,4,4,444,Champions
U01603,2024-04-29,14,5528.29,611,1,4,4,144,A risque
U01872,2025-09-26,5,5529.72,96,4,2,4,424,Nouveaux
U01847,2025-06-29,23,5529.92,185,3,5,4,354,Clients fideles
U03081,2024-06-22,10,5532.73,557,1,3,4,134,A risque
U11042,2025-11-29,30,5532.84,32,5,5,4,554,Champions
U08128,2025-11-30,10,5533.76,31,5,3,4,534,Perdus
U05841,2025-11-23,5,5535.19,38,5,2,4,524,Nouveaux
U07106,2025-11-28,11,5537.85,33,5,3,4,534,Perdus
U08266,2025-10-09,10,5540.56,83,4,3,4,434,Perdus
U09889,2025-04-25,23,5540.77,250,2,5,4,254,A risque
U07767,2025-05-31,64,5542.56,214,3,5,4,354,Clients fideles
U00221,2025-07-30,11,5544.62,154,3,3,4,334,Perdus
U09774,2025-03-23,26,5548.75,283,2,5,4,254,A risque
U04349,2025-10-17,29,5551.45,75,4,5,4,454,Champions
U09993,2025-08-29,20,5556.27,124,4,5,4,454,Champions
U01162,2025-06-08,16,5556.76,206,3,4,4,344,Clients fideles
U09312,2025-01-08,3,5558.92,357,2,1,4,214,Perdus
U05833,2025-08-30,7,5559.59,123,4,2,4,424,Nouveaux
U11403,2025-12-26,9,5564.83,5,5,3,4,534,Perdus
U11827,2025-03-25,22,5567.72,281,2,5,4,254,A risque
U06978,2025-12-21,12,5569.41,10,5,4,4,544,Champions
U07018,2025-12-31,11,5571.24,0,5,4,4,544,Champions
U07053,2025-08-28,8,5572.96,125,4,3,4,434,Perdus
U07613,2025-01-29,26,5573.27,336,2,5,4,254,A risque
U01886,2024-11-24,16,5575.83,402,1,4,4,144,A risque
U01053,2025-10-28,7,5578.5,64,4,2,4,424,Nouveaux
U11448,2025-07-28,32,5582.53,156,3,5,4,354,Clients fideles
U07250,2025-10-25,8,5586.89,67,4,3,4,434,Perdus
U05543,2025-04-09,6,5588.06,266,2,2,4,224,Perdus
U04434,2025-04-26,6,5593.02,249,2,2,4,224,Perdus
U01335,2025-07-26,16,5594.88,158,3,4,4,344,Clients fideles
U05796,2025-02-02,12,5595.13,332,2,4,4,244,A risque
U03245,2025-03-22,15,5595.67,284,2,4,4,244,A risque
U06403,2024-12-09,9,5600.3,387,1,3,4,134,A risque
U07329,2025-09-22,9,5603.4,100,4,3,4,434,Perdus
U03710,2024-06-22,18,5604.34,557,1,4,4,144,A risque
U10685,2025-09-27,22,5605.28,95,4,5,4,454,Champions
U10395,2025-02-24,18,5605.48,310,2,4,4,244,A risque
U03052,2025-04-25,16,5605.8,250,2,4,4,244,A risque
U05626,2025-09-18,17,5607.76,104,4,4,4,444,Champions
U08971,2024-12-23,15,5607.91,373,2,4,4,244,A risque
U04436,2025-12-30,15,5609.72,1,5,4,4,544,Champions
U04487,2025-12-31,23,5610.34,0,5,5,4,554,Champions
U02862,2024-09-10,11,5616.42,477,1,3,4,134,A risque
U09197,2025-08-06,10,5617.67,147,3,3,4,334,Perdus
U10181,2025-02-16,10,5619.72,318,2,3,4,234,A risque
U10211,2025-10-18,13,5621.37,74,4,4,4,444,Champions
U07980,2025-10-30,16,5621.49,62,4,4,4,444,Champions
U09017,2025-02-06,6,5621.58,328,2,2,4,224,Perdus
U11458,2025-05-26,14,5629.68,219,3,4,4,344,Clients fideles
U02122,2025-12-16,10,5629.81,15,5,3,4,534,Perdus
U03298,2024-12-28,7,5635.77,368,2,2,4,224,Perdus
U01820,2025-04-30,31,5638.27,245,3,5,4,354,Clients fideles
U04030,2024-12-29,16,5640.48,367,2,4,4,244,A risque
U07699,2025-01-28,26,5646.96,337,2,5,4,254,A risque
U11410,2025-12-25,11,5647.04,6,5,3,4,534,Perdus
U11726,2025-10-26,9,5647.73,66,4,3,4,434,Perdus
U06273,2025-12-28,24,5647.89,3,5,5,4,554,Champions
U08343,2025-12-29,10,5648.18,2,5,3,4,534,Perdus
U10482,2025-12-25,17,5649.65,6,5,4,4,544,Champions
U11815,2025-08-31,17,5651.34,122,4,4,4,444,Champions
U09818,2025-05-28,24,5651.34,217,3,5,4,354,Clients fideles
U01049,2025-08-25,19,5651.52,128,4,5,4,454,Champions
U06528,2025-12-24,10,5651.56,7,5,3,4,534,Perdus
U08788,2025-05-28,16,5651.99,217,3,4,4,344,Clients fideles
U05211,2025-11-05,19,5652.21,56,4,5,4,454,Champions
U03283,2025-11-26,12,5652.68,35,5,4,4,544,Champions
U07384,2025-09-23,17,5654.05,99,4,4,4,444,Champions
U01686,2025-11-25,4,5655.45,36,5,2,4,524,Nouveaux
U03715,2025-05-31,39,5656.12,214,3,5,4,354,Clients fideles
U11438,2025-03-29,12,5656.85,277,2,4,4,244,A risque
U02376,2025-11-29,27,5657.04,32,5,5,4,554,Champions
U11663,2025-08-12,10,5658.76,141,3,3,4,334,Perdus
U03734,2025-12-25,10,5658.9,6,5,3,4,534,Perdus
U02066,2025-11-30,20,5659.96,31,5,5,4,554,Champions
U10504,2025-09-11,14,5663.42,111,4,4,4,444,Champions
U08847,2025-02-25,4,5666.65,309,2,1,4,214,Perdus
U09763,2025-05-28,22,5668.07,217,3,5,4,354,Clients fideles
U09082,2025-05-17,16,5673.72,228,3,4,4,344,Clients fideles
U04160,2025-12-23,13,5673.99,8,5,4,4,544,Champions
U05433,2024-10-31,20,5676.69,426,1,5,4,154,A risque
U06846,2025-06-24,12,5677.68,190,3,4,4,344,Clients fideles
U01592,2025-05-16,17,5678.45,229,3,4,4,344,Clients fideles
U08676,2025-12-27,4,5681.53,4,5,2,4,524,Nouveaux
U07396,2025-10-30,5,5683.2,62,4,2,4,424,Nouveaux
U02189,2025-11-28,12,5685.75,33,5,4,4,544,Champions
U11411,2024-04-29,23,5686.93,611,1,5,4,154,A risque
U10958,2025-06-29,10,5687.07,185,3,3,4,334,Perdus
U01887,2025-02-24,19,5687.42,310,2,4,4,244,A risque
U05745,2025-09-14,9,5690.36,108,4,3,4,434,Perdus
U03291,2025-01-24,22,5693.88,341,2,5,4,254,A risque
U01795,2025-11-23,29,5695.02,38,5,5,4,554,Champions
U06740,2025-03-25,9,5695.51,281,2,3,4,234,A risque
U03657,2025-05-18,25,5696.2,227,3,5,4,354,Clients fideles
U10360,2025-10-28,6,5696.74,64,4,2,4,424,Nouveaux
U05014,2025-06-25,36,5698.97,189,3,5,4,354,Clients fideles
U07476,2025-10-29,23,5702.11,63,4,5,4,454,Champions
U05691,2025-10-30,8,5705.41,62,4,3,4,434,Perdus
U03524,2025-08-29,17,5705.64,124,4,4,4,444,Champions
U10461,2025-07-16,11,5707.5,168,3,3,4,334,Perdus
U00230,2025-12-12,24,5709.0,19,5,5,4,554,Champions
U03378,2025-01-28,16,5709.9,337,2,4,4,244,A risque
U05742,2025-03-29,22,5711.94,277,2,5,4,254,A risque
U07096,2024-09-23,24,5715.11,464,1,5,4,154,A risque
U02903,2025-11-14,8,5716.94,47,5,3,4,534,Perdus
U03530,2024-09-28,8,5718.72,459,1,3,4,134,A risque
U11638,2025-01-14,27,5719.71,351,2,5,4,254,A risque
U03670,2025-10-20,7,5720.12,72,4,2,4,424,Nouveaux
U00923,2025-06-30,11,5720.17,184,3,3,4,334,Perdus
U07135,2025-05-24,13,5720.94,221,3,4,4,344,Clients fideles
U04347,2025-12-30,30,5721.16,1,5,5,4,554,Champions
U09341,2025-05-31,15,5722.02,214,3,4,4,344,Clients fideles
U02229,2025-04-30,17,5722.35,245,3,4,4,344,Clients fideles
U07379,2025-09-26,9,5722.57,96,4,3,4,434,Perdus
U09694,2025-12-24,51,5725.23,7,5,5,4,554,Champions
U06455,2025-07-19,24,5726.74,165,3,5,4,354,Clients fideles
U08520,2025-09-30,8,5730.94,92,4,3,4,434,Perdus
U03044,2025-10-24,30,5734.28,68,4,5,4,454,Champions
U04901,2025-09-24,10,5734.48,98,4,3,4,434,Perdus
U02603,2025-07-14,14,5736.96,170,3,4,4,344,Clients fideles
U11094,2025-07-31,28,5740.9,153,3,5,4,354,Clients fideles
U06548,2025-02-27,17,5742.17,307,2,4,4,244,A risque
U05198,2024-09-06,12,5742.24,481,1,4,4,144,A risque
U06228,2025-04-23,18,5742.69,252,2,4,4,244,A risque
U08560,2025-11-29,19,5745.76,32,5,5,4,554,Champions
U03231,2025-08-27,8,5748.08,126,4,3,4,434,Perdus
U10496,2025-12-26,15,5749.58,5,5,4,4,544,Champions
U07629,2024-12-31,9,5750.54,365,2,3,4,234,A risque
U01409,2025-02-15,11,5756.44,319,2,3,4,234,A risque
U08290,2025-03-30,14,5756.96,276,2,4,4,244,A risque
U10627,2024-11-29,13,5758.02,397,1,4,4,144,A risque
U04980,2025-09-27,17,5759.2,95,4,4,4,444,Champions
U04106,2025-03-26,27,5760.8,280,2,5,4,254,A risque
U00940,2025-06-28,14,5762.15,186,3,4,4,344,Clients fideles
U01170,2025-04-26,8,5764.97,249,2,3,4,234,A risque
U11555,2025-11-24,9,5765.32,37,5,3,4,534,Perdus
U00334,2025-10-12,14,5765.67,80,4,4,4,444,Champions
U00044,2025-12-05,7,5766.38,26,5,3,4,534,Perdus
U02691,2025-09-27,8,5767.7,95,4,3,4,434,Perdus
U06761,2024-07-28,18,5767.86,521,1,4,4,144,A risque
U08013,2025-12-15,16,5772.75,16,5,4,4,544,Champions
U02024,2025-12-22,17,5773.4,9,5,4,4,544,Champions
U08444,2025-05-30,26,5774.5,215,3,5,4,354,Clients fideles
U04290,2024-08-28,11,5778.66,490,1,3,4,134,A risque
U08232,2025-02-23,22,5779.46,311,2,5,4,254,A risque
U07025,2025-12-31,27,5780.08,0,5,5,4,554,Champions
U04193,2024-08-31,26,5780.1,487,1,5,4,154,A risque
U04484,2024-12-29,20,5781.81,367,2,5,4,254,A risque
U07093,2025-06-17,11,5782.68,197,3,3,4,334,Perdus
U11009,2024-12-22,17,5783.85,374,2,4,4,244,A risque
U02943,2025-08-27,14,5787.68,126,4,4,4,444,Champions
U06323,2025-10-28,15,5790.11,64,4,4,4,444,Champions
U10151,2025-11-27,11,5792.59,34,5,3,4,534,Perdus
U07820,2025-12-24,12,5794.08,7,5,4,4,544,Champions
U05900,2025-04-27,14,5794.94,248,2,4,4,244,A risque
U06897,2025-11-22,16,5795.85,39,5,4,4,544,Champions
U07085,2025-10-30,18,5796.07,62,4,4,4,444,Champions
U11717,2025-12-12,10,5796.46,19,5,3,4,534,Perdus
U02928,2025-10-27,18,5797.05,65,4,4,4,444,Champions
U07248,2025-12-27,14,5799.39,4,5,4,4,544,Champions
U03157,2024-06-27,12,5799.42,552,1,4,4,144,A risque
U02368,2025-10-24,10,5802.44,68,4,3,4,434,Perdus
U02188,2025-08-29,6,5802.45,124,4,2,4,424,Nouveaux
U08758,2025-02-28,6,5807.54,306,2,2,4,224,Perdus
U03956,2025-02-08,6,5811.52,326,2,2,4,224,Perdus
U10412,2025-08-13,9,5814.06,140,3,3,4,334,Perdus
U07648,2025-03-21,5,5814.08,285,2,2,4,224,Perdus
U00982,2024-12-31,12,5815.61,365,2,4,4,244,A risque
U02526,2024-07-30,8,5818.09,519,1,3,4,134,A risque
U08406,2025-10-31,17,5819.1,61,4,4,4,444,Champions
U10673,2025-08-31,9,5819.25,122,4,3,4,434,Perdus
U11924,2025-08-07,19,5819.91,146,3,5,4,354,Clients fideles
U11645,2025-09-15,29,5820.22,107,4,5,4,454,Champions
U04400,2025-04-25,6,5821.06,250,2,2,4,224,Perdus
U03442,2025-08-28,16,5822.83,125,4,4,4,444,Champions
U06177,2024-10-14,9,5825.61,443,1,3,4,134,A risque
U10574,2024-06-30,8,5831.73,549,1,3,4,134,A risque
U05239,2025-10-31,12,5832.87,61,4,4,4,444,Champions
U07937,2025-08-31,14,5837.44,122,4,4,4,444,Champions
U03113,2025-08-16,10,5841.0,137,3,3,4,334,Perdus
U08921,2025-07-31,14,5842.51,153,3,4,4,344,Clients fideles
U02913,2025-07-29,17,5850.27,155,3,4,4,344,Clients fideles
U11195,2025-06-12,17,5851.34,202,3,4,4,344,Clients fideles
U00722,2024-10-28,9,5853.32,429,1,3,4,134,A risque
U05024,2025-12-22,4,5854.28,9,5,2,4,524,Nouveaux
U05091,2025-06-27,10,5854.45,187,3,3,4,334,Perdus
U08843,2025-04-28,29,5856.03,247,2,5,4,254,A risque
U04025,2025-10-24,11,5856.29,68,4,3,4,434,Perdus
U01247,2025-11-14,8,5857.17,47,4,3,4,434,Perdus
U00886,2025-07-28,16,5858.95,156,3,4,4,344,Clients fideles
U05065,2025-09-24,25,5859.12,98,4,5,4,454,Champions
U07307,2024-02-19,9,5861.29,681,1,3,4,134,A risque
U06189,2025-06-07,9,5864.86,207,3,3,4,334,Perdus
U10481,2025-12-29,34,5866.22,2,5,5,4,554,Champions
U03015,2025-09-27,10,5866.87,95,4,3,4,434,Perdus
U08027,2024-10-26,12,5868.68,431,1,4,4,144,A risque
U09447,2025-04-26,4,5870.16,249,2,1,4,214,Perdus
U00270,2025-10-26,21,5871.09,66,4,5,4,454,Champions
U06803,2025-02-23,22,5872.1,311,2,5,4,254,A risque
U02348,2025-02-25,15,5876.46,309,2,4,4,244,A risque
U01480,2024-12-28,11,5877.22,368,2,3,4,234,A risque
U03404,2025-09-11,22,5880.89,111,4,5,4,454,Champions
U06891,2024-09-22,17,5881.86,465,1,4,4,144,A risque
U05699,2024-09-30,18,5890.49,457,1,4,4,144,A risque
U07022,2024-09-19,10,5890.74,468,1,3,4,134,A risque
U00759,2025-09-28,27,5891.09,94,4,5,4,454,Champions
U09639,2024-06-30,12,5893.83,549,1,4,4,144,A risque
U01950,2025-11-28,25,5898.4,33,5,5,4,554,Champions
U08482,2024-06-30,11,5899.31,549,1,3,4,134,A risque
U11406,2025-01-21,23,5900.83,344,2,5,4,254,A risque
U04624,2025-11-30,9,5901.3,31,5,3,4,534,Perdus
U06020,2025-12-28,13,5901.47,3,5,4,4,544,Champions
U01999,2025-09-16,37,5902.08,106,4,5,4,454,Champions
U09171,2025-10-31,30,5903.16,61,4,5,4,454,Champions
U08252,2025-01-30,12,5905.7,335,2,4,4,244,A risque
U09504,2025-06-25,8,5907.74,189,3,3,4,334,Perdus
U03443,2025-06-10,10,5913.27,204,3,3,4,334,Perdus
U11670,2025-06-26,24,5914.39,188,3,5,4,354,Clients fideles
U09741,2024-10-22,11,5917.57,435,1,3,4,134,A risque
U05425,2025-05-14,19,5919.98,231,3,5,4,354,Clients fideles
U03317,2025-04-27,7,5923.02,248,2,2,4,224,Perdus
U03010,2025-02-20,7,5923.24,314,2,2,4,224,Perdus
U05482,2025-09-26,9,5926.61,96,4,3,4,434,Perdus
U08925,2025-09-13,12,5934.02,109,4,4,4,444,Champions
U06144,2024-12-28,16,5934.12,368,2,4,4,244,A risque
U05389,2025-06-03,13,5934.6,211,3,4,4,344,Clients fideles
U10447,2025-09-30,12,5940.01,92,4,4,4,444,Champions
U06016,2025-04-15,15,5942.68,260,2,4,4,244,A risque
U02276,2024-07-28,10,5943.02,521,1,3,4,134,A risque
U03529,2025-10-12,25,5943.72,80,4,5,4,454,Champions
U05451,2025-10-08,11,5946.39,84,4,3,4,434,Perdus
U06558,2025-05-31,7,5948.06,214,3,2,4,324,Perdus
U09734,2024-10-02,13,5948.31,455,1,4,4,144,A risque
U08082,2024-09-23,11,5953.3,464,1,3,4,134,A risque
U03448,2025-12-30,18,5954.34,1,5,4,4,544,Champions
U08124,2025-02-14,5,5956.41,320,2,2,4,224,Perdus
U07913,2025-01-12,6,5958.26,353,2,2,4,224,Perdus
U04599,2025-12-29,12,5958.86,2,5,4,4,544,Champions
U09364,2025-01-28,18,5959.95,337,2,4,4,244,A risque
U07439,2025-12-29,15,5963.09,2,5,4,4,544,Champions
U10936,2025-03-18,12,5963.36,288,2,4,4,244,A risque
U07014,2024-09-28,19,5968.86,459,1,4,4,144,A risque
U01853,2025-06-25,6,5969.86,189,3,2,4,324,Perdus
U11305,2025-09-26,16,5970.02,96,4,4,4,444,Champions
U05231,2025-04-16,19,5971.57,259,2,4,4,244,A risque
U10451,2025-05-03,11,5971.68,242,3,3,4,334,Perdus
U01989,2025-06-28,25,5973.27,186,3,5,4,354,Clients fideles
U08730,2024-09-17,12,5977.62,470,1,4,4,144,A risque
U11812,2025-12-30,7,5979.21,1,5,3,4,534,Perdus
U07370,2025-09-22,21,5980.84,100,4,5,4,454,Champions
U11126,2025-06-19,8,5980.97,195,3,3,4,334,Perdus
U10155,2025-10-22,6,5981.06,70,4,2,4,424,Nouveaux
U00108,2025-12-28,16,5981.22,3,5,4,4,544,Champions
U02699,2025-11-27,20,5981.64,34,5,5,4,554,Champions
U06227,2025-10-18,13,5981.87,74,4,4,4,444,Champions
U10231,2025-11-27,12,5992.37,34,5,4,4,544,Champions
U11859,2025-04-22,17,5993.53,253,2,4,4,244,A risque
U02557,2024-05-31,18,5993.87,579,1,4,4,144,A risque
U04422,2025-02-23,6,5993.96,311,2,2,4,224,Perdus
U03924,2024-09-11,7,5998.58,476,1,2,4,124,Perdus
U06777,2025-01-31,18,5999.54,334,2,4,4,244,A risque
U03683,2024-11-30,20,6000.27,396,1,5,4,154,A risque
U00122,2025-09-28,33,6000.55,94,4,5,4,454,Champions
U07041,2025-07-18,17,6003.04,166,3,4,4,344,Clients fideles
U03686,2025-09-15,19,6008.76,107,4,5,4,454,Champions
U05044,2025-09-25,13,6009.03,97,4,4,4,444,Champions
U06542,2025-11-18,18,6009.45,43,5,4,4,544,Champions
U07241,2025-03-22,8,6009.67,284,2,3,4,234,A risque
U00953,2025-09-27,14,6009.99,95,4,4,4,444,Champions
U10536,2025-09-14,16,6015.27,108,4,4,4,444,Champions
U09909,2024-03-17,5,6020.41,654,1,2,4,124,Perdus
U09803,2024-07-21,15,6022.38,528,1,4,4,144,A risque
U03793,2025-05-10,10,6025.62,235,3,3,4,334,Perdus
U07129,2025-08-25,37,6028.03,128,4,5,4,454,Champions
U01593,2025-05-23,14,6028.16,222,3,4,4,344,Clients fideles
U04945,2024-09-22,3,6028.83,465,1,1,4,114,Perdus
U02424,2025-08-31,29,6029.08,122,4,5,4,454,Champions
U07207,2025-04-12,5,6030.73,263,2,2,4,224,Perdus
U02853,2024-11-24,19,6033.07,402,1,4,4,144,A risque
U08543,2025-10-21,18,6033.4,71,4,4,4,444,Champions
U00562,2025-07-04,4,6033.88,180,3,1,4,314,Perdus
U06479,2024-12-22,5,6034.49,374,2,2,4,224,Perdus
U05189,2025-02-27,6,6036.19,307,2,2,4,224,Perdus
U04719,2025-05-29,12,6036.55,216,3,4,4,344,Clients fideles
U00922,2025-10-29,31,6036.55,63,4,5,4,454,Champions
U04282,2024-08-30,12,6039.18,488,1,4,4,144,A risque
U08181,2025-12-08,9,6039.91,23,5,3,4,534,Perdus
U06563,2024-10-20,7,6042.82,437,1,2,4,124,Perdus
U07304,2025-01-31,6,6045.47,334,2,2,4,224,Perdus
U07469,2025-06-24,35,6047.37,190,3,5,4,354,Clients fideles
U11813,2025-06-06,9,6047.58,208,3,3,4,334,Perdus
U06410,2025-11-25,20,6048.3,36,5,5,4,554,Champions
U10191,2024-08-29,26,6050.02,489,1,5,4,154,A risque
U07424,2025-11-30,23,6051.59,31,5,5,4,554,Champions
U02978,2024-08-17,7,6053.96,501,1,2,4,124,Perdus
U00223,2025-12-27,11,6055.1,4,5,3,4,534,Perdus
U07626,2025-06-26,14,6056.1,188,3,4,4,344,Clients fideles
U08118,2025-09-17,14,6056.35,105,4,4,4,444,Champions
U11591,2025-03-12,24,6063.29,294,2,5,4,254,A risque
U03327,2025-11-21,11,6063.32,40,5,3,4,534,Perdus
U05134,2025-03-21,14,6066.14,285,2,4,4,244,A risque
U08081,2025-11-30,10,6073.08,31,5,3,4,534,Perdus
U01050,2025-12-21,16,6074.32,10,5,4,4,544,Champions
U02585,2025-11-25,6,6077.79,36,5,2,4,524,Nouveaux
U04555,2025-10-14,19,6079.17,78,4,5,4,454,Champions
U06049,2025-11-30,17,6080.1,31,5,4,4,544,Champions
U08024,2025-09-25,15,6080.25,97,4,4,4,444,Champions
U10807,2025-10-11,9,6085.17,81,4,3,4,434,Perdus
U04966,2025-07-26,18,6085.23,158,3,4,4,344,Clients fideles
U10426,2025-07-28,11,6086.4,156,3,3,4,334,Perdus
U05847,2025-07-30,8,6087.01,154,3,3,4,334,Perdus
U03496,2025-07-24,15,6087.16,160,3,4,4,344,Clients fideles
U03301,2025-02-24,19,6090.65,310,2,4,4,244,A risque
U02491,2024-08-12,7,6094.67,506,1,2,4,124,Perdus
U09550,2025-10-31,7,6102.09,61,4,2,4,424,Nouveaux
U08172,2025-06-29,16,6103.0,185,3,4,4,344,Clients fideles
U09794,2025-12-29,17,6105.11,2,5,4,4,544,Champions
U00357,2025-07-22,22,6105.22,162,3,5,4,354,Clients fideles
U07023,2025-12-23,9,6106.62,8,5,3,4,534,Perdus
U01858,2025-02-28,11,6106.88,306,2,3,4,234,A risque
U01739,2024-07-31,16,6110.32,518,1,4,4,144,A risque
U04552,2025-11-30,10,6112.36,31,5,3,4,534,Perdus
U01061,2024-11-26,13,6116.1,400,1,4,4,144,A risque
U06784,2025-07-30,14,6116.25,154,3,4,4,344,Clients fideles
U02893,2025-08-26,18,6118.96,127,4,4,4,444,Champions
U08525,2025-05-31,23,6121.98,214,3,5,4,354,Clients fideles
U09132,2025-10-31,9,6124.39,61,4,3,4,434,Perdus
U02479,2025-05-17,16,6127.12,228,3,4,4,344,Clients fideles
U05704,2025-12-31,21,6131.65,0,5,5,4,554,Champions
U01159,2025-06-02,8,6138.5,212,3,3,4,334,Perdus
U02197,2025-11-13,44,6138.62,48,4,5,4,454,Champions
U04652,2024-06-21,13,6139.48,558,1,4,4,144,A risque
U09196,2025-03-28,14,6141.54,278,2,4,4,244,A risque
U04402,2025-12-14,12,6142.35,17,5,4,4,544,Champions
U04765,2024-10-25,18,6144.2,432,1,4,4,144,A risque
U03347,2025-08-31,25,6146.31,122,4,5,4,454,Champions
U06294,2025-03-31,19,6146.55,275,2,4,4,244,A risque
U08356,2024-05-28,16,6147.93,582,1,4,4,144,A risque
U11579,2025-08-19,20,6148.04,134,3,5,4,354,Clients fideles
U06207,2024-11-23,38,6148.79,403,1,5,4,154,A risque
U01892,2025-11-29,16,6148.86,32,5,4,4,544,Champions
U01674,2025-01-14,9,6152.53,351,2,3,4,234,A risque
U07791,2025-11-29,25,6153.36,32,5,5,4,554,Champions
U09667,2024-05-19,8,6157.52,591,1,3,4,134,A risque
U01685,2025-07-26,10,6157.77,158,3,3,4,334,Perdus
U11927,2025-11-25,10,6157.97,36,5,3,4,534,Perdus
U11500,2025-09-09,7,6161.47,113,4,2,4,424,Nouveaux
U01939,2025-02-27,37,6164.73,307,2,5,4,254,A risque
U04716,2025-04-12,9,6164.79,263,2,3,4,234,A risque
U07833,2024-11-16,19,6166.78,410,1,4,4,144,A risque
U10050,2025-03-25,31,6167.06,281,2,5,4,254,A risque
U01139,2024-05-14,15,6167.33,596,1,4,4,144,A risque
U02881,2024-12-21,9,6167.65,375,2,3,4,234,A risque
U08361,2024-07-04,5,6168.99,545,1,2,4,124,Perdus
U03526,2025-07-25,28,6170.86,159,3,5,4,354,Clients fideles
U03359,2025-11-21,11,6173.71,40,5,3,4,534,Perdus
U06124,2024-10-26,9,6175.74,431,1,3,4,134,A risque
U04508,2024-10-29,10,6177.14,428,1,3,4,134,A risque
U02181,2024-12-31,22,6184.86,365,2,5,4,254,A risque
U00507,2025-04-03,3,6185.04,272,2,1,4,214,Perdus
U00784,2025-11-30,8,6186.74,31,5,3,4,534,Perdus
U00954,2025-09-25,40,6187.01,97,4,5,4,454,Champions
U02096,2025-06-18,11,6189.16,196,3,3,4,334,Perdus
U06818,2025-06-27,27,6196.74,187,3,5,4,354,Clients fideles
U05828,2025-03-14,9,6196.85,292,2,3,4,234,A risque
U05738,2024-06-28,7,6198.54,551,1,2,4,124,Perdus
U11523,2025-11-15,16,6198.68,46,5,4,4,544,Champions
U04215,2025-11-29,18,6199.61,32,5,4,4,544,Champions
U10377,2025-12-24,11,6206.54,7,5,3,4,534,Perdus
U07633,2025-07-20,21,6207.62,164,3,5,4,354,Clients fideles
U05779,2025-09-26,9,6208.6,96,4,3,4,434,Perdus
U11024,2025-06-13,14,6208.8,201,3,4,4,344,Clients fideles
U11320,2025-12-18,8,6209.26,13,5,3,4,534,Perdus
U04205,2025-11-30,12,6211.85,31,5,4,4,544,Champions
U02314,2025-12-25,14,6218.77,6,5,4,4,544,Champions
U10212,2024-06-20,14,6219.26,559,1,4,4,144,A risque
U04298,2024-11-17,12,6219.68,409,1,4,4,144,A risque
U08720,2024-09-30,30,6220.22,457,1,5,4,154,A risque
U02529,2025-12-29,9,6223.59,2,5,3,4,534,Perdus
U05534,2025-10-01,11,6225.06,91,4,3,4,434,Perdus
U07558,2024-10-26,12,6225.89,431,1,4,4,144,A risque
U00907,2025-12-31,22,6227.55,0,5,5,4,554,Champions
U11608,2025-12-27,21,6230.67,4,5,5,4,554,Champions
U08862,2024-11-16,12,6233.01,410,1,4,4,144,A risque
U01904,2025-11-28,22,6237.1,33,5,5,4,554,Champions
U01018,2025-11-27,38,6237.21,34,5,5,4,554,Champions
U03096,2025-05-17,11,6239.83,228,3,3,4,334,Perdus
U03472,2024-12-13,15,6240.86,383,2,4,4,244,A risque
U03170,2025-06-20,19,6241.83,194,3,5,4,354,Clients fideles
U02255,2025-07-31,16,6246.63,153,3,4,4,344,Clients fideles
U09900,2025-10-31,26,6251.69,61,4,5,4,454,Champions
U02419,2025-07-29,21,6252.62,155,3,5,4,354,Clients fideles
U01876,2025-10-28,27,6253.49,64,4,5,4,454,Champions
U08496,2025-05-23,37,6255.56,222,3,5,4,354,Clients fideles
U02200,2025-12-30,5,6258.79,1,5,2,4,524,Nouveaux
U01579,2025-03-25,14,6259.78,281,2,4,4,244,A risque
U01090,2025-12-30,16,6260.36,1,5,4,4,544,Champions
U00536,2025-04-30,21,6260.98,245,3,5,4,354,Clients fideles
U03114,2025-09-24,7,6262.58,98,4,2,4,424,Nouveaux
U09227,2024-11-30,21,6263.13,396,1,5,4,154,A risque
U06443,2025-01-28,18,6265.65,337,2,4,4,244,A risque
U11014,2025-01-28,10,6270.1,337,2,3,4,234,A risque
U08686,2025-10-23,29,6272.15,69,4,5,4,454,Champions
U01288,2025-10-23,16,6273.07,69,4,4,4,444,Champions
U00709,2025-04-30,10,6275.44,245,3,3,4,334,Perdus
U09812,2025-08-30,14,6276.49,123,4,4,4,444,Champions
U07058,2025-07-30,9,6277.06,154,3,3,4,334,Perdus
U00247,2025-06-24,6,6279.89,190,3,2,4,324,Perdus
U08297,2025-05-21,15,6282.85,224,3,4,4,344,Clients fideles
U07729,2025-11-30,11,6285.97,31,5,3,4,534,Perdus
U07196,2024-09-27,19,6288.55,460,1,4,4,144,A risque
U05429,2025-12-17,7,6288.75,14,5,3,4,534,Perdus
U00272,2024-09-23,10,6288.94,464,1,3,4,134,A risque
U07689,2024-09-15,7,6289.42,472,1,2,4,124,Perdus
U00408,2025-09-06,15,6294.24,116,4,4,4,444,Champions
U05458,2025-09-27,9,6295.84,95,4,3,4,434,Perdus
U04959,2024-08-23,17,6297.75,495,1,4,4,144,A risque
U08005,2024-05-08,6,6298.16,602,1,2,4,124,Perdus
U09357,2024-12-06,20,6299.67,390,1,5,4,154,A risque
U06398,2025-05-12,6,6299.84,233,3,2,4,324,Perdus
U04567,2025-12-24,14,6303.49,7,5,4,4,544,Champions
U09727,2025-01-21,24,6303.99,344,2,5,4,254,A risque
U01917,2025-07-20,27,6306.27,164,3,5,4,354,Clients fideles
U07295,2025-03-17,6,6306.38,289,2,2,4,224,Perdus
U10649,2025-10-27,12,6308.06,65,4,4,4,444,Champions
U05717,2024-08-21,8,6308.13,497,1,3,4,134,A risque
U06018,2025-08-20,17,6314.19,133,3,4,4,344,Clients fideles
U11348,2024-11-25,22,6314.2,401,1,5,4,154,A risque
U06461,2025-12-31,12,6315.08,0,5,4,4,544,Champions
U01531,2025-07-18,10,6315.41,166,3,3,4,334,Perdus
U06256,2025-02-28,23,6316.33,306,2,5,4,254,A risque
U00730,2025-04-27,8,6317.45,248,2,3,4,234,A risque
U11257,2025-12-23,23,6320.15,8,5,5,4,554,Champions
U09754,2025-03-20,12,6321.22,286,2,4,4,244,A risque
U03290,2025-08-25,36,6322.71,128,4,5,4,454,Champions
U09755,2024-09-22,12,6324.28,465,1,4,4,144,A risque
U07126,2025-05-21,9,6325.2,224,3,3,4,334,Perdus
U06829,2025-05-26,20,6328.17,219,3,5,4,354,Clients fideles
U01478,2025-10-28,11,6328.32,64,4,3,4,434,Perdus
U11122,2024-09-08,5,6328.72,479,1,2,4,124,Perdus
U11678,2025-09-13,9,6329.28,109,4,3,4,434,Perdus
U06946,2025-05-27,19,6330.63,218,3,5,4,354,Clients fideles
U06879,2025-01-22,9,6334.03,343,2,3,4,234,A risque
U07992,2025-10-31,13,6334.09,61,4,4,4,444,Champions
U07198,2024-06-22,17,6334.53,557,1,4,4,144,A risque
U09453,2025-05-29,5,6334.92,216,3,2,4,324,Perdus
U03229,2024-11-22,2,6335.28,404,1,1,4,114,Perdus
U06971,2024-09-25,17,6336.42,462,1,4,4,144,A risque
U07663,2025-04-26,21,6336.86,249,2,5,4,254,A risque
U04082,2025-04-21,9,6337.55,254,2,3,4,234,A risque
U10241,2025-11-28,14,6338.04,33,5,4,4,544,Champions
U00738,2024-11-20,12,6338.26,406,1,4,4,144,A risque
U05195,2024-03-25,12,6338.96,646,1,4,4,144,A risque
U10730,2025-05-31,8,6342.06,214,3,3,4,334,Perdus
U03689,2025-12-27,13,6345.93,4,5,4,4,544,Champions
U04992,2024-04-23,11,6347.19,617,1,3,4,134,A risque
U08048,2024-05-18,8,6348.48,592,1,3,4,134,A risque
U03769,2024-09-27,20,6354.68,460,1,5,4,154,A risque
U06308,2025-10-19,19,6355.05,73,4,5,4,454,Champions
U03465,2025-02-23,20,6356.5,311,2,5,4,254,A risque
U11589,2025-04-19,13,6360.79,256,2,4,4,244,A risque
U03779,2024-06-30,16,6360.86,549,1,4,4,144,A risque
U10342,2024-11-27,9,6365.37,399,1,3,4,134,A risque
U02369,2024-09-11,8,6366.93,476,1,3,4,134,A risque
U11135,2025-10-28,45,6370.36,64,4,5,4,454,Champions
U11660,2025-12-06,16,6373.32,25,5,4,4,544,Champions
U07099,2025-08-17,23,6374.46,136,3,5,4,354,Clients fideles
U02333,2025-05-28,12,6376.16,217,3,4,4,344,Clients fideles
U08954,2024-10-28,24,6378.84,429,1,5,4,154,A risque
U01791,2025-12-29,4,6380.37,2,5,2,4,524,Nouveaux
U11184,2025-09-26,25,6387.72,96,4,5,4,454,Champions
U02233,2025-04-23,14,6388.82,252,2,4,4,244,A risque
U11643,2025-02-20,13,6388.96,314,2,4,4,244,A risque
U10952,2025-04-01,6,6392.5,274,2,2,4,224,Perdus
U09971,2025-09-27,10,6396.33,95,4,3,4,434,Perdus
U00391,2024-05-25,7,6399.2,585,1,2,4,124,Perdus
U05328,2025-07-26,24,6402.71,158,3,5,4,354,Clients fideles
U03282,2025-05-26,11,6412.26,219,3,3,4,334,Perdus
U11356,2024-07-16,12,6417.59,533,1,4,4,144,A risque
U01654,2025-04-22,19,6420.16,253,2,4,4,244,A risque
U04682,2025-04-29,15,6423.94,246,2,4,4,244,A risque
U06297,2025-09-25,8,6424.43,97,4,3,4,434,Perdus
U11395,2025-08-28,17,6426.36,125,4,4,4,444,Champions
U10156,2024-11-26,6,6428.71,400,1,2,4,124,Perdus
U05654,2024-07-30,17,6430.3,519,1,4,4,144,A risque
U03535,2024-12-22,13,6431.02,374,2,4,4,244,A risque
U00256,2025-11-28,27,6436.63,33,5,5,4,554,Champions
U06152,2025-01-30,29,6439.63,335,2,5,4,254,A risque
U05274,2025-12-30,29,6440.99,1,5,5,4,554,Champions
U09548,2025-09-16,10,6444.52,106,4,3,4,434,Perdus
U00440,2025-10-28,24,6445.67,64,4,5,4,454,Champions
U05603,2025-03-28,15,6447.06,278,2,4,4,244,A risque
U01907,2024-10-22,16,6447.6,435,1,4,4,144,A risque
U08670,2025-05-19,37,6447.62,226,3,5,4,354,Clients fideles
U05339,2025-07-08,14,6451.02,176,3,4,4,344,Clients fideles
U07521,2024-09-25,17,6451.14,462,1,4,4,144,A risque
U05136,2024-12-28,16,6451.61,368,2,4,4,244,A risque
U10037,2025-05-01,7,6454.34,244,3,2,4,324,Perdus
U03034,2025-11-17,10,6456.23,44,5,3,4,534,Perdus
U02141,2025-09-23,40,6461.96,99,4,5,4,454,Champions
U02278,2025-02-06,8,6466.34,328,2,3,4,234,A risque
U00222,2024-09-25,27,6468.92,462,1,5,4,154,A risque
U01742,2025-07-24,12,6471.74,160,3,4,4,344,Clients fideles
U04320,2025-11-26,17,6476.91,35,5,4,4,544,Champions
U03437,2024-08-28,13,6478.9,490,1,4,4,144,A risque
U10031,2024-06-27,24,6481.58,552,1,5,4,154,A risque
U11090,2025-12-21,23,6483.07,10,5,5,4,554,Champions
U07899,2024-09-23,7,6486.51,464,1,2,4,124,Perdus
U07035,2025-09-30,30,6488.14,92,4,5,4,454,Champions
U11887,2025-04-17,5,6490.44,258,2,2,4,224,Perdus
U08182,2025-09-26,22,6493.21,96,4,5,4,454,Champions
U10051,2025-05-22,10,6493.89,223,3,3,4,334,Perdus
U02412,2024-11-28,17,6494.55,398,1,4,4,144,A risque
U09089,2025-11-23,11,6498.02,38,5,3,4,534,Perdus
U07863,2025-07-25,10,6498.05,159,3,3,4,334,Perdus
U03544,2025-08-29,19,6500.32,124,4,5,4,454,Champions
U06608,2025-09-27,37,6502.58,95,4,5,4,454,Champions
U03033,2025-06-28,28,6503.11,186,3,5,4,354,Clients fideles
U04582,2025-11-16,12,6510.07,45,5,4,4,544,Champions
U08735,2025-10-29,12,6510.29,63,4,4,4,444,Champions
U10841,2025-11-30,19,6512.31,31,5,5,4,554,Champions
U09321,2025-07-26,6,6514.78,158,3,2,4,324,Perdus
U01785,2025-11-26,28,6518.28,35,5,5,4,554,Champions
U00990,2025-08-21,23,6519.44,132,3,5,4,354,Clients fideles
U09397,2025-11-24,19,6519.48,37,5,5,4,554,Champions
U11677,2024-10-17,6,6520.47,440,1,2,4,124,Perdus
U03117,2025-11-25,8,6528.71,36,5,3,4,534,Perdus
U02815,2025-09-28,16,6531.27,94,4,4,4,444,Champions
U03744,2025-04-25,25,6531.84,250,2,5,4,254,A risque
U11619,2025-07-18,12,6535.36,166,3,4,4,344,Clients fideles
U07662,2025-10-17,13,6537.4,75,4,4,4,444,Champions
U06145,2025-04-10,25,6537.56,265,2,5,4,254,A risque
U07443,2025-06-23,13,6543.49,191,3,4,4,344,Clients fideles
U07252,2025-01-18,11,6543.63,347,2,3,4,234,A risque
U03635,2025-07-02,5,6545.0,182,3,2,4,324,Perdus
U02811,2024-08-16,9,6545.78,502,1,3,4,134,A risque
U01022,2025-03-10,8,6547.41,296,2,3,4,234,A risque
U00638,2025-02-18,22,6548.61,316,2,5,4,254,A risque
U09088,2025-05-17,6,6550.01,228,3,2,4,324,Perdus
U00260,2025-11-30,44,6552.69,31,5,5,4,554,Champions
U05578,2025-04-19,12,6553.25,256,2,4,4,244,A risque
U07069,2025-12-31,23,6555.27,0,5,5,4,554,Champions
U02317,2025-10-23,17,6556.6,69,4,4,4,444,Champions
U10148,2024-10-11,13,6557.17,446,1,4,4,144,A risque
U09939,2025-04-30,5,6559.81,245,3,2,4,324,Perdus
U05849,2025-08-30,11,6563.37,123,4,3,4,434,Perdus
U02914,2025-03-13,11,6563.92,293,2,3,4,234,A risque
U02489,2024-09-17,9,6566.11,470,1,3,4,134,A risque
U09552,2025-05-23,8,6568.27,222,3,3,4,334,Perdus
U04615,2025-03-09,13,6568.43,297,2,4,4,244,A risque
U10452,2025-11-28,17,6569.26,33,5,4,4,544,Champions
U01118,2025-05-28,7,6569.35,217,3,2,4,324,Perdus
U07389,2025-12-29,23,6570.77,2,5,5,4,554,Champions
U01469,2025-06-15,13,6572.08,199,3,4,4,344,Clients fideles
U08800,2025-01-26,24,6573.23,339,2,5,4,254,A risque
U03413,2025-10-29,12,6575.63,63,4,4,4,444,Champions
U04907,2024-11-26,15,6579.45,400,1,4,4,144,A risque
U06253,2025-04-29,16,6581.78,246,2,4,4,244,A risque
U04781,2024-09-29,23,6584.88,458,1,5,4,154,A risque
U05666,2025-10-24,10,6586.59,68,4,3,4,434,Perdus
U02838,2025-05-31,14,6587.1,214,3,4,4,344,Clients fideles
U11762,2025-09-30,17,6589.59,92,4,4,4,444,Champions
U00284,2025-08-28,24,6591.45,125,4,5,4,454,Champions
U03379,2025-12-28,17,6593.06,3,5,4,4,544,Champions
U10894,2025-08-21,19,6593.82,132,3,5,4,354,Clients fideles
U11687,2025-10-30,30,6595.4,62,4,5,4,454,Champions
U05871,2024-09-24,15,6597.57,463,1,4,4,144,A risque
U07423,2024-10-19,10,6602.19,438,1,3,4,134,A risque
U04352,2025-10-29,9,6611.88,63,4,3,4,434,Perdus
U11166,2025-11-30,26,6616.83,31,5,5,4,554,Champions
U08335,2025-06-26,24,6616.89,188,3,5,4,354,Clients fideles
U11756,2024-05-21,10,6617.04,589,1,3,4,134,A risque
U01294,2025-10-07,14,6621.58,85,4,4,4,444,Champions
U04902,2025-01-31,28,6622.78,334,2,5,4,254,A risque
U00005,2025-06-21,26,6624.78,193,3,5,4,354,Clients fideles
U00771,2025-03-14,11,6624.82,292,2,3,4,234,A risque
U04122,2025-03-28,15,6626.71,278,2,4,4,244,A risque
U08924,2025-07-21,20,6631.89,163,3,5,4,354,Clients fideles
U04243,2025-12-22,7,6632.98,9,5,3,4,534,Perdus
U06844,2025-09-30,34,6634.6,92,4,5,4,454,Champions
U04611,2025-03-03,4,6635.69,303,2,1,4,214,Perdus
U09487,2025-10-27,33,6635.89,65,4,5,4,454,Champions
U06823,2025-04-30,17,6638.24,245,3,4,4,344,Clients fideles
U06093,2025-10-31,6,6638.65,61,4,2,4,424,Nouveaux
U00021,2025-08-31,20,6639.13,122,4,5,4,454,Champions
U07824,2024-08-28,10,6639.69,490,1,3,4,134,A risque
U11068,2025-10-30,22,6642.63,62,4,5,4,454,Champions
U07830,2025-02-23,14,6645.0,311,2,4,4,244,A risque
U04811,2025-03-29,6,6646.1,277,2,2,4,224,Perdus
U03069,2025-11-15,11,6648.15,46,5,3,4,534,Perdus
U06427,2024-11-20,11,6648.65,406,1,3,4,134,A risque
U09421,2024-12-27,19,6649.23,369,2,4,4,244,A risque
U04107,2025-12-16,19,6650.43,15,5,5,4,554,Champions
U00544,2025-06-24,18,6654.19,190,3,4,4,344,Clients fideles
U08092,2024-09-24,9,6655.68,463,1,3,4,134,A risque
U10493,2024-06-24,8,6656.73,555,1,3,4,134,A risque
U05021,2025-12-26,19,6656.76,5,5,5,4,554,Champions
U11476,2025-05-22,26,6657.6,223,3,5,4,354,Clients fideles
U06512,2025-02-19,7,6659.04,315,2,2,4,224,Perdus
U07170,2025-03-31,15,6660.01,275,2,4,4,244,A risque
U01098,2025-05-28,27,6663.53,217,3,5,4,354,Clients fideles
U01168,2025-06-23,21,6665.95,191,3,5,4,354,Clients fideles
U11833,2025-06-30,44,6666.6,184,3,5,4,354,Clients fideles
U10166,2024-10-25,6,6666.71,432,1,2,4,124,Perdus
U11499,2025-08-27,15,6667.41,126,4,4,4,444,Champions
U01186,2025-12-25,15,6668.9,6,5,4,4,544,Champions
U02169,2025-09-29,8,6669.93,93,4,3,4,434,Perdus
U09824,2025-07-14,8,6672.58,170,3,3,4,334,Perdus
U07287,2025-02-26,14,6675.37,308,2,4,4,244,A risque
U05055,2025-06-25,20,6676.06,189,3,5,4,354,Clients fideles
U11881,2025-11-30,22,6677.88,31,5,5,4,554,Champions
U03469,2025-04-26,18,6678.89,249,2,4,4,244,A risque
U01224,2025-08-30,17,6679.05,123,4,4,4,444,Champions
U04330,2025-03-30,19,6680.16,276,2,4,4,244,A risque
U08605,2025-12-31,19,6680.25,0,5,5,4,554,Champions
U03470,2025-12-29,22,6681.11,2,5,5,4,554,Champions
U04270,2024-06-14,3,6682.54,565,1,1,4,114,Perdus
U01799,2025-12-28,6,6682.68,3,5,2,4,524,Nouveaux
U11972,2024-12-31,14,6684.01,365,2,4,4,244,A risque
U01527,2025-09-21,30,6686.5,101,4,5,4,454,Champions
U07981,2025-06-27,14,6686.92,187,3,4,4,344,Clients fideles
U10489,2024-12-31,16,6688.03,365,2,4,4,244,A risque
U03062,2024-11-22,16,6690.26,404,1,4,4,144,A risque
U03649,2024-05-29,8,6691.35,581,1,3,4,134,A risque
U08691,2025-10-26,16,6692.06,66,4,4,4,444,Champions
U09821,2024-12-16,10,6692.66,380,2,3,4,234,A risque
U05980,2025-11-29,34,6692.82,32,5,5,4,554,Champions
U01933,2025-01-23,28,6693.78,342,2,5,4,254,A risque
U00354,2025-10-28,28,6694.74,64,4,5,4,454,Champions
U08753,2024-10-29,16,6696.51,428,1,4,4,144,A risque
U02063,2025-05-26,8,6704.94,219,3,3,4,334,Perdus
U09359,2025-05-17,23,6704.98,228,3,5,4,354,Clients fideles
U11284,2025-12-29,19,6705.02,2,5,5,4,554,Champions
U08295,2025-07-31,33,6708.15,153,3,5,4,354,Clients fideles
U08197,2025-12-30,38,6712.45,1,5,5,4,554,Champions
U04134,2025-03-27,45,6715.94,279,2,5,4,254,A risque
U02515,2025-11-30,22,6719.03,31,5,5,4,554,Champions
U07049,2025-10-23,12,6719.84,69,4,4,4,444,Champions
U11494,2025-08-28,15,6721.52,125,4,4,4,444,Champions
U07782,2025-04-30,6,6722.27,245,3,2,4,324,Perdus
U02364,2025-11-22,22,6723.46,39,5,5,4,554,Champions
U06309,2025-01-31,24,6726.59,334,2,5,4,254,A risque
U05969,2025-02-24,31,6727.07,310,2,5,4,254,A risque
U10612,2025-09-20,13,6729.21,102,4,4,4,444,Champions
U05920,2025-12-20,13,6730.57,11,5,4,4,544,Champions
U02225,2025-12-29,26,6730.91,2,5,5,4,554,Champions
U03260,2025-04-26,26,6731.41,249,2,5,4,254,A risque
U00556,2025-10-30,28,6731.66,62,4,5,4,454,Champions
U09867,2025-08-25,45,6735.61,128,4,5,4,454,Champions
U09222,2025-05-26,15,6737.25,219,3,4,4,344,Clients fideles
U06449,2025-09-21,8,6738.45,101,4,3,4,434,Perdus
U02775,2024-11-25,19,6739.26,401,1,4,4,144,A risque
U07933,2025-10-24,21,6741.1,68,4,5,4,454,Champions
U06859,2025-07-29,39,6741.47,155,3,5,4,354,Clients fideles
U01389,2025-08-26,12,6743.41,127,4,4,4,444,Champions
U01826,2024-10-29,27,6744.28,428,1,5,4,154,A risque
U10177,2025-04-18,7,6745.45,257,2,2,4,224,Perdus
U10422,2025-11-13,39,6747.85,48,4,5,4,454,Champions
U11216,2025-08-20,12,6750.35,133,3,4,4,344,Clients fideles
U01175,2025-01-26,16,6755.08,339,2,4,4,244,A risque
U09015,2025-04-29,10,6761.64,246,2,3,4,234,A risque
U03490,2024-12-15,10,6768.23,381,2,3,4,234,A risque
U07745,2025-04-17,19,6769.59,258,2,4,4,244,A risque
U03430,2024-09-14,14,6772.13,473,1,4,4,144,A risque
U02196,2025-10-27,8,6772.84,65,4,3,4,434,Perdus
U08153,2025-12-30,22,6775.51,1,5,5,4,554,Champions
U02923,2025-07-18,20,6775.57,166,3,5,4,354,Clients fideles
U02010,2025-01-30,21,6777.34,335,2,5,4,254,A risque
U03497,2025-07-20,15,6780.16,164,3,4,4,344,Clients fideles
U10358,2024-12-24,14,6782.63,372,2,4,4,244,A risque
U06451,2024-11-14,10,6785.06,412,1,3,4,134,A risque
U07162,2025-03-28,24,6787.61,278,2,5,4,254,A risque
U06316,2025-10-30,6,6792.01,62,4,2,4,424,Nouveaux
U00103,2025-06-23,22,6793.08,191,3,5,4,354,Clients fideles
U11758,2025-05-31,17,6793.23,214,3,4,4,344,Clients fideles
U04507,2025-12-22,35,6793.64,9,5,5,4,554,Champions
U07783,2025-08-12,18,6795.25,141,3,4,4,344,Clients fideles
U09551,2025-05-31,29,6800.5,214,3,5,4,354,Clients fideles
U09417,2025-03-29,47,6802.14,277,2,5,4,254,A risque
U11556,2025-12-28,17,6802.49,3,5,4,4,544,Champions
U00680,2025-12-23,6,6811.41,8,5,2,4,524,Nouveaux
U07736,2025-11-26,7,6811.97,35,5,2,4,524,Nouveaux
U06203,2025-01-28,23,6812.29,337,2,5,4,254,A risque
U03528,2025-11-20,14,6815.47,41,5,4,4,544,Champions
U07436,2025-02-18,18,6815.97,316,2,4,4,244,A risque
U01114,2025-06-28,6,6817.57,186,3,2,4,324,Perdus
U08110,2025-11-22,15,6821.3,39,5,4,4,544,Champions
U07123,2025-04-03,10,6829.51,272,2,3,4,234,A risque
U03381,2024-11-28,25,6835.86,398,1,5,4,154,A risque
U10940,2025-07-26,10,6839.22,158,3,3,4,334,Perdus
U06176,2025-04-20,16,6841.5,255,2,4,4,244,A risque
U07115,2025-09-23,8,6844.48,99,4,3,4,434,Perdus
U01177,2025-12-23,23,6847.66,8,5,5,4,554,Champions
U00144,2025-09-14,25,6850.21,108,4,5,4,454,Champions
U08933,2024-06-30,22,6852.31,549,1,5,4,154,A risque
U10550,2025-09-29,18,6853.97,93,4,4,4,444,Champions
U02705,2025-10-26,30,6855.76,66,4,5,4,454,Champions
U11712,2025-06-28,22,6860.88,186,3,5,4,354,Clients fideles
U05148,2025-11-28,28,6864.49,33,5,5,4,554,Champions
U01423,2025-05-23,15,6868.55,222,3,4,4,344,Clients fideles
U08766,2025-06-25,15,6869.28,189,3,4,4,344,Clients fideles
U01963,2024-09-20,19,6873.66,467,1,4,4,144,A risque
U00639,2025-11-27,61,6876.29,34,5,5,4,554,Champions
U00232,2025-10-30,28,6876.97,62,4,5,4,454,Champions
U01372,2025-02-22,16,6878.8,312,2,4,4,244,A risque
U04535,2025-11-19,12,6886.08,42,5,4,4,544,Champions
U02651,2025-08-11,13,6888.26,142,3,4,4,344,Clients fideles
U00973,2025-09-26,12,6890.52,96,4,4,4,444,Champions
U05466,2025-05-30,25,6891.0,215,3,5,4,354,Clients fideles
U06642,2025-10-29,19,6891.68,63,4,5,4,454,Champions
U03501,2025-05-22,37,6893.86,223,3,5,4,354,Clients fideles
U11901,2025-06-27,14,6896.29,187,3,4,4,344,Clients fideles
U07804,2025-05-31,30,6896.56,214,3,5,4,354,Clients fideles
U10431,2025-05-23,11,6897.85,222,3,3,4,334,Perdus
U04619,2025-09-25,17,6902.1,97,4,4,4,444,Champions
U05520,2025-05-25,11,6904.22,220,3,3,4,334,Perdus
U06426,2025-07-14,32,6906.91,170,3,5,4,354,Clients fideles
U03561,2024-09-29,37,6906.94,458,1,5,4,154,A risque
U10052,2025-11-30,16,6910.22,31,5,4,4,544,Champions
U06473,2024-10-30,14,6910.28,427,1,4,4,144,A risque
U11863,2024-04-21,5,6911.39,619,1,2,4,124,Perdus
U05803,2024-12-31,26,6913.45,365,2,5,4,254,A risque
U06438,2025-02-10,11,6913.51,324,2,3,4,234,A risque
U07302,2025-09-16,14,6916.31,106,4,4,4,444,Champions
U00921,2025-02-22,10,6917.46,312,2,3,4,234,A risque
U11910,2025-07-22,5,6919.86,162,3,2,4,324,Perdus
U03594,2024-08-21,15,6921.76,497,1,4,4,144,A risque
U11243,2025-10-04,10,6922.58,88,4,3,4,434,Perdus
U09933,2025-12-30,42,6924.19,1,5,5,4,554,Champions
U02865,2024-11-30,19,6924.97,396,1,4,4,144,A risque
U11821,2025-12-31,35,6928.06,0,5,5,4,554,Champions
U08538,2025-10-04,15,6929.56,88,4,4,4,444,Champions
U01583,2025-11-30,40,6930.21,31,5,5,4,554,Champions
U03427,2025-03-20,11,6930.84,286,2,3,4,234,A risque
U06855,2025-05-31,12,6938.68,214,3,4,4,344,Clients fideles
U05087,2025-01-27,7,6942.24,338,2,2,4,224,Perdus
U02583,2025-06-28,6,6942.34,186,3,2,4,324,Perdus
U06023,2025-06-25,17,6943.78,189,3,4,4,344,Clients fideles
U10546,2024-11-16,8,6948.29,410,1,3,4,134,A risque
U08283,2025-11-30,18,6952.94,31,5,4,4,544,Champions
U01715,2025-07-22,12,6953.59,162,3,4,4,344,Clients fideles
U07533,2025-04-28,13,6954.11,247,2,4,4,244,A risque
U03762,2025-12-26,41,6955.07,5,5,5,4,554,Champions
U04818,2025-12-30,11,6955.61,1,5,3,4,534,Perdus
U05015,2025-10-31,33,6956.09,61,4,5,4,454,Champions
U08279,2025-10-29,20,6959.58,63,4,5,4,454,Champions
U06233,2025-01-22,25,6964.59,343,2,5,4,254,A risque
U06466,2025-11-29,8,6966.98,32,5,3,4,534,Perdus
U11341,2025-07-25,60,6969.2,159,3,5,4,354,Clients fideles
U00105,2025-04-29,6,6969.79,246,2,2,4,224,Perdus
U06874,2025-09-25,21,6973.46,97,4,5,4,454,Champions
U02698,2025-08-20,11,6978.29,133,3,3,4,334,Perdus
U01796,2025-04-21,9,6979.11,254,2,3,4,234,A risque
U09117,2025-04-18,8,6982.91,257,2,3,4,234,A risque
U04737,2025-07-27,15,6984.16,157,3,4,4,344,Clients fideles
U00198,2025-06-30,29,6984.29,184,3,5,4,354,Clients fideles
U09323,2025-12-29,20,6984.57,2,5,5,4,554,Champions
U08093,2025-08-28,20,6984.96,125,4,5,4,454,Champions
U05384,2024-12-27,26,6988.69,369,2,5,4,254,A risque
U04232,2025-05-21,11,6989.79,224,3,3,4,334,Perdus
U01355,2025-07-31,8,6991.14,153,3,3,4,334,Perdus
U02266,2025-07-18,10,6994.73,166,3,3,4,334,Perdus
U07015,2025-10-31,24,6994.82,61,4,5,4,454,Champions
U11475,2025-05-31,45,6995.3,214,3,5,4,354,Clients fideles
U04463,2024-09-29,20,6996.57,458,1,5,4,154,A risque
U03719,2025-06-27,6,6996.79,187,3,2,4,324,Perdus
U03491,2025-12-28,9,6998.1,3,5,3,4,534,Perdus
U00449,2024-10-28,28,6998.49,429,1,5,4,154,A risque
U02898,2025-09-28,27,7001.26,94,4,5,4,454,Champions
U08818,2024-09-29,19,7001.58,458,1,4,4,144,A risque
U10280,2025-05-28,11,7003.57,217,3,3,4,334,Perdus
U09560,2025-09-17,21,7006.15,105,4,5,4,454,Champions
U02031,2025-06-08,6,7007.7,206,3,2,4,324,Perdus
U05036,2025-04-25,22,7016.27,250,2,5,4,254,A risque
U01192,2025-11-15,17,7022.01,46,5,4,4,544,Champions
U00341,2025-08-29,23,7026.04,124,4,5,4,454,Champions
U05981,2025-08-29,28,7029.92,124,4,5,4,454,Champions
U04708,2024-12-15,8,7030.42,381,2,3,4,234,A risque
U04171,2025-10-21,22,7031.89,71,4,5,4,454,Champions
U07811,2025-09-27,9,7032.42,95,4,3,4,434,Perdus
U10856,2025-08-31,15,7036.51,122,4,4,4,444,Champions
U04858,2025-09-22,38,7036.87,100,4,5,4,454,Champions
U03343,2025-09-23,14,7037.72,99,4,4,4,444,Champions
U09116,2025-05-02,17,7038.2,243,3,4,4,344,Clients fideles
U06961,2025-09-27,14,7038.83,95,4,4,4,444,Champions
U03506,2024-12-25,13,7047.27,371,2,4,4,244,A risque
U03985,2025-12-28,12,7051.16,3,5,4,4,544,Champions
U04468,2024-07-26,12,7053.32,523,1,4,4,144,A risque
U05133,2024-12-26,8,7053.52,370,2,3,4,234,A risque
U07751,2025-07-25,22,7056.96,159,3,5,4,354,Clients fideles
U02706,2025-05-26,26,7057.31,219,3,5,4,354,Clients fideles
U00844,2025-11-22,13,7058.4,39,5,4,4,544,Champions
U06951,2025-09-28,24,7059.13,94,4,5,4,454,Champions
U05444,2025-01-26,29,7064.91,339,2,5,4,254,A risque
U11544,2025-12-26,14,7066.29,5,5,4,4,544,Champions
U03702,2024-07-31,15,7068.3,518,1,4,4,144,A risque
U10981,2025-06-27,26,7069.22,187,3,5,4,354,Clients fideles
U09427,2024-09-29,24,7069.74,458,1,5,4,154,A risque
U11264,2025-07-30,13,7072.04,154,3,4,4,344,Clients fideles
U00837,2025-10-31,25,7074.06,61,4,5,4,454,Champions
U08666,2025-01-23,13,7077.42,342,2,4,4,244,A risque
U04997,2025-11-30,37,7078.63,31,5,5,4,554,Champions
U04227,2025-11-12,24,7079.13,49,4,5,4,454,Champions
U07026,2025-08-26,9,7086.06,127,4,3,4,434,Perdus
U00916,2024-06-30,27,7088.91,549,1,5,4,154,A risque
U01517,2025-07-24,20,7089.83,160,3,5,4,354,Clients fideles
U01031,2025-07-30,13,7091.04,154,3,4,4,344,Clients fideles
U05747,2025-09-16,15,7095.66,106,4,4,4,444,Champions
U02955,2025-05-30,16,7096.38,215,3,4,4,344,Clients fideles
U02643,2025-04-25,6,7097.93,250,2,2,4,224,Perdus
U01405,2025-08-29,10,7100.16,124,4,3,4,434,Perdus
U11636,2024-08-27,12,7100.44,491,1,4,4,144,A risque
U03634,2024-12-09,11,7107.41,387,1,3,4,134,A risque
U05317,2025-05-30,19,7107.72,215,3,5,4,354,Clients fideles
U02154,2025-12-27,12,7108.99,4,5,4,4,544,Champions
U08519,2024-10-31,19,7110.96,426,1,4,4,144,A risque
U06370,2025-12-21,38,7111.34,10,5,5,4,554,Champions
U09554,2025-09-30,6,7111.69,92,4,2,4,424,Nouveaux
U11792,2025-12-25,10,7112.44,6,5,3,4,534,Perdus
U00490,2024-06-29,30,7112.48,550,1,5,4,154,A risque
U05896,2025-04-27,17,7114.24,248,2,4,4,244,A risque
U11515,2025-10-28,7,7114.79,64,4,2,4,424,Nouveaux
U08271,2025-08-27,24,7116.3,126,4,5,4,454,Champions
U02545,2025-11-27,11,7119.07,34,5,3,4,534,Perdus
U01419,2025-04-29,10,7121.82,246,3,3,4,334,Perdus
U03895,2025-03-27,11,7121.9,279,2,3,4,234,A risque
U01382,2025-04-22,18,7126.73,253,2,4,4,244,A risque
U11027,2025-10-25,16,7128.63,67,4,4,4,444,Champions
U10699,2024-09-22,14,7130.22,465,1,4,4,144,A risque
U08755,2025-08-28,11,7132.27,125,4,3,4,434,Perdus
U01863,2025-11-26,14,7133.38,35,5,4,4,544,Champions
U02567,2025-05-31,14,7133.6,214,3,4,4,344,Clients fideles
U07655,2025-09-23,10,7134.43,99,4,3,4,434,Perdus
U05968,2025-11-22,21,7135.32,39,5,5,4,554,Champions
U03764,2025-07-27,20,7136.87,157,3,5,4,354,Clients fideles
U02401,2025-12-28,20,7141.31,3,5,5,4,554,Champions
U10644,2024-12-25,18,7143.77,371,2,4,4,244,A risque
U11137,2025-03-27,15,7144.55,279,2,4,4,244,A risque
U08780,2024-11-13,22,7151.62,413,1,5,4,154,A risque
U09990,2025-08-21,13,7155.31,132,3,4,4,344,Clients fideles
U01119,2025-02-12,13,7157.07,322,2,4,4,244,A risque
U00099,2025-04-27,20,7157.11,248,2,5,4,254,A risque
U00956,2024-09-26,5,7161.99,461,1,2,4,124,Perdus
U00572,2025-12-28,32,7161.99,3,5,5,4,554,Champions
U07017,2025-12-15,15,7165.91,16,5,4,4,544,Champions
U09997,2025-08-26,43,7167.62,127,4,5,4,454,Champions
U04341,2024-10-14,8,7168.33,443,1,3,4,134,A risque
U00546,2024-11-16,7,7172.88,410,1,2,4,124,Perdus
U05437,2025-02-28,9,7173.05,306,2,3,4,234,A risque
U08959,2025-01-22,16,7175.9,343,2,4,4,244,A risque
U10631,2025-11-27,15,7181.79,34,5,4,4,544,Champions
U01145,2025-08-29,11,7183.34,124,4,3,4,434,Perdus
U06059,2025-12-31,9,7185.98,0,5,3,4,534,Perdus
U11034,2025-09-22,20,7188.91,100,4,5,4,454,Champions
U07512,2024-08-25,12,7191.34,493,1,4,4,144,A risque
U05545,2025-08-25,34,7192.91,128,4,5,4,454,Champions
U10810,2025-12-31,18,7197.97,0,5,4,4,544,Champions
U08689,2025-11-28,21,7198.8,33,5,5,4,554,Champions
U01972,2025-08-28,44,7199.39,125,4,5,4,454,Champions
U11428,2025-01-26,44,7199.63,339,2,5,4,254,A risque
U04253,2025-06-29,30,7208.48,185,3,5,4,354,Clients fideles
U10137,2025-07-19,18,7211.94,165,3,4,4,344,Clients fideles
U07011,2025-04-30,8,7217.28,245,3,3,4,334,Perdus
U01877,2025-09-30,20,7220.67,92,4,5,4,454,Champions
U08860,2025-09-23,14,7220.94,99,4,4,4,444,Champions
U10790,2025-06-16,10,7222.19,198,3,3,4,334,Perdus
U00910,2024-11-09,11,7223.33,417,1,3,4,134,A risque
U07460,2025-12-21,11,7224.03,10,5,3,4,534,Perdus
U03085,2025-05-21,12,7224.28,224,3,4,4,344,Clients fideles
U06513,2024-09-27,20,7224.75,460,1,5,4,154,A risque
U02150,2025-11-17,15,7230.01,44,5,4,4,544,Champions
U07199,2024-12-29,22,7230.87,367,2,5,4,254,A risque
U02144,2025-02-19,7,7231.04,315,2,2,4,224,Perdus
U09265,2025-04-27,58,7232.07,248,2,5,4,254,A risque
U00644,2025-11-28,39,7237.72,33,5,5,4,554,Champions
U02271,2025-11-28,9,7241.16,33,5,3,4,534,Perdus
U00664,2025-05-26,12,7241.56,219,3,4,4,344,Clients fideles
U05118,2025-02-17,11,7242.69,317,2,3,4,234,A risque
U03135,2025-10-30,4,7243.27,62,4,2,4,424,Nouveaux
U00943,2025-08-29,24,7244.62,124,4,5,4,454,Champions
U06772,2025-08-28,16,7259.58,125,4,4,4,444,Champions
U02937,2025-11-29,10,7262.35,32,5,3,4,534,Perdus
U06794,2025-08-14,12,7266.58,139,3,4,4,344,Clients fideles
U07270,2024-11-25,31,7268.25,401,1,5,4,154,A risque
U03112,2025-02-25,41,7269.52,309,2,5,4,254,A risque
U04866,2025-11-25,19,7275.91,36,5,5,4,554,Champions
U09124,2025-07-28,9,7280.72,156,3,3,4,334,Perdus
U09355,2024-10-31,32,7281.41,426,1,5,4,154,A risque
U08207,2025-09-13,18,7282.77,109,4,4,4,444,Champions
U05868,2025-04-29,27,7282.84,246,2,5,4,254,A risque
U02820,2025-04-28,24,7284.38,247,2,5,4,254,A risque
U04660,2025-08-29,30,7286.62,124,4,5,4,454,Champions
U04374,2025-12-31,10,7286.98,0,5,3,4,534,Perdus
U10943,2024-11-27,18,7289.11,399,1,4,4,144,A risque
U05951,2025-08-17,15,7290.34,136,3,4,4,344,Clients fideles
U02427,2024-12-30,28,7292.43,366,2,5,4,254,A risque
U02931,2025-12-27,36,7296.95,4,5,5,4,554,Champions
U07152,2024-10-14,13,7301.79,443,1,4,4,144,A risque
U10405,2025-10-24,21,7302.61,68,4,5,4,454,Champions
U02728,2024-08-27,22,7302.63,491,1,5,4,154,A risque
U06576,2025-11-25,33,7308.35,36,5,5,4,554,Champions
U10026,2025-03-30,40,7313.18,276,2,5,4,254,A risque
U10906,2024-07-29,12,7314.05,520,1,4,4,144,A risque
U03682,2025-10-22,22,7317.51,70,4,5,4,454,Champions
U01969,2025-04-26,26,7328.09,249,2,5,4,254,A risque
U03336,2025-08-24,15,7328.98,129,4,4,4,444,Champions
U07334,2025-11-21,15,7329.3,40,5,4,4,544,Champions
U00277,2025-12-30,9,7329.79,1,5,3,4,534,Perdus
U04414,2025-10-16,28,7330.65,76,4,5,4,454,Champions
U10846,2025-10-29,44,7330.96,63,4,5,4,454,Champions
U06615,2025-07-12,19,7333.06,172,3,5,4,354,Clients fideles
U08121,2025-08-26,26,7334.75,127,4,5,4,454,Champions
U07092,2025-08-29,15,7340.22,124,4,4,4,444,Champions
U03039,2025-04-30,14,7341.28,245,3,4,4,344,Clients fideles
U06364,2025-06-18,28,7341.48,196,3,5,4,354,Clients fideles
U04584,2025-10-22,15,7343.16,70,4,4,4,444,Champions
U09991,2025-12-28,21,7347.09,3,5,5,4,554,Champions
U05046,2025-03-23,19,7347.54,283,2,4,4,244,A risque
U01477,2025-11-30,22,7349.42,31,5,5,4,554,Champions
U01821,2025-06-13,11,7356.8,201,3,3,4,334,Perdus
U01367,2025-10-18,15,7357.58,74,4,4,4,444,Champions
U11309,2025-03-30,34,7358.13,276,2,5,4,254,A risque
U09540,2025-05-24,15,7358.23,221,3,4,4,344,Clients fideles
U09013,2025-12-27,45,7362.59,4,5,5,4,554,Champions
U09292,2025-04-28,9,7364.03,247,2,3,4,234,A risque
U01475,2025-08-10,10,7369.02,143,3,3,4,334,Perdus
U09482,2025-10-28,21,7369.03,64,4,5,4,454,Champions
U04933,2025-12-29,9,7379.19,2,5,3,4,534,Perdus
U09463,2025-04-22,38,7382.6,253,2,5,4,254,A risque
U10696,2025-08-31,21,7383.43,122,4,5,4,454,Champions
U03940,2025-05-28,21,7385.09,217,3,5,4,354,Clients fideles
U09248,2024-12-27,9,7388.38,369,2,3,4,234,A risque
U00755,2024-04-28,10,7390.44,612,1,3,4,134,A risque
U01277,2025-07-25,23,7390.5,159,3,5,4,354,Clients fideles
U06372,2025-04-30,30,7391.98,245,3,5,4,354,Clients fideles
U07190,2025-11-28,48,7392.35,33,5,5,4,554,Champions
U08536,2025-11-28,16,7395.28,33,5,4,4,544,Champions
U09590,2025-12-16,14,7397.89,15,5,4,4,544,Champions
U07316,2025-11-30,9,7399.45,31,5,3,4,534,Perdus
U05042,2025-12-23,16,7400.45,8,5,4,4,544,Champions
U01285,2025-11-25,13,7403.38,36,5,4,4,544,Champions
U07560,2025-06-23,7,7404.76,191,3,2,4,324,Perdus
U00493,2024-12-28,8,7406.98,368,2,3,4,234,A risque
U09152,2024-06-30,30,7411.05,549,1,5,4,154,A risque
U08196,2025-09-30,26,7412.38,92,4,5,4,454,Champions
U11668,2025-04-29,12,7415.35,246,3,4,4,344,Clients fideles
U08583,2024-08-29,11,7415.42,489,1,3,4,134,A risque
U03611,2025-09-24,30,7418.75,98,4,5,4,454,Champions
U04685,2025-10-23,9,7422.79,69,4,3,4,434,Perdus
U00064,2024-12-27,22,7425.37,369,2,5,4,254,A risque
U10081,2025-10-29,8,7435.1,63,4,3,4,434,Perdus
U01637,2025-06-12,6,7436.15,202,3,2,4,324,Perdus
U09512,2025-05-31,26,7436.99,214,3,5,4,354,Clients fideles
U11811,2025-07-29,61,7444.86,155,3,5,4,354,Clients fideles
U04229,2025-04-21,23,7446.11,254,2,5,4,254,A risque
U04077,2025-02-18,10,7450.29,316,2,3,4,234,A risque
U10677,2025-10-31,28,7450.44,61,4,5,4,454,Champions
U06791,2025-11-28,22,7452.09,33,5,5,4,554,Champions
U10987,2025-12-29,36,7456.7,2,5,5,4,554,Champions
U07668,2024-08-28,18,7458.15,490,1,4,4,144,A risque
U11123,2025-08-25,17,7458.5,128,4,4,4,444,Champions
U01752,2025-04-29,30,7465.53,246,2,5,4,254,A risque
U06383,2025-06-11,4,7466.55,203,3,1,4,314,Perdus
U04214,2025-08-21,13,7469.79,132,3,4,4,344,Clients fideles
U03954,2025-10-30,18,7469.84,62,4,4,4,444,Champions
U03938,2025-09-28,5,7471.33,94,4,2,4,424,Nouveaux
U08723,2025-05-28,25,7472.6,217,3,5,4,354,Clients fideles
U07140,2025-11-27,18,7479.89,34,5,4,4,544,Champions
U07231,2025-02-28,24,7480.68,306,2,5,4,254,A risque
U06131,2025-12-25,17,7486.32,6,5,4,4,544,Champions
U01033,2024-12-30,15,7488.97,366,2,4,4,244,A risque
U01896,2025-07-27,38,7490.08,157,3,5,4,354,Clients fideles
U01379,2025-02-28,18,7492.34,306,2,4,4,244,A risque
U00600,2024-10-31,16,7493.09,426,1,4,4,144,A risque
U06727,2025-08-28,12,7494.66,125,4,4,4,444,Champions
U08661,2025-02-28,23,7499.55,306,2,5,4,254,A risque
U01749,2025-12-23,9,7506.14,8,5,3,4,534,Perdus
U00017,2025-12-19,16,7506.57,12,5,4,4,544,Champions
U00534,2025-11-09,2,7507.05,52,4,1,4,414,Nouveaux
U02381,2025-10-12,20,7507.1,80,4,5,4,454,Champions
U07474,2025-03-25,16,7507.4,281,2,4,4,244,A risque
U08037,2025-10-31,50,7510.48,61,4,5,4,454,Champions
U01875,2025-11-29,58,7511.98,32,5,5,4,554,Champions
U03177,2025-12-29,20,7513.84,2,5,5,4,554,Champions
U10464,2025-01-31,22,7516.98,334,2,5,4,254,A risque
U10118,2025-04-26,27,7517.4,249,2,5,4,254,A risque
U11983,2025-12-19,16,7519.49,12,5,4,4,544,Champions
U02731,2024-12-30,14,7519.88,366,2,4,4,244,A risque
U09129,2025-12-31,11,7523.18,0,5,4,4,544,Champions
U03207,2025-12-19,20,7528.41,12,5,5,4,554,Champions
U10277,2025-06-05,11,7528.73,209,3,3,4,334,Perdus
U05786,2025-06-24,13,7532.39,190,3,4,4,344,Clients fideles
U02915,2025-05-25,20,7540.54,220,3,5,4,354,Clients fideles
U11164,2025-08-31,27,7545.1,122,4,5,4,454,Champions
U01698,2025-10-25,25,7546.67,67,4,5,4,454,Champions
U04390,2024-06-29,17,7549.44,550,1,4,4,144,A risque
U04773,2024-09-10,6,7550.22,477,1,2,4,124,Perdus
U06026,2025-08-27,37,7552.77,126,4,5,4,454,Champions
U05310,2025-12-23,14,7557.22,8,5,4,4,544,Champions
U11085,2025-10-30,3,7562.57,62,4,1,4,414,Nouveaux
U11132,2025-10-30,43,7564.6,62,4,5,4,454,Champions
U00537,2025-10-20,14,7565.83,72,4,4,4,444,Champions
U01502,2025-11-18,7,7567.34,43,5,2,4,524,Nouveaux
U08250,2025-11-15,14,7569.78,46,5,4,4,544,Champions
U07029,2025-12-21,6,7569.88,10,5,2,4,524,Nouveaux
U03739,2024-10-28,16,7570.08,429,1,4,4,144,A risque
U09523,2025-11-23,25,7570.74,38,5,5,4,554,Champions
U02724,2025-07-29,29,7571.72,155,3,5,4,354,Clients fideles
U04602,2024-12-27,16,7576.69,369,2,4,4,244,A risque
U08937,2025-03-19,23,7576.78,287,2,5,4,254,A risque
U02008,2025-04-23,12,7582.63,252,2,4,4,244,A risque
U04829,2025-04-25,19,7583.52,250,2,4,4,244,A risque
U01376,2025-11-27,11,7583.74,34,5,3,4,534,Perdus
U09882,2025-07-30,25,7590.18,154,3,5,4,354,Clients fideles
U08564,2024-04-15,11,7593.87,625,1,3,4,134,A risque
U09294,2025-02-28,15,7595.31,306,2,4,4,244,A risque
U00625,2024-10-29,11,7600.57,428,1,3,4,134,A risque
U08461,2024-12-10,11,7602.04,386,1,3,4,134,A risque
U03854,2025-06-21,19,7602.31,193,3,5,4,354,Clients fideles
U00513,2025-05-31,18,7607.01,214,3,4,4,344,Clients fideles
U11836,2025-11-29,14,7607.7,32,5,4,4,544,Champions
U09509,2025-05-24,23,7607.96,221,3,5,4,354,Clients fideles
U06817,2025-04-30,10,7608.92,245,3,3,4,334,Perdus
U01756,2025-11-12,17,7609.8,49,4,4,5,445,Champions
U08545,2025-11-15,17,7612.31,46,5,4,5,545,Champions
U11178,2024-10-12,8,7614.88,445,1,3,5,135,A risque
U03946,2024-10-30,14,7615.01,427,1,4,5,145,A risque
U03669,2025-09-05,11,7622.76,117,4,3,5,435,Perdus
U08829,2025-04-30,52,7623.55,245,3,5,5,355,Clients fideles
U02921,2025-06-16,21,7627.18,198,3,5,5,355,Clients fideles
U05862,2024-09-28,13,7629.57,459,1,4,5,145,A risque
U01430,2025-12-17,23,7632.38,14,5,5,5,555,Champions
U05383,2025-09-14,20,7635.29,108,4,5,5,455,Champions
U08699,2025-10-23,9,7639.79,69,4,3,5,435,Perdus
U07235,2025-11-26,23,7641.29,35,5,5,5,555,Champions
U04380,2025-01-26,15,7641.46,339,2,4,5,245,A risque
U07283,2024-08-26,11,7642.44,492,1,3,5,135,A risque
U07163,2025-07-20,18,7642.5,164,3,4,5,345,Clients fideles
U05740,2025-06-27,39,7642.62,187,3,5,5,355,Clients fideles
U01651,2025-09-24,15,7644.6,98,4,4,5,445,Champions
U04079,2025-08-21,12,7646.48,132,3,4,5,345,Clients fideles
U05634,2025-11-30,16,7646.95,31,5,4,5,545,Champions
U01851,2025-12-31,37,7647.17,0,5,5,5,555,Champions
U09969,2025-02-28,14,7649.15,306,2,4,5,245,A risque
U01456,2025-01-30,17,7659.16,335,2,4,5,245,A risque
U05491,2025-04-29,19,7661.03,246,3,5,5,355,Clients fideles
U06037,2025-08-25,39,7662.47,128,4,5,5,455,Champions
U04955,2025-06-29,13,7666.04,185,3,4,5,345,Clients fideles
U03835,2025-10-30,21,7669.27,62,4,5,5,455,Champions
U06022,2025-12-31,9,7670.2,0,5,3,5,535,Perdus
U00380,2024-11-29,22,7670.63,397,1,5,5,155,A risque
U09442,2025-11-28,4,7671.9,33,5,2,5,525,Nouveaux
U11617,2024-12-29,26,7673.82,367,2,5,5,255,A risque
U03728,2025-12-26,16,7675.05,5,5,4,5,545,Champions
U01234,2025-11-16,13,7675.77,45,5,4,5,545,Champions
U11582,2025-12-27,26,7678.73,4,5,5,5,555,Champions
U01635,2024-10-28,6,7681.49,429,1,2,5,125,Perdus
U02829,2025-11-25,16,7684.86,36,5,4,5,545,Champions
U08655,2025-11-30,9,7691.01,31,5,3,5,535,Perdus
U01144,2025-04-30,29,7691.38,245,3,5,5,355,Clients fideles
U02265,2025-01-29,21,7695.92,336,2,5,5,255,A risque
U09676,2025-09-21,21,7696.53,101,4,5,5,455,Champions
U02258,2025-12-26,20,7700.0,5,5,5,5,555,Champions
U07572,2025-12-19,17,7700.81,12,5,4,5,545,Champions
U00189,2025-01-31,15,7701.71,334,2,4,5,245,A risque
U08890,2025-04-22,8,7702.24,253,2,3,5,235,A risque
U10551,2025-06-26,22,7706.08,188,3,5,5,355,Clients fideles
U04597,2025-11-25,35,7708.45,36,5,5,5,555,Champions
U04797,2025-10-31,26,7708.67,61,4,5,5,455,Champions
U08904,2025-06-23,24,7708.99,191,3,5,5,355,Clients fideles
U08593,2025-10-31,10,7709.32,61,4,3,5,435,Perdus
U05468,2025-06-27,23,7715.97,187,3,5,5,355,Clients fideles
U01232,2025-09-15,17,7720.19,107,4,4,5,445,Champions
U00364,2024-11-07,18,7724.3,419,1,4,5,145,A risque
U01601,2025-01-31,22,7731.11,334,2,5,5,255,A risque
U02217,2025-12-24,25,7731.26,7,5,5,5,555,Champions
U10526,2025-07-28,13,7736.74,156,3,4,5,345,Clients fideles
U05205,2025-12-29,15,7739.88,2,5,4,5,545,Champions
U05793,2025-09-29,15,7740.6,93,4,4,5,445,Champions
U00609,2024-07-30,11,7746.55,519,1,3,5,135,A risque
U02360,2025-12-18,17,7752.28,13,5,4,5,545,Champions
U03132,2024-12-31,36,7754.56,365,2,5,5,255,A risque
U09191,2025-04-23,27,7755.51,252,2,5,5,255,A risque
U03536,2024-07-28,20,7757.97,521,1,5,5,155,A risque
U03149,2025-09-28,13,7761.43,94,4,4,5,445,Champions
U09963,2025-07-27,40,7763.19,157,3,5,5,355,Clients fideles
U10979,2025-04-19,14,7766.08,256,2,4,5,245,A risque
U04419,2025-11-26,40,7766.42,35,5,5,5,555,Champions
U08152,2025-12-11,17,7766.69,20,5,4,5,545,Champions
U11870,2025-01-30,27,7770.57,335,2,5,5,255,A risque
U06139,2025-03-30,44,7777.07,276,2,5,5,255,A risque
U06356,2025-12-27,18,7779.53,4,5,4,5,545,Champions
U01167,2025-09-28,25,7781.22,94,4,5,5,455,Champions
U11205,2025-10-30,10,7783.53,62,4,3,5,435,Perdus
U06648,2025-08-28,25,7783.72,125,4,5,5,455,Champions
U03457,2025-12-31,31,7783.79,0,5,5,5,555,Champions
U03467,2025-09-24,41,7791.8,98,4,5,5,455,Champions
U04678,2025-10-26,6,7792.64,66,4,2,5,425,Nouveaux
U05435,2025-11-27,8,7795.07,34,5,3,5,535,Perdus
U11200,2025-08-20,22,7795.26,133,3,5,5,355,Clients fideles
U06892,2025-05-24,31,7802.09,221,3,5,5,355,Clients fideles
U09645,2025-10-20,19,7802.56,72,4,5,5,455,Champions
U01297,2025-06-27,20,7803.52,187,3,5,5,355,Clients fideles
U00172,2025-09-24,23,7805.94,98,4,5,5,455,Champions
U01968,2025-07-31,7,7807.45,153,3,2,5,325,Perdus
U05986,2024-12-28,7,7808.05,368,2,2,5,225,Perdus
U06595,2025-10-31,22,7808.97,61,4,5,5,455,Champions
U05256,2025-09-26,12,7812.83,96,4,4,5,445,Champions
U03717,2025-06-20,8,7813.59,194,3,3,5,335,Perdus
U03907,2025-06-19,7,7814.64,195,3,2,5,325,Perdus
U01600,2025-09-18,32,7814.76,104,4,5,5,455,Champions
U01007,2025-07-20,31,7816.19,164,3,5,5,355,Clients fideles
U00661,2025-06-27,40,7822.1,187,3,5,5,355,Clients fideles
U06594,2025-05-29,15,7822.97,216,3,4,5,345,Clients fideles
U11270,2025-12-27,6,7825.61,4,5,2,5,525,Nouveaux
U08974,2025-09-15,24,7825.92,107,4,5,5,455,Champions
U03927,2024-07-25,18,7827.03,524,1,4,5,145,A risque
U06564,2025-03-21,20,7830.96,285,2,5,5,255,A risque
U01532,2025-08-29,37,7831.66,124,4,5,5,455,Champions
U01508,2025-12-12,21,7834.07,19,5,5,5,555,Champions
U10028,2024-12-28,37,7843.8,368,2,5,5,255,A risque
U09099,2025-08-25,32,7843.88,128,4,5,5,455,Champions
U10951,2025-07-26,52,7846.54,158,3,5,5,355,Clients fideles
U06213,2025-03-14,15,7847.62,292,2,4,5,245,A risque
U05927,2025-11-14,15,7853.22,47,4,4,5,445,Champions
U04640,2024-10-27,14,7854.79,430,1,4,5,145,A risque
U01066,2025-05-28,18,7857.88,217,3,4,5,345,Clients fideles
U11145,2025-12-28,19,7861.72,3,5,5,5,555,Champions
U10309,2025-09-23,13,7864.75,99,4,4,5,445,Champions
U06609,2025-05-23,9,7871.24,222,3,3,5,335,Perdus
U08617,2025-10-30,13,7874.42,62,4,4,5,445,Champions
U10302,2025-10-28,25,7882.47,64,4,5,5,455,Champions
U11328,2025-11-27,11,7893.1,34,5,3,5,535,Perdus
U01916,2025-11-28,23,7897.44,33,5,5,5,555,Champions
U11306,2024-10-31,21,7897.62,426,1,5,5,155,A risque
U04970,2025-12-21,30,7897.72,10,5,5,5,555,Champions
U08397,2025-04-10,18,7899.78,265,2,4,5,245,A risque
U07922,2025-02-12,16,7904.36,322,2,4,5,245,A risque
U04156,2025-05-20,8,7908.09,225,3,3,5,335,Perdus
U06567,2025-12-23,14,7908.97,8,5,4,5,545,Champions
U09140,2025-12-28,26,7914.86,3,5,5,5,555,Champions
U04136,2025-05-22,20,7916.15,223,3,5,5,355,Clients fideles
U04890,2024-12-29,6,7917.76,367,2,2,5,225,Perdus
U05326,2025-04-20,7,7923.78,255,2,2,5,225,Perdus
U09994,2025-01-29,12,7926.18,336,2,4,5,245,A risque
U08776,2024-11-23,13,7926.27,403,1,4,5,145,A risque
U03167,2025-10-27,12,7926.97,65,4,4,5,445,Champions
U05906,2024-11-25,21,7927.69,401,1,5,5,155,A risque
U04478,2025-11-27,22,7934.33,34,5,5,5,555,Champions
U08931,2025-04-30,18,7934.73,245,3,4,5,345,Clients fideles
U02918,2025-03-24,11,7941.38,282,2,3,5,235,A risque
U07573,2025-04-30,16,7944.38,245,3,4,5,345,Clients fideles
U06441,2025-06-17,5,7948.82,197,3,2,5,325,Perdus
U06066,2025-02-24,10,7949.84,310,2,3,5,235,A risque
U10902,2024-05-24,8,7951.83,586,1,3,5,135,A risque
U01818,2025-09-26,15,7953.44,96,4,4,5,445,Champions
U06045,2024-08-23,37,7954.78,495,1,5,5,155,A risque
U10993,2025-07-26,29,7957.77,158,3,5,5,355,Clients fideles
U02926,2025-12-15,17,7957.84,16,5,4,5,545,Champions
U01491,2025-08-31,31,7957.87,122,4,5,5,455,Champions
U02043,2025-04-28,18,7962.82,247,2,4,5,245,A risque
U10641,2025-12-31,18,7962.89,0,5,4,5,545,Champions
U03256,2025-12-27,12,7964.78,4,5,4,5,545,Champions
U09214,2024-08-29,42,7966.11,489,1,5,5,155,A risque
U05636,2025-10-31,25,7967.32,61,4,5,5,455,Champions
U02629,2024-07-31,7,7969.73,518,1,2,5,125,Perdus
U01607,2025-10-30,21,7974.35,62,4,5,5,455,Champions
U06484,2024-05-25,13,7976.52,585,1,4,5,145,A risque
U05614,2025-05-28,24,7977.0,217,3,5,5,355,Clients fideles
U09261,2025-10-30,21,7977.73,62,4,5,5,455,Champions
U03810,2025-01-21,22,7982.16,344,2,5,5,255,A risque
U02216,2025-09-21,18,7984.24,101,4,4,5,445,Champions
U05474,2025-11-15,13,7987.71,46,5,4,5,545,Champions
U02628,2025-03-26,19,7988.09,280,2,4,5,245,A risque
U09926,2025-07-20,28,7991.23,164,3,5,5,355,Clients fideles
U02007,2025-12-21,9,8000.3,10,5,3,5,535,Perdus
U05210,2025-12-18,15,8004.71,13,5,4,5,545,Champions
U11658,2025-05-21,9,8010.93,224,3,3,5,335,Perdus
U07677,2025-04-29,17,8011.36,246,2,4,5,245,A risque
U09333,2025-09-27,17,8013.2,95,4,4,5,445,Champions
U08896,2025-12-31,16,8017.16,0,5,4,5,545,Champions
U00735,2024-08-31,17,8017.56,487,1,4,5,145,A risque
U09279,2025-11-27,21,8019.62,34,5,5,5,555,Champions
U08031,2025-11-13,25,8023.85,48,4,5,5,455,Champions
U08631,2025-11-14,15,8024.08,47,4,4,5,445,Champions
U06413,2025-11-29,39,8026.88,32,5,5,5,555,Champions
U05714,2025-07-27,13,8028.43,157,3,4,5,345,Clients fideles
U08968,2025-06-26,33,8028.59,188,3,5,5,355,Clients fideles
U08255,2025-12-29,25,8033.77,2,5,5,5,555,Champions
U10756,2024-08-30,14,8039.28,488,1,4,5,145,A risque
U07911,2025-07-31,13,8041.47,153,3,4,5,345,Clients fideles
U06350,2025-11-17,21,8063.32,44,5,5,5,555,Champions
U09836,2024-11-27,9,8065.35,399,1,3,5,135,A risque
U07718,2025-09-17,18,8067.3,105,4,4,5,445,Champions
U05362,2025-06-30,27,8069.08,184,3,5,5,355,Clients fideles
U11973,2025-09-28,26,8070.03,94,4,5,5,455,Champions
U08523,2024-07-20,19,8071.92,529,1,4,5,145,A risque
U01584,2025-11-18,15,8074.09,43,5,4,5,545,Champions
U11031,2025-05-24,22,8075.27,221,3,5,5,355,Clients fideles
U02061,2025-06-23,14,8084.61,191,3,4,5,345,Clients fideles
U01730,2025-06-30,20,8096.78,184,3,5,5,355,Clients fideles
U10306,2025-05-25,11,8099.27,220,3,3,5,335,Perdus
U11980,2024-07-21,10,8100.02,528,1,3,5,135,A risque
U01099,2025-12-29,29,8102.86,2,5,5,5,555,Champions
U07708,2025-05-28,22,8102.97,217,3,5,5,355,Clients fideles
U11713,2025-05-18,15,8103.46,227,3,4,5,345,Clients fideles
U07606,2025-08-31,9,8104.13,122,4,3,5,435,Perdus
U07786,2024-12-31,27,8104.26,365,2,5,5,255,A risque
U06927,2025-08-16,9,8106.85,137,3,3,5,335,Perdus
U10689,2025-02-17,10,8110.01,317,2,3,5,235,A risque
U04421,2024-09-04,8,8111.76,483,1,3,5,135,A risque
U00314,2025-02-14,15,8112.79,320,2,4,5,245,A risque
U05638,2025-10-30,30,8113.27,62,4,5,5,455,Champions
U10257,2024-07-24,14,8114.65,525,1,4,5,145,A risque
U00874,2025-04-05,7,8115.12,270,2,2,5,225,Perdus
U11368,2024-12-05,7,8123.32,391,1,2,5,125,Perdus
U02113,2024-12-22,20,8124.39,374,2,5,5,255,A risque
U03024,2025-03-27,33,8127.65,279,2,5,5,255,A risque
U03821,2025-04-26,12,8129.06,249,2,4,5,245,A risque
U00403,2024-11-25,20,8132.56,401,1,5,5,155,A risque
U05964,2025-12-23,30,8135.35,8,5,5,5,555,Champions
U01964,2025-02-25,24,8135.79,309,2,5,5,255,A risque
U04392,2025-11-19,23,8137.73,42,5,5,5,555,Champions
U11239,2025-05-28,16,8140.52,217,3,4,5,345,Clients fideles
U10878,2024-11-24,21,8141.72,402,1,5,5,155,A risque
U01416,2025-09-26,18,8145.7,96,4,4,5,445,Champions
U02231,2024-07-23,39,8148.6,526,1,5,5,155,A risque
U00162,2025-12-29,21,8149.33,2,5,5,5,555,Champions
U11297,2025-07-28,16,8151.73,156,3,4,5,345,Clients fideles
U01504,2024-12-27,21,8152.47,369,2,5,5,255,A risque
U09685,2025-07-28,36,8155.61,156,3,5,5,355,Clients fideles
U11771,2025-04-29,16,8157.09,246,3,4,5,345,Clients fideles
U00101,2024-07-27,16,8161.84,522,1,4,5,145,A risque
U10165,2025-03-23,8,8165.13,283,2,3,5,235,A risque
U09045,2025-03-31,42,8167.58,275,2,5,5,255,A risque
U00480,2024-12-28,25,8168.28,368,2,5,5,255,A risque
U06970,2025-05-26,27,8171.19,219,3,5,5,355,Clients fideles
U08015,2025-09-30,46,8178.1,92,4,5,5,455,Champions
U11223,2025-11-27,13,8180.12,34,5,4,5,545,Champions
U04152,2025-02-16,21,8182.12,318,2,5,5,255,A risque
U10664,2025-05-27,42,8184.24,218,3,5,5,355,Clients fideles
U06684,2025-05-30,16,8189.81,215,3,4,5,345,Clients fideles
U01171,2025-03-29,48,8191.18,277,2,5,5,255,A risque
U04295,2025-01-30,17,8191.32,335,2,4,5,245,A risque
U10542,2025-04-15,17,8193.88,260,2,4,5,245,A risque
U04733,2025-09-30,29,8194.52,92,4,5,5,455,Champions
U10823,2024-09-29,18,8197.01,458,1,4,5,145,A risque
U02387,2025-11-19,37,8197.86,42,5,5,5,555,Champions
U02131,2025-02-28,18,8205.8,306,2,4,5,245,A risque
U11644,2024-09-22,9,8206.74,465,1,3,5,135,A risque
U07349,2025-10-19,18,8207.39,73,4,4,5,445,Champions
U07645,2025-11-27,9,8207.67,34,5,3,5,535,Perdus
U02001,2025-12-27,7,8207.7,4,5,3,5,535,Perdus
U07394,2025-02-28,24,8209.26,306,2,5,5,255,A risque
U08234,2025-03-10,12,8211.15,296,2,4,5,245,A risque
U08772,2024-11-20,10,8213.46,406,1,3,5,135,A risque
U02047,2025-12-28,17,8213.46,3,5,4,5,545,Champions
U10485,2025-10-13,18,8218.63,79,4,4,5,445,Champions
U10963,2025-10-29,34,8219.0,63,4,5,5,455,Champions
U01209,2025-02-19,11,8220.75,315,2,3,5,235,A risque
U10785,2025-12-24,31,8225.32,7,5,5,5,555,Champions
U05931,2025-05-10,12,8232.99,235,3,4,5,345,Clients fideles
U07409,2025-10-21,17,8234.09,71,4,4,5,445,Champions
U09846,2025-12-15,41,8234.83,16,5,5,5,555,Champions
U02235,2025-12-31,8,8243.3,0,5,3,5,535,Perdus
U00995,2025-10-28,30,8248.84,64,4,5,5,455,Champions
U04113,2025-05-07,14,8249.0,238,3,4,5,345,Clients fideles
U08085,2025-05-31,12,8249.95,214,3,4,5,345,Clients fideles
U06965,2025-12-30,28,8253.89,1,5,5,5,555,Champions
U09585,2025-08-26,8,8253.96,127,4,3,5,435,Perdus
U09852,2025-11-18,11,8255.01,43,5,3,5,535,Perdus
U06593,2024-09-20,16,8256.66,467,1,4,5,145,A risque
U01052,2025-11-29,34,8258.91,32,5,5,5,555,Champions
U09480,2024-10-29,8,8259.81,428,1,3,5,135,A risque
U06729,2025-04-28,59,8260.61,247,2,5,5,255,A risque
U07839,2025-08-20,15,8263.12,133,3,4,5,345,Clients fideles
U03004,2025-02-14,11,8269.46,320,2,3,5,235,A risque
U02247,2025-01-26,15,8276.21,339,2,4,5,245,A risque
U06849,2025-05-24,29,8286.38,221,3,5,5,355,Clients fideles
U06392,2025-11-20,19,8290.86,41,5,5,5,555,Champions
U11449,2025-12-29,30,8294.51,2,5,5,5,555,Champions
U07575,2025-11-23,58,8294.99,38,5,5,5,555,Champions
U06715,2024-09-21,7,8295.61,466,1,2,5,125,Perdus
U03358,2024-09-28,19,8295.84,459,1,4,5,145,A risque
U04715,2025-10-27,18,8296.63,65,4,4,5,445,Champions
U04904,2025-11-19,10,8301.72,42,5,3,5,535,Perdus
U10654,2025-11-29,15,8304.7,32,5,4,5,545,Champions
U04952,2025-09-28,26,8306.63,94,4,5,5,455,Champions
U06437,2025-02-28,18,8311.0,306,2,4,5,245,A risque
U04908,2025-09-27,16,8316.3,95,4,4,5,445,Champions
U11837,2025-08-17,25,8317.82,136,3,5,5,355,Clients fideles
U05080,2025-12-23,14,8319.23,8,5,4,5,545,Champions
U11471,2025-09-14,35,8319.55,108,4,5,5,455,Champions
U04407,2025-11-24,14,8322.42,37,5,4,5,545,Champions
U10776,2025-08-10,3,8329.8,143,3,1,5,315,Perdus
U02147,2025-07-27,20,8329.85,157,3,5,5,355,Clients fideles
U02464,2025-09-26,41,8334.11,96,4,5,5,455,Champions
U04239,2024-08-18,16,8336.03,500,1,4,5,145,A risque
U02753,2025-12-26,16,8340.33,5,5,4,5,545,Champions
U05355,2025-02-27,30,8341.41,307,2,5,5,255,A risque
U09103,2024-11-26,17,8343.34,400,1,4,5,145,A risque
U09708,2025-07-21,26,8346.34,163,3,5,5,355,Clients fideles
U04343,2025-05-28,28,8347.91,217,3,5,5,355,Clients fideles
U04379,2025-01-27,18,8350.49,338,2,4,5,245,A risque
U10304,2024-05-25,9,8361.28,585,1,3,5,135,A risque
U05812,2025-10-27,27,8373.49,65,4,5,5,455,Champions
U00667,2024-11-28,9,8375.12,398,1,3,5,135,A risque
U03129,2024-09-30,30,8377.42,457,1,5,5,155,A risque
U05476,2025-03-23,18,8379.43,283,2,4,5,245,A risque
U00558,2025-03-31,12,8383.11,275,2,4,5,245,A risque
U02439,2025-11-28,15,8383.64,33,5,4,5,545,Champions
U03045,2025-11-29,34,8383.83,32,5,5,5,555,Champions
U11732,2025-03-29,11,8388.06,277,2,3,5,235,A risque
U05115,2025-04-13,23,8390.26,262,2,5,5,255,A risque
U05563,2025-12-31,24,8390.5,0,5,5,5,555,Champions
U00809,2025-10-28,18,8393.31,64,4,4,5,445,Champions
U04575,2025-07-06,30,8394.73,178,3,5,5,355,Clients fideles
U09539,2025-01-25,35,8396.2,340,2,5,5,255,A risque
U11528,2025-07-19,22,8396.4,165,3,5,5,355,Clients fideles
U08399,2024-11-27,9,8397.93,399,1,3,5,135,A risque
U09624,2025-08-29,12,8398.33,124,4,4,5,445,Champions
U07273,2025-05-29,16,8403.1,216,3,4,5,345,Clients fideles
U08534,2024-12-01,8,8404.88,395,1,3,5,135,A risque
U08403,2025-05-28,19,8406.98,217,3,5,5,355,Clients fideles
U02884,2025-10-26,16,8408.42,66,4,4,5,445,Champions
U08547,2025-04-29,10,8411.21,246,2,3,5,235,A risque
U01327,2025-07-30,15,8411.36,154,3,4,5,345,Clients fideles
U04451,2025-08-25,7,8411.47,128,4,2,5,425,Nouveaux
U07615,2025-08-22,56,8411.54,131,3,5,5,355,Clients fideles
U02645,2025-03-07,14,8414.0,299,2,4,5,245,A risque
U02942,2025-12-31,46,8416.81,0,5,5,5,555,Champions
U01258,2025-11-22,20,8417.64,39,5,5,5,555,Champions
U11118,2025-12-26,35,8418.87,5,5,5,5,555,Champions
U08794,2025-10-21,10,8420.93,71,4,3,5,435,Perdus
U04657,2025-11-25,20,8421.08,36,5,5,5,555,Champions
U07644,2025-05-29,21,8422.09,216,3,5,5,355,Clients fideles
U08616,2025-09-24,11,8424.1,98,4,3,5,435,Perdus
U08665,2024-12-30,36,8427.49,366,2,5,5,255,A risque
U04425,2025-11-22,17,8439.67,39,5,4,5,545,Champions
U08063,2025-11-19,33,8442.39,42,5,5,5,555,Champions
U08241,2024-12-21,8,8445.93,375,2,3,5,235,A risque
U07526,2025-05-31,11,8448.52,214,3,3,5,335,Perdus
U11469,2025-03-22,24,8449.66,284,2,5,5,255,A risque
U10175,2025-12-28,13,8456.82,3,5,4,5,545,Champions
U04294,2025-10-31,33,8462.34,61,4,5,5,455,Champions
U08154,2025-12-27,25,8464.91,4,5,5,5,555,Champions
U11692,2025-05-28,15,8465.87,217,3,4,5,345,Clients fideles
U08594,2025-02-27,25,8467.07,307,2,5,5,255,A risque
U05135,2025-12-22,13,8476.59,9,5,4,5,545,Champions
U05619,2025-04-30,33,8480.44,245,3,5,5,355,Clients fideles
U11851,2025-01-23,8,8483.17,342,2,3,5,235,A risque
U04044,2025-12-28,31,8486.9,3,5,5,5,555,Champions
U01557,2025-10-25,11,8488.79,67,4,3,5,435,Perdus
U05120,2025-03-23,12,8492.87,283,2,4,5,245,A risque
U03094,2025-10-31,34,8493.73,61,4,5,5,455,Champions
U04799,2024-11-01,11,8503.28,425,1,3,5,135,A risque
U09573,2025-09-29,20,8511.02,93,4,5,5,455,Champions
U07659,2024-07-26,17,8513.24,523,1,4,5,145,A risque
U05553,2025-07-31,8,8513.47,153,3,3,5,335,Perdus
U08170,2025-10-29,60,8518.95,63,4,5,5,455,Champions
U10646,2025-07-25,9,8534.35,159,3,3,5,335,Perdus
U08490,2025-01-31,52,8534.35,334,2,5,5,255,A risque
U00673,2025-01-30,24,8537.72,335,2,5,5,255,A risque
U09416,2025-09-27,26,8538.74,95,4,5,5,455,Champions
U11609,2025-08-30,27,8540.67,123,4,5,5,455,Champions
U06707,2025-05-31,24,8544.38,214,3,5,5,355,Clients fideles
U10883,2025-11-29,37,8549.33,32,5,5,5,555,Champions
U06669,2025-06-25,21,8553.11,189,3,5,5,355,Clients fideles
U09965,2024-11-27,12,8557.87,399,1,4,5,145,A risque
U01621,2025-10-22,34,8560.64,70,4,5,5,455,Champions
U06079,2025-03-25,12,8560.75,281,2,4,5,245,A risque
U07470,2025-01-29,13,8563.26,336,2,4,5,245,A risque
U02064,2025-01-19,16,8563.57,346,2,4,5,245,A risque
U02470,2025-03-21,11,8564.05,285,2,3,5,235,A risque
U03941,2025-05-20,21,8569.67,225,3,5,5,355,Clients fideles
U08920,2025-02-24,10,8570.56,310,2,3,5,235,A risque
U09563,2025-10-31,18,8570.87,61,4,4,5,445,Champions
U03807,2025-04-30,14,8575.48,245,3,4,5,345,Clients fideles
U08614,2025-03-11,19,8575.69,295,2,4,5,245,A risque
U10002,2025-02-28,8,8581.82,306,2,3,5,235,A risque
U01760,2025-06-29,28,8587.17,185,3,5,5,355,Clients fideles
U02646,2025-01-30,11,8593.32,335,2,3,5,235,A risque
U08449,2025-08-27,21,8593.46,126,4,5,5,455,Champions
U04285,2025-02-23,9,8596.21,311,2,3,5,235,A risque
U07132,2025-06-21,28,8597.67,193,3,5,5,355,Clients fideles
U06032,2025-06-15,19,8597.83,199,3,5,5,355,Clients fideles
U10798,2025-04-25,45,8607.08,250,2,5,5,255,A risque
U11032,2025-02-12,10,8608.92,322,2,3,5,235,A risque
U03388,2025-12-21,41,8617.44,10,5,5,5,555,Champions
U04065,2025-03-24,33,8618.84,282,2,5,5,255,A risque
U02886,2025-07-28,9,8619.96,156,3,3,5,335,Perdus
U01766,2025-01-30,19,8620.51,335,2,4,5,245,A risque
U05352,2024-11-30,14,8630.01,396,1,4,5,145,A risque
U02290,2025-12-26,25,8633.96,5,5,5,5,555,Champions
U00560,2024-12-30,24,8636.74,366,2,5,5,255,A risque
U04040,2024-09-20,17,8637.3,467,1,4,5,145,A risque
U07695,2025-12-22,13,8637.69,9,5,4,5,545,Champions
U02837,2025-11-25,15,8639.76,36,5,4,5,545,Champions
U03455,2025-11-23,23,8644.91,38,5,5,5,555,Champions
U08561,2025-10-02,12,8648.3,90,4,4,5,445,Champions
U03800,2025-06-22,10,8649.8,192,3,3,5,335,Perdus
U05228,2025-09-22,37,8655.88,100,4,5,5,455,Champions
U08526,2025-07-31,18,8656.87,153,3,4,5,345,Clients fideles
U04445,2025-08-23,10,8662.51,130,3,3,5,335,Perdus
U01481,2025-08-21,21,8662.51,132,3,5,5,355,Clients fideles
U01943,2025-06-26,24,8664.42,188,3,5,5,355,Clients fideles
U04185,2024-11-26,24,8668.76,400,1,5,5,155,A risque
U01901,2024-10-20,32,8669.65,437,1,5,5,155,A risque
U02721,2025-11-22,17,8670.23,39,5,4,5,545,Champions
U04830,2024-09-28,21,8672.84,459,1,5,5,155,A risque
U03782,2025-10-23,28,8675.47,69,4,5,5,455,Champions
U10321,2024-11-26,29,8681.59,400,1,5,5,155,A risque
U10922,2025-10-29,33,8686.2,63,4,5,5,455,Champions
U09420,2025-11-16,13,8691.0,45,5,4,5,545,Champions
U10960,2025-06-26,37,8691.05,188,3,5,5,355,Clients fideles
U11790,2025-01-28,45,8697.32,337,2,5,5,255,A risque
U11278,2025-09-29,41,8697.49,93,4,5,5,455,Champions
U03119,2024-12-29,21,8716.09,367,2,5,5,255,A risque
U04049,2025-02-13,43,8716.37,321,2,5,5,255,A risque
U03432,2025-06-23,12,8717.6,191,3,4,5,345,Clients fideles
U06083,2025-01-27,12,8721.42,338,2,4,5,245,A risque
U03988,2025-12-22,30,8724.05,9,5,5,5,555,Champions
U01000,2025-09-25,16,8725.17,97,4,4,5,445,Champions
U00244,2024-08-25,35,8739.47,493,1,5,5,155,A risque
U05837,2025-06-27,10,8739.96,187,3,3,5,335,Perdus
U09665,2025-10-09,24,8741.57,83,4,5,5,455,Champions
U06148,2025-08-31,31,8743.15,122,4,5,5,455,Champions
U00124,2025-12-27,13,8744.26,4,5,4,5,545,Champions
U03831,2025-02-24,47,8745.51,310,2,5,5,255,A risque
U10679,2025-11-29,7,8747.78,32,5,3,5,535,Perdus
U11886,2024-08-29,15,8753.5,489,1,4,5,145,A risque
U11277,2025-08-31,26,8753.76,122,4,5,5,455,Champions
U08383,2025-11-30,22,8755.55,31,5,5,5,555,Champions
U04529,2025-11-21,7,8756.84,40,5,2,5,525,Nouveaux
U06950,2024-09-30,23,8759.67,457,1,5,5,155,A risque
U11049,2025-01-31,11,8763.83,334,2,3,5,235,A risque
U00624,2025-11-15,28,8765.22,46,5,5,5,555,Champions
U08906,2025-07-09,10,8765.72,175,3,3,5,335,Perdus
U01394,2024-12-28,13,8778.85,368,2,4,5,245,A risque
U04221,2024-06-22,6,8778.99,557,1,2,5,125,Perdus
U03016,2025-09-09,8,8779.29,113,4,3,5,435,Perdus
U00437,2024-11-05,7,8779.77,421,1,2,5,125,Perdus
U00420,2025-11-25,11,8780.99,36,5,3,5,535,Perdus
U05749,2025-07-28,40,8787.16,156,3,5,5,355,Clients fideles
U11388,2024-06-22,7,8788.27,557,1,2,5,125,Perdus
U08349,2025-10-31,23,8792.44,61,4,5,5,455,Champions
U04620,2025-09-29,16,8794.21,93,4,4,5,445,Champions
U04129,2025-10-20,13,8805.57,72,4,4,5,445,Champions
U09238,2025-09-29,32,8812.7,93,4,5,5,455,Champions
U03474,2024-11-18,11,8816.99,408,1,3,5,135,A risque
U05009,2025-04-17,9,8822.13,258,2,3,5,235,A risque
U00451,2025-12-26,59,8824.7,5,5,5,5,555,Champions
U06960,2025-07-07,15,8825.09,177,3,4,5,345,Clients fideles
U07208,2024-07-29,11,8829.13,520,1,3,5,135,A risque
U11535,2025-05-30,7,8830.12,215,3,2,5,325,Perdus
U08820,2025-04-28,45,8830.87,247,2,5,5,255,A risque
U08910,2025-10-30,17,8831.47,62,4,4,5,445,Champions
U05171,2025-01-17,24,8831.9,348,2,5,5,255,A risque
U08175,2025-04-25,28,8835.63,250,2,5,5,255,A risque
U00352,2024-10-18,19,8838.08,439,1,4,5,145,A risque
U08480,2025-08-31,24,8840.81,122,4,5,5,455,Champions
U00171,2024-12-12,19,8845.21,384,1,4,5,145,A risque
U02805,2025-12-05,14,8846.75,26,5,4,5,545,Champions
U03087,2025-07-22,12,8848.85,162,3,4,5,345,Clients fideles
U04838,2025-04-30,20,8853.49,245,3,5,5,355,Clients fideles
U07698,2025-07-28,10,8860.27,156,3,3,5,335,Perdus
U05286,2025-12-26,17,8861.39,5,5,4,5,545,Champions
U03363,2025-10-30,8,8862.52,62,4,3,5,435,Perdus
U07565,2025-11-28,25,8868.68,33,5,5,5,555,Champions
U09415,2025-04-24,19,8869.52,251,2,4,5,245,A risque
U08469,2025-08-24,6,8876.06,129,3,2,5,325,Perdus
U05126,2025-02-24,17,8876.82,310,2,4,5,245,A risque
U06122,2025-05-09,7,8882.93,236,3,2,5,325,Perdus
U01369,2025-09-25,23,8887.03,97,4,5,5,455,Champions
U01566,2025-11-30,22,8887.87,31,5,5,5,555,Champions
U02559,2025-11-25,11,8895.72,36,5,3,5,535,Perdus
U00925,2024-10-27,45,8900.52,430,1,5,5,155,A risque
U07906,2025-08-25,38,8901.6,128,4,5,5,455,Champions
U03487,2025-12-29,3,8903.68,2,5,1,5,515,Nouveaux
U03018,2025-09-16,22,8905.82,106,4,5,5,455,Champions
U05388,2025-12-10,10,8906.86,21,5,3,5,535,Perdus
U05835,2025-07-25,16,8909.06,159,3,4,5,345,Clients fideles
U11834,2025-07-23,20,8909.29,161,3,5,5,355,Clients fideles
U04956,2025-04-25,13,8910.65,250,2,4,5,245,A risque
U10892,2025-11-15,9,8911.25,46,5,3,5,535,Perdus
U01349,2025-12-25,10,8912.82,6,5,3,5,535,Perdus
U02484,2025-10-27,24,8913.59,65,4,5,5,455,Champions
U06764,2025-11-23,24,8920.51,38,5,5,5,555,Champions
U03289,2025-07-28,8,8921.6,156,3,3,5,335,Perdus
U09582,2025-06-01,9,8922.38,213,3,3,5,335,Perdus
U00741,2024-11-21,19,8922.93,405,1,4,5,145,A risque
U03166,2025-01-29,7,8925.68,336,2,2,5,225,Perdus
U10946,2025-04-27,10,8928.61,248,2,3,5,235,A risque
U01642,2024-11-17,22,8932.69,409,1,5,5,155,A risque
U04948,2024-08-31,27,8939.41,487,1,5,5,155,A risque
U07955,2025-11-24,17,8943.75,37,5,4,5,545,Champions
U02055,2025-09-24,31,8945.14,98,4,5,5,455,Champions
U10341,2025-04-27,12,8953.94,248,2,4,5,245,A risque
U06545,2025-12-23,51,8959.48,8,5,5,5,555,Champions
U07721,2025-03-23,12,8960.55,283,2,4,5,245,A risque
U01194,2025-12-30,31,8965.26,1,5,5,5,555,Champions
U03066,2024-07-31,7,8965.28,518,1,2,5,125,Perdus
U01661,2025-03-31,27,8969.45,275,2,5,5,255,A risque
U06852,2025-02-20,20,8977.84,314,2,5,5,255,A risque
U03145,2025-06-22,40,8982.05,192,3,5,5,355,Clients fideles
U09947,2025-07-08,10,8987.73,176,3,3,5,335,Perdus
U08599,2025-09-27,9,8999.83,95,4,3,5,435,Perdus
U03186,2025-12-30,19,9000.45,1,5,5,5,555,Champions
U01060,2024-09-30,15,9006.73,457,1,4,5,145,A risque
U05216,2025-07-29,22,9007.49,155,3,5,5,355,Clients fideles
U07433,2025-02-16,10,9012.8,318,2,3,5,235,A risque
U02156,2024-05-29,18,9014.89,581,1,4,5,145,A risque
U03346,2024-05-29,15,9016.59,581,1,4,5,145,A risque
U07625,2025-07-19,13,9029.05,165,3,4,5,345,Clients fideles
U00568,2024-06-27,33,9033.58,552,1,5,5,155,A risque
U06573,2025-01-28,21,9040.12,337,2,5,5,255,A risque
U09901,2025-07-27,25,9044.89,157,3,5,5,355,Clients fideles
U00313,2025-08-31,27,9046.57,122,4,5,5,455,Champions
U11598,2024-11-25,14,9047.8,401,1,4,5,145,A risque
U00149,2025-11-23,14,9050.39,38,5,4,5,545,Champions
U08633,2025-12-28,16,9052.06,3,5,4,5,545,Champions
U01753,2025-03-31,31,9056.84,275,2,5,5,255,A risque
U00601,2025-12-25,32,9058.96,6,5,5,5,555,Champions
U03143,2025-12-28,9,9064.12,3,5,3,5,535,Perdus
U03312,2025-06-21,24,9065.0,193,3,5,5,355,Clients fideles
U03251,2025-06-14,25,9066.07,200,3,5,5,355,Clients fideles
U08354,2024-09-28,11,9069.45,459,1,3,5,135,A risque
U10802,2025-09-24,24,9071.28,98,4,5,5,455,Champions
U06666,2025-06-24,26,9077.19,190,3,5,5,355,Clients fideles
U08869,2025-05-31,25,9086.76,214,3,5,5,355,Clients fideles
U01735,2025-07-27,47,9088.98,157,3,5,5,355,Clients fideles
U10933,2025-09-30,23,9090.78,92,4,5,5,455,Champions
U06430,2025-11-26,14,9091.98,35,5,4,5,545,Champions
U05686,2024-12-28,17,9097.74,368,2,4,5,245,A risque
U03263,2025-05-29,21,9099.5,216,3,5,5,355,Clients fideles
U05649,2024-10-29,17,9100.73,428,1,4,5,145,A risque
U01329,2025-02-21,11,9102.83,313,2,3,5,235,A risque
U09859,2025-11-26,13,9110.18,35,5,4,5,545,Champions
U05949,2025-12-31,22,9111.85,0,5,5,5,555,Champions
U08463,2025-07-31,31,9112.74,153,3,5,5,355,Clients fideles
U04473,2025-01-31,42,9121.12,334,2,5,5,255,A risque
U09186,2025-09-30,17,9123.97,92,4,4,5,445,Champions
U11928,2025-08-29,39,9136.05,124,4,5,5,455,Champions
U09084,2025-02-28,9,9137.39,306,2,3,5,235,A risque
U08887,2025-12-29,16,9139.96,2,5,4,5,545,Champions
U08184,2025-09-16,18,9144.74,106,4,4,5,445,Champions
U03402,2025-07-30,46,9144.75,154,3,5,5,355,Clients fideles
U03414,2025-10-29,35,9150.67,63,4,5,5,455,Champions
U10029,2025-11-21,21,9151.67,40,5,5,5,555,Champions
U07904,2025-06-25,27,9151.97,189,3,5,5,355,Clients fideles
U07881,2025-01-26,13,9152.89,339,2,4,5,245,A risque
U11436,2025-10-23,23,9154.03,69,4,5,5,455,Champions
U00406,2025-07-26,24,9161.91,158,3,5,5,355,Clients fideles
U05734,2025-05-26,27,9166.35,219,3,5,5,355,Clients fideles
U04693,2025-12-31,22,9168.18,0,5,5,5,555,Champions
U01332,2025-04-29,11,9169.52,246,2,3,5,235,A risque
U08384,2025-12-26,38,9170.37,5,5,5,5,555,Champions
U01188,2025-09-21,11,9174.54,101,4,3,5,435,Perdus
U00063,2024-12-29,16,9175.19,367,2,4,5,245,A risque
U00265,2025-03-26,12,9175.46,280,2,4,5,245,A risque
U07617,2025-09-27,33,9181.53,95,4,5,5,455,Champions
U11168,2025-02-01,10,9192.06,333,2,3,5,235,A risque
U03789,2025-05-27,27,9193.22,218,3,5,5,355,Clients fideles
U01307,2025-07-23,17,9194.13,161,3,4,5,345,Clients fideles
U05401,2025-12-28,20,9205.72,3,5,5,5,555,Champions
U05434,2025-08-21,32,9215.8,132,3,5,5,355,Clients fideles
U11213,2025-11-27,30,9221.25,34,5,5,5,555,Champions
U11945,2025-04-30,27,9231.93,245,3,5,5,355,Clients fideles
U05932,2025-05-30,19,9232.88,215,3,5,5,355,Clients fideles
U00453,2025-11-30,12,9233.02,31,5,4,5,545,Champions
U00878,2025-08-21,14,9235.03,132,3,4,5,345,Clients fideles
U11620,2025-09-25,36,9241.78,97,4,5,5,455,Champions
U08508,2025-01-24,20,9241.86,341,2,5,5,255,A risque
U00614,2025-12-27,22,9243.65,4,5,5,5,555,Champions
U11307,2025-09-10,11,9251.01,112,4,3,5,435,Perdus
U05569,2024-12-28,7,9254.18,368,2,2,5,225,Perdus
U07350,2024-07-29,7,9258.89,520,1,2,5,125,Perdus
U01731,2025-08-22,19,9266.38,131,3,5,5,355,Clients fideles
U02763,2025-04-21,10,9269.01,254,2,3,5,235,A risque
U06401,2025-06-19,25,9269.38,195,3,5,5,355,Clients fideles
U01884,2025-07-30,35,9274.13,154,3,5,5,355,Clients fideles
U08430,2025-12-29,16,9274.16,2,5,4,5,545,Champions
U08016,2025-12-21,15,9275.68,10,5,4,5,545,Champions
U00246,2024-11-11,11,9276.27,415,1,3,5,135,A risque
U08566,2025-08-20,26,9282.35,133,3,5,5,355,Clients fideles
U06050,2025-10-17,8,9285.71,75,4,3,5,435,Perdus
U04112,2025-11-27,15,9287.5,34,5,4,5,545,Champions
U10000,2025-05-23,6,9290.98,222,3,2,5,325,Perdus
U00818,2025-06-28,29,9301.73,186,3,5,5,355,Clients fideles
U09621,2025-08-15,22,9303.3,138,3,5,5,355,Clients fideles
U02794,2025-06-21,23,9305.73,193,3,5,5,355,Clients fideles
U07905,2025-09-28,38,9313.9,94,4,5,5,455,Champions
U11175,2025-11-25,31,9314.72,36,5,5,5,555,Champions
U10449,2025-05-29,33,9316.21,216,3,5,5,355,Clients fideles
U05054,2025-11-07,18,9326.89,54,4,4,5,445,Champions
U04275,2025-10-20,12,9335.77,72,4,4,5,445,Champions
U07696,2025-11-29,24,9336.01,32,5,5,5,555,Champions
U09400,2025-01-29,25,9338.27,336,2,5,5,255,A risque
U01472,2025-09-26,9,9342.77,96,4,3,5,435,Perdus
U05826,2025-08-26,30,9346.02,127,4,5,5,455,Champions
U06610,2025-03-24,37,9347.77,282,2,5,5,255,A risque
U11207,2025-07-01,14,9349.3,183,3,4,5,345,Clients fideles
U02463,2025-11-12,9,9350.99,49,4,3,5,435,Perdus
U10589,2025-12-28,13,9359.7,3,5,4,5,545,Champions
U05022,2025-07-30,31,9364.43,154,3,5,5,355,Clients fideles
U09740,2024-09-27,6,9367.43,460,1,2,5,125,Perdus
U05973,2025-10-31,29,9370.68,61,4,5,5,455,Champions
U11724,2025-11-25,26,9379.87,36,5,5,5,555,Champions
U01544,2025-04-22,35,9380.4,253,2,5,5,255,A risque
U00703,2025-03-26,14,9381.21,280,2,4,5,245,A risque
U07657,2025-09-29,43,9382.06,93,4,5,5,455,Champions
U02232,2025-06-27,17,9383.51,187,3,4,5,345,Clients fideles
U05588,2025-12-14,12,9383.93,17,5,4,5,545,Champions
U05945,2025-03-06,11,9385.97,300,2,3,5,235,A risque
U06002,2025-10-31,13,9386.39,61,4,4,5,445,Champions
U07176,2025-05-30,18,9388.69,215,3,4,5,345,Clients fideles
U01001,2025-10-30,20,9398.41,62,4,5,5,455,Champions
U03216,2025-06-28,39,9407.42,186,3,5,5,355,Clients fideles
U10583,2025-06-29,29,9416.01,185,3,5,5,355,Clients fideles
U07210,2025-09-23,10,9423.76,99,4,3,5,435,Perdus
U11765,2025-12-28,16,9426.73,3,5,4,5,545,Champions
U04922,2025-05-28,26,9429.6,217,3,5,5,355,Clients fideles
U03344,2025-11-19,34,9429.93,42,5,5,5,555,Champions
U05886,2025-04-29,9,9431.16,246,3,3,5,335,Perdus
U04041,2025-10-31,18,9440.07,61,4,4,5,445,Champions
U01474,2025-12-27,8,9443.66,4,5,3,5,535,Perdus
U07812,2025-11-20,10,9448.42,41,5,3,5,535,Perdus
U05958,2024-07-31,16,9455.18,518,1,4,5,145,A risque
U09999,2025-07-25,23,9457.72,159,3,5,5,355,Clients fideles
U04353,2025-07-21,10,9462.59,163,3,3,5,335,Perdus
U11333,2025-12-27,26,9469.83,4,5,5,5,555,Champions
U01697,2025-06-27,24,9473.85,187,3,5,5,355,Clients fideles
U01265,2024-11-08,8,9479.09,418,1,3,5,135,A risque
U10502,2025-11-27,22,9480.87,34,5,5,5,555,Champions
U04034,2025-09-25,23,9482.4,97,4,5,5,455,Champions
U07388,2025-12-23,19,9486.62,8,5,5,5,555,Champions
U06009,2025-05-29,42,9502.19,216,3,5,5,355,Clients fideles
U06030,2024-12-28,25,9505.72,368,2,5,5,255,A risque
U01451,2025-11-14,22,9508.45,47,5,5,5,555,Champions
U07682,2024-06-17,16,9508.77,562,1,4,5,145,A risque
U11702,2025-12-01,17,9512.97,30,5,4,5,545,Champions
U04893,2025-08-26,21,9515.96,127,4,5,5,455,Champions
U06722,2025-10-29,16,9517.21,63,4,4,5,445,Champions
U09378,2024-06-30,24,9519.2,549,1,5,5,155,A risque
U02234,2025-09-17,19,9522.09,105,4,5,5,455,Champions
U02357,2025-03-18,14,9530.08,288,2,4,5,245,A risque
U06538,2024-12-26,16,9531.33,370,2,4,5,245,A risque
U03329,2025-09-30,29,9537.39,92,4,5,5,455,Champions
U02664,2025-03-29,25,9537.73,277,2,5,5,255,A risque
U04756,2024-12-18,18,9540.47,378,2,4,5,245,A risque
U08992,2025-12-21,9,9542.28,10,5,3,5,535,Perdus
U06447,2025-12-15,5,9546.46,16,5,2,5,525,Nouveaux
U01775,2025-12-12,13,9561.25,19,5,4,5,545,Champions
U04589,2025-08-30,27,9563.02,123,4,5,5,455,Champions
U03484,2024-12-13,14,9564.01,383,2,4,5,245,A risque
U08941,2025-10-31,35,9564.51,61,4,5,5,455,Champions
U07724,2024-10-28,39,9574.58,429,1,5,5,155,A risque
U04578,2025-12-22,12,9575.74,9,5,4,5,545,Champions
U11504,2025-09-25,18,9576.61,97,4,4,5,445,Champions
U11165,2025-08-24,25,9595.74,129,3,5,5,355,Clients fideles
U07288,2024-07-11,4,9603.3,538,1,1,5,115,Perdus
U10749,2025-08-30,16,9606.1,123,4,4,5,445,Champions
U01074,2025-04-23,13,9609.53,252,2,4,5,245,A risque
U07171,2025-05-26,25,9614.19,219,3,5,5,355,Clients fideles
U01266,2024-11-28,37,9619.07,398,1,5,5,155,A risque
U07045,2025-07-29,17,9626.96,155,3,4,5,345,Clients fideles
U01083,2025-07-29,17,9632.45,155,3,4,5,345,Clients fideles
U10818,2024-08-30,25,9632.54,488,1,5,5,155,A risque
U03513,2025-06-28,18,9641.28,186,3,4,5,345,Clients fideles
U04280,2025-10-22,18,9646.47,70,4,4,5,445,Champions
U05076,2025-03-31,10,9650.08,275,2,3,5,235,A risque
U03664,2025-03-05,21,9660.68,301,2,5,5,255,A risque
U06643,2025-08-27,32,9663.44,126,4,5,5,455,Champions
U10476,2024-10-28,17,9671.02,429,1,4,5,145,A risque
U06489,2025-09-24,14,9677.96,98,4,4,5,445,Champions
U11023,2025-06-11,26,9684.53,203,3,5,5,355,Clients fideles
U09785,2025-12-31,40,9690.06,0,5,5,5,555,Champions
U05225,2024-11-25,17,9691.56,401,1,4,5,145,A risque
U09382,2025-12-26,14,9696.97,5,5,4,5,545,Champions
U04648,2024-05-06,12,9703.26,604,1,4,5,145,A risque
U05538,2025-03-13,11,9707.32,293,2,3,5,235,A risque
U11849,2025-03-30,23,9718.62,276,2,5,5,255,A risque
U08845,2025-11-30,18,9729.92,31,5,4,5,545,Champions
U06354,2025-06-17,11,9739.4,197,3,3,5,335,Perdus
U00692,2025-03-29,19,9743.56,277,2,4,5,245,A risque
U06363,2024-03-25,8,9747.07,646,1,3,5,135,A risque
U05531,2025-06-28,31,9749.36,186,3,5,5,355,Clients fideles
U05582,2025-09-21,40,9749.99,101,4,5,5,455,Champions
U03423,2025-03-30,12,9758.41,276,2,4,5,245,A risque
U09372,2025-10-21,30,9758.62,71,4,5,5,455,Champions
U01014,2025-01-20,15,9759.31,345,2,4,5,245,A risque
U04639,2025-07-30,16,9759.31,154,3,4,5,345,Clients fideles
U04560,2025-11-22,40,9761.05,39,5,5,5,555,Champions
U06157,2025-11-25,22,9763.29,36,5,5,5,555,Champions
U11096,2025-11-20,33,9780.75,41,5,5,5,555,Champions
U07926,2025-12-30,22,9784.46,1,5,5,5,555,Champions
U05026,2025-09-15,18,9804.89,107,4,4,5,445,Champions
U00839,2025-08-29,22,9812.38,124,4,5,5,455,Champions
U08282,2025-12-28,23,9812.73,3,5,5,5,555,Champions
U04760,2025-10-26,23,9815.31,66,4,5,5,455,Champions
U03563,2025-05-28,19,9818.96,217,3,5,5,355,Clients fideles
U03163,2025-06-19,27,9824.15,195,3,5,5,355,Clients fideles
U05030,2025-03-12,16,9830.57,294,2,4,5,245,A risque
U02501,2025-08-28,15,9833.66,125,4,4,5,445,Champions
U08767,2024-08-29,17,9840.74,489,1,4,5,145,A risque
U03723,2024-12-27,24,9843.24,369,2,5,5,255,A risque
U07065,2025-07-24,35,9843.72,160,3,5,5,355,Clients fideles
U05307,2025-09-15,12,9848.3,107,4,4,5,445,Champions
U05824,2025-10-28,18,9852.11,64,4,4,5,445,Champions
U07867,2025-12-24,14,9854.24,7,5,4,5,545,Champions
U10455,2025-10-24,22,9856.21,68,4,5,5,455,Champions
U09351,2025-12-26,18,9858.08,5,5,4,5,545,Champions
U08769,2025-06-30,24,9860.98,184,3,5,5,355,Clients fideles
U07790,2025-12-30,15,9863.1,1,5,4,5,545,Champions
U06014,2025-01-31,21,9863.26,334,2,5,5,255,A risque
U10152,2024-10-26,12,9865.98,431,1,4,5,145,A risque
U04623,2024-12-30,20,9870.12,366,2,5,5,255,A risque
U06452,2024-07-30,23,9870.38,519,1,5,5,155,A risque
U01091,2025-11-21,9,9875.79,40,5,3,5,535,Perdus
U08389,2024-07-24,12,9878.43,525,1,4,5,145,A risque
U09205,2025-11-30,23,9881.94,31,5,5,5,555,Champions
U07314,2024-11-29,24,9887.15,397,1,5,5,155,A risque
U08852,2025-05-31,32,9891.43,214,3,5,5,355,Clients fideles
U00369,2024-11-27,37,9903.15,399,1,5,5,155,A risque
U11095,2025-01-30,20,9903.24,335,2,5,5,255,A risque
U00028,2025-07-28,34,9905.36,156,3,5,5,355,Clients fideles
U06702,2025-11-21,22,9906.53,40,5,5,5,555,Champions
U08431,2025-08-26,32,9915.29,127,4,5,5,455,Champions
U11947,2025-08-24,23,9917.36,129,4,5,5,455,Champions
U11788,2025-06-25,29,9920.73,189,3,5,5,355,Clients fideles
U11394,2024-05-29,11,9921.87,581,1,3,5,135,A risque
U05114,2025-10-28,14,9924.0,64,4,4,5,445,Champions
U01923,2024-02-26,18,9926.17,674,1,4,5,145,A risque
U06753,2025-04-29,46,9933.03,246,3,5,5,355,Clients fideles
U03076,2025-12-25,56,9936.53,6,5,5,5,555,Champions
U03716,2025-11-13,22,9941.56,48,4,5,5,455,Champions
U03152,2025-08-26,14,9953.0,127,4,4,5,445,Champions
U01214,2025-05-21,15,9954.7,224,3,4,5,345,Clients fideles
U00371,2025-07-25,12,9958.64,159,3,4,5,345,Clients fideles
U08141,2025-09-26,13,9962.95,96,4,4,5,445,Champions
U11234,2025-12-28,8,9968.88,3,5,3,5,535,Perdus
U00450,2025-05-14,21,9975.14,231,3,5,5,355,Clients fideles
U06544,2025-10-26,25,9978.21,66,4,5,5,455,Champions
U08763,2025-07-30,17,9991.59,154,3,4,5,345,Clients fideles
U05795,2025-07-03,7,10000.15,181,3,2,5,325,Perdus
U00884,2025-12-27,26,10000.69,4,5,5,5,555,Champions
U07510,2025-04-24,13,10002.78,251,2,4,5,245,A risque
U06959,2025-05-27,36,10003.45,218,3,5,5,355,Clients fideles
U10335,2025-11-29,29,10005.23,32,5,5,5,555,Champions
U08647,2024-06-12,12,10005.89,567,1,4,5,145,A risque
U00200,2025-06-07,27,10007.87,207,3,5,5,355,Clients fideles
U06472,2025-03-29,15,10010.7,277,2,4,5,245,A risque
U03373,2025-04-28,49,10012.52,247,2,5,5,255,A risque
U11971,2025-10-28,11,10013.22,64,4,3,5,435,Perdus
U06352,2025-11-30,34,10017.68,31,5,5,5,555,Champions
U08104,2025-12-28,17,10020.94,3,5,4,5,545,Champions
U06613,2025-03-26,34,10021.75,280,2,5,5,255,A risque
U11656,2025-11-28,15,10028.6,33,5,4,5,545,Champions
U09443,2025-08-28,7,10028.88,125,4,2,5,425,Nouveaux
U05325,2025-01-30,28,10044.82,335,2,5,5,255,A risque
U08588,2025-09-12,17,10050.02,110,4,4,5,445,Champions
U09121,2025-06-24,17,10051.99,190,3,4,5,345,Clients fideles
U08726,2024-12-22,33,10057.22,374,2,5,5,255,A risque
U06510,2025-07-24,30,10058.06,160,3,5,5,355,Clients fideles
U00541,2025-09-29,24,10062.46,93,4,5,5,455,Champions
U01869,2025-05-25,42,10062.89,220,3,5,5,355,Clients fideles
U05337,2025-08-15,15,10063.27,138,3,4,5,345,Clients fideles
U00378,2025-06-28,22,10063.87,186,3,5,5,355,Clients fideles
U05596,2025-10-28,44,10064.44,64,4,5,5,455,Champions
U10278,2025-08-30,28,10067.53,123,4,5,5,455,Champions
U09469,2025-02-21,7,10070.06,313,2,2,5,225,Perdus
U08251,2025-07-21,47,10070.9,163,3,5,5,355,Clients fideles
U03287,2025-05-31,11,10071.89,214,3,3,5,335,Perdus
U03788,2025-03-23,14,10075.1,283,2,4,5,245,A risque
U05925,2025-03-31,10,10076.7,275,2,3,5,235,A risque
U05460,2025-03-30,33,10077.5,276,2,5,5,255,A risque
U08332,2025-07-15,15,10084.99,169,3,4,5,345,Clients fideles
U08900,2025-09-28,28,10086.78,94,4,5,5,455,Champions
U00766,2025-09-30,42,10099.72,92,4,5,5,455,Champions
U06296,2024-05-19,13,10104.55,591,1,4,5,145,A risque
U01249,2025-11-29,24,10107.95,32,5,5,5,555,Champions
U08466,2025-11-26,12,10108.32,35,5,4,5,545,Champions
U01825,2025-09-30,12,10112.79,92,4,4,5,445,Champions
U06650,2025-04-27,36,10114.42,248,2,5,5,255,A risque
U02283,2025-04-30,12,10116.26,245,3,4,5,345,Clients fideles
U07600,2025-04-25,47,10117.13,250,2,5,5,255,A risque
U03095,2025-05-25,23,10122.76,220,3,5,5,355,Clients fideles
U09998,2025-05-23,61,10123.01,222,3,5,5,355,Clients fideles
U03254,2024-11-28,29,10144.76,398,1,5,5,155,A risque
U10398,2025-11-21,19,10146.39,40,5,5,5,555,Champions
U04884,2025-10-23,11,10150.23,69,4,3,5,435,Perdus
U00787,2025-12-19,23,10157.62,12,5,5,5,555,Champions
U10308,2024-07-29,29,10164.42,520,1,5,5,155,A risque
U07725,2025-01-20,35,10169.26,345,2,5,5,255,A risque
U05105,2025-06-22,27,10170.27,192,3,5,5,355,Clients fideles
U03978,2025-09-28,23,10170.39,94,4,5,5,455,Champions
U09179,2025-04-29,28,10173.82,246,3,5,5,355,Clients fideles
U03250,2025-03-19,36,10176.12,287,2,5,5,255,A risque
U09291,2025-08-28,14,10176.37,125,4,4,5,445,Champions
U05604,2025-04-24,14,10179.57,251,2,4,5,245,A risque
U10300,2025-09-28,17,10184.1,94,4,4,5,445,Champions
U08136,2025-06-10,10,10185.37,204,3,3,5,335,Perdus
U07055,2025-05-23,20,10188.17,222,3,5,5,355,Clients fideles
U03720,2025-09-28,15,10189.03,94,4,4,5,445,Champions
U11895,2025-01-31,14,10189.6,334,2,4,5,245,A risque
U04236,2025-12-31,45,10197.73,0,5,5,5,555,Champions
U06105,2025-09-25,13,10202.88,97,4,4,5,445,Champions
U01636,2025-06-19,17,10206.99,195,3,4,5,345,Clients fideles
U09879,2025-12-13,15,10210.05,18,5,4,5,545,Champions
U11412,2025-08-31,19,10220.92,122,4,5,5,455,Champions
U03441,2025-09-28,26,10222.76,94,4,5,5,455,Champions
U09283,2025-06-30,18,10227.31,184,3,4,5,345,Clients fideles
U08770,2025-12-23,20,10233.62,8,5,5,5,555,Champions
U06660,2025-04-22,30,10240.08,253,2,5,5,255,A risque
U10992,2025-01-31,22,10241.17,334,2,5,5,255,A risque
U09801,2025-06-27,33,10246.25,187,3,5,5,355,Clients fideles
U09493,2025-12-26,33,10249.86,5,5,5,5,555,Champions
U04909,2025-09-24,14,10258.18,98,4,4,5,445,Champions
U08718,2024-11-30,23,10263.63,396,1,5,5,155,A risque
U10678,2025-12-19,26,10264.16,12,5,5,5,555,Champions
U04102,2025-11-19,43,10266.85,42,5,5,5,555,Champions
U11442,2025-02-22,21,10273.74,312,2,5,5,255,A risque
U07323,2025-12-13,7,10281.25,18,5,3,5,535,Perdus
U11285,2025-03-30,16,10283.39,276,2,4,5,245,A risque
U07004,2025-06-24,17,10290.68,190,3,4,5,345,Clients fideles
U06043,2025-11-24,15,10291.32,37,5,4,5,545,Champions
U04462,2025-11-23,18,10304.16,38,5,4,5,545,Champions
U02316,2025-04-19,24,10310.53,256,2,5,5,255,A risque
U06281,2025-11-29,45,10314.16,32,5,5,5,555,Champions
U03637,2025-09-27,15,10320.99,95,4,4,5,445,Champions
U03102,2025-04-23,20,10337.77,252,2,5,5,255,A risque
U08380,2024-11-30,23,10338.44,396,1,5,5,155,A risque
U10964,2025-08-28,46,10340.96,125,4,5,5,455,Champions
U08936,2025-04-20,25,10341.28,255,2,5,5,255,A risque
U07918,2024-07-21,15,10342.73,528,1,4,5,145,A risque
U11380,2024-07-14,7,10343.5,535,1,2,5,125,Perdus
U08824,2025-07-30,36,10348.26,154,3,5,5,355,Clients fideles
U04664,2024-07-31,12,10354.88,518,1,4,5,145,A risque
U11966,2025-02-15,14,10355.68,319,2,4,5,245,A risque
U00327,2025-11-24,6,10356.48,37,5,2,5,525,Nouveaux
U01347,2025-01-10,8,10357.11,355,2,3,5,235,A risque
U00183,2024-09-11,11,10365.35,476,1,3,5,135,A risque
U09678,2025-11-30,25,10365.44,31,5,5,5,555,Champions
U04855,2025-06-22,15,10366.49,192,3,4,5,345,Clients fideles
U11874,2025-01-27,24,10369.28,338,2,5,5,255,A risque
U01629,2024-11-25,15,10371.09,401,1,4,5,145,A risque
U09346,2025-06-15,21,10373.56,199,3,5,5,355,Clients fideles
U11883,2024-08-25,30,10382.36,493,1,5,5,155,A risque
U09525,2025-08-26,22,10386.92,127,4,5,5,455,Champions
U04196,2025-10-31,31,10398.42,61,4,5,5,455,Champions
U08861,2024-07-31,25,10401.92,518,1,5,5,155,A risque
U09104,2025-12-18,32,10405.43,13,5,5,5,555,Champions
U00346,2025-08-28,9,10407.96,125,4,3,5,435,Perdus
U04218,2025-05-31,20,10410.18,214,3,5,5,355,Clients fideles
U05266,2025-03-31,22,10413.82,275,2,5,5,255,A risque
U10926,2025-12-29,12,10415.94,2,5,4,5,545,Champions
U03011,2024-12-31,32,10417.96,365,2,5,5,255,A risque
U01959,2025-09-14,22,10419.83,108,4,5,5,455,Champions
U00596,2025-06-19,14,10421.15,195,3,4,5,345,Clients fideles
U03558,2025-12-31,14,10423.68,0,5,4,5,545,Champions
U02402,2025-05-30,49,10425.86,215,3,5,5,355,Clients fideles
U07381,2024-08-26,13,10428.22,492,1,4,5,145,A risque
U10684,2024-11-22,8,10431.36,404,1,3,5,135,A risque
U01513,2025-12-26,46,10432.4,5,5,5,5,555,Champions
U04924,2025-08-17,22,10433.14,136,3,5,5,355,Clients fideles
U00675,2025-03-31,22,10437.59,275,2,5,5,255,A risque
U11546,2025-04-29,29,10443.25,246,2,5,5,255,A risque
U11548,2025-06-28,15,10453.13,186,3,4,5,345,Clients fideles
U07217,2025-11-30,20,10457.41,31,5,5,5,555,Champions
U07219,2025-08-11,40,10459.99,142,3,5,5,355,Clients fideles
U03127,2024-09-11,13,10461.32,476,1,4,5,145,A risque
U00950,2025-06-22,23,10480.89,192,3,5,5,355,Clients fideles
U02570,2025-12-29,11,10486.8,2,5,3,5,535,Perdus
U09564,2025-05-31,7,10488.07,214,3,2,5,325,Perdus
U10890,2025-11-26,35,10490.56,35,5,5,5,555,Champions
U06930,2025-05-24,16,10495.59,221,3,4,5,345,Clients fideles
U10757,2025-07-30,17,10501.36,154,3,4,5,345,Clients fideles
U09011,2025-02-23,12,10506.31,311,2,4,5,245,A risque
U04266,2025-04-01,12,10509.75,274,2,4,5,245,A risque
U06607,2024-12-30,14,10515.68,366,2,4,5,245,A risque
U08020,2025-09-17,16,10517.23,105,4,4,5,445,Champions
U03241,2025-01-31,24,10523.28,334,2,5,5,255,A risque
U11634,2025-09-23,15,10524.23,99,4,4,5,445,Champions
U10683,2025-08-08,11,10527.14,145,3,3,5,335,Perdus
U02742,2025-04-29,16,10534.63,246,2,4,5,245,A risque
U09959,2024-11-14,5,10535.94,412,1,2,5,125,Perdus
U05380,2025-05-30,18,10539.42,215,3,4,5,345,Clients fideles
U08303,2025-12-12,14,10542.17,19,5,4,5,545,Champions
U06326,2025-02-25,27,10544.31,309,2,5,5,255,A risque
U05681,2025-12-19,8,10544.9,12,5,3,5,535,Perdus
U06425,2025-02-24,43,10545.43,310,2,5,5,255,A risque
U00790,2024-11-30,17,10550.12,396,1,4,5,145,A risque
U06081,2025-07-22,24,10553.3,162,3,5,5,355,Clients fideles
U00445,2025-12-28,38,10571.54,3,5,5,5,555,Champions
U02148,2025-09-29,51,10582.21,93,4,5,5,455,Champions
U03406,2025-05-30,62,10589.09,215,3,5,5,355,Clients fideles
U07024,2025-12-24,25,10593.32,7,5,5,5,555,Champions
U07763,2025-02-23,68,10593.81,311,2,5,5,255,A risque
U09232,2024-09-21,17,10598.27,466,1,4,5,145,A risque
U09455,2025-05-26,52,10611.03,219,3,5,5,355,Clients fideles
U02356,2025-12-26,9,10613.29,5,5,3,5,535,Perdus
U04583,2025-06-30,28,10618.08,184,3,5,5,355,Clients fideles
U01487,2025-12-22,15,10618.69,9,5,4,5,545,Champions
U00031,2025-03-18,17,10634.99,288,2,4,5,245,A risque
U00323,2024-07-27,25,10636.99,522,1,5,5,155,A risque
U06711,2025-07-24,13,10638.29,160,3,4,5,345,Clients fideles
U07435,2025-02-27,44,10639.87,307,2,5,5,255,A risque
U03213,2025-06-28,10,10648.66,186,3,3,5,335,Perdus
U07902,2024-11-25,25,10653.53,401,1,5,5,155,A risque
U03684,2025-04-29,48,10656.67,246,2,5,5,255,A risque
U00234,2025-09-25,21,10657.27,97,4,5,5,455,Champions
U10060,2025-10-22,49,10660.44,70,4,5,5,455,Champions
U04163,2025-02-27,7,10660.97,307,2,2,5,225,Perdus
U09848,2025-02-28,51,10670.61,306,2,5,5,255,A risque
U09864,2025-07-29,21,10685.81,155,3,5,5,355,Clients fideles
U07883,2025-12-25,34,10689.96,6,5,5,5,555,Champions
U07758,2025-11-23,13,10693.91,38,5,4,5,545,Champions
U11315,2025-10-27,29,10693.98,65,4,5,5,455,Champions
U07823,2025-12-30,26,10693.99,1,5,5,5,555,Champions
U04291,2025-07-27,32,10697.05,157,3,5,5,355,Clients fideles
U05049,2025-10-27,15,10701.32,65,4,4,5,445,Champions
U06365,2024-11-30,21,10707.15,396,1,5,5,155,A risque
U01352,2025-11-22,13,10709.41,39,5,4,5,545,Champions
U01016,2025-04-27,27,10711.63,248,2,5,5,255,A risque
U00927,2025-09-25,12,10732.12,97,4,4,5,445,Champions
U01127,2025-03-11,9,10746.94,295,2,3,5,235,A risque
U10337,2025-09-22,19,10748.85,100,4,5,5,455,Champions
U10953,2024-09-28,28,10751.59,459,1,5,5,155,A risque
U02286,2025-10-09,15,10752.32,83,4,4,5,445,Champions
U05899,2025-12-19,41,10756.63,12,5,5,5,555,Champions
U10976,2025-04-29,37,10757.58,246,2,5,5,255,A risque
U00782,2025-06-28,25,10757.8,186,3,5,5,355,Clients fideles
U11457,2024-12-30,14,10760.72,366,2,4,5,245,A risque
U09702,2025-03-30,23,10761.63,276,2,5,5,255,A risque
U11321,2024-11-26,22,10763.6,400,1,5,5,155,A risque
U08301,2025-12-31,15,10772.64,0,5,4,5,545,Champions
U04592,2025-03-26,14,10776.22,280,2,4,5,245,A risque
U05424,2025-01-30,30,10783.67,335,2,5,5,255,A risque
U04813,2025-12-29,35,10786.36,2,5,5,5,555,Champions
U02307,2024-12-18,13,10790.45,378,2,4,5,245,A risque
U03573,2025-04-24,31,10792.03,251,2,5,5,255,A risque
U02288,2025-02-21,10,10797.8,313,2,3,5,235,A risque
U04806,2025-04-27,9,10799.41,248,2,3,5,235,A risque
U08657,2024-09-13,9,10802.81,474,1,3,5,135,A risque
U00134,2025-10-28,20,10807.94,64,4,5,5,455,Champions
U04802,2024-06-27,6,10812.15,552,1,2,5,125,Perdus
U09561,2025-10-27,18,10814.01,65,4,4,5,445,Champions
U07530,2025-06-24,39,10814.62,190,3,5,5,355,Clients fideles
U04699,2025-12-31,23,10819.6,0,5,5,5,555,Champions
U09875,2025-05-31,7,10820.98,214,3,2,5,325,Perdus
U08922,2025-06-25,21,10821.76,189,3,5,5,355,Clients fideles
U03908,2024-11-24,44,10822.53,402,1,5,5,155,A risque
U08659,2025-09-24,28,10824.31,98,4,5,5,455,Champions
U07407,2025-10-12,16,10827.17,80,4,4,5,445,Champions
U11968,2025-05-30,38,10837.56,215,3,5,5,355,Clients fideles
U11521,2025-09-07,14,10841.07,115,4,4,5,445,Champions
U04957,2025-09-27,27,10841.41,95,4,5,5,455,Champions
U07313,2025-11-30,22,10868.55,31,5,5,5,555,Champions
U04201,2025-06-19,24,10869.02,195,3,5,5,355,Clients fideles
U00963,2024-09-29,26,10873.9,458,1,5,5,155,A risque
U05481,2025-04-29,30,10877.9,246,2,5,5,255,A risque
U03981,2025-12-19,15,10879.41,12,5,4,5,545,Champions
U03935,2024-06-09,7,10881.66,570,1,2,5,125,Perdus
U10610,2025-07-27,31,10885.09,157,3,5,5,355,Clients fideles
U10375,2025-03-30,42,10901.89,276,2,5,5,255,A risque
U03070,2025-10-22,17,10903.45,70,4,4,5,445,Champions
U04870,2025-09-28,76,10904.1,94,4,5,5,455,Champions
U06883,2025-09-28,25,10909.64,94,4,5,5,455,Champions
U11599,2025-11-28,23,10910.63,33,5,5,5,555,Champions
U01413,2025-09-19,17,10914.5,103,4,4,5,445,Champions
U11861,2025-11-26,15,10924.78,35,5,4,5,545,Champions
U10171,2025-11-28,13,10940.36,33,5,4,5,545,Champions
U06042,2025-01-24,33,10947.61,341,2,5,5,255,A risque
U10896,2025-10-29,23,10947.9,63,4,5,5,455,Champions
U04053,2024-04-28,8,10953.33,612,1,3,5,135,A risque
U02938,2025-08-17,8,10956.04,136,3,3,5,335,Perdus
U09610,2025-08-31,38,10962.54,122,4,5,5,455,Champions
U01998,2025-09-27,34,10968.18,95,4,5,5,455,Champions
U07432,2025-10-19,18,10975.78,73,4,4,5,445,Champions
U10416,2025-12-31,12,10981.0,0,5,4,5,545,Champions
U00970,2025-09-28,11,10983.83,94,4,3,5,435,Perdus
U00605,2025-10-30,14,10991.91,62,4,4,5,445,Champions
U09764,2024-10-31,20,10994.6,426,1,5,5,155,A risque
U03168,2025-07-24,13,10996.94,160,3,4,5,345,Clients fideles
U04142,2025-03-23,18,11007.52,283,2,4,5,245,A risque
U07923,2025-10-19,33,11008.02,73,4,5,5,455,Champions
U04188,2025-08-31,47,11009.83,122,4,5,5,455,Champions
U01614,2025-08-21,10,11010.61,132,3,3,5,335,Perdus
U10167,2025-05-30,11,11021.5,215,3,3,5,335,Perdus
U03338,2025-09-14,8,11023.57,108,4,3,5,435,Perdus
U03450,2025-10-27,13,11028.91,65,4,4,5,445,Champions
U09872,2025-03-25,28,11029.46,281,2,5,5,255,A risque
U08679,2025-09-29,32,11036.17,93,4,5,5,455,Champions
U05496,2025-05-31,37,11039.25,214,3,5,5,355,Clients fideles
U10927,2024-06-28,31,11043.32,551,1,5,5,155,A risque
U06471,2025-05-27,30,11050.79,218,3,5,5,355,Clients fideles
U03601,2025-12-31,9,11051.27,0,5,3,5,535,Perdus
U00085,2025-10-28,37,11054.27,64,4,5,5,455,Champions
U04784,2025-06-30,18,11054.46,184,3,4,5,345,Clients fideles
U11551,2025-10-31,17,11055.18,61,4,4,5,445,Champions
U03522,2024-11-26,24,11059.03,400,1,5,5,155,A risque
U05147,2025-09-25,13,11060.15,97,4,4,5,445,Champions
U10552,2025-08-30,38,11060.15,123,4,5,5,455,Champions
U03626,2025-02-22,30,11069.1,312,2,5,5,255,A risque
U09880,2025-07-30,18,11073.52,154,3,4,5,345,Clients fideles
U11456,2025-12-28,54,11075.03,3,5,5,5,555,Champions
U01812,2025-02-28,11,11077.88,306,2,3,5,235,A risque
U08003,2025-12-31,17,11083.77,0,5,4,5,545,Champions
U10863,2025-08-31,8,11117.81,122,4,3,5,435,Perdus
U05452,2025-10-29,40,11118.61,63,4,5,5,455,Champions
U07564,2025-11-29,28,11120.1,32,5,5,5,555,Champions
U07813,2025-01-28,26,11128.59,337,2,5,5,255,A risque
U10773,2025-07-25,26,11129.52,159,3,5,5,355,Clients fideles
U02588,2025-07-31,21,11136.03,153,3,5,5,355,Clients fideles
U07799,2025-12-31,17,11136.12,0,5,4,5,545,Champions
U03602,2025-12-27,22,11141.26,4,5,5,5,555,Champions
U10163,2025-05-19,32,11147.26,226,3,5,5,355,Clients fideles
U10457,2025-04-24,16,11150.49,251,2,4,5,245,A risque
U04226,2025-09-29,38,11152.6,93,4,5,5,455,Champions
U10667,2025-10-30,22,11161.99,62,4,5,5,455,Champions
U05657,2025-03-28,29,11164.52,278,2,5,5,255,A risque
U02817,2025-07-28,40,11170.97,156,3,5,5,355,Clients fideles
U05705,2025-08-30,40,11175.9,123,4,5,5,455,Champions
U02868,2025-05-29,33,11187.5,216,3,5,5,355,Clients fideles
U09158,2025-10-17,54,11200.37,75,4,5,5,455,Champions
U01574,2024-07-24,15,11211.94,525,1,4,5,145,A risque
U08340,2024-09-20,15,11239.31,467,1,4,5,145,A risque
U09257,2025-12-25,17,11240.4,6,5,4,5,545,Champions
U10316,2025-03-30,24,11244.84,276,2,5,5,255,A risque
U01688,2025-12-27,13,11249.9,4,5,4,5,545,Champions
U07511,2024-12-31,29,11250.64,365,2,5,5,255,A risque
U07477,2025-12-31,37,11257.95,0,5,5,5,555,Champions
U05790,2024-12-12,18,11262.0,384,1,4,5,145,A risque
U02912,2024-09-28,5,11270.01,459,1,2,5,125,Perdus
U06599,2025-03-09,12,11273.81,297,2,4,5,245,A risque
U02273,2025-06-24,50,11274.34,190,3,5,5,355,Clients fideles
U07556,2025-07-27,10,11279.13,157,3,3,5,335,Perdus
U04842,2025-12-22,10,11279.83,9,5,3,5,535,Perdus
U03269,2025-10-29,18,11283.8,63,4,4,5,445,Champions
U11655,2025-11-28,41,11284.03,33,5,5,5,555,Champions
U04219,2025-05-25,27,11286.43,220,3,5,5,355,Clients fideles
U08856,2024-05-29,18,11310.24,581,1,4,5,145,A risque
U02959,2024-09-28,24,11319.98,459,1,5,5,155,A risque
U10182,2025-11-28,16,11320.75,33,5,4,5,545,Champions
U09530,2025-06-30,32,11323.02,184,3,5,5,355,Clients fideles
U06997,2025-07-29,23,11327.14,155,3,5,5,355,Clients fideles
U09235,2025-12-30,18,11342.99,1,5,4,5,545,Champions
U11070,2025-06-25,36,11347.07,189,3,5,5,355,Clients fideles
U04927,2025-09-30,54,11347.4,92,4,5,5,455,Champions
U09748,2025-04-27,13,11353.48,248,2,4,5,245,A risque
U09164,2025-10-27,34,11362.74,65,4,5,5,455,Champions
U11078,2025-08-23,17,11377.49,130,3,4,5,345,Clients fideles
U05766,2025-06-29,17,11377.8,185,3,4,5,345,Clients fideles
U05153,2025-01-28,49,11380.73,337,2,5,5,255,A risque
U06630,2025-04-27,14,11380.95,248,2,4,5,245,A risque
U11358,2025-09-29,31,11388.27,93,4,5,5,455,Champions
U01919,2025-03-28,19,11388.77,278,2,4,5,245,A risque
U08725,2025-02-13,21,11397.41,321,2,5,5,255,A risque
U11581,2025-07-24,15,11401.33,160,3,4,5,345,Clients fideles
U02694,2025-09-23,15,11402.49,99,4,4,5,445,Champions
U04499,2025-08-12,17,11411.96,141,3,4,5,345,Clients fideles
U06236,2025-11-30,50,11417.54,31,5,5,5,555,Champions
U02769,2025-08-29,17,11420.09,124,4,4,5,445,Champions
U02772,2025-12-31,43,11422.63,0,5,5,5,555,Champions
U06948,2025-09-21,70,11455.05,101,4,5,5,455,Champions
U05809,2025-12-25,12,11462.35,6,5,4,5,545,Champions
U06850,2025-01-21,28,11466.71,344,2,5,5,255,A risque
U00325,2025-01-29,39,11473.05,336,2,5,5,255,A risque
U07110,2024-09-21,15,11477.92,466,1,4,5,145,A risque
U06397,2025-08-23,20,11503.27,130,3,5,5,355,Clients fideles
U11335,2025-10-25,52,11512.24,67,4,5,5,455,Champions
U08165,2024-08-27,45,11522.91,491,1,5,5,155,A risque
U02477,2025-03-30,12,11524.06,276,2,4,5,245,A risque
U09544,2025-06-28,18,11524.12,186,3,4,5,345,Clients fideles
U03061,2025-10-19,25,11525.23,73,4,5,5,455,Champions
U08882,2025-10-27,20,11527.37,65,4,5,5,455,Champions
U07623,2025-11-27,20,11534.61,34,5,5,5,555,Champions
U06523,2025-07-19,35,11537.47,165,3,5,5,355,Clients fideles
U11038,2025-04-15,18,11549.18,260,2,4,5,245,A risque
U08984,2024-07-30,10,11550.46,519,1,3,5,135,A risque
U09260,2025-04-25,12,11568.68,250,2,4,5,245,A risque
U05672,2025-11-25,21,11570.34,36,5,5,5,555,Champions
U01522,2025-02-20,25,11574.2,314,2,5,5,255,A risque
U07320,2025-10-28,35,11582.71,64,4,5,5,455,Champions
U05855,2025-06-26,57,11599.77,188,3,5,5,355,Clients fideles
U02822,2024-03-24,11,11607.45,647,1,3,5,135,A risque
U07277,2025-08-27,30,11610.1,126,4,5,5,455,Champions
U09923,2024-04-15,12,11623.83,625,1,4,5,145,A risque
U06949,2025-10-29,18,11640.34,63,4,4,5,445,Champions
U10192,2025-05-25,12,11646.3,220,3,4,5,345,Clients fideles
U06170,2025-12-22,15,11649.96,9,5,4,5,545,Champions
U10484,2025-09-25,21,11651.69,97,4,5,5,455,Champions
U08019,2025-11-30,31,11652.0,31,5,5,5,555,Champions
U02676,2025-10-30,26,11653.75,62,4,5,5,455,Champions
U08557,2025-11-29,20,11654.75,32,5,5,5,555,Champions
U11529,2025-11-08,18,11679.49,53,4,4,5,445,Champions
U02041,2025-04-23,26,11681.02,252,2,5,5,255,A risque
U08603,2025-09-28,27,11683.07,94,4,5,5,455,Champions
U03211,2025-03-29,20,11695.0,277,2,5,5,255,A risque
U00856,2025-06-21,11,11698.15,193,3,3,5,335,Perdus
U07179,2025-05-15,18,11701.13,230,3,4,5,345,Clients fideles
U00592,2025-06-14,15,11708.22,200,3,4,5,345,Clients fideles
U01123,2025-01-27,48,11710.9,338,2,5,5,255,A risque
U05598,2025-09-13,29,11711.5,109,4,5,5,455,Champions
U02362,2024-09-25,12,11717.77,462,1,4,5,145,A risque
U05848,2025-11-30,14,11718.07,31,5,4,5,545,Champions
U07798,2025-02-26,16,11732.88,308,2,4,5,245,A risque
U07939,2024-11-18,13,11743.75,408,1,4,5,145,A risque
U04061,2025-11-22,30,11745.9,39,5,5,5,555,Champions
U11373,2025-05-29,14,11746.09,216,3,4,5,345,Clients fideles
U08873,2025-11-29,28,11749.92,32,5,5,5,555,Champions
U08889,2025-08-29,24,11759.77,124,4,5,5,455,Champions
U00267,2025-10-16,25,11763.48,76,4,5,5,455,Champions
U06654,2025-09-23,12,11772.49,99,4,4,5,445,Champions
U11672,2025-04-28,19,11782.9,247,2,5,5,255,A risque
U07193,2025-09-22,24,11789.79,100,4,5,5,455,Champions
U02268,2025-02-08,15,11794.21,326,2,4,5,245,A risque
U10514,2025-06-28,20,11801.04,186,3,5,5,355,Clients fideles
U05811,2025-09-28,43,11805.39,94,4,5,5,455,Champions
U07586,2024-09-10,16,11807.25,477,1,4,5,145,A risque
U10840,2025-06-22,24,11810.24,192,3,5,5,355,Clients fideles
U03479,2025-07-28,33,11811.03,156,3,5,5,355,Clients fideles
U06865,2025-10-21,25,11827.48,71,4,5,5,455,Champions
U00865,2024-10-31,25,11835.29,426,1,5,5,155,A risque
U10774,2025-08-13,11,11838.04,140,3,3,5,335,Perdus
U05278,2025-01-31,33,11852.9,334,2,5,5,255,A risque
U03706,2025-12-15,27,11856.14,16,5,5,5,555,Champions
U10763,2025-01-29,9,11860.03,336,2,3,5,235,A risque
U10348,2025-04-07,19,11863.62,268,2,4,5,245,A risque
U07184,2025-11-27,30,11866.2,34,5,5,5,555,Champions
U10403,2024-07-29,22,11875.44,520,1,5,5,155,A risque
U07371,2025-05-16,13,11876.25,229,3,4,5,345,Clients fideles
U03005,2025-04-23,18,11883.2,252,2,4,5,245,A risque
U02718,2025-07-28,24,11886.84,156,3,5,5,355,Clients fideles
U09396,2025-06-28,51,11892.5,186,3,5,5,355,Clients fideles
U00835,2025-10-18,37,11898.59,74,4,5,5,455,Champions
U06395,2025-11-30,25,11912.64,31,5,5,5,555,Champions
U03873,2025-12-21,22,11945.11,10,5,5,5,555,Champions
U08947,2025-01-30,41,11945.62,335,2,5,5,255,A risque
U10715,2025-02-25,33,11952.09,309,2,5,5,255,A risque
U00929,2025-09-25,24,11962.32,97,4,5,5,455,Champions
U06797,2025-12-14,18,11962.46,17,5,4,5,545,Champions
U08597,2025-08-14,15,11968.35,139,3,4,5,345,Clients fideles
U11985,2025-11-28,27,11969.82,33,5,5,5,555,Champions
U01442,2025-11-27,21,11972.13,34,5,5,5,555,Champions
U11919,2025-04-25,10,11978.45,250,2,3,5,235,A risque
U09928,2025-11-22,21,11984.16,39,5,5,5,555,Champions
U09750,2025-10-26,27,11984.3,66,4,5,5,455,Champions
U07036,2025-10-08,12,11985.94,84,4,4,5,445,Champions
U09934,2025-09-28,25,11986.4,94,4,5,5,455,Champions
U07119,2025-07-21,16,11991.42,163,3,4,5,345,Clients fideles
U02040,2025-10-26,23,11992.63,66,4,5,5,455,Champions
U11995,2025-12-23,20,12006.1,8,5,5,5,555,Champions
U06964,2025-12-30,24,12010.62,1,5,5,5,555,Champions
U11159,2025-11-27,19,12012.89,34,5,5,5,555,Champions
U00384,2024-10-24,53,12016.45,433,1,5,5,155,A risque
U09126,2025-06-28,18,12027.8,186,3,4,5,345,Clients fideles
U11932,2025-10-14,2,12039.1,78,4,1,5,415,Nouveaux
U11136,2025-02-20,38,12043.19,314,2,5,5,255,A risque
U07861,2025-03-27,35,12055.44,279,2,5,5,255,A risque
U11330,2025-06-25,14,12088.15,189,3,4,5,345,Clients fideles
U02311,2025-02-22,41,12104.78,312,2,5,5,255,A risque
U01482,2025-05-29,24,12107.45,216,3,5,5,355,Clients fideles
U10179,2024-11-24,27,12107.45,402,1,5,5,155,A risque
U02652,2025-05-31,28,12108.95,214,3,5,5,355,Clients fideles
U00168,2025-12-03,22,12110.7,28,5,5,5,555,Champions
U06181,2025-04-30,10,12116.11,245,3,3,5,335,Perdus
U02866,2025-07-29,26,12128.86,155,3,5,5,355,Clients fideles
U03309,2025-06-27,57,12162.51,187,3,5,5,355,Clients fideles
U02237,2025-12-28,34,12170.16,3,5,5,5,555,Champions
U11498,2025-06-25,18,12180.84,189,3,4,5,345,Clients fideles
U10929,2025-12-30,17,12183.89,1,5,4,5,545,Champions
U11710,2024-10-22,22,12185.29,435,1,5,5,155,A risque
U05127,2025-08-30,37,12197.04,123,4,5,5,455,Champions
U03842,2025-12-29,36,12198.48,2,5,5,5,555,Champions
U08224,2025-11-18,10,12203.02,43,5,3,5,535,Perdus
U00243,2025-09-17,20,12213.38,105,4,5,5,455,Champions
U10733,2025-12-24,16,12219.41,7,5,4,5,545,Champions
U11193,2025-11-29,25,12220.18,32,5,5,5,555,Champions
U08036,2025-12-28,18,12226.71,3,5,4,5,545,Champions
U11905,2024-12-21,12,12228.64,375,2,4,5,245,A risque
U05113,2024-10-27,19,12233.31,430,1,4,5,145,A risque
U11416,2025-05-24,27,12239.38,221,3,5,5,355,Clients fideles
U09752,2025-11-30,36,12248.6,31,5,5,5,555,Champions
U10283,2025-07-24,16,12253.13,160,3,4,5,345,Clients fideles
U11465,2025-03-27,9,12266.57,279,2,3,5,235,A risque
U00289,2025-09-28,11,12289.7,94,4,3,5,435,Perdus
U07733,2025-03-29,33,12299.37,277,2,5,5,255,A risque
U11364,2024-09-25,24,12318.11,462,1,5,5,155,A risque
U11676,2025-09-27,16,12319.15,95,4,4,5,445,Champions
U02554,2025-03-23,20,12333.18,283,2,5,5,255,A risque
U06747,2025-07-30,40,12344.41,154,3,5,5,355,Clients fideles
U03107,2025-12-30,16,12345.51,1,5,4,5,545,Champions
U08596,2025-02-20,18,12355.11,314,2,4,5,245,A risque
U07925,2025-03-17,18,12355.42,289,2,4,5,245,A risque
U05122,2025-08-20,12,12355.51,133,3,4,5,345,Clients fideles
U07875,2025-12-27,11,12379.27,4,5,3,5,535,Perdus
U03027,2025-03-30,50,12386.5,276,2,5,5,255,A risque
U07641,2025-12-28,18,12387.21,3,5,4,5,545,Champions
U08068,2025-12-28,44,12392.6,3,5,5,5,555,Champions
U04256,2025-06-16,15,12406.78,198,3,4,5,345,Clients fideles
U06147,2024-09-24,29,12410.02,463,1,5,5,155,A risque
U02168,2025-09-30,63,12415.26,92,4,5,5,455,Champions
U08442,2025-01-30,45,12416.68,335,2,5,5,255,A risque
U09446,2025-10-17,17,12420.85,75,4,4,5,445,Champions
U08060,2025-12-29,16,12430.69,2,5,4,5,545,Champions
U05284,2025-06-24,17,12436.41,190,3,4,5,345,Clients fideles
U11247,2025-09-30,19,12450.73,92,4,5,5,455,Champions
U03758,2025-05-31,20,12454.9,214,3,5,5,355,Clients fideles
U02531,2024-12-30,12,12464.04,366,2,4,5,245,A risque
U04958,2025-09-26,23,12469.2,96,4,5,5,455,Champions
U10602,2025-07-30,52,12469.4,154,3,5,5,355,Clients fideles
U09506,2025-08-30,46,12470.1,123,4,5,5,455,Champions
U06072,2025-12-27,19,12481.12,4,5,5,5,555,Champions
U08210,2025-06-29,18,12488.25,185,3,4,5,345,Clients fideles
U08418,2025-12-30,49,12498.88,1,5,5,5,555,Champions
U10328,2025-08-27,10,12499.76,126,4,3,5,435,Perdus
U10479,2025-10-23,29,12510.26,69,4,5,5,455,Champions
U11241,2025-01-24,27,12511.69,341,2,5,5,255,A risque
U05908,2025-10-27,22,12514.14,65,4,5,5,455,Champions
U09596,2025-07-17,20,12523.29,167,3,5,5,355,Clients fideles
U02079,2025-04-26,36,12527.83,249,2,5,5,255,A risque
U01733,2025-06-22,21,12537.83,192,3,5,5,355,Clients fideles
U11938,2025-08-27,37,12546.8,126,4,5,5,455,Champions
U01801,2024-06-29,14,12554.16,550,1,4,5,145,A risque
U08355,2025-04-30,43,12558.38,245,3,5,5,355,Clients fideles
U03053,2025-09-23,26,12569.99,99,4,5,5,455,Champions
U01068,2025-07-30,39,12570.25,154,3,5,5,355,Clients fideles
U00527,2025-12-23,28,12585.26,8,5,5,5,555,Champions
U07401,2025-12-27,8,12586.81,4,5,3,5,535,Perdus
U08465,2025-06-25,13,12604.22,189,3,4,5,345,Clients fideles
U01979,2025-11-29,36,12617.12,32,5,5,5,555,Champions
U06061,2025-12-31,51,12649.48,0,5,5,5,555,Champions
U00059,2024-08-26,22,12650.03,492,1,5,5,155,A risque
U10017,2025-07-31,21,12650.61,153,3,5,5,355,Clients fideles
U10921,2025-02-26,16,12653.48,308,2,4,5,245,A risque
U10656,2025-12-28,40,12668.34,3,5,5,5,555,Champions
U07571,2025-08-29,62,12677.21,124,4,5,5,455,Champions
U09730,2025-07-28,46,12678.59,156,3,5,5,355,Clients fideles
U07337,2024-09-27,38,12683.34,460,1,5,5,155,A risque
U03864,2025-07-30,24,12691.6,154,3,5,5,355,Clients fideles
U03175,2025-03-29,27,12692.97,277,2,5,5,255,A risque
U09746,2025-10-30,37,12696.03,62,4,5,5,455,Champions
U02025,2025-12-31,32,12697.15,0,5,5,5,555,Champions
U09630,2025-07-31,31,12699.71,153,3,5,5,355,Clients fideles
U09354,2025-05-24,19,12710.79,221,3,5,5,355,Clients fideles
U02184,2025-04-11,15,12711.85,264,2,4,5,245,A risque
U07438,2025-03-22,55,12719.18,284,2,5,5,255,A risque
U07319,2024-11-22,51,12719.54,404,1,5,5,155,A risque
U09805,2025-07-29,21,12725.23,155,3,5,5,355,Clients fideles
U01338,2025-12-31,47,12729.19,0,5,5,5,555,Champions
U11509,2024-11-29,15,12731.53,397,1,4,5,145,A risque
U02057,2025-10-30,28,12738.45,62,4,5,5,455,Champions
U10477,2025-05-24,46,12743.05,221,3,5,5,355,Clients fideles
U00805,2025-04-28,18,12744.34,247,2,4,5,245,A risque
U11671,2025-08-19,10,12762.5,134,3,3,5,335,Perdus
U03122,2025-07-18,29,12765.47,166,3,5,5,355,Clients fideles
U03903,2025-06-24,22,12767.4,190,3,5,5,355,Clients fideles
U11018,2025-12-25,15,12776.61,6,5,4,5,545,Champions
U06554,2025-10-23,19,12800.48,69,4,5,5,455,Champions
U04920,2025-03-17,16,12828.87,289,2,4,5,245,A risque
U01195,2025-03-27,17,12831.58,279,2,4,5,245,A risque
U04579,2025-07-26,19,12833.22,158,3,5,5,355,Clients fideles
U11462,2025-07-30,21,12838.35,154,3,5,5,355,Clients fideles
U04183,2025-01-27,38,12839.4,338,2,5,5,255,A risque
U04209,2025-09-30,22,12843.3,92,4,5,5,455,Champions
U01319,2025-03-30,28,12855.83,276,2,5,5,255,A risque
U09625,2025-04-29,21,12858.37,246,2,5,5,255,A risque
U06553,2025-03-29,27,12861.28,277,2,5,5,255,A risque
U08088,2025-03-22,33,12885.6,284,2,5,5,255,A risque
U09433,2025-12-30,13,12895.59,1,5,4,5,545,Champions
U03371,2025-09-22,16,12898.41,100,4,4,5,445,Champions
U04698,2025-03-28,66,12915.78,278,2,5,5,255,A risque
U02068,2025-06-21,25,12917.79,193,3,5,5,355,Clients fideles
U05043,2025-12-31,55,12918.55,0,5,5,5,555,Champions
U04178,2025-09-20,10,12926.06,102,4,3,5,435,Perdus
U10365,2025-11-30,49,12930.62,31,5,5,5,555,Champions
U01008,2025-02-13,37,12950.2,321,2,5,5,255,A risque
U06318,2025-12-26,28,12954.12,5,5,5,5,555,Champions
U06507,2025-09-24,13,12956.59,98,4,4,5,445,Champions
U10578,2025-01-28,31,12972.23,337,2,5,5,255,A risque
U03608,2025-09-24,11,12985.91,98,4,3,5,435,Perdus
U01246,2025-10-31,28,12994.73,61,4,5,5,455,Champions
U09919,2025-04-14,17,12995.11,261,2,4,5,245,A risque
U01440,2025-10-30,23,13011.41,62,4,5,5,455,Champions
U04048,2025-10-29,19,13024.13,63,4,5,5,455,Champions
U06171,2025-11-25,13,13024.46,36,5,4,5,545,Champions
U10294,2025-04-22,46,13034.39,253,2,5,5,255,A risque
U02056,2025-01-25,8,13089.52,340,2,3,5,235,A risque
U07397,2025-11-27,34,13109.89,34,5,5,5,555,Champions
U02078,2025-11-13,25,13120.65,48,4,5,5,455,Champions
U06394,2025-04-15,24,13120.9,260,2,5,5,255,A risque
U01189,2025-11-27,41,13122.13,34,5,5,5,555,Champions
U10448,2025-09-29,20,13125.32,93,4,5,5,455,Champions
U03349,2024-11-20,12,13131.98,406,1,4,5,145,A risque
U09545,2025-11-30,29,13146.39,31,5,5,5,555,Champions
U09450,2025-04-25,18,13148.23,250,2,4,5,245,A risque
U02799,2025-09-30,32,13156.7,92,4,5,5,455,Champions
U07143,2025-02-23,24,13181.87,311,2,5,5,255,A risque
U01717,2025-07-30,37,13198.03,154,3,5,5,355,Clients fideles
U04687,2025-01-31,42,13200.64,334,2,5,5,255,A risque
U01497,2025-11-28,26,13223.91,33,5,5,5,555,Champions
U00775,2025-12-23,20,13227.3,8,5,5,5,555,Champions
U00794,2025-12-28,37,13236.13,3,5,5,5,555,Champions
U02690,2025-11-21,38,13268.93,40,5,5,5,555,Champions
U11549,2025-08-31,53,13270.06,122,4,5,5,455,Champions
U00791,2025-01-23,27,13273.68,342,2,5,5,255,A risque
U00552,2025-11-18,28,13282.42,43,5,5,5,555,Champions
U03134,2025-12-28,22,13286.33,3,5,5,5,555,Champions
U07398,2025-05-31,35,13301.0,214,3,5,5,355,Clients fideles
U02036,2024-09-28,34,13301.21,459,1,5,5,155,A risque
U01435,2025-09-24,13,13307.8,98,4,4,5,445,Champions
U00462,2025-04-23,14,13313.15,252,2,4,5,245,A risque
U01836,2025-07-31,29,13320.67,153,3,5,5,355,Clients fideles
U08579,2025-08-30,33,13321.98,123,4,5,5,455,Champions
U04300,2025-12-30,16,13325.98,1,5,4,5,545,Champions
U07506,2025-03-23,24,13333.61,283,2,5,5,255,A risque
U00914,2025-09-30,8,13335.45,92,4,3,5,435,Perdus
U07475,2025-10-31,27,13340.81,61,4,5,5,455,Champions
U08491,2025-12-29,25,13350.63,2,5,5,5,555,Champions
U07043,2025-05-28,46,13354.25,217,3,5,5,355,Clients fideles
U02672,2024-11-30,34,13356.75,396,1,5,5,155,A risque
U03540,2025-02-12,12,13370.31,322,2,4,5,245,A risque
U03047,2024-11-23,33,13371.61,403,1,5,5,155,A risque
U02215,2025-08-27,36,13394.04,126,4,5,5,455,Champions
U03131,2025-08-23,32,13397.69,130,3,5,5,355,Clients fideles
U01255,2025-12-19,34,13398.82,12,5,5,5,555,Champions
U03538,2025-05-17,17,13405.92,228,3,4,5,345,Clients fideles
U06718,2025-02-28,37,13407.43,306,2,5,5,255,A risque
U02876,2025-07-11,24,13410.03,173,3,5,5,355,Clients fideles
U04776,2025-02-28,18,13444.31,306,2,4,5,245,A risque
U10839,2025-07-30,28,13444.42,154,3,5,5,355,Clients fideles
U07178,2025-10-31,24,13447.69,61,4,5,5,455,Champions
U02091,2025-05-19,28,13454.33,226,3,5,5,355,Clients fideles
U09620,2025-07-28,27,13456.62,156,3,5,5,355,Clients fideles
U11109,2024-12-27,39,13463.59,369,2,5,5,255,A risque
U01958,2025-06-29,25,13468.5,185,3,5,5,355,Clients fideles
U00206,2025-04-26,12,13471.67,249,2,4,5,245,A risque
U10501,2025-11-14,36,13478.13,47,4,5,5,455,Champions
U08654,2025-10-24,35,13482.99,68,4,5,5,455,Champions
U09668,2025-03-20,9,13485.87,286,2,3,5,235,A risque
U05611,2025-10-25,12,13486.46,67,4,4,5,445,Champions
U01178,2025-07-30,34,13492.35,154,3,5,5,355,Clients fideles
U11180,2024-11-11,31,13501.18,415,1,5,5,155,A risque
U09653,2025-12-28,21,13504.78,3,5,5,5,555,Champions
U00655,2025-02-07,26,13509.13,327,2,5,5,255,A risque
U09184,2025-09-26,18,13527.83,96,4,4,5,445,Champions
U03006,2025-12-10,25,13535.45,21,5,5,5,555,Champions
U07785,2025-08-31,16,13544.68,122,4,4,5,445,Champions
U08951,2025-11-28,24,13546.12,33,5,5,5,555,Champions
U04267,2025-07-26,31,13574.9,158,3,5,5,355,Clients fideles
U00285,2024-11-30,27,13594.48,396,1,5,5,155,A risque
U03184,2025-11-24,13,13601.8,37,5,4,5,545,Champions
U08009,2025-06-25,25,13602.64,189,3,5,5,355,Clients fideles
U11615,2025-05-23,28,13627.17,222,3,5,5,355,Clients fideles
U04375,2025-07-15,21,13635.9,169,3,5,5,355,Clients fideles
U03214,2025-12-28,26,13643.58,3,5,5,5,555,Champions
U05400,2025-06-25,21,13652.3,189,3,5,5,355,Clients fideles
U00145,2025-07-29,38,13653.67,155,3,5,5,355,Clients fideles
U09285,2025-05-24,20,13656.33,221,3,5,5,355,Clients fideles
U08527,2025-10-30,15,13659.08,62,4,4,5,445,Champions
U00704,2025-07-25,29,13660.73,159,3,5,5,355,Clients fideles
U07741,2025-10-28,18,13679.35,64,4,4,5,445,Champions
U09375,2025-12-29,14,13681.74,2,5,4,5,545,Champions
U00376,2025-08-31,22,13683.18,122,4,5,5,455,Champions
U11482,2025-07-31,54,13686.67,153,3,5,5,355,Clients fideles
U03537,2025-02-26,50,13691.05,308,2,5,5,255,A risque
U01662,2024-09-28,37,13710.81,459,1,5,5,155,A risque
U04605,2025-09-26,29,13717.28,96,4,5,5,455,Champions
U05788,2025-02-26,27,13734.36,308,2,5,5,255,A risque
U06214,2025-02-25,25,13740.14,309,2,5,5,255,A risque
U08485,2025-11-17,23,13748.49,44,5,5,5,555,Champions
U09884,2025-11-28,17,13765.12,33,5,4,5,545,Champions
U08075,2025-04-30,58,13774.05,245,3,5,5,355,Clients fideles
U04593,2025-09-29,52,13807.35,93,4,5,5,455,Champions
U01299,2024-09-27,19,13811.74,460,1,4,5,145,A risque
U03680,2025-06-28,51,13815.36,186,3,5,5,355,Clients fideles
U09656,2024-12-25,60,13828.86,371,2,5,5,255,A risque
U02707,2025-10-25,27,13838.88,67,4,5,5,455,Champions
U07422,2025-01-21,24,13862.18,344,2,5,5,255,A risque
U05874,2025-03-30,21,13875.82,276,2,5,5,255,A risque
U09726,2025-12-20,16,13892.26,11,5,4,5,545,Champions
U00881,2025-12-29,29,13897.11,2,5,5,5,555,Champions
U01571,2025-09-28,31,13907.82,94,4,5,5,455,Champions
U09842,2025-10-26,47,13932.57,66,4,5,5,455,Champions
U07385,2025-11-30,40,13939.3,31,5,5,5,555,Champions
U02347,2024-04-25,10,13947.49,615,1,3,5,135,A risque
U04276,2025-03-27,21,13949.81,279,2,5,5,255,A risque
U05487,2025-09-23,22,13958.65,99,4,5,5,455,Champions
U02709,2025-03-31,38,13960.38,275,2,5,5,255,A risque
U10822,2025-08-24,30,14000.33,129,3,5,5,355,Clients fideles
U10072,2025-11-19,19,14009.69,42,5,5,5,555,Champions
U07491,2024-12-22,30,14013.59,374,2,5,5,255,A risque
U04995,2025-12-31,27,14017.98,0,5,5,5,555,Champions
U02844,2025-05-29,37,14028.47,216,3,5,5,355,Clients fideles
U01143,2024-11-27,29,14042.78,399,1,5,5,155,A risque
U06916,2025-07-26,47,14049.42,158,3,5,5,355,Clients fideles
U11868,2025-01-27,42,14058.82,338,2,5,5,255,A risque
U05567,2025-09-28,32,14064.32,94,4,5,5,455,Champions
U00715,2025-10-27,21,14078.27,65,4,5,5,455,Champions
U09434,2025-11-29,22,14090.01,32,5,5,5,555,Champions
U03265,2025-08-21,35,14109.79,132,3,5,5,355,Clients fideles
U11503,2025-06-22,26,14129.69,192,3,5,5,355,Clients fideles
U01552,2025-12-24,37,14142.44,7,5,5,5,555,Champions
U08899,2025-12-21,26,14144.19,10,5,5,5,555,Champions
U09964,2025-06-30,78,14146.01,184,3,5,5,355,Clients fideles
U01724,2025-11-28,38,14155.05,33,5,5,5,555,Champions
U07310,2024-10-23,23,14155.38,434,1,5,5,155,A risque
U02736,2025-07-22,15,14170.03,162,3,4,5,345,Clients fideles
U11934,2024-08-31,10,14176.39,487,1,3,5,135,A risque
U05783,2024-10-26,22,14185.95,431,1,5,5,155,A risque
U05410,2024-11-15,24,14198.07,411,1,5,5,155,A risque
U07408,2024-12-24,22,14200.26,372,2,5,5,255,A risque
U03973,2025-06-30,37,14227.32,184,3,5,5,355,Clients fideles
U11102,2024-09-30,37,14237.54,457,1,5,5,155,A risque
U07122,2024-11-23,14,14239.59,403,1,4,5,145,A risque
U11120,2025-12-28,22,14256.45,3,5,5,5,555,Champions
U09345,2025-08-28,23,14270.77,125,4,5,5,455,Champions
U08460,2025-01-27,48,14282.36,338,2,5,5,255,A risque
U11543,2025-09-20,20,14289.6,102,4,5,5,455,Champions
U08183,2025-06-28,45,14297.91,186,3,5,5,355,Clients fideles
U09389,2025-02-28,30,14298.44,306,2,5,5,255,A risque
U06972,2025-11-25,43,14309.51,36,5,5,5,555,Champions
U00756,2024-07-19,12,14323.89,530,1,4,5,145,A risque
U09641,2025-03-29,28,14329.89,277,2,5,5,255,A risque
U10847,2025-08-29,39,14347.29,124,4,5,5,455,Champions
U01981,2025-12-30,31,14359.02,1,5,5,5,555,Champions
U05201,2025-10-30,47,14359.03,62,4,5,5,455,Champions
U01092,2025-06-25,40,14360.3,189,3,5,5,355,Clients fideles
U08986,2025-07-06,14,14361.41,178,3,4,5,345,Clients fideles
U07380,2025-11-30,25,14370.28,31,5,5,5,555,Champions
U01013,2024-11-26,10,14383.78,400,1,3,5,135,A risque
U03858,2025-11-28,35,14412.74,33,5,5,5,555,Champions
U11819,2025-06-18,10,14421.72,196,3,3,5,335,Perdus
U01883,2025-11-29,30,14422.22,32,5,5,5,555,Champions
U08443,2025-09-29,33,14433.88,93,4,5,5,455,Champions
U11530,2025-08-29,24,14434.16,124,4,5,5,455,Champions
U10006,2025-09-29,18,14443.11,93,4,4,5,445,Champions
U01797,2025-09-30,14,14444.26,92,4,4,5,445,Champions
U05234,2025-11-23,24,14446.82,38,5,5,5,555,Champions
U09008,2025-12-27,31,14456.81,4,5,5,5,555,Champions
U05758,2025-04-29,60,14461.92,246,2,5,5,255,A risque
U09060,2025-11-28,30,14467.99,33,5,5,5,555,Champions
U04596,2025-12-29,31,14486.3,2,5,5,5,555,Champions
U03708,2025-06-13,14,14498.06,201,3,4,5,345,Clients fideles
U02313,2025-10-31,12,14511.99,61,4,4,5,445,Champions
U02819,2025-09-27,22,14518.03,95,4,5,5,455,Champions
U02310,2025-05-25,29,14531.41,220,3,5,5,355,Clients fideles
U09850,2025-06-26,16,14535.96,188,3,4,5,345,Clients fideles
U01696,2025-06-28,43,14556.0,186,3,5,5,355,Clients fideles
U07630,2025-12-31,50,14558.11,0,5,5,5,555,Champions
U02568,2025-12-28,21,14559.64,3,5,5,5,555,Champions
U10034,2025-10-12,27,14559.78,80,4,5,5,455,Champions
U06070,2025-05-20,12,14594.27,225,3,4,5,345,Clients fideles
U06073,2025-10-30,25,14595.72,62,4,5,5,455,Champions
U03030,2025-01-21,11,14600.1,344,2,3,5,235,A risque
U05591,2025-06-27,25,14600.96,187,3,5,5,355,Clients fideles
U03698,2024-12-13,12,14605.54,383,2,4,5,245,A risque
U01128,2025-01-31,30,14623.69,334,2,5,5,255,A risque
U11593,2025-01-30,14,14627.68,335,2,4,5,245,A risque
U05483,2025-10-28,28,14629.27,64,4,5,5,455,Champions
U06178,2024-08-30,17,14640.15,488,1,4,5,145,A risque
U06262,2025-12-25,12,14651.67,6,5,4,5,545,Champions
U07538,2025-07-23,32,14659.93,161,3,5,5,355,Clients fideles
U05510,2025-09-23,34,14660.08,99,4,5,5,455,Champions
U10950,2025-12-20,49,14665.86,11,5,5,5,555,Champions
U00502,2025-12-29,25,14672.1,2,5,5,5,555,Champions
U05618,2025-05-31,38,14677.98,214,3,5,5,355,Clients fideles
U10005,2025-04-10,15,14678.44,265,2,4,5,245,A risque
U05585,2025-09-30,41,14708.45,92,4,5,5,455,Champions
U06458,2025-07-31,36,14718.48,153,3,5,5,355,Clients fideles
U03643,2025-05-28,28,14728.09,217,3,5,5,355,Clients fideles
U03422,2024-07-28,21,14729.25,521,1,5,5,155,A risque
U04960,2025-03-28,26,14733.02,278,2,5,5,255,A risque
U10544,2025-10-27,26,14735.73,65,4,5,5,455,Champions
U10492,2025-11-10,14,14738.59,51,4,4,5,445,Champions
U00983,2025-12-31,39,14750.34,0,5,5,5,555,Champions
U00789,2025-04-30,18,14759.22,245,3,4,5,345,Clients fideles
U09604,2025-07-29,47,14766.68,155,3,5,5,355,Clients fideles
U04405,2025-05-19,33,14769.59,226,3,5,5,355,Clients fideles
U07016,2025-06-15,11,14787.99,199,3,3,5,335,Perdus
U08701,2025-09-28,30,14804.91,94,4,5,5,455,Champions
U11464,2024-08-29,38,14814.72,489,1,5,5,155,A risque
U07892,2025-01-30,61,14817.99,335,2,5,5,255,A risque
U03640,2025-10-30,46,14827.13,62,4,5,5,455,Champions
U08270,2024-11-14,24,14848.38,412,1,5,5,155,A risque
U05350,2025-11-30,36,14853.52,31,5,5,5,555,Champions
U11716,2025-11-15,15,14857.85,46,5,4,5,545,Champions
U06108,2025-06-30,39,14858.65,184,3,5,5,355,Clients fideles
U08427,2024-07-24,13,14861.63,525,1,4,5,145,A risque
U08151,2025-09-26,50,14869.62,96,4,5,5,455,Champions
U00637,2025-10-31,33,14873.24,61,4,5,5,455,Champions
U05121,2025-02-24,12,14887.73,310,2,4,5,245,A risque
U03777,2025-10-22,14,14888.49,70,4,4,5,445,Champions
U04438,2025-11-22,27,14892.26,39,5,5,5,555,Champions
U10788,2025-04-26,29,14897.2,249,2,5,5,255,A risque
U00871,2025-12-24,17,14906.43,7,5,4,5,545,Champions
U10143,2025-02-28,28,14910.95,306,2,5,5,255,A risque
U09223,2025-05-26,18,14911.15,219,3,4,5,345,Clients fideles
U07428,2024-09-30,30,14938.03,457,1,5,5,155,A risque
U08375,2025-12-27,19,14954.3,4,5,5,5,555,Champions
U08098,2025-01-09,20,14972.25,356,2,5,5,255,A risque
U03743,2025-10-30,19,14990.96,62,4,5,5,455,Champions
U10995,2025-09-29,52,15014.42,93,4,5,5,455,Champions
U11864,2025-10-30,16,15022.86,62,4,4,5,445,Champions
U04892,2025-01-30,19,15026.72,335,2,4,5,245,A risque
U11694,2025-07-27,22,15045.23,157,3,5,5,355,Clients fideles
U03955,2025-04-27,22,15055.64,248,2,5,5,255,A risque
U05241,2025-04-23,22,15058.8,252,2,5,5,255,A risque
U10132,2025-07-29,26,15083.54,155,3,5,5,355,Clients fideles
U10727,2025-02-22,21,15086.05,312,2,5,5,255,A risque
U07854,2025-02-18,27,15090.34,316,2,5,5,255,A risque
U01771,2025-06-27,36,15091.42,187,3,5,5,355,Clients fideles
U05207,2025-02-13,15,15092.54,321,2,4,5,245,A risque
U00081,2025-09-21,31,15101.75,101,4,5,5,455,Champions
U07916,2025-06-30,34,15108.77,184,3,5,5,355,Clients fideles
U07047,2025-08-24,27,15124.55,129,3,5,5,355,Clients fideles
U09627,2025-11-28,22,15124.84,33,5,5,5,555,Champions
U07415,2025-08-17,45,15130.74,136,3,5,5,355,Clients fideles
U05381,2025-12-14,7,15134.81,17,5,3,5,535,Perdus
U08908,2025-07-21,16,15149.97,163,3,4,5,345,Clients fideles
U04479,2025-08-31,37,15151.71,122,4,5,5,455,Champions
U03860,2025-05-13,45,15159.06,232,3,5,5,355,Clients fideles
U09428,2025-05-30,17,15167.25,215,3,4,5,345,Clients fideles
U05252,2025-11-27,18,15183.79,34,5,4,5,545,Champions
U03164,2025-03-22,22,15188.54,284,2,5,5,255,A risque
U00952,2025-04-22,15,15189.11,253,2,4,5,245,A risque
U08737,2025-01-04,17,15191.35,361,2,4,5,245,A risque
U06429,2024-06-28,18,15208.16,551,1,4,5,145,A risque
U10720,2025-10-24,18,15214.84,68,4,4,5,445,Champions
U03606,2024-08-02,10,15220.18,516,1,3,5,135,A risque
U08756,2025-09-28,33,15236.2,94,4,5,5,455,Champions
U04891,2025-10-28,19,15249.59,64,4,5,5,455,Champions
U08070,2025-10-31,37,15250.76,61,4,5,5,455,Champions
U00627,2025-12-31,30,15252.96,0,5,5,5,555,Champions
U02990,2025-10-28,25,15256.94,64,4,5,5,455,Champions
U01900,2025-12-26,13,15267.4,5,5,4,5,545,Champions
U07853,2025-01-24,38,15275.81,341,2,5,5,255,A risque
U02867,2024-12-23,26,15292.31,373,2,5,5,255,A risque
U09046,2025-10-29,25,15317.04,63,4,5,5,455,Champions
U10271,2025-08-28,9,15322.49,125,4,3,5,435,Perdus
U09784,2025-12-16,20,15324.26,15,5,5,5,555,Champions
U06921,2025-07-26,42,15327.11,158,3,5,5,355,Clients fideles
U09669,2025-04-15,11,15335.36,260,2,3,5,235,A risque
U07463,2025-07-26,45,15339.82,158,3,5,5,355,Clients fideles
U11354,2025-04-29,34,15340.82,246,3,5,5,355,Clients fideles
U07348,2025-01-30,10,15341.16,335,2,3,5,235,A risque
U00394,2025-10-31,30,15354.31,61,4,5,5,455,Champions
U00353,2025-11-30,22,15362.61,31,5,5,5,555,Champions
U01762,2025-08-27,35,15362.9,126,4,5,5,455,Champions
U01242,2025-08-19,27,15411.58,134,3,5,5,355,Clients fideles
U06448,2025-01-29,25,15426.16,336,2,5,5,255,A risque
U09115,2025-03-19,37,15433.84,287,2,5,5,255,A risque
U04882,2025-06-25,50,15454.59,189,3,5,5,355,Clients fideles
U02457,2025-12-27,28,15479.18,4,5,5,5,555,Champions
U04098,2025-09-30,36,15506.21,92,4,5,5,455,Champions
U10497,2025-08-31,13,15516.17,122,4,4,5,445,Champions
U02492,2025-11-18,35,15523.42,43,5,5,5,555,Champions
U03147,2025-12-31,30,15524.24,0,5,5,5,555,Champions
U06071,2025-09-28,33,15533.3,94,4,5,5,455,Champions
U00623,2025-05-31,19,15550.92,214,3,5,5,355,Clients fideles
U08390,2025-02-24,17,15554.29,310,2,4,5,245,A risque
U10445,2025-10-31,36,15554.67,61,4,5,5,455,Champions
U00297,2025-11-28,25,15581.64,33,5,5,5,555,Champions
U02017,2025-11-28,22,15590.85,33,5,5,5,555,Champions
U10503,2025-10-29,39,15594.03,63,4,5,5,455,Champions
U11890,2025-02-26,38,15622.18,308,2,5,5,255,A risque
U04056,2025-11-27,38,15631.51,34,5,5,5,555,Champions
U09499,2025-05-23,21,15642.84,222,3,5,5,355,Clients fideles
U03857,2025-09-25,43,15652.87,97,4,5,5,455,Champions
U09412,2024-09-26,27,15653.93,461,1,5,5,155,A risque
U09490,2024-12-03,14,15653.99,393,1,4,5,145,A risque
U03273,2025-12-30,30,15666.11,1,5,5,5,555,Champions
U03504,2025-06-22,23,15712.96,192,3,5,5,355,Clients fideles
U01039,2025-05-31,38,15723.23,214,3,5,5,355,Clients fideles
U06900,2025-11-28,31,15736.75,33,5,5,5,555,Champions
U01588,2025-06-28,23,15746.69,186,3,5,5,355,Clients fideles
U02681,2025-08-14,23,15748.06,139,3,5,5,355,Clients fideles
U03374,2025-01-24,43,15749.02,341,2,5,5,255,A risque
U11230,2025-12-30,17,15750.51,1,5,4,5,545,Champions
U03819,2025-09-29,51,15798.54,93,4,5,5,455,Champions
U05535,2024-09-29,37,15801.23,458,1,5,5,155,A risque
U02214,2025-08-30,28,15815.12,123,4,5,5,455,Champions
U00008,2025-12-23,35,15818.83,8,5,5,5,555,Champions
U05313,2025-11-28,42,15825.68,33,5,5,5,555,Champions
U03031,2025-11-29,12,15827.63,32,5,4,5,545,Champions
U04100,2025-10-29,26,15829.96,63,4,5,5,455,Champions
U06333,2025-02-12,30,15833.38,322,2,5,5,255,A risque
U08454,2025-07-29,15,15837.2,155,3,4,5,345,Clients fideles
U01650,2025-06-29,50,15845.02,185,3,5,5,355,Clients fideles
U02355,2025-06-01,13,15858.54,213,3,4,5,345,Clients fideles
U06864,2025-12-30,60,15870.99,1,5,5,5,555,Champions
U01765,2025-04-30,31,15892.42,245,3,5,5,355,Clients fideles
U11916,2025-06-29,32,15925.21,185,3,5,5,355,Clients fideles
U07166,2025-12-27,18,15938.61,4,5,4,5,545,Champions
U00798,2025-07-28,24,15949.54,156,3,5,5,355,Clients fideles
U11327,2025-01-29,12,15959.19,336,2,4,5,245,A risque
U04667,2025-11-20,29,16010.87,41,5,5,5,555,Champions
U02789,2025-05-28,24,16018.47,217,3,5,5,355,Clients fideles
U04047,2025-05-31,37,16033.27,214,3,5,5,355,Clients fideles
U02015,2025-12-30,31,16108.85,1,5,5,5,555,Champions
U04430,2025-08-27,30,16110.98,126,4,5,5,455,Champions
U07851,2025-06-30,34,16114.29,184,3,5,5,355,Clients fideles
U06146,2025-04-26,33,16124.94,249,2,5,5,255,A risque
U11967,2024-09-23,28,16147.25,464,1,5,5,155,A risque
U08541,2025-10-31,30,16148.9,61,4,5,5,455,Champions
U11686,2025-07-29,12,16161.88,155,3,4,5,345,Clients fideles
U04259,2024-11-02,12,16179.08,424,1,4,5,145,A risque
U00367,2025-06-28,21,16187.14,186,3,5,5,355,Clients fideles
U03477,2024-05-24,13,16197.29,586,1,4,5,145,A risque
U01713,2024-08-27,31,16216.45,491,1,5,5,155,A risque
U07114,2025-11-26,54,16223.02,35,5,5,5,555,Champions
U08656,2024-12-30,13,16223.26,366,2,4,5,245,A risque
U05227,2025-11-29,25,16231.0,32,5,5,5,555,Champions
U07212,2025-01-31,30,16261.68,334,2,5,5,255,A risque
U03425,2024-12-25,30,16270.41,371,2,5,5,255,A risque
U11731,2024-12-12,18,16277.41,384,1,4,5,145,A risque
U00131,2025-09-26,38,16279.5,96,4,5,5,455,Champions
U10056,2025-10-31,45,16290.24,61,4,5,5,455,Champions
U06338,2025-03-14,8,16311.13,292,2,3,5,235,A risque
U09648,2025-01-30,33,16316.79,335,2,5,5,255,A risque
U01281,2025-01-27,24,16321.28,338,2,5,5,255,A risque
U04704,2025-12-30,31,16331.42,1,5,5,5,555,Champions
U09871,2025-08-26,22,16334.58,127,4,5,5,455,Champions
U11233,2025-01-27,53,16341.73,338,2,5,5,255,A risque
U10357,2025-08-31,32,16347.97,122,4,5,5,455,Champions
U11463,2025-06-30,16,16350.7,184,3,4,5,345,Clients fideles
U07344,2025-07-26,21,16359.81,158,3,5,5,355,Clients fideles
U04915,2025-06-26,39,16362.88,188,3,5,5,355,Clients fideles
U07515,2025-05-27,24,16374.76,218,3,5,5,355,Clients fideles
U10251,2025-11-15,25,16400.15,46,5,5,5,555,Champions
U01244,2025-11-25,22,16415.2,36,5,5,5,555,Champions
U09304,2025-11-29,30,16455.34,32,5,5,5,555,Champions
U05109,2025-12-30,39,16475.91,1,5,5,5,555,Champions
U07245,2025-09-30,23,16553.34,92,4,5,5,455,Champions
U01433,2025-06-18,19,16560.14,196,3,5,5,355,Clients fideles
U08732,2025-06-17,34,16592.05,197,3,5,5,355,Clients fideles
U02346,2025-04-26,27,16593.25,249,2,5,5,255,A risque
U05411,2025-11-26,50,16595.63,35,5,5,5,555,Champions
U10440,2025-08-29,24,16608.94,124,4,5,5,455,Champions
U06588,2025-10-30,66,16624.97,62,4,5,5,455,Champions
U01813,2024-12-29,36,16641.83,367,2,5,5,255,A risque
U02899,2025-05-23,35,16643.32,222,3,5,5,355,Clients fideles
U09465,2025-10-15,24,16666.27,77,4,5,5,455,Champions
U04099,2025-12-20,39,16699.55,11,5,5,5,555,Champions
U00271,2025-12-16,35,16715.07,15,5,5,5,555,Champions
U02303,2025-06-29,49,16744.61,185,3,5,5,355,Clients fideles
U04128,2025-01-31,44,16749.82,334,2,5,5,255,A risque
U09906,2025-05-26,17,16753.13,219,3,4,5,345,Clients fideles
U05107,2025-11-22,27,16754.63,39,5,5,5,555,Champions
U04158,2025-09-27,61,16766.89,95,4,5,5,455,Champions
U04680,2025-11-30,28,16786.15,31,5,5,5,555,Champions
U08456,2024-08-29,28,16786.55,489,1,5,5,155,A risque
U06187,2025-03-21,15,16804.23,285,2,4,5,245,A risque
U08671,2025-11-20,24,16845.54,41,5,5,5,555,Champions
U04175,2025-05-21,38,16848.49,224,3,5,5,355,Clients fideles
U10973,2025-05-29,22,16880.5,216,3,5,5,355,Clients fideles
U07232,2025-09-26,43,16895.21,96,4,5,5,455,Champions
U11526,2025-12-27,25,16930.16,4,5,5,5,555,Champions
U07009,2025-07-31,31,16950.31,153,3,5,5,355,Clients fideles
U09331,2025-04-26,65,16954.25,249,2,5,5,255,A risque
U08777,2024-11-28,43,16954.81,398,1,5,5,155,A risque
U11835,2025-03-31,56,16963.8,275,2,5,5,255,A risque
U09893,2025-03-25,13,16973.3,281,2,4,5,245,A risque
U04120,2024-07-03,12,17002.19,546,1,4,5,145,A risque
U08615,2025-11-30,23,17009.59,31,5,5,5,555,Champions
U09229,2025-11-23,22,17020.2,38,5,5,5,555,Champions
U01383,2025-02-26,38,17031.49,308,2,5,5,255,A risque
U02173,2025-07-29,53,17032.89,155,3,5,5,355,Clients fideles
U01269,2025-10-26,48,17040.16,66,4,5,5,455,Champions
U10289,2025-10-28,65,17064.59,64,4,5,5,455,Champions
U04037,2025-08-30,22,17078.29,123,4,5,5,455,Champions
U11254,2025-07-31,32,17092.91,153,3,5,5,355,Clients fideles
U01296,2025-09-29,38,17114.34,93,4,5,5,455,Champions
U09876,2024-12-28,21,17141.41,368,2,5,5,255,A risque
U04140,2025-08-26,51,17173.71,127,4,5,5,455,Champions
U03853,2025-03-15,15,17174.96,291,2,4,5,245,A risque
U03218,2025-12-29,32,17184.0,2,5,5,5,555,Champions
U07806,2025-12-27,15,17204.96,4,5,4,5,545,Champions
U01511,2025-07-25,24,17253.6,159,3,5,5,355,Clients fideles
U08333,2025-10-27,49,17261.31,65,4,5,5,455,Champions
U03872,2024-06-23,5,17275.29,556,1,2,5,125,Perdus
U05645,2025-09-28,60,17298.97,94,4,5,5,455,Champions
U04614,2025-07-27,30,17304.86,157,3,5,5,355,Clients fideles
U05304,2025-11-26,25,17309.85,35,5,5,5,555,Champions
U09885,2025-09-25,41,17310.36,97,4,5,5,455,Champions
U03798,2025-12-30,31,17323.19,1,5,5,5,555,Champions
U00776,2025-03-26,37,17342.01,280,2,5,5,255,A risque
U05904,2024-09-22,43,17349.05,465,1,5,5,155,A risque
U05615,2025-06-29,26,17370.82,185,3,5,5,355,Clients fideles
U11706,2025-09-29,24,17373.58,93,4,5,5,455,Champions
U10721,2025-04-30,14,17377.61,245,3,4,5,345,Clients fideles
U11125,2025-10-23,35,17379.3,69,4,5,5,455,Champions
U10035,2025-09-21,42,17382.96,101,4,5,5,455,Champions
U03150,2025-07-29,37,17384.21,155,3,5,5,355,Clients fideles
U07220,2025-12-28,22,17392.38,3,5,5,5,555,Champions
U06527,2025-03-26,24,17403.33,280,2,5,5,255,A risque
U10295,2024-11-22,35,17403.91,404,1,5,5,155,A risque
U10008,2024-09-26,41,17404.27,461,1,5,5,155,A risque
U06739,2025-12-29,27,17418.05,2,5,5,5,555,Champions
U04764,2025-05-28,23,17436.58,217,3,5,5,355,Clients fideles
U09589,2025-11-27,35,17467.28,34,5,5,5,555,Champions
U11908,2025-05-26,38,17468.3,219,3,5,5,355,Clients fideles
U05814,2025-04-26,38,17476.68,249,2,5,5,255,A risque
U10782,2024-11-27,58,17481.65,399,1,5,5,155,A risque
U03385,2025-05-21,42,17498.86,224,3,5,5,355,Clients fideles
U07896,2025-06-28,40,17498.88,186,3,5,5,355,Clients fideles
U00731,2025-05-20,30,17530.41,225,3,5,5,355,Clients fideles
U06734,2025-05-29,10,17535.95,216,3,3,5,335,Perdus
U03459,2025-02-19,24,17545.4,315,2,5,5,255,A risque
U10527,2025-12-28,29,17551.47,3,5,5,5,555,Champions
U00964,2025-11-30,28,17561.09,31,5,5,5,555,Champions
U06808,2025-04-26,21,17561.91,249,2,5,5,255,A risque
U09614,2025-09-28,43,17592.04,94,4,5,5,455,Champions
U00015,2025-12-28,31,17614.21,3,5,5,5,555,Champions
U09972,2025-08-28,33,17623.95,125,4,5,5,455,Champions
U02723,2025-12-28,28,17665.35,3,5,5,5,555,Champions
U05111,2025-04-27,28,17671.23,248,2,5,5,255,A risque
U07482,2025-08-28,22,17681.44,125,4,5,5,455,Champions
U04199,2025-08-13,15,17688.92,140,3,4,5,345,Clients fideles
U04778,2025-04-28,47,17693.97,247,2,5,5,255,A risque
U03676,2025-12-21,79,17698.17,10,5,5,5,555,Champions
U01316,2024-11-30,16,17708.47,396,1,4,5,145,A risque
U03661,2025-12-27,16,17709.41,4,5,4,5,545,Champions
U11312,2024-12-28,37,17712.38,368,2,5,5,255,A risque
U07950,2025-02-22,9,17714.98,312,2,3,5,235,A risque
U10553,2025-11-25,13,17724.21,36,5,4,5,545,Champions
U03012,2025-11-27,51,17727.69,34,5,5,5,555,Champions
U03580,2025-03-31,41,17740.69,275,2,5,5,255,A risque
U05876,2025-07-27,30,17770.35,157,3,5,5,355,Clients fideles
U04114,2025-04-24,38,17787.5,251,2,5,5,255,A risque
U02517,2025-06-29,24,17856.82,185,3,5,5,355,Clients fideles
U07054,2025-09-30,56,17866.06,92,4,5,5,455,Champions
U10290,2025-07-16,27,17903.65,168,3,5,5,355,Clients fideles
U08697,2025-02-26,39,17910.35,308,2,5,5,255,A risque
U11162,2025-03-26,14,17918.05,280,2,4,5,245,A risque
U01618,2025-10-31,39,17944.28,61,4,5,5,455,Champions
U01373,2025-01-29,24,17953.38,336,2,5,5,255,A risque
U04635,2025-07-26,39,18003.59,158,3,5,5,355,Clients fideles
U08620,2025-11-28,33,18007.76,33,5,5,5,555,Champions
U07634,2025-08-30,45,18047.59,123,4,5,5,455,Champions
U08540,2025-12-30,27,18058.7,1,5,5,5,555,Champions
U00669,2025-11-28,17,18060.62,33,5,4,5,545,Champions
U11467,2025-10-26,69,18079.07,66,4,5,5,455,Champions
U08879,2024-09-28,29,18089.86,459,1,5,5,155,A risque
U09102,2025-09-22,32,18094.12,100,4,5,5,455,Champions
U01701,2025-08-25,24,18112.32,128,4,5,5,455,Champions
U06339,2025-11-22,46,18131.41,39,5,5,5,555,Champions
U02787,2025-05-13,14,18135.28,232,3,4,5,345,Clients fideles
U01537,2025-08-24,43,18169.37,129,3,5,5,355,Clients fideles
U05417,2025-06-29,15,18181.72,185,3,4,5,345,Clients fideles
U09995,2025-11-30,37,18184.51,31,5,5,5,555,Champions
U01293,2025-12-27,20,18184.95,4,5,5,5,555,Champions
U07063,2025-12-31,20,18198.05,0,5,5,5,555,Champions
U01211,2025-12-29,38,18203.31,2,5,5,5,555,Champions
U09273,2024-12-30,23,18224.06,366,2,5,5,255,A risque
U03731,2025-11-27,41,18290.07,34,5,5,5,555,Champions
U01105,2025-09-10,17,18292.24,112,4,4,5,445,Champions
U04090,2025-08-24,22,18294.37,129,3,5,5,355,Clients fideles
U11552,2025-03-27,20,18294.57,279,2,5,5,255,A risque
U01973,2025-12-28,23,18295.44,3,5,5,5,555,Champions
U00761,2025-04-15,29,18304.3,260,2,5,5,255,A risque
U10659,2025-11-25,26,18306.15,36,5,5,5,555,Champions
U08586,2025-11-25,34,18308.63,36,5,5,5,555,Champions
U04447,2025-04-27,20,18337.06,248,2,5,5,255,A risque
U09456,2025-12-30,30,18357.5,1,5,5,5,555,Champions
U00732,2025-11-24,42,18419.46,37,5,5,5,555,Champions
U05199,2025-02-28,30,18431.43,306,2,5,5,255,A risque
U08338,2025-07-11,18,18459.5,173,3,4,5,345,Clients fideles
U07101,2025-12-27,45,18509.2,4,5,5,5,555,Champions
U07038,2025-11-29,31,18509.84,32,5,5,5,555,Champions
U03041,2025-12-25,27,18516.02,6,5,5,5,555,Champions
U06315,2024-08-27,35,18562.3,491,1,5,5,155,A risque
U10760,2025-08-29,13,18596.35,124,4,4,5,445,Champions
U00461,2025-02-28,11,18610.94,306,2,3,5,235,A risque
U00097,2025-07-31,25,18620.07,153,3,5,5,355,Clients fideles
U00949,2025-10-29,27,18646.63,63,4,5,5,455,Champions
U08907,2025-11-26,25,18655.09,35,5,5,5,555,Champions
U09860,2025-10-25,46,18660.36,67,4,5,5,455,Champions
U05479,2025-06-28,59,18722.71,186,3,5,5,355,Clients fideles
U03718,2025-12-30,28,18748.47,1,5,5,5,555,Champions
U05926,2024-11-18,35,18763.88,408,1,5,5,155,A risque
U11100,2025-06-30,50,18767.61,184,3,5,5,355,Clients fideles
U05000,2025-07-25,62,18776.42,159,3,5,5,355,Clients fideles
U04141,2025-09-25,18,18799.69,97,4,4,5,445,Champions
U01906,2024-08-31,24,18821.82,487,1,5,5,155,A risque
U09154,2025-11-30,41,18855.19,31,5,5,5,555,Champions
U01034,2025-06-22,38,18860.46,192,3,5,5,355,Clients fideles
U09337,2025-07-31,36,18861.6,153,3,5,5,355,Clients fideles
U04359,2025-01-28,45,18874.6,337,2,5,5,255,A risque
U02487,2024-09-30,36,18907.24,457,1,5,5,155,A risque
U11047,2025-11-27,23,18913.41,34,5,5,5,555,Champions
U02985,2024-12-18,36,18917.9,378,2,5,5,255,A risque
U10020,2025-09-25,29,18945.38,97,4,5,5,455,Champions
U11889,2025-05-30,52,19007.22,215,3,5,5,355,Clients fideles
U02591,2025-05-31,50,19012.04,214,3,5,5,355,Clients fideles
U10388,2025-09-30,38,19054.49,92,4,5,5,455,Champions
U01421,2024-12-22,30,19064.98,374,2,5,5,255,A risque
U11359,2025-12-27,47,19072.94,4,5,5,5,555,Champions
U11974,2025-12-30,32,19078.13,1,5,5,5,555,Champions
U00979,2025-10-31,23,19122.92,61,4,5,5,455,Champions
U02800,2025-10-31,50,19176.3,61,4,5,5,455,Champions
U01425,2025-12-20,13,19211.27,11,5,4,5,545,Champions
U09948,2025-05-23,33,19222.2,222,3,5,5,355,Clients fideles
U03651,2025-04-28,19,19230.74,247,2,5,5,255,A risque
U09559,2024-09-30,29,19244.4,457,1,5,5,155,A risque
U08402,2025-05-31,47,19260.13,214,3,5,5,355,Clients fideles
U00309,2025-12-22,29,19265.3,9,5,5,5,555,Champions
U10284,2025-05-27,26,19268.08,218,3,5,5,355,Clients fideles
U04464,2025-01-31,53,19327.19,334,2,5,5,255,A risque
U01857,2025-05-31,36,19362.74,214,3,5,5,355,Clients fideles
U06129,2025-10-24,40,19371.41,68,4,5,5,455,Champions
U01147,2025-12-31,27,19376.58,0,5,5,5,555,Champions
U09037,2025-09-28,17,19425.52,94,4,4,5,445,Champions
U01240,2025-07-26,26,19439.79,158,3,5,5,355,Clients fideles
U05675,2025-10-25,17,19508.91,67,4,4,5,445,Champions
U05817,2025-01-21,33,19551.48,344,2,5,5,255,A risque
U05888,2025-04-17,31,19553.19,258,2,5,5,255,A risque
U01036,2025-10-26,31,19620.52,66,4,5,5,455,Champions
U04028,2025-06-25,56,19629.2,189,3,5,5,355,Clients fideles
U09849,2025-02-18,51,19654.7,316,2,5,5,255,A risque
U00427,2025-08-21,29,19655.54,132,3,5,5,355,Clients fideles
U08264,2024-05-26,12,19659.24,584,1,4,5,145,A risque
U07757,2025-07-31,18,19663.27,153,3,4,5,345,Clients fideles
U10617,2025-10-31,45,19691.81,61,4,5,5,455,Champions
U04868,2025-05-22,25,19769.6,223,3,5,5,355,Clients fideles
U00745,2025-10-22,15,19787.06,70,4,4,5,445,Champions
U06048,2025-12-31,57,19787.19,0,5,5,5,555,Champions
U09361,2025-06-25,30,19793.01,189,3,5,5,355,Clients fideles
U01693,2025-05-31,32,19796.74,214,3,5,5,355,Clients fideles
U03384,2024-12-26,14,19810.43,370,2,4,5,245,A risque
U04345,2024-12-30,21,19843.72,366,2,5,5,255,A risque
U01595,2025-01-25,16,19849.83,340,2,4,5,245,A risque
U01404,2025-09-23,49,19896.13,99,4,5,5,455,Champions
U03775,2025-03-27,46,19896.14,279,2,5,5,255,A risque
U03833,2024-12-23,27,19909.2,373,2,5,5,255,A risque
U10817,2025-09-27,42,19943.22,95,4,5,5,455,Champions
U02922,2025-01-07,16,19945.2,358,2,4,5,245,A risque
U08565,2025-05-30,23,19954.43,215,3,5,5,355,Clients fideles
U00395,2024-10-28,54,19955.51,429,1,5,5,155,A risque
U03939,2025-10-31,51,19960.45,61,4,5,5,455,Champions
U06184,2025-05-25,26,20028.31,220,3,5,5,355,Clients fideles
U04381,2025-01-16,27,20029.15,349,2,5,5,255,A risque
U11062,2025-11-18,9,20046.51,43,5,3,5,535,Perdus
U02221,2025-07-30,45,20051.21,154,3,5,5,355,Clients fideles
U03565,2025-09-28,39,20082.19,94,4,5,5,455,Champions
U11103,2025-02-14,10,20091.14,320,2,3,5,235,A risque
U03593,2025-12-25,24,20132.91,6,5,5,5,555,Champions
U09155,2024-07-25,22,20137.03,524,1,5,5,155,A risque
U01298,2025-09-27,47,20142.37,95,4,5,5,455,Champions
U11767,2025-10-30,49,20153.45,62,4,5,5,455,Champions
U11198,2025-10-27,18,20161.86,65,4,4,5,445,Champions
U08073,2025-08-18,26,20229.65,135,3,5,5,355,Clients fideles
U00126,2025-10-31,28,20231.18,61,4,5,5,455,Champions
U03948,2025-09-26,45,20252.41,96,4,5,5,455,Champions
U08311,2025-04-23,51,20277.01,252,2,5,5,255,A risque
U04303,2024-10-26,40,20300.24,431,1,5,5,155,A risque
U08215,2025-09-27,28,20363.81,95,4,5,5,455,Champions
U09138,2025-12-27,20,20397.26,4,5,5,5,555,Champions
U04644,2024-07-15,14,20437.9,534,1,4,5,145,A risque
U03874,2024-12-29,25,20453.99,367,2,5,5,255,A risque
U11693,2025-12-21,29,20460.81,10,5,5,5,555,Champions
U03063,2025-04-30,23,20464.51,245,3,5,5,355,Clients fideles
U02212,2025-12-27,44,20470.76,4,5,5,5,555,Champions
U05943,2025-11-25,21,20496.46,36,5,5,5,555,Champions
U05723,2025-02-26,24,20499.6,308,2,5,5,255,A risque
U04164,2024-11-30,30,20519.27,396,1,5,5,155,A risque
U00968,2025-11-28,51,20564.8,33,5,5,5,555,Champions
U10812,2025-11-28,41,20568.41,33,5,5,5,555,Champions
U03082,2025-12-31,32,20571.68,0,5,5,5,555,Champions
U06902,2024-08-30,19,20598.9,488,1,4,5,145,A risque
U11866,2025-11-22,21,20690.38,39,5,5,5,555,Champions
U05505,2024-10-30,22,20704.76,427,1,5,5,155,A risque
U09344,2025-08-26,28,20724.4,127,4,5,5,455,Champions
U04921,2025-11-30,30,20730.01,31,5,5,5,555,Champions
U04489,2025-12-31,33,20746.83,0,5,5,5,555,Champions
U01390,2025-09-24,15,20747.63,98,4,4,5,445,Champions
U09181,2024-08-30,13,20748.07,488,1,4,5,145,A risque
U08707,2025-07-28,39,20761.98,156,3,5,5,355,Clients fideles
U04694,2025-01-28,37,20781.69,337,2,5,5,255,A risque
U11086,2025-07-30,20,20797.57,154,3,5,5,355,Clients fideles
U03320,2025-09-30,28,20804.13,92,4,5,5,455,Champions
U01473,2025-02-28,25,20805.18,306,2,5,5,255,A risque
U01855,2025-10-29,32,20890.25,63,4,5,5,455,Champions
U06920,2025-05-27,28,20944.81,218,3,5,5,355,Clients fideles
U00196,2025-11-29,30,20945.17,32,5,5,5,555,Champions
U09841,2025-12-23,20,20976.23,8,5,5,5,555,Champions
U09402,2025-03-30,22,21006.2,276,2,5,5,255,A risque
U10372,2025-10-26,47,21036.07,66,4,5,5,455,Champions
U00216,2025-08-28,21,21068.73,125,4,5,5,455,Champions
U11115,2025-12-27,23,21078.63,4,5,5,5,555,Champions
U06781,2025-10-22,11,21097.06,70,4,3,5,435,Perdus
U05407,2025-01-04,22,21104.84,361,2,5,5,255,A risque
U10326,2025-01-24,27,21105.46,341,2,5,5,255,A risque
U10978,2024-12-27,28,21150.93,369,2,5,5,255,A risque
U09399,2024-09-28,30,21154.16,459,1,5,5,155,A risque
U08644,2025-01-17,33,21171.15,348,2,5,5,255,A risque
U11642,2025-06-29,29,21190.79,185,3,5,5,355,Clients fideles
U04556,2025-09-23,37,21217.62,99,4,5,5,455,Champions
U02887,2025-01-25,23,21234.1,340,2,5,5,255,A risque
U06057,2025-11-29,40,21262.89,32,5,5,5,555,Champions
U08313,2025-10-30,31,21303.93,62,4,5,5,455,Champions
U01748,2025-12-30,20,21316.37,1,5,5,5,555,Champions
U11793,2025-03-25,26,21317.19,281,2,5,5,255,A risque
U09076,2025-07-24,14,21373.11,160,3,4,5,345,Clients fideles
U11513,2025-11-23,29,21374.67,38,5,5,5,555,Champions
U04814,2025-09-29,58,21408.11,93,4,5,5,455,Champions
U03613,2025-10-27,16,21419.62,65,4,4,5,445,Champions
U08099,2024-08-22,24,21432.34,496,1,5,5,155,A risque
U08885,2025-04-27,65,21437.09,248,2,5,5,255,A risque
U06769,2025-06-26,21,21466.67,188,3,5,5,355,Clients fideles
U07374,2025-01-31,21,21490.99,334,2,5,5,255,A risque
U10704,2025-12-31,26,21538.97,0,5,5,5,555,Champions
U00433,2025-12-19,36,21555.77,12,5,5,5,555,Champions
U00037,2025-12-30,25,21636.69,1,5,5,5,555,Champions
U08205,2025-07-29,44,21644.45,155,3,5,5,355,Clients fideles
U02208,2025-06-26,32,21733.71,188,3,5,5,355,Clients fideles
U05574,2025-10-28,22,21743.33,64,4,5,5,455,Champions
U00659,2025-11-30,38,21753.08,31,5,5,5,555,Champions
U01344,2025-11-19,32,21757.54,42,5,5,5,555,Champions
U10777,2024-09-30,27,21816.63,457,1,5,5,155,A risque
U02046,2025-01-28,16,21918.67,337,2,4,5,245,A risque
U11633,2024-07-25,25,21936.07,524,1,5,5,155,A risque
U05408,2025-11-29,63,21967.88,32,5,5,5,555,Champions
U06222,2025-11-27,50,21970.76,34,5,5,5,555,Champions
U09189,2025-09-26,27,21989.88,96,4,5,5,455,Champions
U03531,2025-12-21,31,22018.31,10,5,5,5,555,Champions
U02062,2025-11-27,60,22063.19,34,5,5,5,555,Champions
U01596,2025-01-30,35,22087.59,335,2,5,5,255,A risque
U11743,2025-11-30,50,22107.71,31,5,5,5,555,Champions
U03224,2025-10-31,29,22131.48,61,4,5,5,455,Champions
U11789,2024-12-31,25,22150.4,365,2,5,5,255,A risque
U06987,2025-11-24,15,22157.43,37,5,4,5,545,Champions
U06442,2025-11-26,18,22186.76,35,5,4,5,545,Champions
U08804,2025-12-31,57,22191.3,0,5,5,5,555,Champions
U07728,2025-11-28,22,22228.59,33,5,5,5,555,Champions
U04692,2025-01-20,37,22235.83,345,2,5,5,255,A risque
U00215,2025-06-28,19,22256.86,186,3,5,5,355,Clients fideles
U02205,2025-11-27,37,22331.03,34,5,5,5,555,Champions
U05800,2025-05-24,30,22350.94,221,3,5,5,355,Clients fideles
U10877,2025-09-26,34,22384.82,96,4,5,5,455,Champions
U06182,2025-12-31,36,22417.75,0,5,5,5,555,Champions
U11439,2025-09-25,29,22419.42,97,4,5,5,455,Champions
U00515,2025-05-28,21,22427.09,217,3,5,5,355,Clients fideles
U05200,2025-07-29,32,22440.75,155,3,5,5,355,Clients fideles
U07524,2025-05-23,57,22446.37,222,3,5,5,355,Clients fideles
U07588,2025-10-26,26,22456.92,66,4,5,5,455,Champions
U09829,2025-10-06,21,22499.21,86,4,5,5,455,Champions
U00092,2025-05-19,44,22568.76,226,3,5,5,355,Clients fideles
U02596,2025-12-25,47,22703.08,6,5,5,5,555,Champions
U06065,2025-12-28,48,22730.44,3,5,5,5,555,Champions
U08759,2025-11-30,45,22746.52,31,5,5,5,555,Champions
U01790,2025-12-30,29,22758.72,1,5,5,5,555,Champions
U10399,2025-10-29,21,22763.99,63,4,5,5,455,Champions
U05915,2025-11-23,28,22765.87,38,5,5,5,555,Champions
U03234,2025-02-28,27,22775.74,306,2,5,5,255,A risque
U08040,2024-10-22,6,22779.95,435,1,2,5,125,Perdus
U00678,2024-07-30,20,22846.43,519,1,5,5,155,A risque
U05057,2025-12-27,19,22870.04,4,5,5,5,555,Champions
U02536,2025-07-30,44,22941.58,154,3,5,5,355,Clients fideles
U08993,2025-12-24,55,22944.84,7,5,5,5,555,Champions
U06476,2025-07-28,60,22948.84,156,3,5,5,355,Clients fideles
U05382,2025-05-31,13,22953.89,214,3,4,5,345,Clients fideles
U00007,2025-12-25,25,23028.96,6,5,5,5,555,Champions
U05438,2024-11-27,29,23046.61,399,1,5,5,155,A risque
U10040,2025-10-29,51,23057.61,63,4,5,5,455,Champions
U06979,2025-01-27,41,23081.28,338,2,5,5,255,A risque
U06601,2025-07-23,36,23116.47,161,3,5,5,355,Clients fideles
U11776,2025-09-30,29,23118.1,92,4,5,5,455,Champions
U01233,2025-12-28,36,23121.95,3,5,5,5,555,Champions
U04819,2025-03-25,49,23123.36,281,2,5,5,255,A risque
U01087,2025-09-30,38,23125.16,92,4,5,5,455,Champions
U07259,2025-11-20,25,23130.61,41,5,5,5,555,Champions
U03554,2025-09-23,39,23138.9,99,4,5,5,455,Champions
U09404,2024-12-27,51,23144.39,369,2,5,5,255,A risque
U00594,2024-09-17,15,23165.92,470,1,4,5,145,A risque
U07838,2024-12-19,39,23185.54,377,2,5,5,255,A risque
U01282,2025-12-29,28,23322.54,2,5,5,5,555,Champions
U04524,2024-12-27,2,23370.0,369,2,1,5,215,Perdus
U09445,2025-04-24,43,23384.17,251,2,5,5,255,A risque
U03905,2025-11-25,21,23416.4,36,5,5,5,555,Champions
U06201,2025-09-27,23,23441.54,95,4,5,5,455,Champions
U03832,2025-11-14,33,23482.66,47,4,5,5,455,Champions
U01678,2025-12-31,36,23491.25,0,5,5,5,555,Champions
U05780,2025-05-30,37,23519.11,215,3,5,5,355,Clients fideles
U10063,2025-05-26,53,23520.78,219,3,5,5,355,Clients fideles
U05706,2024-10-22,21,23566.27,435,1,5,5,155,A risque
U00457,2025-04-27,49,23581.93,248,2,5,5,255,A risque
U08211,2025-09-24,20,23607.89,98,4,5,5,455,Champions
U02089,2024-12-12,23,23643.62,384,1,5,5,155,A risque
U08530,2025-12-31,35,23694.4,0,5,5,5,555,Champions
U08626,2025-03-20,17,23703.97,286,2,4,5,245,A risque
U05660,2025-03-25,27,23774.19,281,2,5,5,255,A risque
U07865,2025-11-27,15,23857.76,34,5,4,5,545,Champions
U02107,2025-11-18,23,23926.89,43,5,5,5,555,Champions
U07770,2025-08-27,52,23954.53,126,4,5,5,455,Champions
U09067,2025-12-29,49,23991.95,2,5,5,5,555,Champions
U00828,2025-12-24,19,24063.77,7,5,5,5,555,Champions
U03721,2025-10-28,53,24071.77,64,4,5,5,455,Champions
U06317,2025-06-28,31,24072.13,186,3,5,5,355,Clients fideles
U08902,2024-04-28,21,24086.18,612,1,5,5,155,A risque
U10674,2025-12-31,30,24098.7,0,5,5,5,555,Champions
U10420,2025-04-04,28,24164.1,271,2,5,5,255,A risque
U05110,2025-11-28,34,24213.28,33,5,5,5,555,Champions
U07351,2025-10-31,51,24236.67,61,4,5,5,455,Champions
U04410,2025-08-16,29,24258.28,137,3,5,5,355,Clients fideles
U05196,2025-06-22,42,24299.76,192,3,5,5,355,Clients fideles
U10442,2025-10-27,13,24306.98,65,4,4,5,445,Champions
U04563,2025-10-16,19,24363.1,76,4,5,5,455,Champions
U05169,2025-11-28,30,24416.56,33,5,5,5,555,Champions
U06368,2025-12-28,45,24454.59,3,5,5,5,555,Champions
U00829,2025-05-31,50,24461.03,214,3,5,5,355,Clients fideles
U09904,2025-05-28,45,24579.38,217,3,5,5,355,Clients fideles
U01250,2025-10-30,43,24644.14,62,4,5,5,455,Champions
U00508,2025-11-13,16,24650.15,48,4,4,5,445,Champions
U07614,2025-10-29,30,24716.0,63,4,5,5,455,Champions
U02748,2025-11-26,31,24859.08,35,5,5,5,555,Champions
U03577,2024-11-14,16,24954.98,412,1,4,5,145,A risque
U04092,2025-12-30,49,24966.58,1,5,5,5,555,Champions
U07456,2025-01-28,55,24972.44,337,2,5,5,255,A risque
U09066,2025-06-26,40,24979.92,188,3,5,5,355,Clients fideles
U10468,2025-08-29,42,24986.41,124,4,5,5,455,Champions
U04337,2025-04-22,23,25051.3,253,2,5,5,255,A risque
U02550,2025-11-24,47,25111.69,37,5,5,5,555,Champions
U04853,2025-11-27,29,25172.54,34,5,5,5,555,Champions
U11397,2025-12-30,24,25237.38,1,5,5,5,555,Champions
U09808,2025-09-26,31,25267.28,96,4,5,5,455,Champions
U10410,2025-11-30,33,25341.2,31,5,5,5,555,Champions
U05823,2025-12-29,28,25350.79,2,5,5,5,555,Champions
U08089,2025-09-20,34,25361.47,102,4,5,5,455,Champions
U02284,2024-12-30,51,25368.52,366,2,5,5,255,A risque
U07333,2025-12-27,53,25390.05,4,5,5,5,555,Champions
U03641,2025-12-28,46,25475.36,3,5,5,5,555,Champions
U09565,2025-10-30,46,25498.13,62,4,5,5,455,Champions
U09206,2025-06-24,36,25605.29,190,3,5,5,355,Clients fideles
U00155,2025-08-25,37,25635.8,128,4,5,5,455,Champions
U08589,2025-08-12,23,25639.62,141,3,5,5,355,Clients fideles
U04541,2025-04-27,26,25667.09,248,2,5,5,255,A risque
U04466,2024-11-25,13,25667.74,401,1,4,5,145,A risque
U11963,2024-08-31,36,25732.58,487,1,5,5,155,A risque
U01212,2025-02-20,39,25862.43,314,2,5,5,255,A risque
U11624,2025-09-24,46,25902.29,98,4,5,5,455,Champions
U10968,2025-10-21,38,25944.02,71,4,5,5,455,Champions
U05303,2025-02-18,22,26096.7,316,2,5,5,255,A risque
U11807,2025-12-20,25,26107.24,11,5,5,5,555,Champions
U11209,2025-03-30,39,26107.48,276,2,5,5,255,A risque
U02712,2025-02-26,58,26120.98,308,2,5,5,255,A risque
U11490,2025-04-23,51,26122.99,252,2,5,5,255,A risque
U08608,2025-08-24,12,26212.44,129,3,4,5,345,Clients fideles
U08376,2025-10-28,32,26301.16,64,4,5,5,455,Champions
U04370,2025-11-22,33,26326.84,39,5,5,5,555,Champions
U11496,2025-11-30,36,26334.29,31,5,5,5,555,Champions
U06913,2025-12-14,33,26392.07,17,5,5,5,555,Champions
U11737,2025-02-25,31,26432.8,309,2,5,5,255,A risque
U10465,2025-04-26,46,26517.0,249,2,5,5,255,A risque
U00257,2025-03-23,21,26536.2,283,2,5,5,255,A risque
U07444,2025-09-23,45,26538.26,99,4,5,5,455,Champions
U11338,2025-08-25,40,26540.24,128,4,5,5,455,Champions
U02350,2025-01-27,37,26579.06,338,2,5,5,255,A risque
U02688,2025-07-30,56,26579.93,154,3,5,5,355,Clients fideles
U11349,2025-09-30,50,26663.57,92,4,5,5,455,Champions
U10470,2025-05-26,42,26713.71,219,3,5,5,355,Clients fideles
U09628,2025-04-25,43,26781.08,250,2,5,5,255,A risque
U11222,2025-09-27,50,26855.34,95,4,5,5,455,Champions
U09063,2025-04-26,41,27105.91,249,2,5,5,255,A risque
U05387,2025-09-27,64,27171.95,95,4,5,5,455,Champions
U10317,2025-09-21,29,27188.76,101,4,5,5,455,Champions
U08516,2025-11-26,46,27262.92,35,5,5,5,555,Champions
U11722,2025-11-25,51,27295.98,36,5,5,5,555,Champions
U00478,2025-05-30,42,27306.61,215,3,5,5,355,Clients fideles
U02781,2025-11-17,9,27354.59,44,5,3,5,535,Perdus
U03071,2025-10-29,28,27382.5,63,4,5,5,455,Champions
U02832,2025-06-29,50,27407.14,185,3,5,5,355,Clients fideles
U00822,2025-07-27,53,27407.96,157,3,5,5,355,Clients fideles
U01169,2025-03-29,50,27453.09,277,2,5,5,255,A risque
U07224,2025-12-26,52,27513.44,5,5,5,5,555,Champions
U02851,2025-10-29,27,27660.55,63,4,5,5,455,Champions
U01763,2025-11-30,35,27687.35,31,5,5,5,555,Champions
U09599,2025-08-28,28,27765.37,125,4,5,5,455,Champions
U02803,2025-09-30,35,27855.26,92,4,5,5,455,Champions
U07973,2024-07-28,13,27947.06,521,1,4,5,145,A risque
U06717,2025-12-29,51,28085.71,2,5,5,5,555,Champions
U04672,2025-07-29,58,28137.23,155,3,5,5,355,Clients fideles
U08991,2025-07-11,24,28237.48,173,3,5,5,355,Clients fideles
U04993,2025-12-01,5,28248.17,30,5,2,5,525,Nouveaux
U01673,2025-10-29,35,28379.38,63,4,5,5,455,Champions
U11508,2025-10-25,52,28453.21,67,4,5,5,455,Champions
U01505,2025-08-25,40,28474.68,128,4,5,5,455,Champions
U03679,2025-11-29,29,28603.03,32,5,5,5,555,Champions
U05732,2025-10-29,24,28616.15,63,4,5,5,455,Champions
U10195,2025-11-27,47,28694.79,34,5,5,5,555,Champions
U01965,2025-09-27,56,28783.62,95,4,5,5,455,Champions
U06585,2025-05-24,60,28886.2,221,3,5,5,355,Clients fideles
U10517,2025-11-27,69,29012.24,34,5,5,5,555,Champions
U00670,2025-11-24,38,29032.53,37,5,5,5,555,Champions
U03785,2025-08-26,41,29073.65,127,4,5,5,455,Champions
U10003,2024-08-31,59,29153.44,487,1,5,5,155,A risque
U04356,2025-06-21,28,29260.39,193,3,5,5,355,Clients fideles
U11961,2025-08-23,51,29303.3,130,3,5,5,355,Clients fideles
U10444,2025-08-28,33,29315.52,125,4,5,5,455,Champions
U03400,2025-06-29,28,29422.84,185,3,5,5,355,Clients fideles
U01094,2025-12-23,38,29528.93,8,5,5,5,555,Champions
U08459,2025-10-26,26,29617.14,66,4,5,5,455,Champions
U03208,2025-04-25,59,29620.1,250,2,5,5,255,A risque
U00783,2025-10-31,36,29643.86,61,4,5,5,455,Champions
U10363,2024-10-29,36,29689.24,428,1,5,5,155,A risque
U10366,2024-06-28,5,29727.35,551,1,2,5,125,Perdus
U09024,2025-05-30,38,29847.78,215,3,5,5,355,Clients fideles
U06142,2025-10-24,29,29860.5,68,4,5,5,455,Champions
U10425,2024-12-31,39,29901.67,365,2,5,5,255,A risque
U02480,2024-05-23,13,29989.31,587,1,4,5,145,A risque
U11357,2025-08-18,18,29989.55,135,3,4,5,345,Clients fideles
U07541,2025-08-24,42,30201.42,129,3,5,5,355,Clients fideles
U05650,2025-08-31,54,30429.77,122,4,5,5,455,Champions
U10607,2024-12-27,54,30464.46,369,2,5,5,255,A risque
U04686,2025-07-29,36,30594.68,155,3,5,5,355,Clients fideles
U11514,2025-09-26,49,30797.74,96,4,5,5,455,Champions
U02594,2025-08-30,57,30902.25,123,4,5,5,455,Champions
U02476,2025-09-29,55,31164.51,93,4,5,5,455,Champions
U04210,2025-07-24,52,31367.36,160,3,5,5,355,Clients fideles
U03302,2025-08-29,72,31551.62,124,4,5,5,455,Champions
U08682,2025-06-28,25,31845.62,186,3,5,5,355,Clients fideles
U09360,2025-12-25,44,31883.44,6,5,5,5,555,Champions
U00023,2025-10-29,39,32175.15,63,4,5,5,455,Champions
U11794,2024-11-26,20,32183.48,400,1,5,5,155,A risque
U09146,2025-05-30,43,32284.86,215,3,5,5,355,Clients fideles
U03953,2025-08-16,29,32421.05,137,3,5,5,355,Clients fideles
U08330,2025-09-28,39,32457.44,94,4,5,5,455,Champions
U11140,2025-11-30,63,32588.83,31,5,5,5,555,Champions
U04544,2025-08-30,33,32729.06,123,4,5,5,455,Champions
U03587,2025-06-16,39,33184.31,198,3,5,5,355,Clients fideles
U08499,2025-04-25,48,33232.68,250,2,5,5,255,A risque
U02467,2025-05-25,47,33239.3,220,3,5,5,355,Clients fideles
U08669,2024-10-25,36,33328.03,432,1,5,5,155,A risque
U11267,2025-06-23,28,33566.88,191,3,5,5,355,Clients fideles
U02116,2025-06-29,29,33688.81,185,3,5,5,355,Clients fideles
U04554,2025-08-22,28,34013.84,131,3,5,5,355,Clients fideles
U09666,2025-10-29,32,34087.53,63,4,5,5,455,Champions
U02127,2025-02-21,34,34102.16,313,2,5,5,255,A risque
U08953,2025-12-28,29,34261.15,3,5,5,5,555,Champions
U05246,2025-04-27,32,34345.56,248,2,5,5,255,A risque
U03892,2025-06-16,69,34377.67,198,3,5,5,355,Clients fideles
U05353,2025-12-27,43,34380.78,4,5,5,5,555,Champions
U00465,2025-03-26,36,34462.65,280,2,5,5,255,A risque
U03616,2025-12-26,36,34505.58,5,5,5,5,555,Champions
U10614,2025-05-21,21,34631.09,224,3,5,5,355,Clients fideles
U06106,2025-10-16,28,34645.23,76,4,5,5,455,Champions
U01928,2025-10-28,42,34812.83,64,4,5,5,455,Champions
U04292,2025-09-29,38,34831.6,93,4,5,5,455,Champions
U11653,2025-09-28,33,35093.88,94,4,5,5,455,Champions
U04234,2024-12-26,13,35257.81,370,2,4,5,245,A risque
U04951,2025-10-31,39,35313.13,61,4,5,5,455,Champions
U11065,2024-12-30,38,35735.69,366,2,5,5,255,A risque
U11787,2025-06-25,46,36266.23,189,3,5,5,355,Clients fideles
U09703,2025-06-27,36,36511.5,187,3,5,5,355,Clients fideles
U04925,2025-01-30,50,36529.11,335,2,5,5,255,A risque
U11902,2024-11-30,37,36840.28,396,1,5,5,155,A risque
U05522,2025-07-17,9,36890.01,167,3,3,5,335,Perdus
U00067,2025-10-24,55,37016.72,68,4,5,5,455,Champions
U03510,2025-10-31,48,37315.7,61,4,5,5,455,Champions
U01342,2025-10-30,31,37715.9,62,4,5,5,455,Champions
U11146,2024-11-30,24,37726.28,396,1,5,5,155,A risque
U06580,2025-12-25,34,38147.8,6,5,5,5,555,Champions
U08105,2025-05-31,46,38196.33,214,3,5,5,355,Clients fideles
U05648,2025-12-30,61,38470.82,1,5,5,5,555,Champions
U00824,2025-02-25,53,38790.72,309,2,5,5,255,A risque
U06890,2024-10-26,38,38827.15,431,1,5,5,155,A risque
U02963,2025-07-29,48,38958.26,155,3,5,5,355,Clients fideles
U04241,2025-03-31,48,38985.55,275,2,5,5,255,A risque
U09368,2025-12-30,42,39223.78,1,5,5,5,555,Champions
U07788,2025-04-28,46,39269.22,247,2,5,5,255,A risque
U11820,2025-09-26,41,39557.59,96,4,5,5,455,Champions
U02411,2025-12-29,50,39644.43,2,5,5,5,555,Champions
U04293,2025-09-20,42,40084.09,102,4,5,5,455,Champions
U06503,2025-09-30,37,40091.96,92,4,5,5,455,Champions
U04179,2025-09-30,56,40604.36,92,4,5,5,455,Champions
U00817,2025-03-30,30,40851.2,276,2,5,5,255,A risque
U03306,2025-05-30,54,41739.81,215,3,5,5,355,Clients fideles
U08841,2024-05-31,33,41838.64,579,1,5,5,155,A risque
U05247,2025-06-26,76,43891.23,188,3,5,5,355,Clients fideles
U09369,2024-08-29,37,44439.36,489,1,5,5,155,A risque
U03797,2025-09-30,46,44521.37,92,4,5,5,455,Champions
U04433,2025-08-30,61,45198.46,123,4,5,5,455,Champions
U06814,2025-11-30,55,45222.51,31,5,5,5,555,Champions
U04169,2025-12-30,50,45729.32,1,5,5,5,555,Champions
U03532,2024-10-31,59,46220.5,426,1,5,5,155,A risque
U10739,2025-02-26,57,46250.48,308,2,5,5,255,A risque
U05528,2025-10-27,58,46293.58,65,4,5,5,455,Champions
U10728,2025-04-19,42,47020.98,256,2,5,5,255,A risque
U04086,2025-07-31,43,47141.56,153,3,5,5,355,Clients fideles
U03007,2025-09-25,51,47339.96,97,4,5,5,455,Champions
U00098,2025-05-28,34,48314.73,217,3,5,5,355,Clients fideles
U09474,2025-08-28,53,48547.87,125,4,5,5,455,Champions
U03980,2025-12-28,52,50122.27,3,5,5,5,555,Champions
U04002,2025-11-23,64,50405.6,38,5,5,5,555,Champions
U04060,2025-06-30,52,51783.7,184,3,5,5,355,Clients fideles
U07221,2025-12-22,51,53424.85,9,5,5,5,555,Champions
U11033,2025-04-25,45,54619.18,250,2,5,5,255,A risque
U07411,2025-03-28,54,55733.94,278,2,5,5,255,A risque
U02611,2025-02-28,47,57665.53,306,2,5,5,255,A risque
U08317,2025-06-28,49,59574.63,186,3,5,5,355,Clients fideles
U04730,2025-06-30,38,69292.19,184,3,5,5,355,Clients fideles
U04772,2025-07-29,52,70875.96,155,3,5,5,355,Clients fideles
U11865,2025-12-29,42,89158.7,2,5,5,5,555,Champions
